taxonID,scientificNameID,taxonConceptID,taxonomicStatus,kingdom,scientificName,verbatimIdentification,taxonRank,vernacularName,taxonRemarks,identificationQualifier
KL_Avian_0000065,58309,t0098159,accepted,Animalia,Onychoprion anaethetus,Onychoprion anaethetus,species,白眉燕鷗,,
KL_Avian_0000074,60330,t0098966,accepted,Animalia,Thalasseus bergii,Thalasseus bergii,species,鳳頭燕鷗,,
KL_Avian_0000085,60111,t0099005,accepted,Animalia,Sula leucogaster,Sula leucogaster,species,白腹鰹鳥,,
KL_Avian_0000126,56374,t0097037,accepted,Animalia,Falco peregrinus,Falco peregrinus,species,遊隼,,
KL_Avian_0000011,55395,t0097759,accepted,Animalia,Columba janthina,Columba janthina,species,黑林鴿,,
KL_Avian_0000012,60075,t0098989,accepted,Animalia,Streptopelia orientalis,Streptopelia orientalis,species,金背鳩,,
KL_Avian_0000021,56990,t0097274,accepted,Animalia,Hirundapus caudacutus,Hirundapus caudacutus,species,白喉針尾雨燕,,
KL_Avian_0000023,54155,t0100084,accepted,Animalia,Apus pacificus,Apus pacificus,species,叉尾雨燕,,
KL_Avian_0000024,54154,t0100083,accepted,Animalia,Apus nipalensis,Apus nipalensis,species,小雨燕,,
KL_Avian_0000027,53982,t0099934,accepted,Animalia,Amaurornis phoenicurus,Amaurornis phoenicurus,species,白腹秧雞,,
KL_Avian_0000030,74891,t0029682,accepted,Animalia,Himantopus himantopus,Himantopus himantopus,species,高蹺鴴,,
KL_Avian_0000032,84631,t0036267,accepted,Animalia,Pluvialis fulva,Pluvialis fulva,species,太平洋金斑鴴,,
KL_Avian_0000033,263839,t0097638,accepted,Animalia,Anarhynchus mongolus,Anarhynchus mongolus,species,蒙古鴴,,
KL_Avian_0000034,55024,t0097637,accepted,Animalia,Charadrius leschenaultii,Charadrius leschenaultii,species,鐵嘴鴴,,
KL_Avian_0000036,55022,t0097635,accepted,Animalia,Charadrius dubius,Charadrius dubius,species,小環頸鴴,,
KL_Avian_0000037,67236,t0077978,accepted,Animalia,Charadrius veredus,Charadrius veredus,species,東方紅胸鴴,,
KL_Avian_0000043,66195,t0077065,accepted,Animalia,Calidris acuminata,Calidris acuminata,species,尖尾濱鷸,,
KL_Avian_0000051,83524,t0031788,accepted,Animalia,Phalaropus lobatus,Phalaropus lobatus,species,紅領瓣足鷸,,
KL_Avian_0000052,62264,t0057565,accepted,Animalia,Actitis hypoleucos,Actitis hypoleucos,species,磯鷸,,
KL_Avian_0000054,90841,t0028351,accepted,Animalia,Tringa brevipes,Tringa brevipes,species,黃足鷸,,
KL_Avian_0000056,90847,t0047944,accepted,Animalia,Tringa nebularia,Tringa nebularia,species,青足鷸,,
KL_Avian_0000064,54094,t0100009,accepted,Animalia,Anous stolidus,Anous stolidus,species,玄燕鷗,,
KL_Avian_0000072,60052,t0098969,accepted,Animalia,Sterna sumatrana,Sterna sumatrana,species,蒼燕鷗,,
KL_Avian_0000073,60051,t0098968,accepted,Animalia,Sterna hirundo,Sterna hirundo,species,燕鷗,,
KL_Avian_0000079,66381,t0030085,accepted,Animalia,Calonectris leucomelas,Calonectris leucomelas,species,大水薙鳥,,
KL_Avian_0000082,56524,t0097060,accepted,Animalia,Fregata ariel,Fregata ariel,species,白斑軍艦鳥,,
KL_Avian_0000086,58703,t0098412,accepted,Animalia,Phalacrocorax carbo,Phalacrocorax carbo,species,鸕鷀,,
KL_Avian_0000095,71309,t0028815,accepted,Animalia,Egretta eulophotes,Egretta eulophotes,species,唐白鷺,,
KL_Avian_0000096,56120,t0096829,accepted,Animalia,Egretta garzetta,Egretta garzetta,species,小白鷺,,
KL_Avian_0000097,56122,t0096831,accepted,Animalia,Egretta sacra,Egretta sacra,species,岩鷺,,
KL_Avian_0000098,308527,t0029968,accepted,Animalia,Ardea coromanda,Ardea coromanda,species,黃頭鷺,,
KL_Avian_0000108,66034,t0029986,accepted,Animalia,Butastur indicus,Butastur indicus,species,灰面鵟鷹,,
KL_Avian_0000111,61977,t0070032,accepted,Animalia,Accipiter soloensis,Accipiter soloensis,species,赤腹鷹,,
KL_Avian_0000115,54617,t0097418,accepted,Animalia,Buteo japonicus,Buteo japonicus,species,東方鵟,,
KL_Avian_0000120,56837,t0097201,accepted,Animalia,Halcyon coromanda,Halcyon coromanda,species,赤翡翠,,
KL_Avian_0000133,60270,t0099094,accepted,Animalia,Terpsiphone atrocaudata,Terpsiphone atrocaudata,species,紫綬帶,,
KL_Avian_0000135,57333,t0096001,accepted,Animalia,Lanius cristatus,Lanius cristatus,species,紅尾伯勞,,
KL_Avian_0000138,53915,t0099908,accepted,Animalia,Alauda arvensis,Alauda arvensis,species,歐亞雲雀,,
KL_Avian_0000143,62106,t0070149,accepted,Animalia,Acrocephalus orientalis,Acrocephalus orientalis,species,東方大葦鶯,,
KL_Avian_0000147,59518,t0098753,accepted,Animalia,Riparia chinensis,Riparia chinensis,species,棕沙燕,,
KL_Avian_0000149,56992,t0097276,accepted,Animalia,Hirundo rustica,Hirundo rustica,species,家燕,,
KL_Avian_0000150,261038,t0097277,accepted,Animalia,Hirundo javanica,Hirundo javanica,species,洋燕,,
KL_Avian_0000160,16171,t0014650,accepted,Animalia,Phylloscopus,Phylloscopus xanthodryas | Phylloscopus borealis | Phylloscopus examinandus,genus,極北柳鶯複合群,The Arctic Warbler complex (Phylloscopus xanthodryas | Phylloscopus borealis | Phylloscopus examinandus),This taxonID represents the Arctic Warbler complex (Phylloscopus xanthodryas | Phylloscopus borealis | Phylloscopus examinandus).
KL_Avian_0000175,53762,t0099779,accepted,Animalia,Acridotheres cristatellus,Acridotheres cristatellus,species,八哥,,
KL_Avian_0000177,60553,t0096597,accepted,Animalia,Turdus mandarinus,Turdus mandarinus,species,中國黑鶇,,
KL_Avian_0000180,91195,t0048261,accepted,Animalia,Turdus obscurus,Turdus obscurus,species,白眉鶇,,
KL_Avian_0000194,54671,t0097452,accepted,Animalia,Calliope calliope,Calliope calliope,species,野鴝,,
KL_Avian_0000203,58020,t0096450,accepted,Animalia,Monticola solitarius,Monticola solitarius,species,藍磯鶇,,
KL_Avian_0000206,58563,t0098364,accepted,Animalia,Passer montanus,Passer montanus,species,麻雀,,
KL_Avian_0000207,58027,t0096455,accepted,Animalia,Motacilla cinerea,Motacilla cinerea,species,灰鶺鴒,,
KL_Avian_0000208,58030,t0096458,accepted,Animalia,Motacilla tschutschensis,Motacilla tschutschensis,species,東方黃鶺鴒,,
KL_Avian_0000211,54122,t0100036,accepted,Animalia,Anthus richardi,Anthus richardi,species,大花鷚,,
KL_Avian_0000213,54120,t0100034,accepted,Animalia,Anthus hodgsoni,Anthus hodgsoni,species,樹鷚,,
KL_Avian_0000216,54124,t0100038,accepted,Animalia,Anthus spinoletta,Anthus spinoletta,species,水鷚,,
KL_Avian_0000229,56152,t0096856,accepted,Animalia,Emberiza aureola,Emberiza aureola,species,金鵐,,
KL_Avian_0000234,71419,t0062501,accepted,Animalia,Emberiza rutila,Emberiza rutila,species,鏽鵐,,
KL_Avian_0000165,11892,t0020862,accepted,Animalia,Horornis,Horornis diphone | Horornis canturians,genus,短翅樹鶯複合群,The Japanese bush warbler complex in broad terms (Horornis diphone | Horornis canturians),This taxonID represents the Japanese bush warbler complex in broad terms (Horornis diphone | Horornis canturians).
KL_Insect_0000002,35344,t0085052,accepted,Animalia,Zizeeria maha okinawana,Zizeeria maha okinawana,subspecies,沖繩小灰蝶,毛眼灰蝶 | 柞灰蝶 | 酢醬灰蝶 | 小型小灰蝶 | 大和小灰蝶 | 藍灰蝶,
KL_Insect_0000073,80891,t0031136,accepted,Animalia,Nezara viridula,Nezara viridula,species,稻綠蝽,,
KL_Insect_0000100,80269,t0081056,accepted,Animalia,Necrobia rufipes,Necrobia rufipes,species,赤足郭公蟲,,
KL_Insect_0000101,80268,t0081055,accepted,Animalia,Necrobia ruficollis,Necrobia ruficollis,species,赤頸郭公蟲,雙色琉璃郭公蟲,
KL_Insect_0000117,89891,t0047093,accepted,Animalia,Tetramorium nipponense,Tetramorium nipponense,species,日本皺家蟻,,
KL_Plant_0000001,25108,t0058916,accepted,Plantae,Cyrtomium falcatum,Cyrtomium falcatum,species,全緣貫眾蕨,,
KL_Plant_0000002,145731,t0101197,accepted,Plantae,Pteris fauriei var. fauriei,Pteris fauriei var. fauriei,variety,傅氏鳳尾蕨,,
KL_Plant_0000006,25847,t0055572,accepted,Plantae,Tetragonia tetragonoides,Tetragonia tetragonoides,species,番杏,,
KL_Plant_0000007,25741,t0055186,accepted,Plantae,Sagina japonica,Sagina japonica,species,瓜槌草,,
KL_Plant_0000009,58649,t0058947,accepted,Plantae,Persicaria chinensis,Persicaria chinensis,species,火炭母草,,
KL_Plant_0000010,120410,t0059215,accepted,Plantae,Rumex japonicus,Rumex japonicus,species,羊蹄,,
KL_Plant_0000012,121755,t0102082,accepted,Plantae,Boerhavia diffusa,Boerhavia diffusa,species,黃細心,,
KL_Plant_0000014,23727,t0054931,accepted,Plantae,Portulaca oleracea,Portulaca oleracea,species,馬齒莧,,
KL_Plant_0000015,23728,t0054932,accepted,Plantae,Portulaca pilosa,Portulaca pilosa,species,毛馬齒莧,,
KL_Plant_0000016,55050,t0073189,accepted,Plantae,Chenopodium acuminatum,Chenopodium acuminatum,species,變葉藜,,
KL_Plant_0000017,25192,t0053465,accepted,Plantae,Dysphania ambrosioides,Dysphania ambrosioides,species,臭莧,臭杏,
KL_Plant_0000018,60109,t0058313,accepted,Plantae,Suaeda maritima,Suaeda maritima,species,裸花鹼蓬,,
KL_Plant_0000019,24177,t0055292,accepted,Plantae,Sedum formosanum,Sedum formosanum,species,台灣佛甲草,石板菜,
KL_Plant_0000020,23347,t0054668,accepted,Plantae,Oxalis corniculata,Oxalis corniculata,species,酢漿草,,
KL_Plant_0000021,54893,t0058743,accepted,Plantae,Centella asiatica,Centella asiatica,species,雷公根,,
KL_Plant_0000023,22991,t0054360,accepted,Plantae,Lysimachia mauritiana,Lysimachia mauritiana,species,茅毛珍珠菜,,
KL_Plant_0000024,57472,t0103362,accepted,Plantae,Leptopetalum coreanum,Leptopetalum coreanum,species,脈耳草,,
KL_Plant_0000027,21810,t0053370,accepted,Plantae,Dichondra micrantha,Dichondra micrantha,species,馬蹄金,,
KL_Plant_0000028,25371,t0100319,accepted,Plantae,Ipomoea pes-caprae,Ipomoea pes-caprae,species,馬鞍藤,,
KL_Plant_0000030,22790,t0054200,accepted,Plantae,Leonurus japonicus,Leonurus japonicus,species,益母草,,
KL_Plant_0000034,25749,t0055240,accepted,Plantae,Scaevola taccada,Scaevola taccada,species,草海桐,,
KL_Plant_0000040,21588,t0053159,accepted,Plantae,Crossostephium chinense,Crossostephium chinense,species,蘄艾,,
KL_Plant_0000041,25212,t0053530,accepted,Plantae,Emilia sonchifolia,Emilia sonchifolia,species,紫背草,一點紅 | 葉下紅,
KL_Plant_0000043,61275,t0057950,accepted,Plantae,Gnaphalium luteoalbum subsp. affine,Gnaphalium luteoalbum subsp. affine,subspecies,鼠麴草,,
KL_Plant_0000045,22352,t0053835,accepted,Plantae,Gnaphalium purpureum,Gnaphalium purpureum,species,鼠麴舅,,
KL_Plant_0000062,22216,t0053699,accepted,Plantae,Fimbristylis cymosa,Fimbristylis cymosa,species,乾溝飄拂草,,
KL_Plant_0000064,21713,t0053273,accepted,Plantae,Cyperus serotinus,Cyperus serotinus,species,水莎草,,
KL_Plant_0000066,24962,t0040426,accepted,Plantae,Brachiaria villosa,Brachiaria villosa,species,毛臂形草,,
KL_Plant_0000068,21819,t0053383,accepted,Plantae,Digitaria fauriei,Digitaria fauriei,species,佛歐里馬唐,,
KL_Plant_0000072,25162,t0053388,accepted,Plantae,Digitaria mollicoma,Digitaria mollicoma,species,絨馬唐,大絨馬唐,
KL_Plant_0000082,25207,t0053519,accepted,Plantae,Eleusine indica,Eleusine indica,species,牛筋草,,
KL_Plant_0000083,59832,t0058251,accepted,Plantae,Setaria parviflora,Setaria parviflora,species,莠狗尾草,,
KL_Plant_0000084,25786,t0055330,accepted,Plantae,Setaria viridis,Setaria viridis,species,狗尾草,,
KL_Plant_0000085,25411,t0054216,accepted,Plantae,Lepturus repens,Lepturus repens,species,細穗草,,
KL_Plant_0000086,24826,t0049406,accepted,Plantae,Zoysia japonica,Zoysia japonica,species,日本芝,結縷草,
KL_Plant_0000088,25920,t0049407,accepted,Plantae,Zoysia matrella,Zoysia matrella,species,高麗芝,溝葉結縷草 | 高麗芝,
KL_Reptile_0000001,73485,t0064361,accepted,Animalia,Gekko hokouensis,Gekko hokouensis,species,鉛山壁虎,,
KL_Plant_0000026,21646,t0053212,accepted,Plantae,Cuscuta australis,Cuscuta australis,species,菟絲子,,
KL_Plant_0000031,57492,t0058150,accepted,Plantae,Leucas chinensis,Leucas chinensis,species,白花草,,
KL_Plant_0000037,25059,t0053106,accepted,Plantae,Conyza bonariensis,Conyza bonariensis,species,美洲假蓬,野桐蒿 | 野塘蒿,
KL_Plant_0000046,58535,t0058693,accepted,Plantae,Paraprenanthes sororia,Paraprenanthes sororia,species,山萵苣,山苦藚,
KL_Plant_0000055,24993,t0040612,accepted,Plantae,Canavalia rosea,Canavalia rosea,species,濱刀豆,,
KL_Avian_0000010,68441,t0079031,accepted,Animalia,Columba livia,Columba livia,species,野鴿,,
KL_Avian_0000091,54183,t0100094,accepted,Animalia,Ardea cinerea,Ardea cinerea,species,蒼鷺,,
KL_Avian_0000105,58466,t0098278,accepted,Animalia,Pandion haliaetus,Pandion haliaetus,species,魚鷹,,
KL_Avian_0000124,56376,t0097039,accepted,Animalia,Falco tinnunculus,Falco tinnunculus,species,紅隼,,
KL_Avian_0000155,83968,t0031878,accepted,Animalia,Phylloscopus inornatus,Phylloscopus inornatus,species,黃眉柳鶯,,
KL_Avian_0000210,58026,t0096454,accepted,Animalia,Motacilla alba,Motacilla alba,species,白鶺鴒,,
KL_Avian_0000069,67530,t0030424,accepted,Animalia,Chlidonias leucopterus,Chlidonias leucopterus,species,白翅黑燕鷗,,
KL_Avian_0000084,60110,t0099004,accepted,Animalia,Sula dactylatra,Sula dactylatra,species,藍臉鰹鳥,,
KL_Avian_0000099,64354,t0072181,accepted,Animalia,Ardeola bacchus,Ardeola bacchus,species,池鷺,,
KL_Avian_0000002,62724,t0057603,accepted,Animalia,Aix galericulata,Aix galericulata,species,鴛鴦,,
KL_Avian_0000014,60076,t0098990,accepted,Animalia,Streptopelia tranquebarica,Streptopelia tranquebarica,species,紅鳩,,
KL_Avian_0000015,149291,t0086298,accepted,Animalia,Spilopelia chinensis,Spilopelia chinensis,species,珠頸斑鳩,,
KL_Avian_0000047,87255,t0032689,accepted,Animalia,Scolopax rusticola,Scolopax rusticola,species,山鷸,,
KL_Avian_0000062,76354,t0066862,accepted,Animalia,Larus crassirostris,Larus crassirostris,species,黑尾鷗,,
KL_Avian_0000063,57346,t0096009,accepted,Animalia,Larus argentatus,Larus argentatus,species,銀鷗,,
KL_Avian_0000093,54182,t0100093,accepted,Animalia,Ardea alba,Ardea alba,species,大白鷺,,
KL_Avian_0000094,64348,t0072176,accepted,Animalia,Ardea intermedia,Ardea intermedia,species,中白鷺,,
KL_Avian_0000109,55168,t0030542,accepted,Animalia,Circus spilonotus,Circus spilonotus,species,東方澤鵟,,
KL_Avian_0000112,53737,t0099757,accepted,Animalia,Accipiter gularis,Accipiter gularis,species,日本松雀鷹,,
KL_Avian_0000113,53738,t0099758,accepted,Animalia,Accipiter nisus,Accipiter nisus,species,北雀鷹,,
KL_Avian_0000117,58198,t0098059,accepted,Animalia,Ninox japonica,Ninox japonica,species,褐鷹鴞,,
KL_Avian_0000118,60604,t0096620,accepted,Animalia,Upupa epops,Upupa epops,species,戴勝,,
KL_Avian_0000119,53925,t0099912,accepted,Animalia,Alcedo atthis,Alcedo atthis,species,翠鳥,,
KL_Avian_0000136,57335,t0096004,accepted,Animalia,Lanius schach,Lanius schach,species,棕背伯勞,,
KL_Avian_0000139,53916,t0099909,accepted,Animalia,Alauda gulgula,Alauda gulgula,species,小雲雀,,
KL_Avian_0000152,55751,t0097933,accepted,Animalia,Delichon dasypus,Delichon dasypus,species,東方毛腳燕,,
KL_Avian_0000153,59294,t0098689,accepted,Animalia,Pycnonotus sinensis,Pycnonotus sinensis,species,白頭翁,,
KL_Avian_0000157,58811,t0098479,accepted,Animalia,Phylloscopus fuscatus,Phylloscopus fuscatus,species,褐色柳鶯,,
KL_Avian_0000172,88305,t0103438,accepted,Animalia,Spodiopsar cineraceus,Spodiopsar cineraceus,species,灰椋鳥,,
KL_Avian_0000173,53763,t0099780,accepted,Animalia,Acridotheres tristis,Acridotheres tristis,species,家八哥,,
KL_Avian_0000174,62093,t0057548,accepted,Animalia,Acridotheres javanicus,Acridotheres javanicus,species,白尾八哥,,
KL_Avian_0000178,91189,t0048255,accepted,Animalia,Turdus cardis,Turdus cardis,species,烏灰鶇,,
KL_Avian_0000181,60552,t0096596,accepted,Animalia,Turdus chrysolaus,Turdus chrysolaus,species,赤腹鶇,,
KL_Avian_0000182,91196,t0048262,accepted,Animalia,Turdus pallidus,Turdus pallidus,species,白腹鶇,,
KL_Avian_0000184,91190,t0048256,accepted,Animalia,Turdus eunomus,Turdus eunomus,species,斑點鶇,,
KL_Avian_0000188,58060,t0096469,accepted,Animalia,Muscicapa dauurica,Muscicapa dauurica,species,寬嘴鶲,,
KL_Avian_0000202,58786,t0098448,accepted,Animalia,Phoenicurus auroreus,Phoenicurus auroreus,species,黃尾鴝,,
KL_Avian_0000209,79751,t0080592,accepted,Animalia,Motacilla grandis,Motacilla grandis,species,日本鶺鴒,,
KL_Avian_0000218,73166,t0064066,accepted,Animalia,Fringilla montifringilla,Fringilla montifringilla,species,花雀,,
KL_Avian_0000222,55087,t0073215,accepted,Animalia,Chloris sinica,Chloris sinica,species,金翅雀,,
KL_Avian_0000230,71417,t0062499,accepted,Animalia,Emberiza pusilla,Emberiza pusilla,species,小鵐,,
KL_Avian_0000231,71418,t0062500,accepted,Animalia,Emberiza rustica,Emberiza rustica,species,田鵐,,
KL_Avian_0000233,56159,t0096864,accepted,Animalia,Emberiza spodocephala,Emberiza spodocephala,species,灰頭黑臉鵐,,
KL_Avian_0000101,58242,t0098099,accepted,Animalia,Nycticorax nycticorax,Nycticorax nycticorax,species,夜鷺,,
KL_Avian_0000129,58362,t0098180,accepted,Animalia,Oriolus chinensis,Oriolus chinensis,species,黃鸝,,
KL_Avian_0000154,57150,t0097351,accepted,Animalia,Hypsipetes amaurotis,Hypsipetes amaurotis,species,棕耳鵯,,
KL_Avian_0000007,54029,t0099969,accepted,Animalia,Anas crecca,Anas crecca,species,小水鴨,,
KL_Avian_0000038,58236,t0098090,accepted,Animalia,Numenius phaeopus,Numenius phaeopus,species,中杓鷸,,
KL_Avian_0000041,54193,t0061031,accepted,Animalia,Arenaria interpres,Arenaria interpres,species,翻石鷸,,
KL_Avian_0000092,54184,t0100095,accepted,Animalia,Ardea purpurea,Ardea purpurea,species,紫鷺,,
KL_Avian_0000100,260903,t0097420,accepted,Animalia,Butorides atricapilla,Butorides atricapilla,species,綠簑鷺,,
KL_Avian_0000121,74220,t0029480,accepted,Animalia,Halcyon pileata,Halcyon pileata,species,黑頭翡翠,,
KL_Avian_0000163,91428,t0028457,accepted,Animalia,Urosphena squameiceps,Urosphena squameiceps,species,短尾鶯,,
KL_Avian_0000170,88991,t0040115,accepted,Animalia,Sturnia sinensis,Sturnia sinensis,species,灰背椋鳥,,
KL_Avian_0000185,79890,t0028130,accepted,Animalia,Muscicapa griseisticta,Muscicapa griseisticta,species,灰斑鶲,,
KL_Avian_0000220,56196,t0096882,accepted,Animalia,Eophona migratoria,Eophona migratoria,species,小桑鳲,,
KL_Plant_0000048,24320,t0055402,accepted,Plantae,Sonchus oleraceus,Sonchus oleraceus,species,苦滇菜,,
KL_Plant_0000052,25907,t0069832,accepted,Plantae,Youngia japonica,Youngia japonica,species,黃鵪菜,,
KL_Plant_0000073,25163,t0053389,accepted,Plantae,Digitaria sanguinalis,Digitaria sanguinalis,species,馬唐,,
KL_Plant_0000075,26121,t0087378,accepted,Plantae,Imperata cylindrica var. major,Imperata cylindrica var. major,variety,白茅,,
KL_Plant_0000081,139903,t0058740,accepted,Plantae,Pennisetum alopecuroides,Pennisetum alopecuroides,species,狼尾草,,
KL_Avian_0000066,81656,t0082282,accepted,Animalia,Onychoprion aleuticus,Onychoprion aleuticus,species,白腰燕鷗,,
KL_Avian_0000075,104865,t0029771,accepted,Animalia,Hydrobates monorhis,Hydrobates monorhis,species,黑叉尾海燕,,
KL_Avian_0000078,65997,t0076894,accepted,Animalia,Bulweria bulwerii,Bulweria bulwerii,species,穴鳥,,
KL_Avian_0000083,56525,t0097061,accepted,Animalia,Fregata minor,Fregata minor,species,軍艦鳥,,
KL_Avian_0000057,90844,t0047941,accepted,Animalia,Tringa glareola,Tringa glareola,species,鷹斑鷸,,
KL_Avian_0000067,60054,t0098970,accepted,Animalia,Sternula albifrons,Sternula albifrons,species,小燕鷗,,
KL_Insect_0000001,36747,t0027297,accepted,Animalia,Lampides boeticus,Lampides boeticus,species,豆波灰蝶,,
KL_Insect_0000008,34556,t0056704,accepted,Animalia,Vanessa indica,Vanessa indica,species,大紅蛺蝶,,
KL_Insect_0000020,37877,t0033008,accepted,Animalia,Spoladea recurvalis,Spoladea recurvalis,species,甜菜白帶野螟,甜菜白帶野螟蛾,
KL_Insect_0000021,37357,t0031657,accepted,Animalia,Patania chlorophanta,Patania chlorophanta,species,三條肋野螟蛾,,
KL_Insect_0000038,287189,t0135221,accepted,Animalia,Sterrhinae,Sterrhinae,subfamily,姬尺蛾亞科,,
KL_Insect_0000042,28773,t0050718,accepted,Animalia,Earias cupreoviridis,Earias cupreoviridis,species,鼎點鑽瘤蛾,,
KL_Insect_0000048,82387,t0082932,accepted,Animalia,Pantala flavescens,Pantala flavescens,species,薄翅蜻蜓,,
KL_Insect_0000051,68699,t0079261,accepted,Animalia,Copera marginipes,Copera marginipes,species,脛蹼琵蟌,,
KL_Insect_0000076,81573,t0082211,accepted,Animalia,Oncocephalus assimilis,Oncocephalus assimilis,species,黑斑褐獵椿象,,
KL_Insect_0000095,67558,t0078251,accepted,Animalia,Chlorophorus graphus,Chlorophorus graphus,species,圖紋虎天牛,,
KL_Plant_0000032,25066,t0053132,accepted,Plantae,Corydalis racemosa,Corydalis racemosa,species,小花黃堇,小花黃菫,
KL_Plant_0000038,25060,t0053107,accepted,Plantae,Conyza canadensis,Conyza canadensis,species,加拿大蓬,,
KL_Plant_0000047,149109,t0058113,accepted,Plantae,Pterocypsela formosana,Pterocypsela formosana,species,台灣山萵苣,臺灣山苦藚 | 臺灣山萵苣 | 台灣山苦藚,
KL_Plant_0000049,60736,t0069822,accepted,Plantae,Wollastonia biflora,Wollastonia biflora,species,雙花蟛蜞菊,,
KL_Plant_0000092,60737,t0057507,accepted,Plantae,Wollastonia dentata,Wollastonia dentata,species,大天蓬草舅,天蓬草舅,
KL_Plant_0000053,23277,t0046093,accepted,Plantae,Oenothera laciniata,Oenothera laciniata,species,裂葉月見草,,
KL_Plant_0000054,144038,t0055045,accepted,Plantae,Raphanus raphanistrum subsp. sativus,Raphanus raphanistrum subsp. sativus,subspecies,濱蘿蔔,濱萊菔,
KL_Plant_0000056,25894,t0049306,accepted,Plantae,Vigna marina,Vigna marina,species,濱豇豆,,
KL_Plant_0000058,21504,t0053099,accepted,Plantae,Commelina communis,Commelina communis,species,鴨跖草,,
KL_Plant_0000061,21705,t0055001,accepted,Plantae,Cyperus polystachyos,Cyperus polystachyos,species,多柱扁莎,多枝扁莎,
KL_Plant_0000065,55702,t0058910,accepted,Plantae,Cyperus brevifolius,Cyperus brevifolius,species,短葉水蜈蚣,,
KL_Plant_0000067,25098,t0053244,accepted,Plantae,Cynodon dactylon,Cynodon dactylon,species,狗牙根,,
KL_Plant_0000074,55903,t0073704,accepted,Plantae,Digitaria sericea,Digitaria sericea,species,絹毛馬唐,,
KL_Plant_0000076,23415,t0054708,accepted,Plantae,Paspalum dilatatum,Paspalum dilatatum,species,毛花雀稗,,
KL_Plant_0000077,23416,t0054709,accepted,Plantae,Paspalum distichum,Paspalum distichum,species,雙穗雀稗,,
KL_Plant_0000080,23429,t0054719,accepted,Plantae,Paspalum vaginatum,Paspalum vaginatum,species,海雀稗,,
KL_Spider_0000001,19871,t0018264,accepted,Animalia,Xysticus,Xysticus,genus,花蟹蛛屬,,
KL_Avian_0000004,63491,t0071424,accepted,Animalia,Anas zonorhyncha,Anas zonorhyncha,species,花嘴鴨,,
KL_Avian_0000008,68963,t0079508,accepted,Animalia,Coturnix japonica,Coturnix japonica,species,鵪鶉,,
KL_Avian_0000026,56602,t0097074,accepted,Animalia,Gallinula chloropus,Gallinula chloropus,species,紅冠水雞,,
KL_Avian_0000048,56601,t0097073,accepted,Animalia,Gallinago gallinago,Gallinago gallinago,species,田鷸,,
KL_Avian_0000050,91902,t0048886,accepted,Animalia,Xenus cinereus,Xenus cinereus,species,反嘴鷸,,
KL_Avian_0000055,90846,t0047943,accepted,Animalia,Tringa incana,Tringa incana,species,美洲黃足鷸,,
KL_Avian_0000087,83511,t0031782,accepted,Animalia,Phalacrocorax capillatus,Phalacrocorax capillatus,species,丹氏鸕鷀,,
KL_Avian_0000107,58645,t0098400,accepted,Animalia,Pernis ptilorhynchus,Pernis ptilorhynchus,species,東方蜂鷹,,
KL_Avian_0000127,57324,t0095987,accepted,Animalia,Lalage melaschistos,Lalage melaschistos,species,黑翅山椒鳥,,
KL_Avian_0000144,57609,t0096197,accepted,Animalia,Locustella lanceolata,Locustella lanceolata,species,茅斑蝗鶯,矛斑蝗鶯,
KL_Avian_0000146,137324,t0097239,accepted,Animalia,Helopsaltes ochotensis,Helopsaltes ochotensis,species,北蝗鶯,,
KL_Avian_0000151,149231,t0097560,accepted,Animalia,Hirundo daurica,Hirundo daurica,species,金腰燕,,
KL_Avian_0000176,60809,t0096730,accepted,Animalia,Zoothera aurea,Zoothera aurea,species,白氏地鶇,,
KL_Avian_0000183,91197,t0048263,accepted,Animalia,Turdus ruficollis,Turdus ruficollis,species,赤頸鶇,,
KL_Avian_0000191,57352,t0027316,accepted,Animalia,Larvivora komadori,Larvivora komadori,species,琉球歌鴝,,
KL_Avian_0000195,60203,t0086328,accepted,Animalia,Tarsiger cyanurus,Tarsiger cyanurus,species,藍尾鴝,,
KL_Avian_0000197,56391,t0029207,accepted,Animalia,Ficedula narcissina,Ficedula narcissina,species,黃眉黃鶲,,
KL_Avian_0000198,72927,t0029206,accepted,Animalia,Ficedula mugimaki,Ficedula mugimaki,species,白眉黃鶲,,
KL_Avian_0000200,72928,t0063853,accepted,Animalia,Ficedula parva,Ficedula parva,species,紅胸鶲,,
KL_Avian_0000215,63903,t0071791,accepted,Animalia,Anthus cervinus,Anthus cervinus,species,赤喉鷚,,
KL_Avian_0000221,54807,t0097521,accepted,Animalia,Carpodacus erythrinus,Carpodacus erythrinus,species,普通朱雀,,
KL_Avian_0000001,6673,t0010049,accepted,Animalia,Anser,Anser,genus,雁屬,,
KL_Avian_0000009,59034,t0098548,accepted,Animalia,Podiceps nigricollis,Podiceps nigricollis,species,黑頸鸊鷉,,
KL_Avian_0000013,88843,t0039989,accepted,Animalia,Streptopelia decaocto,Streptopelia decaocto,species,灰斑鳩,,
KL_Avian_0000028,60791,t0096712,accepted,Animalia,Zapornia fusca,Zapornia fusca,species,緋秧雞,,
KL_Avian_0000046,54656,t0097440,accepted,Animalia,Calidris alpina,Calidris alpina,species,黑腹濱鷸,,
KL_Avian_0000088,54484,t0097387,accepted,Animalia,Botaurus stellaris,Botaurus stellaris,species,大麻鷺,,
KL_Avian_0000103,58978,t0098516,accepted,Animalia,Platalea leucorodia,Platalea leucorodia,species,白琵鷺,,
KL_Avian_0000104,84302,t0035964,accepted,Animalia,Platalea minor,Platalea minor,species,黑面琵鷺,,
KL_Avian_0000128,83338,t0083775,accepted,Animalia,Pericrocotus divaricatus,Pericrocotus divaricatus,species,灰山椒鳥,,
KL_Avian_0000137,55455,t0097794,accepted,Animalia,Corvus corone,Corvus corone,species,小嘴烏鴉,,
KL_Avian_0000148,59519,t0098754,accepted,Animalia,Riparia riparia,Riparia riparia,species,灰沙燕,,
KL_Avian_0000156,83970,t0084309,accepted,Animalia,Phylloscopus proregulus,Phylloscopus proregulus,species,黃腰柳鶯,,
KL_Avian_0000166,60813,t0096736,accepted,Animalia,Zosterops simplex,Zosterops simplex,species,斯氏繡眼,,
KL_Avian_0000168,60097,t0099000,accepted,Animalia,Sturnus vulgaris,Sturnus vulgaris,species,歐洲椋鳥,,
KL_Avian_0000169,62669,t0070677,accepted,Animalia,Agropsar philippensis,Agropsar philippensis,species,小椋鳥,,
KL_Avian_0000171,88306,t0039487,accepted,Animalia,Spodiopsar sericeus,Spodiopsar sericeus,species,絲光椋鳥,,
KL_Avian_0000186,58061,t0096470,accepted,Animalia,Muscicapa sibirica,Muscicapa sibirica,species,烏鶲,,
KL_Avian_0000189,55649,t0097879,accepted,Animalia,Cyanoptila cyanomelana,Cyanoptila cyanomelana,species,白腹琉璃,,
KL_Avian_0000199,72924,t0063850,accepted,Animalia,Ficedula albicilla,Ficedula albicilla,species,紅喉鶲,,
KL_Avian_0000204,109222,t0032643,accepted,Animalia,Saxicola stejnegeri,Saxicola stejnegeri,species,黑喉鴝,,
KL_Avian_0000219,55290,t0097738,accepted,Animalia,Coccothraustes coccothraustes,Coccothraustes coccothraustes,species,臘嘴雀,,
KL_Avian_0000226,56154,t0096858,accepted,Animalia,Emberiza elegans,Emberiza elegans,species,黃喉鵐,,
KL_Avian_0000227,56157,t0096862,accepted,Animalia,Emberiza pallasi,Emberiza pallasi,species,葦鵐,,
KL_Avian_0000228,56158,t0096863,accepted,Animalia,Emberiza schoeniclus,Emberiza schoeniclus,species,蘆鵐,,
KL_Avian_0000235,71414,t0062496,accepted,Animalia,Emberiza chrysophrys,Emberiza chrysophrys,species,黃眉鵐,,
KL_Avian_0000236,71422,t0062504,accepted,Animalia,Emberiza tristrami,Emberiza tristrami,species,白眉鵐,,
KL_Avian_0000053,90848,t0047945,accepted,Animalia,Tringa ochropus,Tringa ochropus,species,白腰草鷸,,
KL_Avian_0000068,56646,t0097096,accepted,Animalia,Gelochelidon nilotica,Gelochelidon nilotica,species,鷗嘴燕鷗,,
KL_Avian_0000077,104866,t0029772,accepted,Animalia,Hydrobates tristrami,Hydrobates tristrami,species,褐翅叉尾海燕,,
KL_Insect_0000007,38116,t0028473,accepted,Animalia,Vanessa cardui,Vanessa cardui,species,小紅蛺蝶,,
KL_Insect_0000013,28165,t0097756,accepted,Animalia,Colias erate,Colias erate,species,紋黃蝶,,
KL_Insect_0000014,32560,t0031917,accepted,Animalia,Pieris canidia,Pieris canidia,species,緣點白粉蝶,,
KL_Insect_0000029,31698,t0052147,accepted,Animalia,Nyctemera adversata,Nyctemera adversata,species,粉蝶燈蛾,,
KL_Insect_0000043,284708,t0085241,accepted,Animalia,Anax julius,Anax julius,species,綠胸晏蜓,,
KL_Insect_0000081,62089,t0070133,accepted,Animalia,Acrida formosana,Acrida formosana,species,臺灣劍角蝗,蓬萊劍角蝗 | 中華劍角蝗 | 長頭蝗,
KL_Insect_0000144,92373,t0085206,accepted,Animalia,Aiolopus thalassinus tamulus,Aiolopus thalassinus tamulus,subspecies,斑蝗,,Identified to subspecies level based on the known local distribution.
KL_Insect_0000085,74879,t0065585,accepted,Animalia,Hieroglyphus annulicornis,Hieroglyphus annulicornis,species,斑腿蔗蝗,斑角蔗蝗 | 斑角蝗,
KL_Insect_0000086,292952,t0129995,accepted,Animalia,Gastrimargus marmoratus,Gastrimargus marmoratus,species,雲斑車蝗,,
KL_Insect_0000087,89623,t0033281,accepted,Animalia,Teleogryllus mitratus,Teleogryllus mitratus,species,白緣眉紋蟋蟀,,
KL_Insect_0000108,62686,t0070692,accepted,Animalia,Agrypnus sakaguchii,Agrypnus sakaguchii,species,小褐鏽叩頭蟲,,
KL_Plant_0000008,23164,t0046326,accepted,Plantae,Morus australis,Morus australis,species,小葉桑,,
KL_Plant_0000035,20715,t0052627,accepted,Plantae,Artemisia capillaris,Artemisia capillaris,species,茵陳蒿,,
KL_Plant_0000059,21505,t0053100,accepted,Plantae,Commelina diffusa,Commelina diffusa,species,竹仔菜,,
KL_Avian_0000044,66203,t0077070,accepted,Animalia,Calidris ruficollis,Calidris ruficollis,species,紅胸濱鷸,,
KL_Avian_0000090,308529,t0027178,accepted,Animalia,Botaurus eurhythmus,Botaurus eurhythmus,species,秋小鷺,,
KL_Avian_0000116,58403,t0098214,accepted,Animalia,Otus sunia,Otus sunia,species,東方角鴞,,
KL_Avian_0000131,55865,t0097990,accepted,Animalia,Dicrurus leucophaeus,Dicrurus leucophaeus,species,灰卷尾,,
KL_Avian_0000142,62104,t0070147,accepted,Animalia,Acrocephalus bistrigiceps,Acrocephalus bistrigiceps,species,雙眉葦鶯,,
KL_Avian_0000145,137323,t0096196,accepted,Animalia,Helopsaltes certhiola,Helopsaltes certhiola,species,小蝗鶯,,
KL_Avian_0000159,83976,t0084314,accepted,Animalia,Phylloscopus tenellipes,Phylloscopus tenellipes,species,淡腳柳鶯,,
KL_Avian_0000214,54119,t0100033,accepted,Animalia,Anthus gustavi,Anthus gustavi,species,白背鷚,,
KL_Avian_0000232,71421,t0062503,accepted,Animalia,Emberiza sulphurata,Emberiza sulphurata,species,野鵐,,
KL_Avian_0000018,55628,t0097841,accepted,Animalia,Cuculus canorus,Cuculus canorus,species,大杜鵑,,
KL_Avian_0000019,69257,t0030791,accepted,Animalia,Cuculus optatus,Cuculus optatus,species,北方中杜鵑,,
KL_Avian_0000070,55076,t0097673,accepted,Animalia,Chlidonias hybrida,Chlidonias hybrida,species,黑腹燕鷗,,
KL_Insect_0000006,30446,t0027215,accepted,Animalia,Junonia orithya,Junonia orithya,species,青眼蛺蝶,,
KL_Insect_0000023,268700,t0031661,accepted,Animalia,Purpurata iopasalis,Purpurata iopasalis,species,紫褐肋野螟蛾,,
KL_Insect_0000037,36580,t0029704,accepted,Animalia,Hippotion rosetta,Hippotion rosetta,species,後紅斜線天蛾,茜草後紅斜線天蛾 | 茜草紅後斜線天蛾 | 裏紅斜線天蛾,
KL_Insect_0000045,62652,t0057586,accepted,Animalia,Agriocnemis pygmaea,Agriocnemis pygmaea,species,橙尾細蟌,,
KL_Insect_0000058,59943,t0098935,accepted,Animalia,Spilostethus hospes,Spilostethus hospes,species,黑斑腺長蝽,箭痕腺長蝽,
KL_Insect_0000072,62585,t0070594,accepted,Animalia,Agonoscelis nubilis,Agonoscelis nubilis,species,雲蝽,雲椿象,
KL_Insect_0000074,84105,t0084432,accepted,Animalia,Piezodorus hybneri,Piezodorus hybneri,species,璧蝽,璧椿象,
KL_Insect_0000075,87296,t0038632,accepted,Animalia,Scotiphara scotii,Scotiphara scotii,species,短刺黑椿象,,
KL_Insect_0000077,85962,t0037458,accepted,Animalia,Pycnoscelus surinamensis,Pycnoscelus surinamensis,species,蘇利南潛蠊,,
KL_Insect_0000079,267217,t0031741,accepted,Animalia,Validiblatta australasiae,Validiblatta australasiae,species,澳洲家蠊,,
KL_Insect_0000102,68217,t0078837,accepted,Animalia,Coccinella septempunctata,Coccinella septempunctata,species,七星瓢蟲,,
KL_Insect_0000103,85210,t0036796,accepted,Animalia,Propylea japonica,Propylea japonica,species,龜紋瓢蟲,,
KL_Insect_0000106,82210,t0082775,accepted,Animalia,Paederus fuscipes,Paederus fuscipes,species,紅胸隱翅蟲,梭毒隱翅蟲 | 青翅蟻形隱翅蟲 | 黄腳蟻型隱翅蟲,
KL_Plant_0000011,55292,t0073343,accepted,Plantae,Cocculus orbiculatus,Cocculus orbiculatus,species,木防己,,
KL_Plant_0000013,21022,t0040401,accepted,Plantae,Boerhavia glabrata,Boerhavia glabrata,species,光果黃細心,,
KL_Plant_0000029,25954,t0087359,accepted,Plantae,Callicarpa japonica var. luxurians,Callicarpa japonica var. luxurians,variety,朝鮮紫珠,,
KL_Plant_0000033,21549,t0053128,accepted,Plantae,Corydalis koidzumiana,Corydalis koidzumiana,species,密花黃堇,密花黃菫,
KL_Plant_0000039,55429,t0073443,accepted,Plantae,Conyza sumatrensis,Conyza sumatrensis,species,野茼蒿,,
KL_Plant_0000044,22348,t0053831,accepted,Plantae,Gnaphalium calviceps,Gnaphalium calviceps,species,直莖鼠麴草,,
KL_Plant_0000063,25271,t0053700,accepted,Plantae,Fimbristylis dichotoma,Fimbristylis dichotoma,species,竹子飄拂草,,
KL_Plant_0000069,25157,t0053380,accepted,Plantae,Digitaria ciliaris,Digitaria ciliaris,species,升馬唐,,
KL_Plant_0000078,23423,t0054713,accepted,Plantae,Paspalum orbiculare,Paspalum orbiculare,species,圓果雀稗,,
KL_Plant_0000090,24473,t0055570,accepted,Plantae,Terminalia catappa,Terminalia catappa,species,欖仁,,
KL_Avian_0000141,55177,t0097715,accepted,Animalia,Cisticola juncidis,Cisticola juncidis,species,棕扇尾鶯,,
KL_Avian_0000035,55021,t0097634,accepted,Animalia,Charadrius alexandrinus,Charadrius alexandrinus,species,東方環頸鴴,,
KL_Avian_0000045,54655,t0097439,accepted,Animalia,Calidris alba,Calidris alba,species,三趾濱鷸,,
KL_Avian_0000049,73332,t0064225,accepted,Animalia,Gallinago megala,Gallinago megala,species,中地鷸,,
KL_Avian_0000161,83964,t0084306,accepted,Animalia,Phylloscopus coronatus,Phylloscopus coronatus,species,冠羽柳鶯,,
KL_Avian_0000076,104864,t0029770,accepted,Animalia,Hydrobates matsudairae,Hydrobates matsudairae,species,煙黑叉尾海燕,日本叉尾海燕,
KL_Avian_0000080,64352,t0072180,accepted,Animalia,Ardenna pacifica,Ardenna pacifica,species,長尾水薙鳥,,
KL_Fish_0000002,37955,t0033225,accepted,Animalia,Taeniurops meyeni,Taeniurops meyeni,species,邁氏擬條尾魟,,
KL_Fish_0000006,36174,t0028785,accepted,Animalia,Echidna nebulosa,Echidna nebulosa,species,星帶蝮鯙,,
KL_Fish_0000008,35606,t0057010,accepted,Animalia,Aulostomus chinensis,Aulostomus chinensis,species,中華管口魚,,
KL_Fish_0000015,35478,t0056891,accepted,Animalia,Amphiprion clarkii,Amphiprion clarkii,species,克氏海葵魚,克氏雙鋸魚 | 小丑魚,
KL_Fish_0000018,35927,t0030461,accepted,Animalia,Chromis analis,Chromis analis,species,長臀光鰓雀鯛,,
KL_Fish_0000021,27992,t0050308,accepted,Animalia,Chromis margaritifer,Chromis margaritifer,species,雙斑光鰓雀鯛,,
KL_Fish_0000022,35931,t0030468,accepted,Animalia,Chromis notata,Chromis notata,species,斑鰭光鰓雀鯛,尾斑光鰓雀鯛 | 厚殼仔 | 尾斑光鰓魚 | 藍雀,
KL_Fish_0000023,27999,t0050312,accepted,Animalia,Chromis weberi,Chromis weberi,species,魏氏光鰓雀鯛,,
KL_Fish_0000026,35944,t0030484,accepted,Animalia,Chrysiptera tricincta,Chrysiptera tricincta,species,三斑刻齒雀鯛,三帶刻齒雀鯛 | 厚殼仔 | 三帶金翅雀鯛,
KL_Fish_0000028,36082,t0030903,accepted,Animalia,Dascyllus trimaculatus,Dascyllus trimaculatus,species,三斑圓雀鯛,,
KL_Fish_0000032,32746,t0055883,accepted,Animalia,Pomacentrus coelestis,Pomacentrus coelestis,species,霓虹雀鯛,,
KL_Fish_0000038,36681,t0027159,accepted,Animalia,Istiblennius dussumieri,Istiblennius dussumieri,species,杜氏蛙䲁,,
KL_Fish_0000040,37427,t0031944,accepted,Animalia,Plagiotremus tapeinosoma,Plagiotremus tapeinosoma,species,黑帶橫口鳚,,
KL_Fish_0000043,29441,t0051111,accepted,Animalia,Fistularia commersonii,Fistularia commersonii,species,康氏馬鞭魚,,
KL_Fish_0000045,35687,t0029894,accepted,Animalia,Bodianus diana,Bodianus diana,species,對斑狐鯛,,
KL_Fish_0000055,35960,t0030543,accepted,Animalia,Cirrhilabrus cyanopleura,Cirrhilabrus cyanopleura,species,藍身絲鰭鯛,藍身絲鰭鸚鯛 | 藍身絲隆頭魚 | 紅娘仔 | 柳冷仔 | 藍身鸚哥,
KL_Fish_0000057,36487,t0029488,accepted,Animalia,Halichoeres argus,Halichoeres argus,species,大眼海豬魚,珠光海豬魚 | 大眼儒艮鯛 | 柳冷仔 | 孔雀龍,
KL_Fish_0000062,29805,t0051277,accepted,Animalia,Halichoeres melanochir,Halichoeres melanochir,species,黑腕海豬魚,,
KL_Fish_0000063,29804,t0029493,accepted,Animalia,Halichoeres marginatus,Halichoeres marginatus,species,緣鰭海豬魚,,
KL_Fish_0000066,36732,t0027272,accepted,Animalia,Labroides dimidiatus,Labroides dimidiatus,species,裂唇魚,,
KL_Fish_0000068,37901,t0033064,accepted,Animalia,Stethojulis bandanensis,Stethojulis bandanensis,species,黑星紫胸魚,,
KL_Fish_0000082,38005,t0033350,accepted,Animalia,Thalassoma lutescens,Thalassoma lutescens,species,胸斑錦魚,黃衣錦魚,
KL_Fish_0000088,37576,t0032273,accepted,Animalia,Pseudolabrus eoethinus,Pseudolabrus eoethinus,species,紅頸擬隆頭魚,,
KL_Fish_0000096,35389,t0056812,accepted,Animalia,Acanthurus nigrofuscus,Acanthurus nigrofuscus,species,褐斑刺尾鯛,,
KL_Fish_0000098,35391,t0056814,accepted,Animalia,Acanthurus thompsoni,Acanthurus thompsoni,species,黃尾刺尾鯛,,
KL_Fish_0000099,26281,t0049456,accepted,Animalia,Acanthurus xanthopterus,Acanthurus xanthopterus,species,黃鰭刺尾鯛,,
KL_Fish_0000103,37034,t0028230,accepted,Animalia,Naso hexacanthus,Naso hexacanthus,species,六棘鼻魚,,
KL_Fish_0000105,32806,t0032119,accepted,Animalia,Prionurus scalprum,Prionurus scalprum,species,鋸尾鯛,,
KL_Fish_0000112,27801,t0030310,accepted,Animalia,Chaetodon nippon,Chaetodon nippon,species,日本蝴蝶魚,,
KL_Fish_0000114,27764,t0050206,accepted,Animalia,Chaetodon argentatus,Chaetodon argentatus,species,銀身蝴蝶魚,,
KL_Fish_0000117,27787,t0030305,accepted,Animalia,Chaetodon kleinii,Chaetodon kleinii,species,克氏蝴蝶魚,,
KL_Fish_0000124,29450,t0046200,accepted,Animalia,Forcipiger flavissimus,Forcipiger flavissimus,species,黃鑷口魚,,
KL_Fish_0000131,37804,t0032804,accepted,Animalia,Seriola dumerili,Seriola dumerili,species,紅甘鰺,杜氏鰤 | 紅甘 | 高體鰤,
KL_Fish_0000132,35835,t0030229,accepted,Animalia,Centropyge vrolikii,Centropyge vrolikii,species,福氏刺尻魚,,
KL_Fish_0000134,37484,t0032063,accepted,Animalia,Pomacanthus semicirculatus,Pomacanthus semicirculatus,species,疊波蓋刺魚,,
KL_Fish_0000138,37554,t0032222,accepted,Animalia,Pseudanthias squamipinnis,Pseudanthias squamipinnis,species,絲鰭擬花鮨,,
KL_Fish_0000139,32631,t0031992,accepted,Animalia,Plectranthias nanus,Plectranthias nanus,species,短棘花鱸,,
KL_Fish_0000140,37574,t0032270,accepted,Animalia,Pseudogramma polyacantha,Pseudogramma polyacantha,species,多棘擬線鱸,,
KL_Fish_0000147,37352,t0031643,accepted,Animalia,Parupeneus multifasciatus,Parupeneus multifasciatus,species,多帶海緋鯉,,
KL_Fish_0000151,37208,t0031389,accepted,Animalia,Ostorhinchus properuptus,Ostorhinchus properuptus,species,黃帶天竺鯛,黃帶鸚天竺鯛 | 大面側仔 | 大目側仔 | 黃帶天竺鯛 | 橙帶天竺鯛,
KL_Fish_0000152,27887,t0030365,accepted,Animalia,Cheilodipterus quinquelineatus,Cheilodipterus quinquelineatus,species,五線巨齒天竺鯛,,
KL_Fish_0000153,26797,t0049750,accepted,Animalia,Apogon coccineus,Apogon coccineus,species,紅天竺鯛,透明紅天竺鯛,
KL_Fish_0000154,32871,t0055952,accepted,Animalia,Pseudamia gelatinosa,Pseudamia gelatinosa,species,鈍尾擬天竺鯛,犬牙擬天竺鯛 | 大面側仔 | 大目側仔,
KL_Fish_0000159,37613,t0032343,accepted,Animalia,Pterois volitans,Pterois volitans,species,魔鬼簑鮋,翱翔蓑鮋 | 獅子魚 | 長獅 | 魔鬼 | 國公 | 石狗敢 | 虎魚 | 雞公 | 紅虎 | 火烘 | 石頭魚,
KL_Fish_0000160,37777,t0032726,accepted,Animalia,Scorpaenodes evides,Scorpaenodes evides,species,淺海小鮋,,
KL_Fish_0000163,32894,t0055964,accepted,Animalia,Pseudochromis luteus,Pseudochromis luteus,species,紅准雀鯛,灰黃擬雀鯛 | 准雀鯛 | 紅貓仔 | 紅獅公,
KL_Fish_0000164,35649,t0057051,accepted,Animalia,Belonepterygion fasciolatum,Belonepterygion fasciolatum,species,橫帶針鰭鮗,橫帶針翅鮗 | 針鰭鮗 | 黑七夕魚,
KL_Fish_0000167,35752,t0030065,accepted,Animalia,Callogobius sclateri,Callogobius sclateri,species,稜頭硬皮鰕虎,,
KL_Fish_0000168,7904,t0011255,accepted,Animalia,Callogobius,Callogobius,genus,硬皮鰕虎屬,,
KL_Fish_0000170,36340,t0029153,accepted,Animalia,Eviota prasina,Eviota prasina,species,菲綠磯塘鱧,蔥綠磯鰕虎 | 蔥綠磯塘鱧,
KL_Fish_0000171,10732,t0019731,accepted,Animalia,Eviota,Eviota,genus,磯塘鱧屬,磯鰕虎屬,
KL_Fish_0000172,29461,t0051119,accepted,Animalia,Fusigobius duospilus,Fusigobius duospilus,species,裸頸植鰕虎,裸頸紡錘鰕虎 | 裸項紡錘鰕虎魚,
KL_Fish_0000173,36686,t0027164,accepted,Animalia,Istigobius decoratus,Istigobius decoratus,species,珠點銜鯊,華麗銜鰕虎 | 華麗銜鰕虎魚,
KL_Fish_0000174,37505,t0032112,accepted,Animalia,Priolepis cincta,Priolepis cincta,species,十二條鋸鱗鰕虎,橫帶鋸鱗鰕虎 | 橫帶鋸鱗鰕虎魚,
KL_Fish_0000175,37506,t0032113,accepted,Animalia,Priolepis inhaca,Priolepis inhaca,species,裸頰鋸鱗鰕虎,,
KL_Fish_0000176,258178,t0133562,accepted,Animalia,Priolepis nuchifasciata,Priolepis nuchifasciata,species,頸紋鋸鱗鰕虎,,
KL_Fish_0000177,38214,t0028349,accepted,Animalia,Trimma okinawae,Trimma okinawae,species,沖繩磨塘鱧,沖繩磨鰕虎,
KL_Fish_0000178,38079,t0028348,accepted,Animalia,Trimma macrophthalmum,Trimma macrophthalmum,species,圓斑磨塘鱧,大眼磨鰕虎 | 大眼磨塘鱧,
KL_Fish_0000179,29859,t0051306,accepted,Animalia,Helcogramma striata,Helcogramma striata,species,縱帶彎線鳚,,
KL_Fish_0000180,37106,t0031179,accepted,Animalia,Norfolkia brachylepis,Norfolkia brachylepis,species,短鱗諾福克三鰭鳚,短鱗諾福克鳚 | 狗鰷 | 三鰭鳚,
KL_Fish_0000181,28949,t0050811,accepted,Animalia,Enneapterygius rubicauda,Enneapterygius rubicauda,species,赤身雙線鳚,紅尾雙線鳚 | 狗鰷 | 三鰭鳚,
KL_Fish_0000182,36517,t0029558,accepted,Animalia,Helcogramma inclinata,Helcogramma inclinata,species,三角彎線鳚,,
KL_Fish_0000183,28693,t0050679,accepted,Animalia,Discotrema crinophilum,Discotrema crinophilum,species,盤孔喉盤魚,,
KL_Fish_0000184,38151,t0028591,accepted,Animalia,Zanclus cornutus,Zanclus cornutus,species,角蝶魚,,
KL_Fish_0000187,35617,t0057019,accepted,Animalia,Balistoides conspicillum,Balistoides conspicillum,species,花斑擬鱗魨,,
KL_Fish_0000188,36912,t0027885,accepted,Animalia,Melichthys vidua,Melichthys vidua,species,黑邊角鱗魨,,
KL_Fish_0000192,34591,t0056723,accepted,Animalia,Xanthichthys caeruleolineatus,Xanthichthys caeruleolineatus,species,黑帶黃鱗魨,,
KL_Fish_0000195,28654,t0031043,accepted,Animalia,Diodon holocanthus,Diodon holocanthus,species,六斑二齒魨,,
KL_Fish_0000196,35777,t0030117,accepted,Animalia,Canthigaster rivulata,Canthigaster rivulata,species,水紋尖鼻魨,,
KL_Fish_0000197,35779,t0030119,accepted,Animalia,Canthigaster valentini,Canthigaster valentini,species,瓦氏尖鼻魨,,
KL_Insect_0000210,34849,t0030200,accepted,Animalia,Catopsilia pomona pomona,Catopsilia pomona pomona,subspecies,遷粉蝶,果神蝶 | 無紋淡黃蝶 | 銀紋淡黃蝶 | 淡黃蝶 | 淺紋淡黃粉蝶 | 銀紋淡黃粉蝶 | 鐵刀木粉蝶 | 遷飛粉蝶,Identified to subspecies level based on the known local distribution.
KL_Insect_0000016,29321,t0051052,accepted,Animalia,Eurema mandarina,Eurema mandarina,species,北黃蝶,,
KL_Insect_0000022,33018,t0056023,accepted,Animalia,Pygospila tyres,Pygospila tyres,species,白斑黑翅野螟蛾,,
KL_Insect_0000035,37469,t0057177,accepted,Animalia,Plutella xylostella,Plutella xylostella,species,小菜蛾,,
KL_Insect_0000053,74956,t0065647,accepted,Animalia,Hishimonus sellatus,Hishimonus sellatus,species,菱紋葉蟬,凹緣菱紋葉蟬,
KL_Insect_0000057,92995,t0085718,accepted,Animalia,Graptostethus servus servus,Graptostethus servus servus,subspecies,紅腺長椿,紅腺長椿象 | 黑帶紅腺長蝽,Identified to subspecies level based on the known local distribution.
KL_Insect_0000083,90830,t0047928,accepted,Animalia,Trilophidia annulata,Trilophidia annulata,species,疣蝗,,
KL_Insect_0000146,68360,t0078956,accepted,Animalia,Colasposoma viridicoeruleum,Colasposoma viridicoeruleum,species,甘藷猿金花蟲,,
KL_Insect_0000105,93551,t0086159,accepted,Animalia,Protaetia orientalis sakaii,Protaetia orientalis sakaii,subspecies,東方白點花金龜,,Identified to subspecies level based on the known local distribution.
KL_Plant_0000003,25322,t0026568,accepted,Plantae,Haplopteris anguste-elongata,Haplopteris anguste-elongata,species,姬書帶蕨,,
KL_Plant_0000004,58275,t0026476,accepted,Plantae,Odontosoria biflora,Odontosoria biflora,species,闊片烏蕨,,
KL_Plant_0000057,61485,t0086947,accepted,Plantae,Pilea peploides var. major,Pilea peploides var. major,variety,齒葉矮冷水麻,苦水花 | 矮冷水麻,
KL_Plant_0000060,21205,t0052815,accepted,Plantae,Carex breviculmis,Carex breviculmis,species,短莖宿柱薹,,
KL_Avian_0000130,55866,t0097991,accepted,Animalia,Dicrurus macrocercus,Dicrurus macrocercus,species,大卷尾,,
KL_Avian_0000223,88292,t0032999,accepted,Animalia,Spinus spinus,Spinus spinus,species,黃雀,,
KL_Avian_0000217,260966,t0085266,accepted,Animalia,Anthus japonicus,Anthus japonicus,species,黃腹鷚,,
KL_Insect_0000052,86514,t0037922,accepted,Animalia,Riptortus pedestris,Riptortus pedestris,species,點蜂緣蝽,,
KL_Insect_0000054,68077,t0078716,accepted,Animalia,Cletus trigonus,Cletus trigonus,species,肩棘緣蝽,,
KL_Insect_0000055,75051,t0065733,accepted,Animalia,Homoeocerus marginiventris,Homoeocerus marginiventris,species,小點同緣蝽,,
KL_Insect_0000094,67553,t0030434,accepted,Animalia,Chlorophorus annularis,Chlorophorus annularis,species,竹虎天牛,,
KL_Plant_0000005,25551,t0026749,accepted,Plantae,Nephrolepis biserrata,Nephrolepis biserrata,species,長葉腎蕨,,
KL_Avian_0000031,84632,t0032028,accepted,Animalia,Pluvialis squatarola,Pluvialis squatarola,species,灰斑鴴,,
KL_Avian_0000162,16171,t0014650,accepted,Animalia,Phylloscopus,Phylloscopus reguloides | Phylloscopus claudiae | Phylloscopus goodsoni,genus,冠紋柳鶯複合群,The Blyth's | Claudia's | Hartert's Leaf Warbler complex (Phylloscopus reguloides | Phylloscopus claudiae | Phylloscopus goodsoni),This taxonID represents the Blyth's | Claudia's | Hartert's Leaf Warbler complex (Phylloscopus reguloides | Phylloscopus claudiae | Phylloscopus goodsoni).
KL_Avian_0000201,58787,t0098449,accepted,Animalia,Phoenicurus fuliginosus,Phoenicurus fuliginosus,species,鉛色水鶇,,
KL_Avian_0000081,64353,t0057744,accepted,Animalia,Ardenna tenuirostris,Ardenna tenuirostris,species,短尾水薙鳥,,
KL_Insect_0000028,29160,t0029065,accepted,Animalia,Eudocima phalonia,Eudocima phalonia,species,落葉夜蛾,落葉裳蛾 | 凡艷葉夜蛾,
KL_Insect_0000033,34802,t0084681,accepted,Animalia,Asota plana lacteata,Asota plana lacteata,subspecies,長斑擬燈蛾,,
KL_Insect_0000034,29728,t0051233,accepted,Animalia,Grammodes geometrica,Grammodes geometrica,species,象夜蛾,,
KL_Plant_0000025,23162,t0054498,accepted,Plantae,Morinda umbellata,Morinda umbellata,species,繖花藤,羊角藤,
KL_Avian_0000016,54899,t0097580,accepted,Animalia,Centropus bengalensis,Centropus bengalensis,species,番鵑,,
KL_Avian_0000020,54786,t0097495,accepted,Animalia,Caprimulgus jotaka,Caprimulgus jotaka,species,普通夜鷹,,
KL_Avian_0000022,53853,t0099809,accepted,Animalia,Aerodramus brevirostris,Aerodramus brevirostris,species,短嘴金絲燕,,
KL_Avian_0000042,66207,t0077073,accepted,Animalia,Calidris tenuirostris,Calidris tenuirostris,species,大濱鷸,,
KL_Avian_0000058,60512,t0096559,accepted,Animalia,Tringa totanus,Tringa totanus,species,赤足鷸,,
KL_Avian_0000164,57033,t0097304,accepted,Animalia,Horornis canturians,Horornis canturians,species,遠東樹鶯,,
KL_Avian_0000005,54030,t0099970,accepted,Animalia,Anas platyrhynchos,Anas platyrhynchos,species,綠頭鴨,,
KL_Avian_0000017,67977,t0030562,accepted,Animalia,Clamator coromandus,Clamator coromandus,species,冠郭公,,
KL_Avian_0000025,86150,t0032418,accepted,Animalia,Rallus indicus,Rallus indicus,species,東亞秧雞,,
KL_Avian_0000059,73651,t0029333,accepted,Animalia,Glareola maldivarum,Glareola maldivarum,species,燕鴴,,
KL_Avian_0000089,75843,t0066421,accepted,Animalia,Ixobrychus sinensis,Ixobrychus sinensis,species,黃小鷺,,
KL_Avian_0000125,56375,t0097038,accepted,Animalia,Falco subbuteo,Falco subbuteo,species,燕隼,,
KL_Avian_0000134,57331,t0095999,accepted,Animalia,Lanius bucephalus,Lanius bucephalus,species,紅頭伯勞,,
KL_Avian_0000179,91192,t0048258,accepted,Animalia,Turdus hortulorum,Turdus hortulorum,species,灰背鶇,,
KL_Avian_0000224,71416,t0062498,accepted,Animalia,Emberiza melanocephala,Emberiza melanocephala,species,黑頭鵐,,
KL_Avian_0000225,56155,t0096859,accepted,Animalia,Emberiza fucata,Emberiza fucata,species,赤胸鵐,,
KL_Avian_0000071,60050,t0098967,accepted,Animalia,Sterna dougallii,Sterna dougallii,species,紅燕鷗,,
KL_BenthicInvertebrate_0000034,68321,t0078926,accepted,Animalia,Coenobita rugosus,Coenobita rugosus,species,皺紋陸寄居蟹,,
KL_BenthicInvertebrate_0000036,74013,t0064842,accepted,Animalia,Grapsus tenuicrustatus,Grapsus tenuicrustatus,species,細紋方蟹,,
KL_BenthicInvertebrate_0000037,74010,t0029403,accepted,Animalia,Grapsus albolineatus,Grapsus albolineatus,species,白紋方蟹,,
KL_BenthicInvertebrate_0000039,71968,t0062989,accepted,Animalia,Epixanthus frontalis,Epixanthus frontalis,species,平額石扇蟹,,
KL_BenthicInvertebrate_0000040,79073,t0027966,accepted,Animalia,Metopograpsus thukuhar,Metopograpsus thukuhar,species,方形大額蟹,土夸大額蟹 | 平分大額蟹,
KL_BenthicInvertebrate_0000041,82139,t0082709,accepted,Animalia,Pachygrapsus minutus,Pachygrapsus minutus,species,小厚紋蟹,,
KL_BenthicInvertebrate_0000043,69459,t0079952,accepted,Animalia,Cyclograpsus intermedius,Cyclograpsus intermedius,species,中型圓方蟹,,
KL_BenthicInvertebrate_0000044,84278,t0031945,accepted,Animalia,Plagusia squamosa,Plagusia squamosa,species,鱗形斜紋蟹,瘤突斜紋蟹 | 礁扁 | 白底仔,
KL_BenthicInvertebrate_0000047,72089,t0063105,accepted,Animalia,Eriphia ferox,Eriphia ferox,species,兇猛酋婦蟹,凶猛酋婦蟹 | 司氏酋婦蟹,
KL_BenthicInvertebrate_0000048,72091,t0029012,accepted,Animalia,Eriphia sebana,Eriphia sebana,species,光手酋婦蟹,,
KL_BenthicInvertebrate_0000059,76752,t0067194,accepted,Animalia,Leptodius sanguineus,Leptodius sanguineus,species,肉球皺蟹,,
KL_BenthicInvertebrate_0000064,82099,t0082670,accepted,Animalia,Ozius tuberculosus,Ozius tuberculosus,species,疣粒團扇蟹,,
KL_BenthicInvertebrate_0000065,71825,t0062861,accepted,Animalia,Epigrapsus notatus,Epigrapsus notatus,species,橙螯隱蟹,顯赫表方蟹 | 黃螯隱蟹,
KL_BenthicInvertebrate_0000066,73479,t0029292,accepted,Animalia,Gecarcoidea lalandii,Gecarcoidea lalandii,species,紫地蟹,,
KL_BenthicInvertebrate_0000067,79023,t0069152,accepted,Animalia,Metasesarma obesum,Metasesarma obesum,species,肥胖後相手蟹,,
KL_Insect_0000049,89138,t0046444,accepted,Animalia,Sympetrum fonscolombii,Sympetrum fonscolombii,species,紅脈蜻蜓,,
KL_Plant_0000089,57673,t0058473,accepted,Plantae,Lycianthes biflora,Lycianthes biflora,species,雙花龍葵,,
KL_Avian_0000029,60792,t0096713,accepted,Animalia,Zapornia pusilla,Zapornia pusilla,species,小秧雞,,
KL_Avian_0000102,73959,t0029387,accepted,Animalia,Gorsachius goisagi,Gorsachius goisagi,species,麻鷺,,
KL_Avian_0000114,57963,t0096403,accepted,Animalia,Milvus migrans,Milvus migrans,species,黑鳶,,
KL_Avian_0000190,76356,t0027317,accepted,Animalia,Larvivora sibilans,Larvivora sibilans,species,紅尾歌鴝,,
KL_Avian_0000192,57351,t0096014,accepted,Animalia,Larvivora cyane,Larvivora cyane,species,藍歌鴝,,
KL_Avian_0000196,72930,t0063855,accepted,Animalia,Ficedula zanthopygia,Ficedula zanthopygia,species,白眉鶲,,
KL_Avian_0000212,54125,t0100039,accepted,Animalia,Anthus trivialis,Anthus trivialis,species,林鷚,,
KL_Avian_0000040,58235,t0098089,accepted,Animalia,Numenius arquata,Numenius arquata,species,大杓鷸,,
KL_Avian_0000122,56352,t0097002,accepted,Animalia,Eurystomus orientalis,Eurystomus orientalis,species,佛法僧,,
KL_Avian_0000123,57266,t0095964,accepted,Animalia,Jynx torquilla,Jynx torquilla,species,地啄木,,
KL_Avian_0000132,55864,t0097989,accepted,Animalia,Dicrurus hottentottus,Dicrurus hottentottus,species,髮冠卷尾,,
KL_Avian_0000140,6233,t0009615,accepted,Animalia,Alauda,Alauda,genus,雲雀屬,,
KL_Avian_0000193,57663,t0096228,accepted,Animalia,Luscinia svecica,Luscinia svecica,species,藍喉鴝,,
KL_Avian_0000205,57617,t0096205,accepted,Animalia,Lonchura punctulata,Lonchura punctulata,species,斑文鳥,,
KL_Avian_0000061,60042,t0098965,accepted,Animalia,Stercorarius longicaudus,Stercorarius longicaudus,species,長尾賊鷗,,
KL_Insect_0000050,90546,t0047674,accepted,Animalia,Tramea virginia,Tramea virginia,species,大華蜻蜓,,
KL_Insect_0000091,72283,t0063274,accepted,Animalia,Euconocephalus nasutus,Euconocephalus nasutus,species,鼻優草螽,,
KL_Plant_0000070,21820,t0053384,accepted,Plantae,Digitaria henryi,Digitaria henryi,species,亨利馬唐,,
KL_Plant_0000079,23426,t0054716,accepted,Plantae,Paspalum scrobiculatum,Paspalum scrobiculatum,species,鴨姆草,,
KL_Avian_0000006,63489,t0057662,accepted,Animalia,Anas acuta,Anas acuta,species,尖尾鴨,,
KL_Insect_0000088,60649,t0086415,accepted,Animalia,Velarifictorus ornatus,Velarifictorus ornatus,species,麗鬥蟋,,
KL_Plant_0000087,24827,t0049409,accepted,Plantae,Zoysia sinica,Zoysia sinica,species,中華結縷草,,
KL_Avian_0000187,79889,t0080721,accepted,Animalia,Muscicapa ferruginea,Muscicapa ferruginea,species,紅尾鶲,,
KL_BenthicInvertebrate_0000035,66171,t0077042,accepted,Animalia,Calcinus elegans,Calcinus elegans,species,秀麗硬殼寄居蟹,,
KL_BenthicInvertebrate_0000045,82141,t0031430,accepted,Animalia,Pachygrapsus plicatus,Pachygrapsus plicatus,species,褶痕厚紋蟹,,
KL_BenthicInvertebrate_0000046,83301,t0031715,accepted,Animalia,Percnon planissimum,Percnon planissimum,species,裸掌盾牌蟹,,
KL_BenthicInvertebrate_0000060,76749,t0067191,accepted,Animalia,Leptodius gracilis,Leptodius gracilis,species,細巧皺蟹,,
KL_BenthicInvertebrate_0000062,85650,t0032308,accepted,Animalia,Pseudozius caystrus,Pseudozius caystrus,species,礁石假團扇蟹,,
KL_BenthicInvertebrate_0000063,76192,t0066718,accepted,Animalia,Lachnopodus rodgersi,Lachnopodus rodgersi,species,羅氏毛足蟹,,
KL_BenthicInvertebrate_0000068,82859,t0031588,accepted,Animalia,Parasesarma pictum,Parasesarma pictum,species,斑點擬相手蟹,,
KL_Insect_0000004,38272,t0084575,accepted,Animalia,Zizina otis riukuensis,Zizina otis riukuensis,subspecies,折列藍灰蝶,,
KL_Insect_0000017,34782,t0057722,accepted,Animalia,Appias albina semperi,Appias albina semperi,subspecies,尖粉蝶,,
KL_Insect_0000039,38235,t0084543,accepted,Animalia,Celenna festivaria formosensis,Celenna festivaria formosensis,subspecies,綠紋尺蛾,,
KL_Insect_0000040,29184,t0050949,accepted,Animalia,Eumelea ludovicata,Eumelea ludovicata,species,雌黃粉尺蛾,,
KL_Insect_0000044,63515,t0071444,accepted,Animalia,Anax guttatus,Anax guttatus,species,烏點晏蜓,,
KL_Insect_0000184,92880,t0085627,accepted,Animalia,Eobia chinensis chinensis,Eobia chinensis chinensis,subspecies,黑尾擬天牛,,Identified to subspecies level based on the known local distribution.
KL_Insect_0000104,67307,t0078035,accepted,Animalia,Cheilomenes sexmaculata,Cheilomenes sexmaculata,species,六斑月瓢蟲,,
KL_Plant_0000036,60926,t0086645,accepted,Plantae,Bidens pilosa var. radiata,Bidens pilosa var. radiata,variety,大花咸豐草,大花鬼針草 | 大花婆婆針 | 大白花鬼針 | 同治草 | 黏人草,
KL_Avian_0000106,56130,t0096835,accepted,Animalia,Elanus caeruleus,Elanus caeruleus,species,黑翅鳶,,
KL_BenthicInvertebrate_0000007,64161,t0072019,accepted,Animalia,Aplysia oculifera,Aplysia oculifera,species,眼斑海兔,眼斑海鹿,
KL_Insect_0000009,32185,t0098329,accepted,Animalia,Parantica sita,Parantica sita,species,大絹斑蝶,,
KL_Insect_0000012,35222,t0084965,accepted,Animalia,Pieris rapae crucivora,Pieris rapae crucivora,subspecies,白粉蝶,菜粉蝶 | 菜白蝶 | 日本紋白蝶 | 紋白蝶,Identified to subspecies level based on the known local distribution.
KL_Insect_0000018,32260,t0031627,accepted,Animalia,Parnara guttata,Parnara guttata,species,稻弄蝶,,
KL_Insect_0000046,75756,t0066356,accepted,Animalia,Ischnura senegalensis,Ischnura senegalensis,species,青紋細蟌,,
KL_Insect_0000089,74054,t0029414,accepted,Animalia,Gryllus bimaculatus,Gryllus bimaculatus,species,黃斑黑蟋蟀,,
KL_Plant_0000022,58902,t0075339,accepted,Plantae,Pittosporum tobira,Pittosporum tobira,species,海桐,,
KL_Avian_0000110,55167,t0097713,accepted,Animalia,Circus cyaneus,Circus cyaneus,species,灰澤鵟,,
KL_Cetacean_0000001,19483,t0017886,accepted,Animalia,Tursiops,Tursiops,genus,寬吻海豚屬,,
KL_Algae_0000001,54868,t0073097,accepted,Plantae,Caulerpa racemosa,Caulerpa racemosa,species,總狀蕨藻,,
KL_Algae_0000002,2364,t0024660,accepted,Plantae,Pyropia,Pyropia,genus,紫菜屬,,
KL_Algae_0000003,54240,t0040285,accepted,Plantae,Asparagopsis taxiformis,Asparagopsis taxiformis,species,蘆筍藻,,
KL_Algae_0000004,57808,t0058510,accepted,Plantae,Mastophora rosea,Mastophora rosea,species,寬珊藻,,
KL_Algae_0000005,56044,t0073765,accepted,Plantae,Dudresnaya japonica,Dudresnaya japonica,species,日本杜蠕藻,,
KL_Algae_0000006,996,t0023476,accepted,Plantae,Chondrus,Chondrus,genus,角叉菜屬,,
KL_Algae_0000007,,,invalid,Plantae,Halymenia floresia,Halymenia floresia,species,海膜,,
KL_Algae_0000008,57122,t0074355,accepted,Plantae,Hypnea pannosa,Hypnea pannosa,species,巢沙菜,,
KL_Algae_0000009,60627,t0057474,accepted,Plantae,Valoniopsis pachynema,Valoniopsis pachynema,species,指枝藻,,
KL_Algae_0000010,60594,t0069735,accepted,Plantae,Ulva pertusa,Ulva pertusa,species,孔石蓴,,
KL_Algae_0000011,55867,t0057235,accepted,Plantae,Dictyosphaeria cavernosa,Dictyosphaeria cavernosa,species,網球藻,,
KL_Avian_0000039,81199,t0081875,accepted,Animalia,Numenius minutus,Numenius minutus,species,小杓鷸,,
KL_BenthicInvertebrate_0000001,12245,t0021206,accepted,Animalia,Isognomon,Isognomon,genus,障泥蛤屬,,
KL_BenthicInvertebrate_0000002,90783,t0047884,accepted,Animalia,Tridacna noae,Tridacna noae,species,諾亞硨磲蛤,,
KL_BenthicInvertebrate_0000004,68981,t0079523,accepted,Animalia,Crassostrea angulata,Crassostrea angulata,species,葡萄牙牡蠣,,
KL_BenthicInvertebrate_0000006,64158,t0072017,accepted,Animalia,Aplysia argus,Aplysia argus,species,環眼海兔,黑指紋海兔,
KL_BenthicInvertebrate_0000008,88997,t0040118,accepted,Animalia,Stylocheilus striatus,Stylocheilus striatus,species,條紋柱唇海兔,柱唇海兔,
KL_BenthicInvertebrate_0000012,74847,t0029675,accepted,Animalia,Hexabranchus sanguineus,Hexabranchus sanguineus,species,血紅六鰓海蛞蝓,血紅六鰓海牛 | 血紅六鰓海麒麟,
KL_BenthicInvertebrate_0000013,79538,t0028078,accepted,Animalia,Monetaria caputserpentis,Monetaria caputserpentis,species,雪山寶螺,,
KL_BenthicInvertebrate_0000016,85929,t0037430,accepted,Animalia,Purpura panama,Purpura panama,species,羅螺,,
KL_BenthicInvertebrate_0000017,89979,t0047172,accepted,Animalia,Thais armigera,Thais armigera,species,大岩螺,,
KL_BenthicInvertebrate_0000018,86194,t0037655,accepted,Animalia,Reishia clavigera,Reishia clavigera,species,蚵岩螺,,
KL_BenthicInvertebrate_0000024,80774,t0081500,accepted,Animalia,Nerita costata,Nerita costata,species,黑肋蜑螺,,
KL_BenthicInvertebrate_0000025,80782,t0081507,accepted,Animalia,Nerita plicata,Nerita plicata,species,白肋蜑螺,,
KL_BenthicInvertebrate_0000027,19410,t0017815,accepted,Animalia,Trochus,Trochus,genus,鐘螺屬,,
KL_BenthicInvertebrate_0000033,82268,t0031446,accepted,Animalia,Palaemon pacificus,Palaemon pacificus,species,太平洋長臂蝦,,
KL_BenthicInvertebrate_0000038,73522,t0029306,accepted,Animalia,Geograpsus crinipes,Geograpsus crinipes,species,毛足陸方蟹,,
KL_BenthicInvertebrate_0000049,66174,t0077045,accepted,Animalia,Calcinus laevimanus,Calcinus laevimanus,species,光掌硬殼寄居蟹,光掌硬指寄居蟹 | 光螯硬殼寄居蟹,
KL_BenthicInvertebrate_0000050,69902,t0061140,accepted,Animalia,Dardanus guttatus,Dardanus guttatus,species,線斑真寄居蟹,,
KL_BenthicInvertebrate_0000053,82392,t0082937,accepted,Animalia,Panulirus japonicus,Panulirus japonicus,species,日本龍蝦,,
KL_BenthicInvertebrate_0000056,84276,t0035945,accepted,Animalia,Plagusia immaculata,Plagusia immaculata,species,無斑斜紋蟹,,
KL_BenthicInvertebrate_0000070,287254,t0126171,accepted,Animalia,Anthopleura dixoniana,Anthopleura dixoniana,species,狄氏襟疣海葵,,
KL_BenthicInvertebrate_0000071,6007,t0009393,accepted,Animalia,Acropora,Acropora,genus,軸孔珊瑚屬,,
KL_BenthicInvertebrate_0000072,14051,t0022964,accepted,Animalia,Montipora,Montipora,genus,表孔珊瑚屬,,
KL_BenthicInvertebrate_0000074,77442,t0027537,accepted,Animalia,Lobophytum crassum,Lobophytum crassum,species,隔板葉形軟珊瑚,,
KL_BenthicInvertebrate_0000075,70236,t0030959,accepted,Animalia,Diadema savignyi,Diadema savignyi,species,沙氏冠海膽,,
KL_BenthicInvertebrate_0000076,70237,t0030960,accepted,Animalia,Diadema setosum,Diadema setosum,species,刺冠海膽,,
KL_BenthicInvertebrate_0000077,71149,t0028792,accepted,Animalia,Echinometra mathaei,Echinometra mathaei,species,梅氏長海膽,,
KL_BenthicInvertebrate_0000078,258089,t0078997,accepted,Animalia,Colobocentrotus mertensii,Colobocentrotus mertensii,species,默氏笠海膽,陣笠海膽,
KL_BenthicInvertebrate_0000079,88787,t0033079,accepted,Animalia,Stomopneustes variolaris,Stomopneustes variolaris,species,口鰓海膽,,
KL_BenthicInvertebrate_0000081,75004,t0029725,accepted,Animalia,Holothuria atra,Holothuria atra,species,黑海參,,
KL_BenthicInvertebrate_0000082,75005,t0065694,accepted,Animalia,Holothuria cinerascens,Holothuria cinerascens,species,黑赤星海參,黑刺星海參,
KL_BenthicInvertebrate_0000083,75010,t0065697,accepted,Animalia,Holothuria leucospilota,Holothuria leucospilota,species,蕩皮參,,
KL_BenthicInvertebrate_0000084,62261,t0070291,accepted,Animalia,Actinopyga echinites,Actinopyga echinites,species,棘輻肛參,,
KL_BenthicInvertebrate_0000085,62262,t0057564,accepted,Animalia,Actinopyga mauritiana,Actinopyga mauritiana,species,白底輻肛參,,
KL_BenthicInvertebrate_0000086,69261,t0030795,accepted,Animalia,Culcita novaeguineae,Culcita novaeguineae,species,麵包海星,,
KL_Fish_0000005,34491,t0096606,accepted,Animalia,Tylosurus crocodilus,Tylosurus crocodilus,species,鱷形叉尾鶴鱵,,
KL_Fish_0000007,11334,t0020319,accepted,Animalia,Gymnothorax,Gymnothorax,genus,裸胸鯙屬,,
KL_Fish_0000009,35370,t0056793,accepted,Animalia,Abudefduf bengalensis,Abudefduf bengalensis,species,孟加拉豆娘魚,,
KL_Fish_0000013,35371,t0056794,accepted,Animalia,Abudefduf notatus,Abudefduf notatus,species,黃尾豆娘魚,,
KL_Fish_0000014,35375,t0056798,accepted,Animalia,Abudefduf vaigiensis,Abudefduf vaigiensis,species,條紋豆娘魚,,
KL_Fish_0000012,35374,t0056797,accepted,Animalia,Abudefduf sordidus,Abudefduf sordidus,species,梭地豆娘魚,,
KL_Fish_0000020,35938,t0030479,accepted,Animalia,Chrysiptera brownriggii,Chrysiptera brownriggii,species,勃氏刻齒雀鯛,,
KL_Fish_0000024,35937,t0030478,accepted,Animalia,Chrysiptera biocellata,Chrysiptera biocellata,species,雙斑刻齒雀鯛,,
KL_Fish_0000039,36231,t0028915,accepted,Animalia,Entomacrodus striatus,Entomacrodus striatus,species,橫帶間頸鬚䲁,,
KL_Fish_0000042,35965,t0030550,accepted,Animalia,Cirrhitus pinnulatus,Cirrhitus pinnulatus,species,翼䱵,,
KL_Fish_0000056,29698,t0029374,accepted,Animalia,Gomphosus varius,Gomphosus varius,species,雜色尖嘴魚,,
KL_Fish_0000067,36853,t0027706,accepted,Animalia,Macropharyngodon meleagris,Macropharyngodon meleagris,species,珠斑大咽齒鯛,,
KL_Fish_0000074,33901,t0056378,accepted,Animalia,Stethojulis terina,Stethojulis terina,species,斷紋紫胸魚,,
KL_Fish_0000077,38008,t0033352,accepted,Animalia,Thalassoma trilobatum,Thalassoma trilobatum,species,三葉錦魚,,
KL_Fish_0000087,32919,t0055976,accepted,Animalia,Pseudolabrus sieboldi,Pseudolabrus sieboldi,species,西氏擬隆頭魚,,
KL_Fish_0000090,30842,t0051775,accepted,Animalia,Lutjanus stellatus,Lutjanus stellatus,species,白星笛鯛,星點笛鯛 | 花臉 | 紅魚 | 白點仔 | 黃翅仔,
KL_Fish_0000091,37174,t0031338,accepted,Animalia,Oplegnathus punctatus,Oplegnathus punctatus,species,斑石鯛,,
KL_Fish_0000092,37173,t0031337,accepted,Animalia,Oplegnathus fasciatus,Oplegnathus fasciatus,species,條石鯛,,
KL_Fish_0000094,35385,t0056808,accepted,Animalia,Acanthurus lineatus,Acanthurus lineatus,species,線紋刺尾鯛,,
KL_Fish_0000095,26276,t0049454,accepted,Animalia,Acanthurus olivaceus,Acanthurus olivaceus,species,一字刺尾鯛,,
KL_Fish_0000097,35392,t0056815,accepted,Animalia,Acanthurus triostegus,Acanthurus triostegus,species,綠刺尾鯛,,
KL_Fish_0000108,27782,t0050210,accepted,Animalia,Chaetodon ephippium,Chaetodon ephippium,species,鞍斑蝴蝶魚,,
KL_Fish_0000110,27769,t0030302,accepted,Animalia,Chaetodon auripes,Chaetodon auripes,species,耳帶蝴蝶魚,,
KL_Fish_0000111,27768,t0030301,accepted,Animalia,Chaetodon auriga,Chaetodon auriga,species,揚旛蝴蝶魚,,
KL_Fish_0000118,27795,t0030309,accepted,Animalia,Chaetodon melannotus,Chaetodon melannotus,species,黑背蝴蝶魚,,
KL_Fish_0000128,27597,t0030146,accepted,Animalia,Caranx sexfasciatus,Caranx sexfasciatus,species,六帶鰺,,
KL_Fish_0000133,37483,t0032062,accepted,Animalia,Pomacanthus imperator,Pomacanthus imperator,species,條紋蓋刺魚,,
KL_Fish_0000135,36304,t0029040,accepted,Animalia,Etrumeus micropus,Etrumeus micropus,species,小鱗脂眼鯡,,
KL_Fish_0000137,10300,t0019312,accepted,Animalia,Epinephelus,Epinephelus,genus,石斑魚屬,混種石斑魚屬,
KL_Fish_0000142,36728,t0027266,accepted,Animalia,Kyphosus vaigiensis,Kyphosus vaigiensis,species,低鰭舵魚,,
KL_Fish_0000157,36722,t0027250,accepted,Animalia,Kuhlia mugil,Kuhlia mugil,species,鯔形湯鯉,,
KL_Fish_0000162,17799,t0016248,accepted,Animalia,Scorpaenopsis,Scorpaenopsis,genus,擬鮋屬,,
KL_Fish_0000166,35637,t0057039,accepted,Animalia,Bathygobius cocosensis,Bathygobius cocosensis,species,椰子深鰕虎,,
KL_Fish_0000194,107042,t0031390,accepted,Animalia,Ostracion cubicum,Ostracion cubicum,species,粒突箱魨,,
KL_Insect_0000003,35243,t0032167,accepted,Animalia,Prosotas nora formosana,Prosotas nora formosana,subspecies,波灰蝶,,
KL_Insect_0000010,34952,t0084784,accepted,Animalia,Euploea eunice hobsoni,Euploea eunice hobsoni,subspecies,圓翅紫斑蝶,,
KL_Insect_0000019,35193,t0084947,accepted,Animalia,Papilio protenor protenor,Papilio protenor protenor,subspecies,黑鳳蝶,,
KL_Insect_0000047,75755,t0027133,accepted,Animalia,Ischnura asiatica,Ischnura asiatica,species,亞東細蟌,,
KL_Insect_0000056,61902,t0057527,accepted,Animalia,Acanthocoris scaber,Acanthocoris scaber,species,瘤緣蝽,,
KL_Insect_0000109,88788,t0033080,accepted,Animalia,Stomorhina discolor,Stomorhina discolor,species,黑色錐口蠅,,
KL_Plant_0000091,23446,t0054735,accepted,Plantae,Pemphis acidula,Pemphis acidula,species,水芫花,,
KL_Cetacean_0000005,85595,t0037124,accepted,Animalia,Pseudorca crassidens,Pseudorca crassidens,species,偽虎鯨,,
KL_Cetacean_0000004,69991,t0061221,accepted,Animalia,Delphinus capensis,Delphinus capensis,species,長吻真海豚,,
KL_Insect_0000011,35039,t0084837,accepted,Animalia,Kaniska canace drilon,Kaniska canace drilon,subspecies,琉璃蛺蝶,,
KL_Insect_0000132,33852,t0033019,accepted,Animalia,Stathmopoda auriferella,Stathmopoda auriferella,species,展足蛾,,
KL_Insect_0000024,31656,t0052124,accepted,Animalia,Nomophila noctuella,Nomophila noctuella,species,麥牧野螟,,
KL_Insect_0000025,28574,t0050601,accepted,Animalia,Diasemia accalis,Diasemia accalis,species,褐紋翅野螟蛾,,
KL_Insect_0000133,4331,t0006255,accepted,Animalia,Largidae,Largidae,family,大紅蝽科,,
KL_Insect_0000134,3693,t0005628,accepted,Animalia,Chrysopidae,Chrysopidae,family,草蛉科,,
KL_Insect_0000084,83087,t0031655,accepted,Animalia,Patanga succincta,Patanga succincta,species,條背土蝗,,
KL_Cetacean_0000003,9454,t0018482,accepted,Animalia,Delphinus,Delphinus,genus,真海豚屬,海豚屬,
KL_Insect_0000030,19605,t0018005,accepted,Animalia,Utetheisa,Utetheisa,genus,星燈蛾屬,The vernacularName is based on https://dearlep.tw,
KL_Insect_0000031,30255,t0051499,accepted,Animalia,Hypocala subsatura,Hypocala subsatura,species,苹梢鷹裳蛾,,
KL_Insect_0000032,31872,t0052239,accepted,Animalia,Oraesia emarginata,Oraesia emarginata,species,鳥嘴壺裳蛾,,
KL_Insect_0000026,37969,t0033250,accepted,Animalia,Talanga sexpunctalis,Talanga sexpunctalis,species,緗帶野螟,,
KL_Insect_0000027,268693,t0098533,accepted,Animalia,Purpurata plagiatalis,Purpurata plagiatalis,species,扇野螟蛾,馬鞍藤紫扇野螟蛾,
KL_Insect_0000136,4093,t0006020,accepted,Animalia,Geometridae,Geometridae,family,尺蛾科,,
KL_Insect_0000138,12217,t0021178,accepted,Animalia,Ischiodon,Ischiodon,genus,短刺蚜蠅屬,尾蚜蠅屬,
KL_Insect_0000140,5218,t0004722,accepted,Animalia,Staphylinidae,Staphylinidae,family,隱翅蟲科,,
KL_Insect_0000141,5294,t0004796,accepted,Animalia,Tenebrionidae,Tenebrionidae,family,擬步行蟲科,,
KL_Insect_0000142,3735,t0005668,accepted,Animalia,Coccinellidae,Coccinellidae,family,瓢蟲科,,
KL_Insect_0000143,3723,t0005656,accepted,Animalia,Cleridae,Cleridae,family,郭公蟲科,,
KL_Insect_0000099,66759,t0077570,accepted,Animalia,Cassida circumdata,Cassida circumdata,species,甘藷龜金花蟲,,
KL_Insect_0000147,137195,t0093387,accepted,Animalia,Pleuroptya,Pleuroptya,genus,紫斑野螟属,"The vernacularName is based on Yongkang Li, Mujie Qi, Shulian Hao (2025) Annual report of new taxa for Chinese Lepidoptera in 2024. Biodiversity Science, 33, 25307. DOI: 10.17520/biods.2025307",
KL_Insect_0000148,3996,t0005925,accepted,Animalia,Erebidae,Erebidae,family,裳蛾科,,
KL_Insect_0000118,89540,t0046792,accepted,Animalia,Tapinoma melanocephalum,Tapinoma melanocephalum,species,黑頭慌蟻,黑頭慌琉璃蟻,
KL_Insect_0000119,83577,t0083976,accepted,Animalia,Pheidole fervens,Pheidole fervens,species,熱烈大頭家蟻,,
KL_Insect_0000120,66622,t0077450,accepted,Animalia,Cardiocondyla kagutsuchi,Cardiocondyla kagutsuchi,species,迦具土瘤突家蟻,,
KL_Insect_0000121,66623,t0077451,accepted,Animalia,Cardiocondyla minutior,Cardiocondyla minutior,species,小瘤突家蟻,,
KL_Insect_0000122,79590,t0080440,accepted,Animalia,Monomorium chinense,Monomorium chinense,species,中華單家蟻,,
KL_Insect_0000124,298339,t0132389,accepted,Animalia,Nylanderia ryukyuensis,Nylanderia ryukyuensis,species,琉球尼蘭德山蟻,,
KL_Insect_0000125,66433,t0077283,accepted,Animalia,Camponotus albosparsus,Camponotus albosparsus,species,白疏巨山蟻,,
KL_Insect_0000126,81256,t0081925,accepted,Animalia,Ochetellus glaber,Ochetellus glaber,species,光滑管琉璃蟻,,
KL_Insect_0000150,64818,t0072571,accepted,Animalia,Atractomorpha sinensis,Atractomorpha sinensis,species,紅后負蝗,中華負蝗 | 臺灣負蝗 | 中華短額負蝗 | 短額負蝗 | 台灣負蝗,
KL_Insect_0000090,15071,t0013578,accepted,Animalia,Ornebius,Ornebius,genus,奧蟋屬,,
KL_Insect_0000059,58250,t0098109,accepted,Animalia,Nysius ericae,Nysius ericae,species,小長蝽象,小長椿象,
KL_Insect_0000065,89566,t0033271,accepted,Animalia,Taylorilygus apicalis,Taylorilygus apicalis,species,泛泰盲蝽,泛泰盲椿象,
KL_Insect_0000066,90828,t0047926,accepted,Animalia,Trigonotylus tenuis,Trigonotylus tenuis,species,小赤鬚盲蝽,,
KL_Insect_0000155,285569,t0126444,accepted,Animalia,Asopinae,Asopinae,subfamily,益蝽亞科,,
KL_Insect_0000062,287191,t0135469,accepted,Animalia,Telocoris,Telocoris,genus,地長蝽,,
KL_Insect_0000078,7537,t0006923,accepted,Animalia,Blattella,Blattella,genus,姬蠊屬,,
KL_Insect_0000158,4352,t0003994,accepted,Animalia,Lepismatidae,Lepismatidae,family,衣魚科,,
KL_Insect_0000130,7366,t0010734,accepted,Animalia,Bassus,Bassus,genus,閉腔繭蜂屬,The vernacularName is based on https://www.inaturalist.org/zh-CN/taxa/250255-Bassus,
KL_Insect_0000123,89888,t0047090,accepted,Animalia,Tetramorium bicarinatum,Tetramorium bicarinatum,species,雙脊皺家蟻,,
KL_Insect_0000063,285571,t0130036,accepted,Animalia,Geotomus,Geotomus,genus,地土蝽屬,,
KL_Insect_0000064,84121,t0084445,accepted,Animalia,Pilophorus typicus,Pilophorus typicus,species,泛束盲蝽,泛束盲椿象,
KL_Insect_0000154,87294,t0038630,accepted,Animalia,Scotinophara scottii,Scotinophara scottii,species,短刺黑蝽,短刺黑椿象,
KL_Avian_0000060,88684,t0033056,accepted,Animalia,Stercorarius parasiticus,Stercorarius parasiticus,species,短尾賊鷗,,
KL_Avian_0000243,58808,t0098476,accepted,Animalia,Phylloscopus borealis,Phylloscopus borealis,species,極北柳鶯,,
KL_Fish_0000165,35458,t0056874,accepted,Animalia,Amblyeleotris wheeleri,Amblyeleotris wheeleri,species,威氏鈍塘鱧,威氏鈍鯊 | 紅紋鈍塘鱧,
KL_Fish_0000044,26649,t0049677,accepted,Animalia,Anampses caeruleopunctatus,Anampses caeruleopunctatus,species,青斑阿南魚,,
KL_Fish_0000185,35618,t0057020,accepted,Animalia,Balistoides viridescens,Balistoides viridescens,species,褐擬鱗魨,,
KL_Fish_0000127,35787,t0030134,accepted,Animalia,Carangoides coeruleopinnatus,Carangoides coeruleopinnatus,species,青羽若鰺,,
KL_Fish_0000122,27772,t0050208,accepted,Animalia,Chaetodon bennetti,Chaetodon bennetti,species,本氏蝴蝶魚,,
KL_Fish_0000115,27819,t0050218,accepted,Animalia,Chaetodon speculum,Chaetodon speculum,species,鏡斑蝴蝶魚,,
KL_Fish_0000121,27822,t0050219,accepted,Animalia,Chaetodon trifascialis,Chaetodon trifascialis,species,川紋蝴蝶魚,,
KL_Fish_0000048,35871,t0030362,accepted,Animalia,Cheilio inermis,Cheilio inermis,species,管唇魚,,
KL_Fish_0000150,27882,t0050245,accepted,Animalia,Cheilodactylus zonatus,Cheilodactylus zonatus,species,花尾唇指䱵,,
KL_Fish_0000025,35945,t0030485,accepted,Animalia,Chrysiptera unimaculata,Chrysiptera unimaculata,species,無斑刻齒雀鯛,,
KL_Fish_0000054,28234,t0030699,accepted,Animalia,Coris aygula,Coris aygula,species,紅喉盔魚,,
KL_Fish_0000130,36092,t0030912,accepted,Animalia,Decapterus macarellus,Decapterus macarellus,species,頜圓鰺,,
KL_Fish_0000060,11391,t0020376,accepted,Animalia,Halichoeres,Halichoeres,genus,海豬魚屬,,
KL_Fish_0000156,32190,t0052415,accepted,Animalia,Parapercis clathrata,Parapercis clathrata,species,四斑擬鱸,,
KL_Fish_0000031,32743,t0055882,accepted,Animalia,Pomacentrus bankanensis,Pomacentrus bankanensis,species,班卡雀鯛,,
KL_Fish_0000247,33770,t0032980,accepted,Animalia,Sphyraena flavicauda,Sphyraena flavicauda,species,黃尾金梭魚,,
KL_Fish_0000034,37893,t0033032,accepted,Animalia,Stegastes obreptus,Stegastes obreptus,species,斑棘高身雀鯛,,
KL_Fish_0000191,37918,t0033125,accepted,Animalia,Sufflamen chrysopterum,Sufflamen chrysopterum,species,金鰭鼓氣鱗魨,,
KL_Fish_0000149,34520,t0056685,accepted,Animalia,Upeneus tragula,Upeneus tragula,species,黑斑緋鯉,,
KL_Fish_0000106,38154,t0028594,accepted,Animalia,Zebrasoma velifer,Zebrasoma velifer,species,橫帶高鰭刺尾鯛,,
KL_Fish_0000011,35372,t0056795,accepted,Animalia,Abudefduf septemfasciatus,Abudefduf septemfasciatus,species,七帶豆娘魚,,
KL_Fish_0000206,3592,t0005531,accepted,Animalia,Carangidae,Carangidae,family,鰺科,,
KL_Fish_0000010,35373,t0056796,accepted,Animalia,Abudefduf sexfasciatus,Abudefduf sexfasciatus,species,六線豆娘魚,,
KL_Fish_0000109,35854,t0030307,accepted,Animalia,Chaetodon lunula,Chaetodon lunula,species,月斑蝴蝶魚,,
KL_Fish_0000046,35869,t0030357,accepted,Animalia,Cheilinus chlorourus,Cheilinus chlorourus,species,綠尾唇魚,,
KL_Fish_0000053,36010,t0030702,accepted,Animalia,Coris gaimard,Coris gaimard,species,蓋馬氏盔魚,,
KL_Fish_0000059,36490,t0029491,accepted,Animalia,Halichoeres hortulanus,Halichoeres hortulanus,species,雲斑海豬魚,,
KL_Fish_0000141,36727,t0027265,accepted,Animalia,Kyphosus cinerascens,Kyphosus cinerascens,species,天竺舵魚,,
KL_Fish_0000085,37223,t0031408,accepted,Animalia,Oxycheilinus bimaculatus,Oxycheilinus bimaculatus,species,雙斑尖唇魚,,
KL_Fish_0000084,37227,t0031412,accepted,Animalia,Oxycheilinus unifasciatus,Oxycheilinus unifasciatus,species,單帶尖唇魚,,
KL_Fish_0000030,37453,t0031994,accepted,Animalia,Plectroglyphidodon dickii,Plectroglyphidodon dickii,species,迪克氏固曲齒鯛,,
KL_Fish_0000029,37456,t0031997,accepted,Animalia,Plectroglyphidodon leucozonus,Plectroglyphidodon leucozonus,species,白帶固曲齒鯛,,
KL_Fish_0000209,4938,t0004449,accepted,Animalia,Pomacanthidae,Pomacanthidae,family,蓋刺魚科,,
KL_Fish_0000086,37601,t0032328,accepted,Animalia,Pteragogus enneacanthus,Pteragogus enneacanthus,species,九棘長鰭鸚鯛,,
KL_Fish_0000146,37817,t0032829,accepted,Animalia,Siganus fuscescens,Siganus fuscescens,species,褐臭肚魚,,
KL_Fish_0000143,37865,t0032979,accepted,Animalia,Sphyraena barracuda,Sphyraena barracuda,species,巴拉金梭魚,,
KL_Fish_0000033,263941,t0033026,accepted,Animalia,Plectroglyphidodon altus,Plectroglyphidodon altus,species,背斑高身雀鯛,,
KL_Fish_0000089,18971,t0017390,accepted,Animalia,Thalassoma,Thalassoma,genus,錦魚屬,,
KL_Fish_0000075,38000,t0033345,accepted,Animalia,Thalassoma amblycephalum,Thalassoma amblycephalum,species,鈍頭錦魚,,
KL_Fish_0000078,38002,t0033347,accepted,Animalia,Thalassoma hardwicke,Thalassoma hardwicke,species,哈氏錦魚,,
KL_Fish_0000079,38003,t0033348,accepted,Animalia,Thalassoma jansenii,Thalassoma jansenii,species,詹氏錦魚,,
KL_Fish_0000076,38004,t0033349,accepted,Animalia,Thalassoma lunare,Thalassoma lunare,species,新月錦魚,,
KL_Fish_0000003,19499,t0017901,accepted,Animalia,Tylosurus,Tylosurus,genus,圓頜針魚屬,叉尾鶴鱵屬,
KL_Insect_0000127,88979,t0040105,accepted,Animalia,Strumigenys membranifera,Strumigenys membranifera,species,節膜瘤顎家蟻,節膜角瘤家蟻,
KL_Insect_0000128,12041,t0021005,accepted,Animalia,Hypoponera,Hypoponera,genus,姬針蟻屬,,
KL_Insect_0000160,3782,t0005713,accepted,Animalia,Crambidae,Crambidae,family,草螟科,草螟蛾科,
KL_Insect_0000161,3699,t0005633,accepted,Animalia,Cicadellidae,Cicadellidae,family,葉蟬科,,
KL_Insect_0000162,7651,t0011014,accepted,Animalia,Brachymeria,Brachymeria,genus,大腿小蜂屬,,
KL_Insect_0000116,8233,t0011575,accepted,Animalia,Ceratina,Ceratina,genus,蘆蜂,,
KL_Insect_0000164,4036,t0005964,accepted,Animalia,Eurytomidae,Eurytomidae,family,廣肩小蜂科,,
KL_Insect_0000165,3514,t0005457,accepted,Animalia,Braconidae,Braconidae,family,小繭蜂科,,
KL_Insect_0000166,9518,t0018545,accepted,Animalia,Dermestes,Dermestes,genus,鰹節蟲屬,,
KL_Reptile_0000002,76423,t0066916,accepted,Animalia,Laticauda semifasciata,Laticauda semifasciata,species,闊帶青斑海蛇,,
KL_Reptile_0000003,70181,t0061401,accepted,Animalia,Dermochelys coriacea,Dermochelys coriacea,species,革龜,,
KL_Avian_0000003,78251,t0068483,accepted,Animalia,Mareca penelope,Mareca penelope,species,赤頸鴨,,
KL_Cetacean_0000002,91214,t0028415,accepted,Animalia,Tursiops truncatus,Tursiops truncatus,species,真瓶鼻海豚,,
KL_Cetacean_0000006,5558,t0001757,accepted,Animalia,Cetacea,Cetacea,order,未知鯨豚,鯨目,
KL_Insect_0000167,3369,t0005316,accepted,Animalia,Aphididae,Aphididae,family,常蚜科,蚜蟲,
KL_Insect_0000041,17796,t0016245,accepted,Animalia,Scopula,Scopula,genus,岩尺蛾屬,,
KL_Insect_0000113,75735,t0027126,accepted,Animalia,Ischiodon scutellaris,Ischiodon scutellaris,species,短刺蚜蠅,,
KL_Insect_0000169,4574,t0006487,accepted,Animalia,Muscidae,Muscidae,family,家蠅科,,
KL_Insect_0000170,3811,t0005742,accepted,Animalia,Curculionidae,Curculionidae,family,象鼻蟲科,,
KL_Insect_0000171,3807,t0005738,accepted,Animalia,Culicidae,Culicidae,family,蚊科,,
KL_Insect_0000172,4144,t0006071,accepted,Animalia,Gryllidae,Gryllidae,family,蟋蟀科,,
KL_Insect_0000173,16023,t0014509,accepted,Animalia,Pheidole,Pheidole,genus,大頭家蟻屬,,
KL_Insect_0000174,3853,t0005783,accepted,Animalia,Deltocephalidae,Deltocephalidae,family,角頂葉蟬科,,
KL_Insect_0000175,4873,t0004388,accepted,Animalia,Pipunculidae,Pipunculidae,family,頭蠅科,,
KL_Insect_0000176,3542,t0005483,accepted,Animalia,Caeciliusidae,Caeciliusidae,family,毛嚙蟲科,,
KL_Insect_0000177,3630,t0005568,accepted,Animalia,Ceratopogonidae,Ceratopogonidae,family,蠓科,,
KL_Insect_0000178,3682,t0005618,accepted,Animalia,Chloropidae,Chloropidae,family,稈蠅科,,
KL_Insect_0000179,3293,t0005243,accepted,Animalia,Agromyzidae,Agromyzidae,family,潛蠅科,,
KL_Insect_0000112,70514,t0031052,accepted,Animalia,Dioxyna sororcula,Dioxyna sororcula,species,長鞘寬頭實蠅,,
KL_Insect_0000180,4462,t0006377,accepted,Animalia,Malachiidae,Malachiidae,family,耀夜螢科,,
KL_Avian_0000237,3253,t0005203,accepted,Animalia,Accipitridae,Accipitridae,family,鷹科,,
KL_Avian_0000238,3397,t0005343,accepted,Animalia,Ardeidae,Ardeidae,family,鷺科,,
KL_Avian_0000239,148445,t0101679,accepted,Animalia,Sterninae,Sterninae,subfamily,燕鷗亞科,,
KL_Fish_0000193,35446,t0056862,accepted,Animalia,Aluterus scriptus,Aluterus scriptus,species,長尾革單棘魨,,
KL_Fish_0000200,3455,t0005400,accepted,Animalia,Balistidae,Balistidae,family,鱗魨科,,
KL_Fish_0000126,35795,t0030143,accepted,Animalia,Carangoides orthogrammus,Carangoides orthogrammus,species,直線若鰺,,
KL_Fish_0000201,287193,t0135607,accepted,Animalia,Tilapia,Tilapia,genus,光鰓雀,,
KL_Fish_0000019,27981,t0050300,accepted,Animalia,Chromis albicauda,Chromis albicauda,species,白尾光鰓雀鯛,,
KL_Fish_0000202,36205,t0028878,accepted,Animalia,Enchelycore pardalis,Enchelycore pardalis,species,豹紋勾吻鯙,,
KL_Fish_0000212,4552,t0006465,accepted,Animalia,Monacanthidae,Monacanthidae,family,單棘魨科,,
KL_Fish_0000102,37033,t0057146,accepted,Animalia,Naso brevirostris,Naso brevirostris,species,短吻鼻魚,,
KL_Fish_0000104,37035,t0028231,accepted,Animalia,Naso lituratus,Naso lituratus,species,黑背鼻魚,,
KL_Fish_0000198,37428,t0031953,accepted,Animalia,Platax orbicularis,Platax orbicularis,species,圓眼燕魚,,
KL_Fish_0000004,35369,t0056792,accepted,Animalia,Ablennes hians,Ablennes hians,species,扁鶴鱵,,
KL_Fish_0000186,35616,t0057018,accepted,Animalia,Balistapus undulatus,Balistapus undulatus,species,波紋鉤鱗魨,波紋鈎鱗魨 | 黃帶砲彈| 鉤板機魨,
KL_Fish_0000047,35761,t0030087,accepted,Animalia,Calotomus japonicus,Calotomus japonicus,species,日本鸚鯉,,
KL_Fish_0000129,27591,t0050136,accepted,Animalia,Caranx melampygus,Caranx melampygus,species,藍鰭鰺,,
KL_Fish_0000050,35914,t0030441,accepted,Animalia,Chlorurus sordidus,Chlorurus sordidus,species,藍頭綠鸚哥魚,,
KL_Fish_0000027,35943,t0030483,accepted,Animalia,Chrysiptera starcki,Chrysiptera starcki,species,史氏刻齒雀鯛,,
KL_Fish_0000051,36009,t0030701,accepted,Animalia,Coris caudimacula,Coris caudimacula,species,尾斑盔魚,,
KL_Fish_0000100,36035,t0030777,accepted,Animalia,Ctenochaetus striatus,Ctenochaetus striatus,species,漣紋櫛齒刺尾鯛,,
KL_Fish_0000145,36450,t0029427,accepted,Animalia,Gymnosarda unicolor,Gymnosarda unicolor,species,裸鰆,,
KL_Fish_0000125,29925,t0029620,accepted,Animalia,Heniochus chrysostomus,Heniochus chrysostomus,species,三帶立旗鯛,,
KL_Fish_0000065,36731,t0027271,accepted,Animalia,Labrichthys unilineatus,Labrichthys unilineatus,species,單線突唇魚,,
KL_Fish_0000148,36995,t0028122,accepted,Animalia,Mulloidichthys vanicolensis,Mulloidichthys vanicolensis,species,金帶擬鬚鯛,,
KL_Fish_0000101,37031,t0028228,accepted,Animalia,Naso annulatus,Naso annulatus,species,環紋鼻魚,,
KL_Fish_0000041,37269,t0031497,accepted,Animalia,Paracirrhites forsteri,Paracirrhites forsteri,species,福氏副䱵,,
KL_Fish_0000072,17692,t0016141,accepted,Animalia,Scarus,Scarus,genus,鸚哥魚屬,,
KL_Fish_0000069,33338,t0032656,accepted,Animalia,Scarus ghobban,Scarus ghobban,species,藍點鸚哥魚,,
KL_Fish_0000071,33354,t0056168,accepted,Animalia,Scarus rubroviolaceus,Scarus rubroviolaceus,species,紅紫鸚哥魚,,
KL_Fish_0000161,37784,t0032733,accepted,Animalia,Scorpaenopsis cirrosa,Scorpaenopsis cirrosa,species,鬚擬鮋,,
KL_Fish_0000107,38153,t0028593,accepted,Animalia,Zebrasoma scopas,Zebrasoma scopas,species,小高鰭刺尾鯛,,
KL_Fish_0000001,36868,t0028061,accepted,Animalia,Manta birostris,Manta birostris,species,雙吻前口蝠鱝,,
KL_Fish_0000116,27778,t0030303,accepted,Animalia,Chaetodon citrinellus,Chaetodon citrinellus,species,胡麻斑蝴蝶魚,,
KL_Fish_0000119,27826,t0050220,accepted,Animalia,Chaetodon unimaculatus,Chaetodon unimaculatus,species,一點蝴蝶魚,,
KL_Fish_0000120,27827,t0050221,accepted,Animalia,Chaetodon vagabundus,Chaetodon vagabundus,species,飄浮蝴蝶魚,,
KL_Fish_0000017,35932,t0030470,accepted,Animalia,Chromis ternatensis,Chromis ternatensis,species,三葉光鰓雀鯛,,
KL_Fish_0000037,35966,t0030551,accepted,Animalia,Cirripectes castaneus,Cirripectes castaneus,species,頰紋頸鬚鳚,,
KL_Fish_0000061,36501,t0029503,accepted,Animalia,Halichoeres trimaculatus,Halichoeres trimaculatus,species,三斑海豬魚,,
KL_Fish_0000158,263980,t0056002,accepted,Animalia,Pteropterus paucispinula,Pteropterus paucispinula,species,少棘簑鮋,,
KL_Fish_0000070,33345,t0032659,accepted,Animalia,Scarus niger,Scarus niger,species,黑鸚哥魚,,
KL_Fish_0000035,37890,t0033029,accepted,Animalia,Stegastes fasciolatus,Stegastes fasciolatus,species,藍紋高身雀鯛,,
KL_Fish_0000073,37902,t0033065,accepted,Animalia,Stethojulis strigiventer,Stethojulis strigiventer,species,虹紋紫胸魚,虹紋鸚鯛 | 柳冷仔 | 虹紋龍 | 汕冷仔,
KL_Fish_0000189,37917,t0033124,accepted,Animalia,Sufflamen bursa,Sufflamen bursa,species,頸帶鼓氣鱗魨,,
KL_Fish_0000081,38001,t0033346,accepted,Animalia,Thalassoma cupido,Thalassoma cupido,species,環帶錦魚,,
KL_Insect_0000114,62913,t0057621,accepted,Animalia,Allograpta javana,Allograpta javana,species,爪哇蚜蠅,,
KL_Insect_0000182,5595,t0001831,accepted,Animalia,Diptera,Diptera,order,雙翅目,,
KL_Insect_0000186,9592,t0018616,accepted,Animalia,Diasemia,Diasemia,genus,草螟蛾,,
KL_Insect_0000097,8305,t0011644,accepted,Animalia,Chaetocnema,Chaetocnema,genus,凹脛葉蚤屬,,
KL_Insect_0000107,11248,t0020235,accepted,Animalia,Gonocephalum,Gonocephalum,genus,潛砂蟲屬,,
KL_Insect_0000190,3583,t0005523,accepted,Animalia,Cantharidae,Cantharidae,family,菊虎科,,
KL_Insect_0000191,,,invalid,Animalia,Scymninae,Scymninae,subfamily,小毛瓢蟲亞科,,
KL_Insect_0000192,5029,t0004539,accepted,Animalia,Pyralidae,Pyralidae,family,螟蛾科,,
KL_Insect_0000193,9538,t0018565,accepted,Animalia,Deudorix,Deudorix,genus,玳灰蝶屬,,
KL_Insect_0000194,3915,t0005845,accepted,Animalia,Dolichopodidae,Dolichopodidae,family,長足虻科,,
KL_Insect_0000195,4338,t0006262,accepted,Animalia,Lauxaniidae,Lauxaniidae,family,縞蠅科,,
KL_Insect_0000111,16504,t0014978,accepted,Animalia,Pollenia,Pollenia,genus,粉蠅屬,,
KL_Insect_0000197,3983,t0005912,accepted,Animalia,Ephydridae,Ephydridae,family,水蠅科,,
KL_Insect_0000198,4024,t0005952,accepted,Animalia,Eulophidae,Eulophidae,family,姬小蜂科,釉小蜂科,
KL_Insect_0000199,,,invalid,Animalia,Campopleginae,Campopleginae,subfamily,縫姬蜂亞科,,
KL_Insect_0000200,,,invalid,Animalia,Cremastinae,Cremastinae,subfamily,分距姬蜂亞科,,
KL_Insect_0000201,3644,t0005581,accepted,Animalia,Chalcididae,Chalcididae,family,小蜂科,,
KL_Insect_0000202,4062,t0005989,accepted,Animalia,Formicidae,Formicidae,family,蟻科,,
KL_Insect_0000067,9067,t0012393,accepted,Animalia,Creontiades,Creontiades,genus,淡盲蝽屬,,
KL_Insect_0000068,19520,t0017921,accepted,Animalia,Tytthus,Tytthus,genus,淡翅盲蝽屬,,
KL_Insect_0000069,17833,t0006933,accepted,Animalia,Sejanus,Sejanus,genus,楔盲蝽屬,,
KL_Insect_0000206,4540,t0006453,accepted,Animalia,Miridae,Miridae,family,盲蝽科,,
KL_Insect_0000061,85548,t0032286,accepted,Animalia,Pseudopachybrachius guttus,Pseudopachybrachius guttus,species,圓眼長蝽,,
KL_Insect_0000207,14766,t0013276,accepted,Animalia,Nysius,Nysius,genus,小長蝽屬,,
KL_Insect_0000070,15067,t0013575,accepted,Animalia,Orius,Orius,genus,小花蝽屬,,
KL_Insect_0000209,5410,t0004909,accepted,Animalia,Tropiduchidae,Tropiduchidae,family,軍配飛蝨科,,
KL_BenthicInvertebrate_0000096,4571,t0006484,accepted,Animalia,Muricidae,Muricidae,family,骨螺科,,
KL_BenthicInvertebrate_0000097,10395,t0019405,accepted,Animalia,Eriphia,Eriphia,genus,酋蟹屬,,
KL_BenthicInvertebrate_0000098,11295,t0020282,accepted,Animalia,Grapsus,Grapsus,genus,方蟹屬,,
KL_BenthicInvertebrate_0000099,12745,t0021689,accepted,Animalia,Leptodius,Leptodius,genus,皺蟹屬,,
KL_BenthicInvertebrate_0000069,12855,t0021798,accepted,Animalia,Ligia,Ligia,genus,海蟑螂屬,,
KL_BenthicInvertebrate_0000032,13463,t0022389,accepted,Animalia,Megabalanus,Megabalanus,genus,巨藤壺屬,,
KL_BenthicInvertebrate_0000089,14982,t0013492,accepted,Animalia,Ophiocoma,Ophiocoma,genus,櫛蛇尾屬,,
KL_BenthicInvertebrate_0000100,4728,t0004247,accepted,Animalia,Ostreidae,Ostreidae,family,牡蠣科,,
KL_Fish_0000203,3249,t0005199,accepted,Animalia,Acanthuridae,Acanthuridae,family,刺尾鯛科,,
KL_Fish_0000093,26271,t0049451,accepted,Animalia,Acanthurus dussumieri,Acanthurus dussumieri,species,杜氏刺尾鯛,,
KL_Fish_0000136,35844,t0030261,accepted,Animalia,Cephalopholis urodeta,Cephalopholis urodeta,species,尾紋九刺鮨,,
KL_Fish_0000123,27808,t0050213,accepted,Animalia,Chaetodon plebeius,Chaetodon plebeius,species,藍斑蝴蝶魚,,
KL_Fish_0000190,37919,t0033126,accepted,Animalia,Sufflamen fraenatum,Sufflamen fraenatum,species,黃紋鼓氣鱗魨,,
KL_Insect_0000071,8997,t0012324,accepted,Animalia,Corythucha,Corythucha,genus,方翅網蝽屬,,
KL_Insect_0000110,8559,t0011895,accepted,Animalia,Chrysomya,Chrysomya,genus,金蠅屬,,
KL_Insect_0000213,4269,t0006194,accepted,Animalia,Ichneumonidae,Ichneumonidae,family,姬蜂科,,
KL_Insect_0000214,31873,t0052240,accepted,Animalia,Oraesia excavata,Oraesia excavata,species,鳥嘴壺夜蛾,,
KL_Insect_0000060,92973,t0085702,accepted,Animalia,Geocoris pallidipennis scissilis,Geocoris pallidipennis scissilis,subspecies,大眼長蝽,大眼長椿象,
KL_Insect_0000093,245703,t0106079,accepted,Animalia,Myrmecophilus,Myrmecophilus,genus,蟻蟋屬,,
KL_Insect_0000092,68534,t0030676,accepted,Animalia,Conocephalus maculatus,Conocephalus maculatus,species,褐背細斯,,
KL_Reptile_0000004,67358,t0030385,accepted,Animalia,Chelonia mydas,Chelonia mydas,species,綠蠵龜,,
KL_Avian_0000167,60811,t0102332,accepted,Animalia,Zosterops japonicus,Zosterops japonicus,species,日菲繡眼,,
KL_BenthicInvertebrate_0000003,90779,t0047883,accepted,Animalia,Tridacna crocea,Tridacna crocea,species,圓硨磲,圓硨磲蛤,
KL_BenthicInvertebrate_0000005,5211,t0004715,accepted,Animalia,Spondylidae,Spondylidae,family,海菊蛤科,,
KL_BenthicInvertebrate_0000009,83919,t0084272,accepted,Animalia,Phyllidiopsis xishaensis,Phyllidiopsis xishaensis,species,縱紋葉海蛞蝓,,
KL_BenthicInvertebrate_0000010,83903,t0031865,accepted,Animalia,Phyllidia varicosa,Phyllidia varicosa,species,葉海蛞蝓,腫紋葉海牛 | 腫紋葉海蛞蝓 | 葉海麒麟 | 多變葉海蛞蝓,
KL_BenthicInvertebrate_0000011,83909,t0031867,accepted,Animalia,Phyllidiella pustulosa,Phyllidiella pustulosa,species,突丘葉海蛞蝓,突丘葉海牛,
KL_BenthicInvertebrate_0000014,78360,t0027802,accepted,Animalia,Mauritia arabica,Mauritia arabica,species,阿拉伯寶螺,,
KL_BenthicInvertebrate_0000015,69715,t0080184,accepted,Animalia,Cypraea tigris,Cypraea tigris,species,黑星寶螺,,
KL_BenthicInvertebrate_0000031,66396,t0030089,accepted,Animalia,Calpurnus verrucosus,Calpurnus verrucosus,species,玉兔螺,,
KL_BenthicInvertebrate_0000095,3753,t0005685,accepted,Animalia,Conidae,Conidae,family,芋螺科,,
KL_BenthicInvertebrate_0000073,285469,t0125383,accepted,Animalia,Palythoa mutuki,Palythoa mutuki,species,沙群海葵,睦月瘤砂葵,
KL_BenthicInvertebrate_0000080,90922,t0028360,accepted,Animalia,Tripneustes gratilla,Tripneustes gratilla,species,白棘三列海膽,,
KL_BenthicInvertebrate_0000087,71122,t0028788,accepted,Animalia,Echinaster luzonicus,Echinaster luzonicus,species,呂宋棘海星,,
KL_BenthicInvertebrate_0000088,77138,t0027469,accepted,Animalia,Linckia laevigata,Linckia laevigata,species,藍指海星,,
KL_BenthicInvertebrate_0000090,68450,t0079040,accepted,Animalia,Comanthina schlegeli,Comanthina schlegeli,species,許氏大羽花,,
KL_BenthicInvertebrate_0000091,88296,t0033002,accepted,Animalia,Spirobranchus giganteus,Spirobranchus giganteus,species,大旋鰓蟲,,
KL_BenthicInvertebrate_0000092,287190,t0135306,accepted,Animalia,Styelidae,Styelidae,family,柄海鞘科,,
KL_BenthicInvertebrate_0000093,81310,t0031223,accepted,Animalia,Octopus cyanea,Octopus cyanea,species,藍蛸,藍章,
KL_Insect_0000115,10397,t0019407,accepted,Animalia,Eristalinus,Eristalinus,genus,斑眼蚜蠅屬,寶玉蚜蠅屬,
KL_Avian_0000240,4961,t0004472,accepted,Animalia,Procellariidae,Procellariidae,family,鸌科,,
KL_Avian_0000255,4566,t0006479,accepted,Animalia,Motacillidae,Motacillidae,family,鶺鴒科,,
KL_Avian_0000242,5696,t0002043,accepted,Animalia,Passeriformes,Passeriformes,order,雀形目,,
KL_BenthicInvertebrate_0000019,89702,t0033291,accepted,Animalia,Tenguella granulata,Tenguella granulata,species,結螺,,
KL_BenthicInvertebrate_0000020,78202,t0068441,accepted,Animalia,Mancinella aculeata,Mancinella aculeata,species,鐵斑岩螺,,
KL_BenthicInvertebrate_0000021,71006,t0062126,accepted,Animalia,Drupella margariticola,Drupella margariticola,species,稜結螺,,
KL_BenthicInvertebrate_0000022,258202,t0080577,accepted,Animalia,Muricodrupa anaxares,Muricodrupa anaxares,species,白瘤結螺,,
KL_BenthicInvertebrate_0000023,88869,t0040009,accepted,Animalia,Strigatella zebra,Strigatella zebra,species,小焰筆螺,,
KL_BenthicInvertebrate_0000028,90993,t0048078,accepted,Animalia,Trochus stellatus,Trochus stellatus,species,血斑鐘螺,,
KL_BenthicInvertebrate_0000026,80770,t0081496,accepted,Animalia,Nerita albicilla,Nerita albicilla,species,漁舟蜑螺,,
KL_BenthicInvertebrate_0000029,81032,t0081720,accepted,Animalia,Nodilittorina pyramidalis,Nodilittorina pyramidalis,species,塔結節濱螺,顆粒玉黍螺,
KL_BenthicInvertebrate_0000030,71148,t0062248,accepted,Animalia,Echinolittorina vidua,Echinolittorina vidua,species,台灣玉黍螺,,
KL_BenthicInvertebrate_0000055,83302,t0083744,accepted,Animalia,Percnon sinense,Percnon sinense,species,中華盾牌蟹,,
KL_BenthicInvertebrate_0000061,72727,t0029147,accepted,Animalia,Euxanthus exsculptus,Euxanthus exsculptus,species,雕刻真扇蟹,,
KL_BenthicInvertebrate_0000051,66175,t0030023,accepted,Animalia,Calcinus latens,Calcinus latens,species,隱伏硬殼寄居蟹,隱伏硬指寄居蟹,
KL_BenthicInvertebrate_0000052,68080,t0078719,accepted,Animalia,Clibanarius englaucus,Clibanarius englaucus,species,藍指細螯寄居蟹,,
KL_BenthicInvertebrate_0000058,83464,t0083884,accepted,Animalia,Petrolisthes hastatus,Petrolisthes hastatus,species,矛形岩瓷蟹,,
KL_Fish_0000204,8030,t0011377,accepted,Animalia,Caranx,Caranx,genus,鰺屬,,
KL_Fish_0000064,36494,t0029496,accepted,Animalia,Halichoeres nebulosus,Halichoeres nebulosus,species,雲紋海豬魚,,
KL_Fish_0000036,37892,t0033031,accepted,Animalia,Stegastes nigricans,Stegastes nigricans,species,黑高身雀鯛,,
KL_Fish_0000083,38006,t0103323,accepted,Animalia,Thalassoma purpureum,Thalassoma purpureum,species,紫錦魚,,
KL_Insect_0000129,18118,t0016554,accepted,Animalia,Solenopsis,Solenopsis,genus,火家蟻屬,,
KL_Avian_0000246,3380,t0005326,accepted,Animalia,Apodidae,Apodidae,family,雨燕科,,
KL_Avian_0000247,56580,t0097065,accepted,Animalia,Fulica atra,Fulica atra,species,白冠雞,,
KL_Avian_0000248,3653,t0005590,accepted,Animalia,Charadriidae,Charadriidae,family,鴴科,,
KL_Avian_0000249,10988,t0019981,accepted,Animalia,Gallinago,Gallinago,genus,田鷸屬,,
KL_Avian_0000250,4573,t0006486,accepted,Animalia,Muscicapidae,Muscicapidae,family,鶲科,,
KL_Avian_0000241,14085,t0022997,accepted,Animalia,Motacilla,Motacilla,genus,鶺鴒屬,,
KL_Fish_0000218,35564,t0056972,accepted,Animalia,Arothron hispidus,Arothron hispidus,species,紋腹叉鼻魨,,
KL_Fish_0000213,3594,t0005533,accepted,Animalia,Carcharhinidae,Carcharhinidae,family,真鯊科,,
KL_Fish_0000216,27789,t0030306,accepted,Animalia,Chaetodon lineolatus,Chaetodon lineolatus,species,紋身蝴蝶魚,,
KL_Fish_0000217,28226,t0030688,accepted,Animalia,Coradion altivelis,Coradion altivelis,species,褐帶少女魚,,
KL_Fish_0000215,36185,t0028819,accepted,Animalia,Elagatis bipinnulata,Elagatis bipinnulata,species,雙帶鰺,,
KL_Fish_0000236,4057,t0005984,accepted,Animalia,Fistulariidae,Fistulariidae,family,馬鞭魚科,,
KL_Fish_0000220,4309,t0006233,accepted,Animalia,Kyphosidae,Kyphosidae,family,舵魚科,鿳科,
KL_Fish_0000238,4313,t0006237,accepted,Animalia,Labridae,Labridae,family,隆頭魚科,,
KL_Fish_0000239,4570,t0006483,accepted,Animalia,Muraenidae,Muraenidae,family,鯙科,,
KL_Fish_0000221,4726,t0004245,accepted,Animalia,Ostraciidae,Ostraciidae,family,箱魨科,,
KL_Fish_0000240,4939,t0004450,accepted,Animalia,Pomacentridae,Pomacentridae,family,雀鯛科,,
KL_Fish_0000241,5108,t0004613,accepted,Animalia,Scaridae,Scaridae,family,鸚哥魚科,,
KL_Avian_0000244,4859,t0004374,accepted,Animalia,Phylloscopidae,Phylloscopidae,family,柳鶯科,,
KL_Avian_0000251,83796,t0031832,accepted,Animalia,Phoebastria nigripes,Phoebastria nigripes,species,黑腳信天翁,,
KL_BenthicInvertebrate_0000102,85930,t0032371,accepted,Animalia,Purpura persica,Purpura persica,species,桃羅螺,,
KL_BenthicInvertebrate_0000101,18919,t0017340,accepted,Animalia,Tetraclita,Tetraclita,genus,笠藤壺屬,,
KL_BenthicInvertebrate_0000103,76968,t0067381,accepted,Animalia,Ligia exotica,Ligia exotica,species,奇異海蟑螂,,
KL_Insect_0000289,,,invalid,Animalia,Xyphon,Xyphon,genus,尖頭葉蟬,,
KL_Insect_0000290,84945,t0036559,accepted,Animalia,Popillia taiwana,Popillia taiwana,species,台灣豆金龜,臺灣豆金龜,
KL_Insect_0000291,17720,t0016169,accepted,Animalia,Schizaspidia,Schizaspidia,genus,角胸蟻小蜂,,
KL_Insect_0000240,9920,t0018938,accepted,Animalia,Drosophila,Drosophila,genus,果蠅屬,,
KL_Insect_0000292,9781,t0018803,accepted,Animalia,Discomyza,Discomyza,genus,渚蠅,,
KL_Insect_0000294,34721,t0096727,accepted,Animalia,Zizeeria maha,Zizeeria maha,species,藍灰蝶,,
KL_Insect_0000295,11114,t0020105,accepted,Animalia,Gigantothrips,Gigantothrips,genus,瘦管薊馬屬,,
KL_Plant_0000093,23581,t0054867,accepted,Plantae,Plantago virginica,Plantago virginica,species,毛車前草,,
KL_Plant_0000094,24267,t0055362,accepted,Plantae,Smilax china,Smilax china,species,菝葜,,
KL_Reptile_0000005,8415,t0011752,accepted,Animalia,Chelonia,Chelonia,genus,海龜屬,,
KL_BenthicInvertebrate_0000110,83896,t0084254,accepted,Animalia,Phyllidia exquisita,Phyllidia exquisita,species,優美葉海蛞蝓,優美葉海牛 | 媚眼葉海蛞蝓,
KL_BenthicInvertebrate_0000111,71179,t0028797,accepted,Animalia,Echinothrix calamaris,Echinothrix calamaris,species,環刺棘海膽,,
KL_BenthicInvertebrate_0000112,75012,t0065698,accepted,Animalia,Holothuria nobilis,Holothuria nobilis,species,黑乳參,,
KL_BenthicInvertebrate_0000113,110565,t0099212,accepted,Animalia,Toxocidaris crassispina,Toxocidaris crassispina,species,紫海膽,,
KL_BenthicInvertebrate_0000114,62435,t0057578,accepted,Animalia,Afrocucumis africana,Afrocucumis africana,species,非洲異瓜參,,
KL_BenthicInvertebrate_0000115,68409,t0079002,accepted,Animalia,Colochirus robustus,Colochirus robustus,species,強壯翼手參,,
KL_Cetacean_0000007,3852,t0005782,accepted,Animalia,Delphinidae,Delphinidae,family,海豚科,,
KL_Fish_0000229,26856,t0049761,accepted,Animalia,Aprion virescens,Aprion virescens,species,藍短鰭笛鯛,,
KL_Fish_0000226,28655,t0031044,accepted,Animalia,Diodon hystrix,Diodon hystrix,species,密斑二齒魨,,
KL_Fish_0000234,28656,t0050656,accepted,Animalia,Diodon liturosus,Diodon liturosus,species,紋二齒魨,,
KL_Fish_0000242,36735,t0027279,accepted,Animalia,Lactoria diaphana,Lactoria diaphana,species,棘背角箱魨,,
KL_Fish_0000214,17083,t0015549,accepted,Animalia,Ptereleotris,Ptereleotris,genus,凹尾塘鱧屬,,
KL_Fish_0000205,36268,t0028965,accepted,Animalia,Epinephelus quoyanus,Epinephelus quoyanus,species,玳瑁石斑魚,,
KL_Insect_0000275,5984,t0009370,accepted,Animalia,Acrida,Acrida,genus,劍角蝗屬,,
KL_Insect_0000257,81846,t0082445,accepted,Animalia,Ornebius bimaculatus,Ornebius bimaculatus,species,二斑奧蟋,,
KL_Insect_0000296,13469,t0022395,accepted,Animalia,Megachile,Megachile,genus,切葉蜂屬,,
KL_Insect_0000222,7689,t0011051,accepted,Animalia,Braunsapis,Braunsapis,genus,小蘆蜂屬,蘆蜂屬,
KL_Insect_0000223,11969,t0020935,accepted,Animalia,Hylaeus,Hylaeus,genus,面具蜂屬,面花蜂屬,
KL_Insect_0000297,82610,t0083138,accepted,Animalia,Paragus crenulatus,Paragus crenulatus,species,澳亞蚜蠅,,
KL_Avian_0000253,5559,t0001761,accepted,Animalia,Charadriiformes,Charadriiformes,order,鴴形目,,
KL_BenthicInvertebrate_0000116,77137,t0027468,accepted,Animalia,Linckia guildingi,Linckia guildingi,species,蓋丁指海星,,
KL_BenthicInvertebrate_0000117,301551,t0135795,accepted,Animalia,Tritoniopsis elegans,Tritoniopsis elegans,species,華麗崔坦海蛞蝓,,
KL_BenthicInvertebrate_0000118,65729,t0029914,accepted,Animalia,Bornella stellifer,Bornella stellifer,species,星斑二列鰓海蛞蝓,,
KL_BenthicInvertebrate_0000119,74226,t0065019,accepted,Animalia,Halgerda willeyi,Halgerda willeyi,species,威利瘤背海蛞蝓,威氏瘤背盤海牛 | 威利瘤背海牛 | 威氏瘤背海蛞蝓 | 威利盤海蛞蝓,
KL_BenthicInvertebrate_0000120,82005,t0082589,accepted,Animalia,Ovula ovum,Ovula ovum,species,海兔螺,,
KL_Fish_0000227,26268,t0049448,accepted,Animalia,Acanthurus bariene,Acanthurus bariene,species,肩斑刺尾鯛,,
KL_Fish_0000233,257989,t0128145,accepted,Animalia,Cirripectes stigmaticus,Cirripectes stigmaticus,species,點斑穗肩䲁,,
KL_Fish_0000237,36491,t0029492,accepted,Animalia,Halichoeres margaritaceus,Halichoeres margaritaceus,species,斑點海豬魚,,
KL_Fish_0000251,298262,t0132291,accepted,Animalia,Neopomacentrus nemurus,Neopomacentrus nemurus,species,線紋新雀鯛,,
KL_Fish_0000228,26651,t0049679,accepted,Animalia,Anampses melanurus,Anampses melanurus,species,烏尾阿南魚,,
KL_Fish_0000235,29388,t0051088,accepted,Animalia,Eviota melasma,Eviota melasma,species,黑體磯塘鱧,黑體磯鰕虎,
KL_Fish_0000243,36825,t0027620,accepted,Animalia,Lutjanus fulviflamma,Lutjanus fulviflamma,species,火斑笛鯛,,
KL_Fish_0000225,36979,t0028092,accepted,Animalia,Monotaxis grandoculis,Monotaxis grandoculis,species,單列齒鯛,,
KL_Fish_0000249,31356,t0028160,accepted,Animalia,Myripristis botche,Myripristis botche,species,柏氏鋸鱗魚,,
KL_Fish_0000080,31952,t0031391,accepted,Animalia,Ostracion meleagris,Ostracion meleagris,species,米點箱魨,,
KL_Insect_0000298,87347,t0032748,accepted,Animalia,Scymnus fuscatus,Scymnus fuscatus,species,棕色毛瓢蟲,,
KL_Insect_0000299,4636,t0004158,accepted,Animalia,Nitidulidae,Nitidulidae,family,出尾蟲科,,
KL_Insect_0000248,245717,t0106082,accepted,Animalia,Myrmecophilus quadrispinus,Myrmecophilus quadrispinus,species,蓬萊蟻蟋,,
KL_Insect_0000226,89890,t0047092,accepted,Animalia,Tetramorium lanuginosum,Tetramorium lanuginosum,species,絨毛皺家蟻,,
KL_Insect_0000300,89173,t0033171,accepted,Animalia,Synclisis kawaii,Synclisis kawaii,species,三齒蟻蛉,,
KL_Insect_0000241,19616,t0018016,accepted,Animalia,Valenzuela,Valenzuela,genus,梵嚙蟲屬,,
KL_Avian_0000245,164622,t0029575,accepted,Animalia,Helopsaltes fasciolatus,Helopsaltes fasciolatus,species,蒼眉蝗鶯,,
KL_Avian_0000252,4328,t0006252,accepted,Animalia,Laniidae,Laniidae,family,伯勞科,,
KL_BenthicInvertebrate_0000104,89843,t0046223,accepted,Animalia,Tetraclita kuroshioensis,Tetraclita kuroshioensis,species,黑潮笠藤壺,,
KL_BenthicInvertebrate_0000105,93770,t0086341,accepted,Animalia,Tetraclita japonica formosana,Tetraclita japonica formosana,subspecies,美麗笠藤壺,,
KL_BenthicInvertebrate_0000106,54885,t0097575,accepted,Animalia,Cellana toreuma,Cellana toreuma,species,花笠螺,,
KL_BenthicInvertebrate_0000107,71142,t0062243,accepted,Animalia,Echinolittorina malaccana,Echinolittorina malaccana,species,顆粒玉黍螺,馬六甲棘濱螺,
KL_BenthicInvertebrate_0000108,77405,t0067758,accepted,Animalia,Littoraria undulata,Littoraria undulata,species,波紋玉黍螺,,
KL_BenthicInvertebrate_0000121,293074,t0130130,accepted,Animalia,Goniobranchus rufomaculatus,Goniobranchus rufomaculatus,species,橘點多彩海蛞蝓,,
KL_Fish_0000230,35760,t0030086,accepted,Animalia,Calotomus carolinus,Calotomus carolinus,species,卡羅鸚鯉,,
KL_Fish_0000231,27793,t0030308,accepted,Animalia,Chaetodon lunulatus,Chaetodon lunulatus,species,三帶蝴蝶魚,弓月蝴蝶魚 | 冬瓜蝶,
KL_Fish_0000232,28062,t0050344,accepted,Animalia,Cirrhitichthys falco,Cirrhitichthys falco,species,鷹金䱵,,
KL_Fish_0000250,37066,t0028292,accepted,Animalia,Neoglyphidodon nigroris,Neoglyphidodon nigroris,species,黑褐新刻齒雀鯛,,
KL_Fish_0000245,32745,t0032069,accepted,Animalia,Pomacentrus chrysurus,Pomacentrus chrysurus,species,白尾雀鯛,,
KL_Fish_0000248,38007,t0033351,accepted,Animalia,Thalassoma quinquevittatum,Thalassoma quinquevittatum,species,五帶錦魚,,
KL_Fish_0000224,26652,t0049680,accepted,Animalia,Anampses meleagrides,Anampses meleagrides,species,黃尾阿南魚,,
KL_Fish_0000244,36993,t0028120,accepted,Animalia,Mulloidichthys flavolineatus,Mulloidichthys flavolineatus,species,黃帶擬鬚鯛,,
KL_Fish_0000246,37731,t0032655,accepted,Animalia,Scarus forsteni,Scarus forsteni,species,福氏鸚哥魚,,
KL_Algae_0000012,2829,t0025074,accepted,Plantae,Ulva,Ulva,genus,石蓴屬,,
KL_Avian_0000271,137349,t0096627,accepted,Animalia,Urile pelagicus,Urile pelagicus,species,海鸕鷀,,
KL_Avian_0000261,53736,t0099756,accepted,Animalia,Accipiter gentilis,Accipiter gentilis,species,蒼鷹,,
KL_Avian_0000158,83967,t0031877,accepted,Animalia,Phylloscopus ijimae,Phylloscopus ijimae,species,飯島柳鶯,,
KL_Avian_0000262,57034,t0097305,accepted,Animalia,Horornis diphone,Horornis diphone,species,日本樹鶯,,
KL_Avian_0000265,20015,t0000650,accepted,Animalia,Aves,Aves,class,鳥綱,,
KL_Avian_0000256,60112,t0099006,accepted,Animalia,Sula sula,Sula sula,species,紅腳鰹鳥,,
KL_Avian_0000257,5229,t0004733,accepted,Animalia,Stercorariidae,Stercorariidae,family,賊鷗科,,
KL_Avian_0000258,88685,t0033057,accepted,Animalia,Stercorarius pomarinus,Stercorarius pomarinus,species,中賊鷗,,
KL_Avian_0000259,64350,t0072178,accepted,Animalia,Ardenna carneipes,Ardenna carneipes,species,肉足水薙鳥,,
KL_BenthicInvertebrate_0000122,42225,t0025974,accepted,Animalia,Anthopleura,Anthopleura,genus,襟疣海葵屬,,
KL_Fish_0000266,35962,t0030547,accepted,Animalia,Cirrhitichthys aprinus,Cirrhitichthys aprinus,species,斑金䱵,,
KL_Fish_0000264,3891,t0005821,accepted,Animalia,Diodontidae,Diodontidae,family,二齒魨科,,
KL_Fish_0000259,36104,t0030932,accepted,Animalia,Dendrochirus zebra,Dendrochirus zebra,species,斑馬短鰭簑鮋,斑馬短鰭蓑鮋 | 花斑短鰭蓑鮋 | 斑馬紋多臂簑鮋 | 獅子魚 | 短獅 | 紅虎 | 雞公,
KL_Insect_0000221,36113,t0030969,accepted,Animalia,Diaphania indica,Diaphania indica,species,瓜絹野螟,瓜薄絹野螟蛾 | 瓜絹野螟蛾,
KL_Insect_0000224,64064,t0071935,accepted,Animalia,Aphidius gifuensis,Aphidius gifuensis,species,岐阜小繭蜂,,
KL_Insect_0000225,89894,t0047096,accepted,Animalia,Tetramorium simillimum,Tetramorium simillimum,species,相似皺家蟻,,
KL_Insect_0000227,168743,t0104560,accepted,Animalia,Austroagallia,Austroagallia,genus,澳圓痕葉蟬屬,"The vernacularName is based on Dai, Ren-Huai & Li, Hu & Li, Zi-Zhong. (2024). Iassinae and Megophthalminae from China.",
KL_Insect_0000228,167896,t0070120,accepted,Animalia,Stirellus indrus,Stirellus indrus,species,二點矛葉蟬,,
KL_Insect_0000229,141937,t0028635,accepted,Animalia,Orosius orientalis,Orosius orientalis,species,南斑葉蟬,東方網紋葉蟬,
KL_Insect_0000230,77223,t0027491,accepted,Animalia,Lipaphis erysimi,Lipaphis erysimi,species,偽菜蚜,,
KL_Insect_0000235,10328,t0019339,accepted,Animalia,Episyrphus,Episyrphus,genus,黑帶蚜蠅屬,前蚜蠅屬,
KL_Insect_0000236,18299,t0016734,accepted,Animalia,Steganopsis,Steganopsis,genus,防水縞蠅屬,,
KL_Insect_0000237,18205,t0016640,accepted,Animalia,Sphenella,Sphenella,genus,雙帶斑實蠅屬,,
KL_Insect_0000238,12952,t0021892,accepted,Animalia,Lispe,Lispe,genus,溜蠅屬,,
KL_Insect_0000239,12949,t0021889,accepted,Animalia,Liriomyza,Liriomyza,genus,斑潛蠅屬,,
KL_Insect_0000242,11548,t0020530,accepted,Animalia,Hemerobius,Hemerobius,genus,褐蛉屬,姬蛉屬,
KL_Insect_0000243,4841,t0004357,accepted,Animalia,Phlaeothripidae,Phlaeothripidae,family,管薊馬科,,
KL_Insect_0000244,5338,t0004839,accepted,Animalia,Thripidae,Thripidae,family,薊馬科,,
KL_Avian_0000272,58028,t0096456,accepted,Animalia,Motacilla citreola,Motacilla citreola,species,黃頭鶺鴒,,
KL_Avian_0000268,91474,t0028471,accepted,Animalia,Vanellus cinereus,Vanellus cinereus,species,跳鴴,,
KL_Avian_0000266,3804,t0005735,accepted,Animalia,Cuculidae,Cuculidae,family,杜鵑科,,
KL_Avian_0000263,62670,t0070678,accepted,Animalia,Agropsar sturninus,Agropsar sturninus,species,北椋鳥,,
KL_BenthicInvertebrate_0000125,71177,t0028795,accepted,Animalia,Echinostrephus aciculatus,Echinostrephus aciculatus,species,白尖紫叢海膽,,
KL_BenthicInvertebrate_0000128,57998,t0096444,accepted,Animalia,Monetaria moneta,Monetaria moneta,species,黃寶螺,黃色寶螺,
KL_BenthicInvertebrate_0000129,102358,t0097651,accepted,Animalia,Chelidonura amoena,Chelidonura amoena,species,迷人燕尾海蛞蝓,迷人燕尾似海牛,
KL_Fish_0000267,3641,t0005578,accepted,Animalia,Chaetodontidae,Chaetodontidae,family,蝴蝶魚科,,
KL_Fish_0000260,35767,t0057079,accepted,Animalia,Cantherhines dumerilii,Cantherhines dumerilii,species,杜氏刺鼻單棘魨,,
KL_Fish_0000265,3848,t0005778,accepted,Animalia,Dasyatidae,Dasyatidae,family,魟科,,
KL_Fish_0000263,33563,t0032805,accepted,Animalia,Seriola rivoliana,Seriola rivoliana,species,長鰭鰤,,
KL_Fish_0000279,36111,t0030964,accepted,Animalia,Diagramma pictum,Diagramma pictum,species,密點少棘胡椒鯛,,
KL_Fish_0000270,37354,t0031645,accepted,Animalia,Parupeneus spilurus,Parupeneus spilurus,species,大型海緋鯉,,
KL_Fish_0000273,28675,t0050671,accepted,Animalia,Diploprion bifasciatum,Diploprion bifasciatum,species,雙帶鱸,,
KL_Fish_0000262,38169,t0057532,accepted,Animalia,Acanthurus japonicus,Acanthurus japonicus,species,日本刺尾鯛,,
KL_Fish_0000252,10200,t0019214,accepted,Animalia,Enneapterygius,Enneapterygius,genus,雙線鳚屬,,
KL_Avian_0000267,5132,t0004637,accepted,Animalia,Scolopacidae,Scolopacidae,family,鷸科,,
KL_Avian_0000264,66035,t0076925,accepted,Animalia,Buteo hemilasius,Buteo hemilasius,species,大鵟,,
KL_BenthicInvertebrate_0000124,287198,t0136225,accepted,Animalia,Zoanthus,Zoanthus,genus,菟葵屬,,
KL_Fish_0000277,4584,t0004110,accepted,Animalia,Myliobatidae,Myliobatidae,family,鱝科,,
KL_Fish_0000256,37430,t0031955,accepted,Animalia,Platax teira,Platax teira,species,尖翅燕魚,,
KL_Fish_0000261,36006,t0030689,accepted,Animalia,Coradion chrysozonus,Coradion chrysozonus,species,金斑少女魚,,
KL_Fish_0000281,5853,t0009239,accepted,Animalia,Abudefduf,Abudefduf,genus,豆娘魚屬,,
KL_Fish_0000016,36467,t0029443,accepted,Animalia,Gymnothorax pictus,Gymnothorax pictus,species,細點裸胸鯙,,
KL_Insect_0000249,19423,t0017828,accepted,Animalia,Tropidocephala,Tropidocephala,genus,匙頂飛蝨屬,,
KL_Insect_0000250,73515,t0064386,accepted,Animalia,Geocoris ochropterus,Geocoris ochropterus,species,南亞大眼長蝽,,
KL_Insect_0000253,16241,t0014720,accepted,Animalia,Pilophorus,Pilophorus,genus,束盲蝽屬,,
KL_Insect_0000258,19644,t0018044,accepted,Animalia,Velarifictorus,Velarifictorus,genus,鬥蟋屬,,
KL_Insect_0000261,16293,t0014771,accepted,Animalia,Plagiolepis,Plagiolepis,genus,斜山蟻屬,,
KL_Insect_0000264,19158,t0017569,accepted,Animalia,Tomosvaryella,Tomosvaryella,genus,刀蠅屬,,
KL_Insect_0000266,3674,t0005610,accepted,Animalia,Chironomidae,Chironomidae,family,搖蚊科,,
KL_Insect_0000269,294413,t0131861,accepted,Animalia,Melapia kishidai,Melapia kishidai,species,三角斑裳蛾,,
KL_Insect_0000270,31205,t0051931,accepted,Animalia,Mocis undata,Mocis undata,species,毛脛裳蛾,毛脛夜蛾,
KL_Avian_0000270,3586,t0004059,accepted,Animalia,Caprimulgidae,Caprimulgidae,family,夜鷹科,,
KL_Avian_0000269,4406,t0006325,accepted,Animalia,Locustellidae,Locustellidae,family,蝗鶯科,,
KL_BenthicInvertebrate_0000130,84600,t0032017,accepted,Animalia,Pleuroploca trapezium,Pleuroploca trapezium,species,角赤旋螺,,
KL_BenthicInvertebrate_0000131,103621,t0096850,accepted,Animalia,Elysia marginata,Elysia marginata,species,緣邊平鰓海天牛,,
KL_Fish_0000280,37448,t0031989,accepted,Animalia,Plectorhinchus vittatus,Plectorhinchus vittatus,species,條斑胡椒鯛,,
KL_Fish_0000268,35684,t0029891,accepted,Animalia,Bodianus axillaris,Bodianus axillaris,species,腋斑狐鯛,,
KL_Fish_0000271,6520,t0009898,accepted,Animalia,Anampses,Anampses,genus,阿南魚屬,,
KL_Fish_0000272,27878,t0030360,accepted,Animalia,Cheilinus trilobatus,Cheilinus trilobatus,species,三葉唇魚,,
KL_Fish_0000269,8538,t0011874,accepted,Animalia,Chromis,Chromis,genus,光鰓雀鯛屬,,
KL_Fish_0000278,137606,t0093540,accepted,Animalia,Pycnochromis,Pycnochromis,genus,密光鰓雀鯛屬,,
KL_Insect_0000271,26970,t0049833,accepted,Animalia,Asota caricae,Asota caricae,species,一點擬燈蛾,,
KL_Insect_0000272,35979,t0030593,accepted,Animalia,Cnaphalocrocis medinalis,Cnaphalocrocis medinalis,species,瘤野螟,,
KL_Insect_0000273,11464,t0020449,accepted,Animalia,Harpalus,Harpalus,genus,婪步甲屬,,
KL_Insect_0000283,9687,t0018710,accepted,Animalia,Diniella,Diniella,genus,赤喉長蝽屬,,
KL_Insect_0000284,141913,t0101330,accepted,Animalia,Stirellus,Stirellus,genus,矛葉蟬屬,,
KL_Insect_0000286,4942,t0004453,accepted,Animalia,Pompilidae,Pompilidae,family,蛛蜂科,,
KL_Avian_0000283,5245,t0004748,accepted,Animalia,Strigidae,Strigidae,family,鴟鴞科,,
KL_Avian_0000281,19476,t0017880,accepted,Animalia,Turdus,Turdus,genus,鶇屬,,
KL_Avian_0000278,3749,t0005681,accepted,Animalia,Columbidae,Columbidae,family,鳩鴿科,,
KL_Avian_0000280,16171,t0014650,accepted,Animalia,Phylloscopus,Phylloscopus,genus,柳鶯屬,The Phylloscopus species that could not be assigned to any complex.,This taxonID is used for general Phylloscopus species that could not be assigned to any complex.
KL_Avian_0000284,7053,t0010426,accepted,Animalia,Asio,Asio,genus,耳鴞屬,,
KL_Avian_0000275,58788,t0098450,accepted,Animalia,Phoenicurus ochruros,Phoenicurus ochruros,species,赭紅尾鴝,,
KL_Avian_0000276,103629,t0085618,accepted,Animalia,Emberiza personata,Emberiza personata,species,黃喉黑臉鵐,,
KL_BenthicInvertebrate_0000166,285468,t0125378,accepted,Animalia,Actinia equina,Actinia equina,species,等指海葵,,
KL_BenthicInvertebrate_0000167,287247,t0126118,accepted,Animalia,Anemonia erythraea,Anemonia erythraea,species,紅海葵,,
KL_BenthicInvertebrate_0000168,287253,t0126170,accepted,Animalia,Anthopleura buddemeieri,Anthopleura buddemeieri,species,布氏襟疣海葵,,
KL_BenthicInvertebrate_0000169,66559,t0030126,accepted,Animalia,Capitulum mitella,Capitulum mitella,species,龜足,龜足茗荷,
KL_Fish_0000282,36539,t0029619,accepted,Animalia,Heniochus acuminatus,Heniochus acuminatus,species,白吻雙帶立旗鯛,,
KL_Fish_0000283,36663,t0027111,accepted,Animalia,Iniistius pavo,Iniistius pavo,species,巴父項鰭魚,,
KL_Fish_0000284,36454,t0029433,accepted,Animalia,Gymnothorax eurostus,Gymnothorax eurostus,species,黴身裸胸鯙,,
KL_Avian_0000282,6714,t0010090,accepted,Animalia,Anthus,Anthus,genus,鷚屬,,
KL_Avian_0000279,66204,t0077071,accepted,Animalia,Calidris subminuta,Calidris subminuta,species,長趾濱鷸,,
KL_BenthicInvertebrate_0000135,62166,t0070206,accepted,Animalia,Acropora latistella,Acropora latistella,species,盤枝軸孔珊瑚,,
KL_BenthicInvertebrate_0000136,62205,t0057558,accepted,Animalia,Acropora valenciennesi,Acropora valenciennesi,species,華倫軸孔珊瑚,,
KL_BenthicInvertebrate_0000137,62143,t0070185,accepted,Animalia,Acropora digitifera,Acropora digitifera,species,指形軸孔珊瑚,,
KL_BenthicInvertebrate_0000138,62160,t0070200,accepted,Animalia,Acropora hyacinthus,Acropora hyacinthus,species,桌型軸孔珊瑚,桌形軸孔珊瑚,
KL_BenthicInvertebrate_0000139,62152,t0070193,accepted,Animalia,Acropora glauca,Acropora glauca,species,板葉軸孔珊瑚,,
KL_BenthicInvertebrate_0000141,62201,t0057557,accepted,Animalia,Acropora tenuis,Acropora tenuis,species,柔枝軸孔珊瑚,,
KL_BenthicInvertebrate_0000142,75805,t0066390,accepted,Animalia,Isopora palifera,Isopora palifera,species,籬枝同孔珊瑚,籬枝同軸珊瑚 | 籬枝軸孔珊瑚,
KL_BenthicInvertebrate_0000143,79654,t0080501,accepted,Animalia,Montipora informis,Montipora informis,species,變形表孔珊瑚,,
KL_BenthicInvertebrate_0000144,79676,t0080523,accepted,Animalia,Montipora verrucosa,Montipora verrucosa,species,疣突表孔珊瑚,,
KL_BenthicInvertebrate_0000152,72878,t0063808,accepted,Animalia,Favites abdita,Favites abdita,species,隱藏角菊珊瑚,,
KL_BenthicInvertebrate_0000154,72880,t0063810,accepted,Animalia,Favites chinensis,Favites chinensis,species,中國角菊珊瑚,,
KL_BenthicInvertebrate_0000155,72890,t0063820,accepted,Animalia,Favites valenciennesii,Favites valenciennesii,species,華倫圓菊珊瑚,華倫角菊珊瑚,
KL_BenthicInvertebrate_0000157,73890,t0064735,accepted,Animalia,Goniastrea pectinata,Goniastrea pectinata,species,翼形角星珊瑚,,
KL_BenthicInvertebrate_0000163,13011,t0021951,accepted,Animalia,Lobophytum,Lobophytum,genus,肉質葉形軟珊瑚屬,葉形軟珊瑚屬,
KL_BenthicInvertebrate_0000164,17618,t0009130,accepted,Animalia,Sarcophyton,Sarcophyton,genus,肉質軟珊瑚屬,,
KL_BenthicInvertebrate_0000165,18052,t0016491,accepted,Animalia,Sinularia,Sinularia,genus,指形軟珊瑚屬,,
KL_Cetacean_0000008,91213,t0028414,accepted,Animalia,Tursiops aduncus,Tursiops aduncus,species,印太瓶鼻海豚,,
KL_Fish_0000286,35445,t0056861,accepted,Animalia,Aluterus monoceros,Aluterus monoceros,species,單角革單棘魨,,
KL_Fish_0000287,4365,t0006286,accepted,Animalia,Lethrinidae,Lethrinidae,family,龍占魚科,,
KL_BenthicInvertebrate_0000133,89019,t0033119,accepted,Animalia,Stylophora pistillata,Stylophora pistillata,species,萼形柱珊瑚,,
KL_BenthicInvertebrate_0000145,73914,t0064757,accepted,Animalia,Goniopora lobata,Goniopora lobata,species,團塊管孔珊瑚,,
KL_BenthicInvertebrate_0000146,84964,t0036577,accepted,Animalia,Porites lichen,Porites lichen,species,地衣微孔珊瑚,,
KL_BenthicInvertebrate_0000147,61881,t0069944,accepted,Animalia,Acanthastrea echinata,Acanthastrea echinata,species,大棘星珊瑚,多刺棘星珊瑚,
KL_BenthicInvertebrate_0000151,70604,t0061763,accepted,Animalia,Dipsastraea speciosa,Dipsastraea speciosa,species,環菊珊瑚,環盤星珊瑚,
KL_BenthicInvertebrate_0000159,84375,t0036033,accepted,Animalia,Platygyra pini,Platygyra pini,species,小腦紋珊瑚,,
KL_BenthicInvertebrate_0000160,84376,t0036034,accepted,Animalia,Platygyra ryukyuensis,Platygyra ryukyuensis,species,琉球腦紋珊瑚,,
KL_BenthicInvertebrate_0000161,19457,t0017862,accepted,Animalia,Tubastraea,Tubastraea,genus,管星珊瑚屬,,
KL_Fish_0000288,35689,t0029896,accepted,Animalia,Bodianus loxozonus,Bodianus loxozonus,species,斜帶狐鯛,,
KL_Fish_0000293,28990,t0028960,accepted,Animalia,Epinephelus merra,Epinephelus merra,species,網紋石斑魚,,
KL_Fish_0000294,37608,t0032336,accepted,Animalia,Pterocaesio digramma,Pterocaesio digramma,species,雙帶鱗鰭烏尾鮗,,
KL_Insect_0000301,6551,t0009927,accepted,Animalia,Anax,Anax,genus,偉蜓屬,,
KL_Insect_0000302,35426,t0056844,accepted,Animalia,Agrius convolvuli,Agrius convolvuli,species,白薯天蛾,,
KL_Insect_0000303,4248,t0006175,accepted,Animalia,Hydrophilidae,Hydrophilidae,family,牙蟲科,,
KL_Insect_0000304,19774,t0018168,accepted,Animalia,Xanthopimpla,Xanthopimpla,genus,黑點瘤姬蜂屬,,
KL_Insect_0000305,78917,t0027924,accepted,Animalia,Mesovelia horvathi,Mesovelia horvathi,species,日本水椿象,荷氏水蝽 | 水蝽,
KL_Insect_0000306,82815,t0083320,accepted,Animalia,Paraplea frontalis,Paraplea frontalis,species,高額鄰固蝽,,
KL_Insect_0000309,68075,t0078715,accepted,Animalia,Cletus punctiger,Cletus punctiger,species,稻棘緣蝽,,
KL_Insect_0000307,5277,t0004780,accepted,Animalia,Syrphidae,Syrphidae,family,食蚜蠅科,,
KL_Avian_0000277,5730,t0002102,accepted,Animalia,Procellariiformes,Procellariiformes,order,鸌形目,,
KL_BenthicInvertebrate_0000132,84647,t0036282,accepted,Animalia,Pocillopora verrucosa,Pocillopora verrucosa,species,疣鹿角珊瑚,疣狀鹿角珊瑚,
KL_BenthicInvertebrate_0000134,62134,t0070176,accepted,Animalia,Acropora bushyensis,Acropora bushyensis,species,叢狀軸孔珊瑚,,
KL_BenthicInvertebrate_0000140,62194,t0070230,accepted,Animalia,Acropora solitaryensis,Acropora solitaryensis,species,單獨軸孔珊瑚,,
KL_BenthicInvertebrate_0000148,77422,t0067774,accepted,Animalia,Lobophyllia agaricia,Lobophyllia agaricia,species,蓮形合葉珊瑚,蓮形瓣葉珊瑚 | 蓮合葉珊瑚,
KL_BenthicInvertebrate_0000149,77431,t0067783,accepted,Animalia,Lobophyllia radians,Lobophyllia radians,species,輻紋瓣葉珊瑚,,
KL_BenthicInvertebrate_0000150,70601,t0061760,accepted,Animalia,Dipsastraea pallida,Dipsastraea pallida,species,圈紋菊珊瑚,圈紋盤星珊瑚,
KL_BenthicInvertebrate_0000153,72883,t0063813,accepted,Animalia,Favites flexuosa,Favites flexuosa,species,柔角菊珊瑚,,
KL_BenthicInvertebrate_0000156,73887,t0064732,accepted,Animalia,Goniastrea edwardsi,Goniastrea edwardsi,species,艾氏角星珊瑚,,
KL_BenthicInvertebrate_0000158,78813,t0068972,accepted,Animalia,Merulina ampliata,Merulina ampliata,species,片形繩紋珊瑚,,
KL_BenthicInvertebrate_0000162,91149,t0048222,accepted,Animalia,Tubipora musica,Tubipora musica,species,笙珊瑚,管笙珊瑚,
KL_Fish_0000289,35563,t0056971,accepted,Animalia,Arothron firmamentum,Arothron firmamentum,species,瓣叉鼻魨,,
KL_Fish_0000290,35900,t0030400,accepted,Animalia,Chilomycterus reticulatus,Chilomycterus reticulatus,species,網紋短刺魨,,
KL_Fish_0000291,36446,t0029420,accepted,Animalia,Gymnocranius grandoculis,Gymnocranius grandoculis,species,藍線白鱲,,
KL_Fish_0000052,28236,t0050444,accepted,Animalia,Coris dorsomacula,Coris dorsomacula,species,背斑盔魚,,
KL_Fish_0000292,37307,t0031565,accepted,Animalia,Parapercis tetracantha,Parapercis tetracantha,species,四棘擬鱸,,
KL_Fish_0000295,36344,t0029160,accepted,Animalia,Exallias brevis,Exallias brevis,species,短多鬚鳚,,
KL_Fish_0000296,36827,t0027622,accepted,Animalia,Lutjanus gibbus,Lutjanus gibbus,species,隆背笛鯛,,
KL_Fish_0000297,27813,t0030313,accepted,Animalia,Chaetodon rafflesii,Chaetodon rafflesii,species,雷氏蝴蝶魚,,
KL_Fish_0000298,36528,t0029593,accepted,Animalia,Hemigymnus fasciatus,Hemigymnus fasciatus,species,條紋半裸魚,,
KL_Fish_0000299,37602,t0032329,accepted,Animalia,Ptereleotris evides,Ptereleotris evides,species,黑尾凹尾塘鱧,,
KL_Insect_0000308,29128,t0050914,accepted,Animalia,Eublemma cochylioides,Eublemma cochylioides,species,涓獵裳蛾,,
KL_Insect_0000310,73928,t0064770,accepted,Animalia,Gonocephalum coenosum,Gonocephalum coenosum,species,角肩潛砂蟲,,
