taxonID,occurrenceID,eventDate,year,month,day,eventTime,basisOfRecord,continent,country,locality,samplingProtocol,scientificName,taxonRank,vernacularName,individualCount,georeferenceVerificationStatus,geodeticDatum,decimalLongitude,decimalLatitude,coordinatePrecision,coordinateUncertaintyInMeters,recordedBy,sex,lifeStage,reproductiveCondition,behavior,vitality,occurrenceStatus,occurrenceRemarks,associatedMedia,associatedReferences,dynamicProperties,verbatimEventDate
KL_Plant_0000001,1994-00-00_棉花嶼_植物_全島_0001,1994,1994,,,,HumanObservation,Asia,Taiwan,棉花嶼,,Cyrtomium falcatum,species,全緣貫眾蕨,,,WGS84,122.105349,25.484834,0.000001,400,社團法人基隆市野鳥學會,,,,,,,,,,,1994-00-00
KL_Plant_0000002,1994-00-00_棉花嶼_植物_全島_0002,1994,1994,,,,HumanObservation,Asia,Taiwan,棉花嶼,,Pteris fauriei var. fauriei,varietas,傅氏鳳尾蕨,,,WGS84,122.105349,25.484834,0.000001,400,社團法人基隆市野鳥學會,,,,,,,,,,,1994-00-00
KL_Plant_0000006,1994-00-00_棉花嶼_植物_全島_0003,1994,1994,,,,HumanObservation,Asia,Taiwan,棉花嶼,,Tetragonia tetragonoides,species,番杏,,,WGS84,122.105349,25.484834,0.000001,400,社團法人基隆市野鳥學會,,,,,,,,,,,1994-00-00
KL_Plant_0000007,1994-00-00_棉花嶼_植物_全島_0004,1994,1994,,,,HumanObservation,Asia,Taiwan,棉花嶼,,Sagina japonica,species,瓜槌草,,,WGS84,122.105349,25.484834,0.000001,400,社團法人基隆市野鳥學會,,,,,,,,,,,1994-00-00
KL_Plant_0000009,1994-00-00_棉花嶼_植物_全島_0005,1994,1994,,,,HumanObservation,Asia,Taiwan,棉花嶼,,Persicaria chinensis,species,火炭母草,,,WGS84,122.105349,25.484834,0.000001,400,社團法人基隆市野鳥學會,,,,,,,,,,,1994-00-00
KL_Plant_0000010,1994-00-00_棉花嶼_植物_全島_0006,1994,1994,,,,HumanObservation,Asia,Taiwan,棉花嶼,,Rumex crispus,species,羊蹄,,,WGS84,122.105349,25.484834,0.000001,400,社團法人基隆市野鳥學會,,,,,,,,,,,1994-00-00
KL_Plant_0000012,1994-00-00_棉花嶼_植物_全島_0007,1994,1994,,,,HumanObservation,Asia,Taiwan,棉花嶼,,Boerhavia diffusa,species,黃細心,,,WGS84,122.105349,25.484834,0.000001,400,社團法人基隆市野鳥學會,,,,,,,,,,,1994-00-00
KL_Plant_0000014,1994-00-00_棉花嶼_植物_全島_0008,1994,1994,,,,HumanObservation,Asia,Taiwan,棉花嶼,,Portulaca oleracea,species,馬齒莧,,,WGS84,122.105349,25.484834,0.000001,400,社團法人基隆市野鳥學會,,,,,,,,,,,1994-00-00
KL_Plant_0000015,1994-00-00_棉花嶼_植物_全島_0009,1994,1994,,,,HumanObservation,Asia,Taiwan,棉花嶼,,Portulaca pilosa,species,毛馬齒莧,,,WGS84,122.105349,25.484834,0.000001,400,社團法人基隆市野鳥學會,,,,,,,,,,,1994-00-00
KL_Plant_0000016,1994-00-00_棉花嶼_植物_全島_0010,1994,1994,,,,HumanObservation,Asia,Taiwan,棉花嶼,,Chenopodium acuminatum,species,變葉藜,,,WGS84,122.105349,25.484834,0.000001,400,社團法人基隆市野鳥學會,,,,,,,,,,,1994-00-00
KL_Plant_0000017,1994-00-00_棉花嶼_植物_全島_0011,1994,1994,,,,HumanObservation,Asia,Taiwan,棉花嶼,,Chenopodium ambrosioides,species,臭莧,,,WGS84,122.105349,25.484834,0.000001,400,社團法人基隆市野鳥學會,,,,,,,,,,,1994-00-00
KL_Plant_0000018,1994-00-00_棉花嶼_植物_全島_0012,1994,1994,,,,HumanObservation,Asia,Taiwan,棉花嶼,,Suaeda maritima,species,裸花鹼蓬,,,WGS84,122.105349,25.484834,0.000001,400,社團法人基隆市野鳥學會,,,,,,,,,,,1994-00-00
KL_Plant_0000019,1994-00-00_棉花嶼_植物_全島_0013,1994,1994,,,,HumanObservation,Asia,Taiwan,棉花嶼,,Sedum formosanum,species,台灣佛甲草（石板菜）,,,WGS84,122.105349,25.484834,0.000001,400,社團法人基隆市野鳥學會,,,,,,,,,,,1994-00-00
KL_Plant_0000020,1994-00-00_棉花嶼_植物_全島_0014,1994,1994,,,,HumanObservation,Asia,Taiwan,棉花嶼,,Oxalis corniculata,species,酢漿草,,,WGS84,122.105349,25.484834,0.000001,400,社團法人基隆市野鳥學會,,,,,,,,,,,1994-00-00
KL_Plant_0000021,1994-00-00_棉花嶼_植物_全島_0015,1994,1994,,,,HumanObservation,Asia,Taiwan,棉花嶼,,Centella asiatica,species,雷公根,,,WGS84,122.105349,25.484834,0.000001,400,社團法人基隆市野鳥學會,,,,,,,,,,,1994-00-00
KL_Plant_0000023,1994-00-00_棉花嶼_植物_全島_0016,1994,1994,,,,HumanObservation,Asia,Taiwan,棉花嶼,,Lysimachia mauritiana,species,茅毛珍珠菜,,,WGS84,122.105349,25.484834,0.000001,400,社團法人基隆市野鳥學會,,,,,,,,,,,1994-00-00
KL_Plant_0000024,1994-00-00_棉花嶼_植物_全島_0017,1994,1994,,,,HumanObservation,Asia,Taiwan,棉花嶼,,Hedyotis strigulosa,species,脈耳草,,,WGS84,122.105349,25.484834,0.000001,400,社團法人基隆市野鳥學會,,,,,,,,,,,1994-00-00
KL_Plant_0000027,1994-00-00_棉花嶼_植物_全島_0018,1994,1994,,,,HumanObservation,Asia,Taiwan,棉花嶼,,Dichondra micrantha,species,馬蹄金,,,WGS84,122.105349,25.484834,0.000001,400,社團法人基隆市野鳥學會,,,,,,,,,,,1994-00-00
KL_Plant_0000028,1994-00-00_棉花嶼_植物_全島_0019,1994,1994,,,,HumanObservation,Asia,Taiwan,棉花嶼,,Ipomoea obscura,species,馬鞍藤,,,WGS84,122.105349,25.484834,0.000001,400,社團法人基隆市野鳥學會,,,,,,,,,,,1994-00-00
KL_Plant_0000030,1994-00-00_棉花嶼_植物_全島_0020,1994,1994,,,,HumanObservation,Asia,Taiwan,棉花嶼,,Leonurus japonicus,species,益母草,,,WGS84,122.105349,25.484834,0.000001,400,社團法人基隆市野鳥學會,,,,,,,,,,,1994-00-00
KL_Plant_0000034,1994-00-00_棉花嶼_植物_全島_0021,1994,1994,,,,HumanObservation,Asia,Taiwan,棉花嶼,,Scaevola sericea,species,草海桐,,,WGS84,122.105349,25.484834,0.000001,400,社團法人基隆市野鳥學會,,,,,,,,,,,1994-00-00
KL_Plant_0000040,1994-00-00_棉花嶼_植物_全島_0022,1994,1994,,,,HumanObservation,Asia,Taiwan,棉花嶼,,Crossostephium chinense,species,蘄艾,,,WGS84,122.105349,25.484834,0.000001,400,社團法人基隆市野鳥學會,,,,,,,,,,,1994-00-00
KL_Plant_0000041,1994-00-00_棉花嶼_植物_全島_0023,1994,1994,,,,HumanObservation,Asia,Taiwan,棉花嶼,,Emilia sonchifolia,species,紫背草,,,WGS84,122.105349,25.484834,0.000001,400,社團法人基隆市野鳥學會,,,,,,,,,,,1994-00-00
KL_Plant_0000043,1994-00-00_棉花嶼_植物_全島_0024,1994,1994,,,,HumanObservation,Asia,Taiwan,棉花嶼,,Gnaphalium affine,species,鼠麴草,,,WGS84,122.105349,25.484834,0.000001,400,社團法人基隆市野鳥學會,,,,,,,,,,,1994-00-00
KL_Plant_0000045,1994-00-00_棉花嶼_植物_全島_0025,1994,1994,,,,HumanObservation,Asia,Taiwan,棉花嶼,,Gnaphalium purpureum,species,鼠麴舅,,,WGS84,122.105349,25.484834,0.000001,400,社團法人基隆市野鳥學會,,,,,,,,,,,1994-00-00
KL_Plant_0000062,1994-00-00_棉花嶼_植物_全島_0026,1994,1994,,,,HumanObservation,Asia,Taiwan,棉花嶼,,Fimbristylis cymosa,species,乾溝飄拂草,,,WGS84,122.105349,25.484834,0.000001,400,社團法人基隆市野鳥學會,,,,,,,,,,,1994-00-00
KL_Plant_0000064,1994-00-00_棉花嶼_植物_全島_0027,1994,1994,,,,HumanObservation,Asia,Taiwan,棉花嶼,,Cyperus serotinus,species,水莎草,,,WGS84,122.105349,25.484834,0.000001,400,社團法人基隆市野鳥學會,,,,,,,,,,,1994-00-00
KL_Plant_0000066,1994-00-00_棉花嶼_植物_全島_0028,1994,1994,,,,HumanObservation,Asia,Taiwan,棉花嶼,,Brachiaria villosa,species,毛臂形草,,,WGS84,122.105349,25.484834,0.000001,400,社團法人基隆市野鳥學會,,,,,,,,,,,1994-00-00
KL_Plant_0000068,1994-00-00_棉花嶼_植物_全島_0029,1994,1994,,,,HumanObservation,Asia,Taiwan,棉花嶼,,Digitaria fauriei,species,佛歐里馬唐,,,WGS84,122.105349,25.484834,0.000001,400,社團法人基隆市野鳥學會,,,,,,,,,,,1994-00-00
KL_Plant_0000072,1994-00-00_棉花嶼_植物_全島_0030,1994,1994,,,,HumanObservation,Asia,Taiwan,棉花嶼,,Digitaria mollicoma,species,絨馬唐,,,WGS84,122.105349,25.484834,0.000001,400,社團法人基隆市野鳥學會,,,,,,,,,,,1994-00-00
KL_Plant_0000082,1994-00-00_棉花嶼_植物_全島_0031,1994,1994,,,,HumanObservation,Asia,Taiwan,棉花嶼,,Eleusine indica,species,牛筋草,,,WGS84,122.105349,25.484834,0.000001,400,社團法人基隆市野鳥學會,,,,,,,,,,,1994-00-00
KL_Plant_0000083,1994-00-00_棉花嶼_植物_全島_0032,1994,1994,,,,HumanObservation,Asia,Taiwan,棉花嶼,,Setaria geniculata,species,莠狗尾草,,,WGS84,122.105349,25.484834,0.000001,400,社團法人基隆市野鳥學會,,,,,,,,,,,1994-00-00
KL_Plant_0000084,1994-00-00_棉花嶼_植物_全島_0033,1994,1994,,,,HumanObservation,Asia,Taiwan,棉花嶼,,Setaria viridis,species,狗尾草,,,WGS84,122.105349,25.484834,0.000001,400,社團法人基隆市野鳥學會,,,,,,,,,,,1994-00-00
KL_Plant_0000085,1994-00-00_棉花嶼_植物_全島_0034,1994,1994,,,,HumanObservation,Asia,Taiwan,棉花嶼,,Lepturus repens,species,細穗草,,,WGS84,122.105349,25.484834,0.000001,400,社團法人基隆市野鳥學會,,,,,,,,,,,1994-00-00
KL_Plant_0000086,1994-00-00_棉花嶼_植物_全島_0035,1994,1994,,,,HumanObservation,Asia,Taiwan,棉花嶼,,Zoysia japonica,species,日本芝,,,WGS84,122.105349,25.484834,0.000001,400,社團法人基隆市野鳥學會,,,,,,,,,,,1994-00-00
KL_Plant_0000088,1994-00-00_棉花嶼_植物_全島_0036,1994,1994,,,,HumanObservation,Asia,Taiwan,棉花嶼,,Zoysia tenuifolia,species,高麗芝,,,WGS84,122.105349,25.484834,0.000001,400,社團法人基隆市野鳥學會,,,,,,,,,,,1994-00-00
KL_Plant_0000001,1997-00-00_棉花嶼_植物_全島_0037,1997,1997,,,,HumanObservation,Asia,Taiwan,棉花嶼,,Cyrtomium falcatum,species,全緣貫眾蕨,,,WGS84,122.105349,25.484834,0.000001,400,社團法人基隆市野鳥學會,,,,,,,,,,,1997-00-00
KL_Plant_0000002,1997-00-00_棉花嶼_植物_全島_0038,1997,1997,,,,HumanObservation,Asia,Taiwan,棉花嶼,,Pteris fauriei var. fauriei,varietas,傅氏鳳尾蕨,,,WGS84,122.105349,25.484834,0.000001,400,社團法人基隆市野鳥學會,,,,,,,,,,,1997-00-00
KL_Plant_0000006,1997-00-00_棉花嶼_植物_全島_0039,1997,1997,,,,HumanObservation,Asia,Taiwan,棉花嶼,,Tetragonia tetragonoides,species,番杏,,,WGS84,122.105349,25.484834,0.000001,400,社團法人基隆市野鳥學會,,,,,,,,,,,1997-00-00
KL_Plant_0000007,1997-00-00_棉花嶼_植物_全島_0040,1997,1997,,,,HumanObservation,Asia,Taiwan,棉花嶼,,Sagina japonica,species,瓜槌草,,,WGS84,122.105349,25.484834,0.000001,400,社團法人基隆市野鳥學會,,,,,,,,,,,1997-00-00
KL_Plant_0000009,1997-00-00_棉花嶼_植物_全島_0041,1997,1997,,,,HumanObservation,Asia,Taiwan,棉花嶼,,Persicaria chinensis,species,火炭母草,,,WGS84,122.105349,25.484834,0.000001,400,社團法人基隆市野鳥學會,,,,,,,,,,,1997-00-00
KL_Plant_0000010,1997-00-00_棉花嶼_植物_全島_0042,1997,1997,,,,HumanObservation,Asia,Taiwan,棉花嶼,,Rumex crispus,species,羊蹄,,,WGS84,122.105349,25.484834,0.000001,400,社團法人基隆市野鳥學會,,,,,,,,,,,1997-00-00
KL_Plant_0000012,1997-00-00_棉花嶼_植物_全島_0043,1997,1997,,,,HumanObservation,Asia,Taiwan,棉花嶼,,Boerhavia diffusa,species,黃細心,,,WGS84,122.105349,25.484834,0.000001,400,社團法人基隆市野鳥學會,,,,,,,,,,,1997-00-00
KL_Plant_0000014,1997-00-00_棉花嶼_植物_全島_0044,1997,1997,,,,HumanObservation,Asia,Taiwan,棉花嶼,,Portulaca oleracea,species,馬齒莧,,,WGS84,122.105349,25.484834,0.000001,400,社團法人基隆市野鳥學會,,,,,,,,,,,1997-00-00
KL_Plant_0000015,1997-00-00_棉花嶼_植物_全島_0045,1997,1997,,,,HumanObservation,Asia,Taiwan,棉花嶼,,Portulaca pilosa,species,毛馬齒莧,,,WGS84,122.105349,25.484834,0.000001,400,社團法人基隆市野鳥學會,,,,,,,,,,,1997-00-00
KL_Plant_0000016,1997-00-00_棉花嶼_植物_全島_0046,1997,1997,,,,HumanObservation,Asia,Taiwan,棉花嶼,,Chenopodium acuminatum,species,變葉藜,,,WGS84,122.105349,25.484834,0.000001,400,社團法人基隆市野鳥學會,,,,,,,,,,,1997-00-00
KL_Plant_0000019,1997-00-00_棉花嶼_植物_全島_0047,1997,1997,,,,HumanObservation,Asia,Taiwan,棉花嶼,,Sedum formosanum,species,台灣佛甲草（石板菜）,,,WGS84,122.105349,25.484834,0.000001,400,社團法人基隆市野鳥學會,,,,,,,,,,,1997-00-00
KL_Plant_0000020,1997-00-00_棉花嶼_植物_全島_0048,1997,1997,,,,HumanObservation,Asia,Taiwan,棉花嶼,,Oxalis corniculata,species,酢漿草,,,WGS84,122.105349,25.484834,0.000001,400,社團法人基隆市野鳥學會,,,,,,,,,,,1997-00-00
KL_Plant_0000021,1997-00-00_棉花嶼_植物_全島_0049,1997,1997,,,,HumanObservation,Asia,Taiwan,棉花嶼,,Centella asiatica,species,雷公根,,,WGS84,122.105349,25.484834,0.000001,400,社團法人基隆市野鳥學會,,,,,,,,,,,1997-00-00
KL_Plant_0000023,1997-00-00_棉花嶼_植物_全島_0050,1997,1997,,,,HumanObservation,Asia,Taiwan,棉花嶼,,Lysimachia mauritiana,species,茅毛珍珠菜,,,WGS84,122.105349,25.484834,0.000001,400,社團法人基隆市野鳥學會,,,,,,,,,,,1997-00-00
KL_Plant_0000024,1997-00-00_棉花嶼_植物_全島_0051,1997,1997,,,,HumanObservation,Asia,Taiwan,棉花嶼,,Hedyotis strigulosa,species,脈耳草,,,WGS84,122.105349,25.484834,0.000001,400,社團法人基隆市野鳥學會,,,,,,,,,,,1997-00-00
KL_Plant_0000026,1997-00-00_棉花嶼_植物_全島_0052,1997,1997,,,,HumanObservation,Asia,Taiwan,棉花嶼,,Cuscuta australis,species,菟絲子,,,WGS84,122.105349,25.484834,0.000001,400,社團法人基隆市野鳥學會,,,,,,,,,,,1997-00-00
KL_Plant_0000027,1997-00-00_棉花嶼_植物_全島_0053,1997,1997,,,,HumanObservation,Asia,Taiwan,棉花嶼,,Dichondra micrantha,species,馬蹄金,,,WGS84,122.105349,25.484834,0.000001,400,社團法人基隆市野鳥學會,,,,,,,,,,,1997-00-00
KL_Plant_0000028,1997-00-00_棉花嶼_植物_全島_0054,1997,1997,,,,HumanObservation,Asia,Taiwan,棉花嶼,,Ipomoea obscura,species,馬鞍藤,,,WGS84,122.105349,25.484834,0.000001,400,社團法人基隆市野鳥學會,,,,,,,,,,,1997-00-00
KL_Plant_0000030,1997-00-00_棉花嶼_植物_全島_0055,1997,1997,,,,HumanObservation,Asia,Taiwan,棉花嶼,,Leonurus japonicus,species,益母草,,,WGS84,122.105349,25.484834,0.000001,400,社團法人基隆市野鳥學會,,,,,,,,,,,1997-00-00
KL_Plant_0000031,1997-00-00_棉花嶼_植物_全島_0056,1997,1997,,,,HumanObservation,Asia,Taiwan,棉花嶼,,Leucas mollissima,species,白花草,,,WGS84,122.105349,25.484834,0.000001,400,社團法人基隆市野鳥學會,,,,,,,,,,,1997-00-00
KL_Plant_0000040,1997-00-00_棉花嶼_植物_全島_0057,1997,1997,,,,HumanObservation,Asia,Taiwan,棉花嶼,,Crossostephium chinense,species,蘄艾,,,WGS84,122.105349,25.484834,0.000001,400,社團法人基隆市野鳥學會,,,,,,,,,,,1997-00-00
KL_Plant_0000041,1997-00-00_棉花嶼_植物_全島_0058,1997,1997,,,,HumanObservation,Asia,Taiwan,棉花嶼,,Emilia sonchifolia,species,紫背草,,,WGS84,122.105349,25.484834,0.000001,400,社團法人基隆市野鳥學會,,,,,,,,,,,1997-00-00
KL_Plant_0000042,1997-00-00_棉花嶼_植物_全島_0059,1997,1997,,,,HumanObservation,Asia,Taiwan,棉花嶼,,Erigeron bonariensis,species,野塘蒿,,,WGS84,122.105349,25.484834,0.000001,400,社團法人基隆市野鳥學會,,,,,,,,,,,1997-00-00
KL_Plant_0000043,1997-00-00_棉花嶼_植物_全島_0060,1997,1997,,,,HumanObservation,Asia,Taiwan,棉花嶼,,Gnaphalium affine,species,鼠麴草,,,WGS84,122.105349,25.484834,0.000001,400,社團法人基隆市野鳥學會,,,,,,,,,,,1997-00-00
KL_Plant_0000045,1997-00-00_棉花嶼_植物_全島_0061,1997,1997,,,,HumanObservation,Asia,Taiwan,棉花嶼,,Gnaphalium purpureum,species,鼠麴舅,,,WGS84,122.105349,25.484834,0.000001,400,社團法人基隆市野鳥學會,,,,,,,,,,,1997-00-00
KL_Plant_0000046,1997-00-00_棉花嶼_植物_全島_0062,1997,1997,,,,HumanObservation,Asia,Taiwan,棉花嶼,,Lactuca sororia,species,山萵苣,,,WGS84,122.105349,25.484834,0.000001,400,社團法人基隆市野鳥學會,,,,,,,,,,,1997-00-00
KL_Plant_0000055,1997-00-00_棉花嶼_植物_全島_0063,1997,1997,,,,HumanObservation,Asia,Taiwan,棉花嶼,,Canavalia rosea,species,濱刀豆,,,WGS84,122.105349,25.484834,0.000001,400,社團法人基隆市野鳥學會,,,,,,,,,,,1997-00-00
KL_Plant_0000062,1997-00-00_棉花嶼_植物_全島_0064,1997,1997,,,,HumanObservation,Asia,Taiwan,棉花嶼,,Fimbristylis cymosa,species,乾溝飄拂草,,,WGS84,122.105349,25.484834,0.000001,400,社團法人基隆市野鳥學會,,,,,,,,,,,1997-00-00
KL_Plant_0000071,1997-00-00_棉花嶼_植物_全島_0065,1997,1997,,,,HumanObservation,Asia,Taiwan,棉花嶼,,Digitaria magna,species,大絨馬唐,,,WGS84,122.105349,25.484834,0.000001,400,社團法人基隆市野鳥學會,,,,,,,,,,,1997-00-00
KL_Plant_0000088,1997-00-00_棉花嶼_植物_全島_0066,1997,1997,,,,HumanObservation,Asia,Taiwan,棉花嶼,,Zoysia tenuifolia,species,高麗芝,,,WGS84,122.105349,25.484834,0.000001,400,社團法人基隆市野鳥學會,,,,,,,,,,,1997-00-00
KL_Plant_0000002,2005-00-00_棉花嶼_植物_全島_0067,2005,2005,,,,HumanObservation,Asia,Taiwan,棉花嶼,,Pteris fauriei var. fauriei,varietas,傅氏鳳尾蕨,,,WGS84,122.105349,25.484834,0.000001,400,社團法人基隆市野鳥學會,,,,,,,,,,,2005-00-00
KL_Plant_0000006,2005-00-00_棉花嶼_植物_全島_0068,2005,2005,,,,HumanObservation,Asia,Taiwan,棉花嶼,,Tetragonia tetragonoides,species,番杏,,,WGS84,122.105349,25.484834,0.000001,400,社團法人基隆市野鳥學會,,,,,,,,,,,2005-00-00
KL_Plant_0000009,2005-00-00_棉花嶼_植物_全島_0069,2005,2005,,,,HumanObservation,Asia,Taiwan,棉花嶼,,Persicaria chinensis,species,火炭母草,,,WGS84,122.105349,25.484834,0.000001,400,社團法人基隆市野鳥學會,,,,,,,,,,,2005-00-00
KL_Plant_0000010,2005-00-00_棉花嶼_植物_全島_0070,2005,2005,,,,HumanObservation,Asia,Taiwan,棉花嶼,,Rumex crispus,species,羊蹄,,,WGS84,122.105349,25.484834,0.000001,400,社團法人基隆市野鳥學會,,,,,,,,,,,2005-00-00
KL_Plant_0000012,2005-00-00_棉花嶼_植物_全島_0071,2005,2005,,,,HumanObservation,Asia,Taiwan,棉花嶼,,Boerhavia diffusa,species,黃細心,,,WGS84,122.105349,25.484834,0.000001,400,社團法人基隆市野鳥學會,,,,,,,,,,,2005-00-00
KL_Plant_0000014,2005-00-00_棉花嶼_植物_全島_0072,2005,2005,,,,HumanObservation,Asia,Taiwan,棉花嶼,,Portulaca oleracea,species,馬齒莧,,,WGS84,122.105349,25.484834,0.000001,400,社團法人基隆市野鳥學會,,,,,,,,,,,2005-00-00
KL_Plant_0000015,2005-00-00_棉花嶼_植物_全島_0073,2005,2005,,,,HumanObservation,Asia,Taiwan,棉花嶼,,Portulaca pilosa,species,毛馬齒莧,,,WGS84,122.105349,25.484834,0.000001,400,社團法人基隆市野鳥學會,,,,,,,,,,,2005-00-00
KL_Plant_0000016,2005-00-00_棉花嶼_植物_全島_0074,2005,2005,,,,HumanObservation,Asia,Taiwan,棉花嶼,,Chenopodium acuminatum,species,變葉藜,,,WGS84,122.105349,25.484834,0.000001,400,社團法人基隆市野鳥學會,,,,,,,,,,,2005-00-00
KL_Plant_0000019,2005-00-00_棉花嶼_植物_全島_0075,2005,2005,,,,HumanObservation,Asia,Taiwan,棉花嶼,,Sedum formosanum,species,台灣佛甲草（石板菜）,,,WGS84,122.105349,25.484834,0.000001,400,社團法人基隆市野鳥學會,,,,,,,,,,,2005-00-00
KL_Plant_0000020,2005-00-00_棉花嶼_植物_全島_0076,2005,2005,,,,HumanObservation,Asia,Taiwan,棉花嶼,,Oxalis corniculata,species,酢漿草,,,WGS84,122.105349,25.484834,0.000001,400,社團法人基隆市野鳥學會,,,,,,,,,,,2005-00-00
KL_Plant_0000021,2005-00-00_棉花嶼_植物_全島_0077,2005,2005,,,,HumanObservation,Asia,Taiwan,棉花嶼,,Centella asiatica,species,雷公根,,,WGS84,122.105349,25.484834,0.000001,400,社團法人基隆市野鳥學會,,,,,,,,,,,2005-00-00
KL_Plant_0000023,2005-00-00_棉花嶼_植物_全島_0078,2005,2005,,,,HumanObservation,Asia,Taiwan,棉花嶼,,Lysimachia mauritiana,species,茅毛珍珠菜,,,WGS84,122.105349,25.484834,0.000001,400,社團法人基隆市野鳥學會,,,,,,,,,,,2005-00-00
KL_Plant_0000024,2005-00-00_棉花嶼_植物_全島_0079,2005,2005,,,,HumanObservation,Asia,Taiwan,棉花嶼,,Hedyotis strigulosa,species,脈耳草,,,WGS84,122.105349,25.484834,0.000001,400,社團法人基隆市野鳥學會,,,,,,,,,,,2005-00-00
KL_Plant_0000027,2005-00-00_棉花嶼_植物_全島_0080,2005,2005,,,,HumanObservation,Asia,Taiwan,棉花嶼,,Dichondra micrantha,species,馬蹄金,,,WGS84,122.105349,25.484834,0.000001,400,社團法人基隆市野鳥學會,,,,,,,,,,,2005-00-00
KL_Plant_0000028,2005-00-00_棉花嶼_植物_全島_0081,2005,2005,,,,HumanObservation,Asia,Taiwan,棉花嶼,,Ipomoea obscura,species,馬鞍藤,,,WGS84,122.105349,25.484834,0.000001,400,社團法人基隆市野鳥學會,,,,,,,,,,,2005-00-00
KL_Plant_0000030,2005-00-00_棉花嶼_植物_全島_0082,2005,2005,,,,HumanObservation,Asia,Taiwan,棉花嶼,,Leonurus japonicus,species,益母草,,,WGS84,122.105349,25.484834,0.000001,400,社團法人基隆市野鳥學會,,,,,,,,,,,2005-00-00
KL_Plant_0000040,2005-00-00_棉花嶼_植物_全島_0083,2005,2005,,,,HumanObservation,Asia,Taiwan,棉花嶼,,Crossostephium chinense,species,蘄艾,,,WGS84,122.105349,25.484834,0.000001,400,社團法人基隆市野鳥學會,,,,,,,,,,,2005-00-00
KL_Plant_0000041,2005-00-00_棉花嶼_植物_全島_0084,2005,2005,,,,HumanObservation,Asia,Taiwan,棉花嶼,,Emilia sonchifolia,species,紫背草,,,WGS84,122.105349,25.484834,0.000001,400,社團法人基隆市野鳥學會,,,,,,,,,,,2005-00-00
KL_Plant_0000048,2005-00-00_棉花嶼_植物_全島_0085,2005,2005,,,,HumanObservation,Asia,Taiwan,棉花嶼,,Sonchus oleraceus,species,苦滇菜,,,WGS84,122.105349,25.484834,0.000001,400,社團法人基隆市野鳥學會,,,,,,,,,,,2005-00-00
KL_Plant_0000052,2005-00-00_棉花嶼_植物_全島_0086,2005,2005,,,,HumanObservation,Asia,Taiwan,棉花嶼,,Youngia japonica,species,黃鵪菜,,,WGS84,122.105349,25.484834,0.000001,400,社團法人基隆市野鳥學會,,,,,,,,,,,2005-00-00
KL_Plant_0000073,2005-00-00_棉花嶼_植物_全島_0087,2005,2005,,,,HumanObservation,Asia,Taiwan,棉花嶼,,Digitaria sanguinalis,species,馬唐,,,WGS84,122.105349,25.484834,0.000001,400,社團法人基隆市野鳥學會,,,,,,,,,,,2005-00-00
KL_Plant_0000075,2005-00-00_棉花嶼_植物_全島_0088,2005,2005,,,,HumanObservation,Asia,Taiwan,棉花嶼,,Imperata cylindrica var. major,varietas,白茅,,,WGS84,122.105349,25.484834,0.000001,400,社團法人基隆市野鳥學會,,,,,,,,,,,2005-00-00
KL_Plant_0000081,2005-00-00_棉花嶼_植物_全島_0089,2005,2005,,,,HumanObservation,Asia,Taiwan,棉花嶼,,Pennisetum alopecuroides,species,狼尾草,,,WGS84,122.105349,25.484834,0.000001,400,社團法人基隆市野鳥學會,,,,,,,,,,,2005-00-00
KL_Plant_0000001,2008-00-00_棉花嶼_植物_全島_0090,2008,2008,,,,HumanObservation,Asia,Taiwan,棉花嶼,,Cyrtomium falcatum,species,全緣貫眾蕨,,,WGS84,122.105349,25.484834,0.000001,400,中華民國珊瑚礁學會,,,,,,,,,,,2008-00-00
KL_Plant_0000002,2008-00-00_棉花嶼_植物_全島_0091,2008,2008,,,,HumanObservation,Asia,Taiwan,棉花嶼,,Pteris fauriei var. fauriei,varietas,傅氏鳳尾蕨,,,WGS84,122.105349,25.484834,0.000001,400,中華民國珊瑚礁學會,,,,,,,,,,,2008-00-00
KL_Plant_0000010,2008-00-00_棉花嶼_植物_全島_0092,2008,2008,,,,HumanObservation,Asia,Taiwan,棉花嶼,,Rumex crispus,species,羊蹄,,,WGS84,122.105349,25.484834,0.000001,400,中華民國珊瑚礁學會,,,,,,,,,,,2008-00-00
KL_Plant_0000012,2008-00-00_棉花嶼_植物_全島_0093,2008,2008,,,,HumanObservation,Asia,Taiwan,棉花嶼,,Boerhavia diffusa,species,黃細心,,,WGS84,122.105349,25.484834,0.000001,400,中華民國珊瑚礁學會,,,,,,,,,,,2008-00-00
KL_Plant_0000014,2008-00-00_棉花嶼_植物_全島_0094,2008,2008,,,,HumanObservation,Asia,Taiwan,棉花嶼,,Portulaca oleracea,species,馬齒莧,,,WGS84,122.105349,25.484834,0.000001,400,中華民國珊瑚礁學會,,,,,,,,,,,2008-00-00
KL_Plant_0000015,2008-00-00_棉花嶼_植物_全島_0095,2008,2008,,,,HumanObservation,Asia,Taiwan,棉花嶼,,Portulaca pilosa,species,毛馬齒莧,,,WGS84,122.105349,25.484834,0.000001,400,中華民國珊瑚礁學會,,,,,,,,,,,2008-00-00
KL_Plant_0000016,2008-00-00_棉花嶼_植物_全島_0096,2008,2008,,,,HumanObservation,Asia,Taiwan,棉花嶼,,Chenopodium acuminatum,species,變葉藜,,,WGS84,122.105349,25.484834,0.000001,400,中華民國珊瑚礁學會,,,,,,,,,,,2008-00-00
KL_Plant_0000019,2008-00-00_棉花嶼_植物_全島_0097,2008,2008,,,,HumanObservation,Asia,Taiwan,棉花嶼,,Sedum formosanum,species,台灣佛甲草（石板菜）,,,WGS84,122.105349,25.484834,0.000001,400,中華民國珊瑚礁學會,,,,,,,,,,,2008-00-00
KL_Plant_0000020,2008-00-00_棉花嶼_植物_全島_0098,2008,2008,,,,HumanObservation,Asia,Taiwan,棉花嶼,,Oxalis corniculata,species,酢漿草,,,WGS84,122.105349,25.484834,0.000001,400,中華民國珊瑚礁學會,,,,,,,,,,,2008-00-00
KL_Plant_0000021,2008-00-00_棉花嶼_植物_全島_0099,2008,2008,,,,HumanObservation,Asia,Taiwan,棉花嶼,,Centella asiatica,species,雷公根,,,WGS84,122.105349,25.484834,0.000001,400,中華民國珊瑚礁學會,,,,,,,,,,,2008-00-00
KL_Plant_0000023,2008-00-00_棉花嶼_植物_全島_0100,2008,2008,,,,HumanObservation,Asia,Taiwan,棉花嶼,,Lysimachia mauritiana,species,茅毛珍珠菜,,,WGS84,122.105349,25.484834,0.000001,400,中華民國珊瑚礁學會,,,,,,,,,,,2008-00-00
KL_Plant_0000024,2008-00-00_棉花嶼_植物_全島_0101,2008,2008,,,,HumanObservation,Asia,Taiwan,棉花嶼,,Hedyotis strigulosa,species,脈耳草,,,WGS84,122.105349,25.484834,0.000001,400,中華民國珊瑚礁學會,,,,,,,,,,,2008-00-00
KL_Plant_0000028,2008-00-00_棉花嶼_植物_全島_0102,2008,2008,,,,HumanObservation,Asia,Taiwan,棉花嶼,,Ipomoea obscura,species,馬鞍藤,,,WGS84,122.105349,25.484834,0.000001,400,中華民國珊瑚礁學會,,,,,,,,,,,2008-00-00
KL_Plant_0000030,2008-00-00_棉花嶼_植物_全島_0103,2008,2008,,,,HumanObservation,Asia,Taiwan,棉花嶼,,Leonurus japonicus,species,益母草,,,WGS84,122.105349,25.484834,0.000001,400,中華民國珊瑚礁學會,,,,,,,,,,,2008-00-00
KL_Plant_0000032,2008-00-00_棉花嶼_植物_全島_0104,2008,2008,,,,HumanObservation,Asia,Taiwan,棉花嶼,,Corydalis racemosa,species,小花黃堇,,,WGS84,122.105349,25.484834,0.000001,400,中華民國珊瑚礁學會,,,,,,,,,,,2008-00-00
KL_Plant_0000034,2008-00-00_棉花嶼_植物_全島_0105,2008,2008,,,,HumanObservation,Asia,Taiwan,棉花嶼,,Scaevola sericea,species,草海桐,,,WGS84,122.105349,25.484834,0.000001,400,中華民國珊瑚礁學會,,,,,,,,,,,2008-00-00
KL_Plant_0000038,2008-00-00_棉花嶼_植物_全島_0106,2008,2008,,,,HumanObservation,Asia,Taiwan,棉花嶼,,Conyza canadensis,species,加拿大蓬,,,WGS84,122.105349,25.484834,0.000001,400,中華民國珊瑚礁學會,,,,,,,,,,,2008-00-00
KL_Plant_0000040,2008-00-00_棉花嶼_植物_全島_0107,2008,2008,,,,HumanObservation,Asia,Taiwan,棉花嶼,,Crossostephium chinense,species,蘄艾,,,WGS84,122.105349,25.484834,0.000001,400,中華民國珊瑚礁學會,,,,,,,,,,,2008-00-00
KL_Plant_0000041,2008-00-00_棉花嶼_植物_全島_0108,2008,2008,,,,HumanObservation,Asia,Taiwan,棉花嶼,,Emilia sonchifolia,species,紫背草,,,WGS84,122.105349,25.484834,0.000001,400,中華民國珊瑚礁學會,,,,,,,,,,,2008-00-00
KL_Plant_0000047,2008-00-00_棉花嶼_植物_全島_0109,2008,2008,,,,HumanObservation,Asia,Taiwan,棉花嶼,,Pterocypsela formosana,species,台灣山萵苣,,,WGS84,122.105349,25.484834,0.000001,400,中華民國珊瑚礁學會,,,,,,,,,,,2008-00-00
KL_Plant_0000049,2008-00-00_棉花嶼_植物_全島_0110,2008,2008,,,,HumanObservation,Asia,Taiwan,棉花嶼,,Wedelia biflora,species,雙花蟛蜞菊,,,WGS84,122.105349,25.484834,0.000001,400,中華民國珊瑚礁學會,,,,,,,,,,,2008-00-00
KL_Plant_0000050,2008-00-00_棉花嶼_植物_全島_0111,2008,2008,,,,HumanObservation,Asia,Taiwan,棉花嶼,,Wedelia prostrata var. prostrata,varietas,天蓬草舅,,,WGS84,122.105349,25.484834,0.000001,400,中華民國珊瑚礁學會,,,,,,,,,,,2008-00-00
KL_Plant_0000052,2008-00-00_棉花嶼_植物_全島_0112,2008,2008,,,,HumanObservation,Asia,Taiwan,棉花嶼,,Youngia japonica,species,黃鵪菜,,,WGS84,122.105349,25.484834,0.000001,400,中華民國珊瑚礁學會,,,,,,,,,,,2008-00-00
KL_Plant_0000053,2008-00-00_棉花嶼_植物_全島_0113,2008,2008,,,,HumanObservation,Asia,Taiwan,棉花嶼,,Oenothera laciniata,species,裂葉月見草,,,WGS84,122.105349,25.484834,0.000001,400,中華民國珊瑚礁學會,,,,,,,,,,,2008-00-00
KL_Plant_0000054,2008-00-00_棉花嶼_植物_全島_0114,2008,2008,,,,HumanObservation,Asia,Taiwan,棉花嶼,,Raphanus sativus,species,濱蘿蔔,,,WGS84,122.105349,25.484834,0.000001,400,中華民國珊瑚礁學會,,,,,,,,,,,2008-00-00
KL_Plant_0000055,2008-00-00_棉花嶼_植物_全島_0115,2008,2008,,,,HumanObservation,Asia,Taiwan,棉花嶼,,Canavalia rosea,species,濱刀豆,,,WGS84,122.105349,25.484834,0.000001,400,中華民國珊瑚礁學會,,,,,,,,,,,2008-00-00
KL_Plant_0000056,2008-00-00_棉花嶼_植物_全島_0116,2008,2008,,,,HumanObservation,Asia,Taiwan,棉花嶼,,Vigna marina,species,濱豇豆,,,WGS84,122.105349,25.484834,0.000001,400,中華民國珊瑚礁學會,,,,,,,,,,,2008-00-00
KL_Plant_0000058,2008-00-00_棉花嶼_植物_全島_0117,2008,2008,,,,HumanObservation,Asia,Taiwan,棉花嶼,,Commelina communis,species,鴨跖草,,,WGS84,122.105349,25.484834,0.000001,400,中華民國珊瑚礁學會,,,,,,,,,,,2008-00-00
KL_Plant_0000061,2008-00-00_棉花嶼_植物_全島_0118,2008,2008,,,,HumanObservation,Asia,Taiwan,棉花嶼,,Cyperus polystachyos,species,多柱扁莎,,,WGS84,122.105349,25.484834,0.000001,400,中華民國珊瑚礁學會,,,,,,,,,,,2008-00-00
KL_Plant_0000065,2008-00-00_棉花嶼_植物_全島_0119,2008,2008,,,,HumanObservation,Asia,Taiwan,棉花嶼,,Kyllinga brevifolia,species,短葉水蜈蚣,,,WGS84,122.105349,25.484834,0.000001,400,中華民國珊瑚礁學會,,,,,,,,,,,2008-00-00
KL_Plant_0000067,2008-00-00_棉花嶼_植物_全島_0120,2008,2008,,,,HumanObservation,Asia,Taiwan,棉花嶼,,Cynodon dactylon,species,狗牙根,,,WGS84,122.105349,25.484834,0.000001,400,中華民國珊瑚礁學會,,,,,,,,,,,2008-00-00
KL_Plant_0000074,2008-00-00_棉花嶼_植物_全島_0121,2008,2008,,,,HumanObservation,Asia,Taiwan,棉花嶼,,Digitaria sericea,species,絹毛馬唐,,,WGS84,122.105349,25.484834,0.000001,400,中華民國珊瑚礁學會,,,,,,,,,,,2008-00-00
KL_Plant_0000075,2008-00-00_棉花嶼_植物_全島_0122,2008,2008,,,,HumanObservation,Asia,Taiwan,棉花嶼,,Imperata cylindrica var. major,varietas,白茅,,,WGS84,122.105349,25.484834,0.000001,400,中華民國珊瑚礁學會,,,,,,,,,,,2008-00-00
KL_Plant_0000076,2008-00-00_棉花嶼_植物_全島_0123,2008,2008,,,,HumanObservation,Asia,Taiwan,棉花嶼,,Paspalum dilatatum,species,毛花雀稗,,,WGS84,122.105349,25.484834,0.000001,400,中華民國珊瑚礁學會,,,,,,,,,,,2008-00-00
KL_Plant_0000077,2008-00-00_棉花嶼_植物_全島_0124,2008,2008,,,,HumanObservation,Asia,Taiwan,棉花嶼,,Paspalum distichum,species,雙穗雀稗,,,WGS84,122.105349,25.484834,0.000001,400,中華民國珊瑚礁學會,,,,,,,,,,,2008-00-00
KL_Plant_0000080,2008-00-00_棉花嶼_植物_全島_0125,2008,2008,,,,HumanObservation,Asia,Taiwan,棉花嶼,,Paspalum vaginatum,species,海雀稗,,,WGS84,122.105349,25.484834,0.000001,400,中華民國珊瑚礁學會,,,,,,,,,,,2008-00-00
KL_Plant_0000083,2008-00-00_棉花嶼_植物_全島_0126,2008,2008,,,,HumanObservation,Asia,Taiwan,棉花嶼,,Setaria geniculata,species,莠狗尾草,,,WGS84,122.105349,25.484834,0.000001,400,中華民國珊瑚礁學會,,,,,,,,,,,2008-00-00
KL_Plant_0000001,2009-00-00_棉花嶼_植物_全島_0127,2009,2009,,,,HumanObservation,Asia,Taiwan,棉花嶼,,Cyrtomium falcatum,species,全緣貫眾蕨,,,WGS84,122.105349,25.484834,0.000001,400,社團法人基隆市野鳥學會,,,,,,,,,,,2009-00-00
KL_Plant_0000002,2009-00-00_棉花嶼_植物_全島_0128,2009,2009,,,,HumanObservation,Asia,Taiwan,棉花嶼,,Pteris fauriei var. fauriei,varietas,傅氏鳳尾蕨,,,WGS84,122.105349,25.484834,0.000001,400,社團法人基隆市野鳥學會,,,,,,,,,,,2009-00-00
KL_Plant_0000008,2009-00-00_棉花嶼_植物_全島_0129,2009,2009,,,,HumanObservation,Asia,Taiwan,棉花嶼,,Morus australis,species,小葉桑,,,WGS84,122.105349,25.484834,0.000001,400,社團法人基隆市野鳥學會,,,,,,,,,,,2009-00-00
KL_Plant_0000010,2009-00-00_棉花嶼_植物_全島_0130,2009,2009,,,,HumanObservation,Asia,Taiwan,棉花嶼,,Rumex crispus,species,羊蹄,,,WGS84,122.105349,25.484834,0.000001,400,社團法人基隆市野鳥學會,,,,,,,,,,,2009-00-00
KL_Plant_0000012,2009-00-00_棉花嶼_植物_全島_0131,2009,2009,,,,HumanObservation,Asia,Taiwan,棉花嶼,,Boerhavia diffusa,species,黃細心,,,WGS84,122.105349,25.484834,0.000001,400,社團法人基隆市野鳥學會,,,,,,,,,,,2009-00-00
KL_Plant_0000015,2009-00-00_棉花嶼_植物_全島_0132,2009,2009,,,,HumanObservation,Asia,Taiwan,棉花嶼,,Portulaca pilosa,species,毛馬齒莧,,,WGS84,122.105349,25.484834,0.000001,400,社團法人基隆市野鳥學會,,,,,,,,,,,2009-00-00
KL_Plant_0000016,2009-00-00_棉花嶼_植物_全島_0133,2009,2009,,,,HumanObservation,Asia,Taiwan,棉花嶼,,Chenopodium acuminatum,species,變葉藜,,,WGS84,122.105349,25.484834,0.000001,400,社團法人基隆市野鳥學會,,,,,,,,,,,2009-00-00
KL_Plant_0000019,2009-00-00_棉花嶼_植物_全島_0134,2009,2009,,,,HumanObservation,Asia,Taiwan,棉花嶼,,Sedum formosanum,species,台灣佛甲草（石板菜）,,,WGS84,122.105349,25.484834,0.000001,400,社團法人基隆市野鳥學會,,,,,,,,,,,2009-00-00
KL_Plant_0000020,2009-00-00_棉花嶼_植物_全島_0135,2009,2009,,,,HumanObservation,Asia,Taiwan,棉花嶼,,Oxalis corniculata,species,酢漿草,,,WGS84,122.105349,25.484834,0.000001,400,社團法人基隆市野鳥學會,,,,,,,,,,,2009-00-00
KL_Plant_0000021,2009-00-00_棉花嶼_植物_全島_0136,2009,2009,,,,HumanObservation,Asia,Taiwan,棉花嶼,,Centella asiatica,species,雷公根,,,WGS84,122.105349,25.484834,0.000001,400,社團法人基隆市野鳥學會,,,,,,,,,,,2009-00-00
KL_Plant_0000023,2009-00-00_棉花嶼_植物_全島_0137,2009,2009,,,,HumanObservation,Asia,Taiwan,棉花嶼,,Lysimachia mauritiana,species,茅毛珍珠菜,,,WGS84,122.105349,25.484834,0.000001,400,社團法人基隆市野鳥學會,,,,,,,,,,,2009-00-00
KL_Plant_0000024,2009-00-00_棉花嶼_植物_全島_0138,2009,2009,,,,HumanObservation,Asia,Taiwan,棉花嶼,,Hedyotis strigulosa,species,脈耳草,,,WGS84,122.105349,25.484834,0.000001,400,社團法人基隆市野鳥學會,,,,,,,,,,,2009-00-00
KL_Plant_0000028,2009-00-00_棉花嶼_植物_全島_0139,2009,2009,,,,HumanObservation,Asia,Taiwan,棉花嶼,,Ipomoea obscura,species,馬鞍藤,,,WGS84,122.105349,25.484834,0.000001,400,社團法人基隆市野鳥學會,,,,,,,,,,,2009-00-00
KL_Plant_0000030,2009-00-00_棉花嶼_植物_全島_0140,2009,2009,,,,HumanObservation,Asia,Taiwan,棉花嶼,,Leonurus japonicus,species,益母草,,,WGS84,122.105349,25.484834,0.000001,400,社團法人基隆市野鳥學會,,,,,,,,,,,2009-00-00
KL_Plant_0000032,2009-00-00_棉花嶼_植物_全島_0141,2009,2009,,,,HumanObservation,Asia,Taiwan,棉花嶼,,Corydalis racemosa,species,小花黃堇,,,WGS84,122.105349,25.484834,0.000001,400,社團法人基隆市野鳥學會,,,,,,,,,,,2009-00-00
KL_Plant_0000034,2009-00-00_棉花嶼_植物_全島_0142,2009,2009,,,,HumanObservation,Asia,Taiwan,棉花嶼,,Scaevola sericea,species,草海桐,,,WGS84,122.105349,25.484834,0.000001,400,社團法人基隆市野鳥學會,,,,,,,,,,,2009-00-00
KL_Plant_0000035,2009-00-00_棉花嶼_植物_全島_0143,2009,2009,,,,HumanObservation,Asia,Taiwan,棉花嶼,,Artemisia capillaris,species,茵陳蒿,,,WGS84,122.105349,25.484834,0.000001,400,社團法人基隆市野鳥學會,,,,,,,,,,,2009-00-00
KL_Plant_0000038,2009-00-00_棉花嶼_植物_全島_0144,2009,2009,,,,HumanObservation,Asia,Taiwan,棉花嶼,,Conyza canadensis,species,加拿大蓬,,,WGS84,122.105349,25.484834,0.000001,400,社團法人基隆市野鳥學會,,,,,,,,,,,2009-00-00
KL_Plant_0000040,2009-00-00_棉花嶼_植物_全島_0145,2009,2009,,,,HumanObservation,Asia,Taiwan,棉花嶼,,Crossostephium chinense,species,蘄艾,,,WGS84,122.105349,25.484834,0.000001,400,社團法人基隆市野鳥學會,,,,,,,,,,,2009-00-00
KL_Plant_0000041,2009-00-00_棉花嶼_植物_全島_0146,2009,2009,,,,HumanObservation,Asia,Taiwan,棉花嶼,,Emilia sonchifolia,species,紫背草,,,WGS84,122.105349,25.484834,0.000001,400,社團法人基隆市野鳥學會,,,,,,,,,,,2009-00-00
KL_Plant_0000050,2009-00-00_棉花嶼_植物_全島_0147,2009,2009,,,,HumanObservation,Asia,Taiwan,棉花嶼,,Wedelia prostrata var. prostrata,varietas,天蓬草舅,,,WGS84,122.105349,25.484834,0.000001,400,社團法人基隆市野鳥學會,,,,,,,,,,,2009-00-00
KL_Plant_0000054,2009-00-00_棉花嶼_植物_全島_0148,2009,2009,,,,HumanObservation,Asia,Taiwan,棉花嶼,,Raphanus sativus,species,濱蘿蔔,,,WGS84,122.105349,25.484834,0.000001,400,社團法人基隆市野鳥學會,,,,,,,,,,,2009-00-00
KL_Plant_0000056,2009-00-00_棉花嶼_植物_全島_0149,2009,2009,,,,HumanObservation,Asia,Taiwan,棉花嶼,,Vigna marina,species,濱豇豆,,,WGS84,122.105349,25.484834,0.000001,400,社團法人基隆市野鳥學會,,,,,,,,,,,2009-00-00
KL_Plant_0000059,2009-00-00_棉花嶼_植物_全島_0150,2009,2009,,,,HumanObservation,Asia,Taiwan,棉花嶼,,Commelina diffusa,species,竹仔菜,,,WGS84,122.105349,25.484834,0.000001,400,社團法人基隆市野鳥學會,,,,,,,,,,,2009-00-00
KL_Plant_0000061,2009-00-00_棉花嶼_植物_全島_0151,2009,2009,,,,HumanObservation,Asia,Taiwan,棉花嶼,,Cyperus polystachyos,species,多柱扁莎,,,WGS84,122.105349,25.484834,0.000001,400,社團法人基隆市野鳥學會,,,,,,,,,,,2009-00-00
KL_Plant_0000062,2009-00-00_棉花嶼_植物_全島_0152,2009,2009,,,,HumanObservation,Asia,Taiwan,棉花嶼,,Fimbristylis cymosa,species,乾溝飄拂草,,,WGS84,122.105349,25.484834,0.000001,400,社團法人基隆市野鳥學會,,,,,,,,,,,2009-00-00
KL_Plant_0000067,2009-00-00_棉花嶼_植物_全島_0153,2009,2009,,,,HumanObservation,Asia,Taiwan,棉花嶼,,Cynodon dactylon,species,狗牙根,,,WGS84,122.105349,25.484834,0.000001,400,社團法人基隆市野鳥學會,,,,,,,,,,,2009-00-00
KL_Plant_0000072,2009-00-00_棉花嶼_植物_全島_0154,2009,2009,,,,HumanObservation,Asia,Taiwan,棉花嶼,,Digitaria mollicoma,species,絨馬唐,,,WGS84,122.105349,25.484834,0.000001,400,社團法人基隆市野鳥學會,,,,,,,,,,,2009-00-00
KL_Plant_0000074,2009-00-00_棉花嶼_植物_全島_0155,2009,2009,,,,HumanObservation,Asia,Taiwan,棉花嶼,,Digitaria sericea,species,絹毛馬唐,,,WGS84,122.105349,25.484834,0.000001,400,社團法人基隆市野鳥學會,,,,,,,,,,,2009-00-00
KL_Plant_0000075,2009-00-00_棉花嶼_植物_全島_0156,2009,2009,,,,HumanObservation,Asia,Taiwan,棉花嶼,,Imperata cylindrica var. major,varietas,白茅,,,WGS84,122.105349,25.484834,0.000001,400,社團法人基隆市野鳥學會,,,,,,,,,,,2009-00-00
KL_Plant_0000076,2009-00-00_棉花嶼_植物_全島_0157,2009,2009,,,,HumanObservation,Asia,Taiwan,棉花嶼,,Paspalum dilatatum,species,毛花雀稗,,,WGS84,122.105349,25.484834,0.000001,400,社團法人基隆市野鳥學會,,,,,,,,,,,2009-00-00
KL_Plant_0000077,2009-00-00_棉花嶼_植物_全島_0158,2009,2009,,,,HumanObservation,Asia,Taiwan,棉花嶼,,Paspalum distichum,species,雙穗雀稗,,,WGS84,122.105349,25.484834,0.000001,400,社團法人基隆市野鳥學會,,,,,,,,,,,2009-00-00
KL_Plant_0000001,2010-00-00_棉花嶼_植物_全島_0159,2010,2010,,,,HumanObservation,Asia,Taiwan,棉花嶼,,Cyrtomium falcatum,species,全緣貫眾蕨,,,WGS84,122.105349,25.484834,0.000001,400,社團法人基隆市野鳥學會,,,,,,,,,,,2010-00-00
KL_Plant_0000002,2010-00-00_棉花嶼_植物_全島_0160,2010,2010,,,,HumanObservation,Asia,Taiwan,棉花嶼,,Pteris fauriei var. fauriei,varietas,傅氏鳳尾蕨,,,WGS84,122.105349,25.484834,0.000001,400,社團法人基隆市野鳥學會,,,,,,,,,,,2010-00-00
KL_Plant_0000007,2010-00-00_棉花嶼_植物_全島_0161,2010,2010,,,,HumanObservation,Asia,Taiwan,棉花嶼,,Sagina japonica,species,瓜槌草,,,WGS84,122.105349,25.484834,0.000001,400,社團法人基隆市野鳥學會,,,,,,,,,,,2010-00-00
KL_Plant_0000008,2010-00-00_棉花嶼_植物_全島_0162,2010,2010,,,,HumanObservation,Asia,Taiwan,棉花嶼,,Morus australis,species,小葉桑,,,WGS84,122.105349,25.484834,0.000001,400,社團法人基隆市野鳥學會,,,,,,,,,,,2010-00-00
KL_Plant_0000009,2010-00-00_棉花嶼_植物_全島_0163,2010,2010,,,,HumanObservation,Asia,Taiwan,棉花嶼,,Persicaria chinensis,species,火炭母草,,,WGS84,122.105349,25.484834,0.000001,400,社團法人基隆市野鳥學會,,,,,,,,,,,2010-00-00
KL_Plant_0000010,2010-00-00_棉花嶼_植物_全島_0164,2010,2010,,,,HumanObservation,Asia,Taiwan,棉花嶼,,Rumex crispus,species,羊蹄,,,WGS84,122.105349,25.484834,0.000001,400,社團法人基隆市野鳥學會,,,,,,,,,,,2010-00-00
KL_Plant_0000011,2010-00-00_棉花嶼_植物_全島_0165,2010,2010,,,,HumanObservation,Asia,Taiwan,棉花嶼,,Cocculus orbiculatus,species,木防己,,,WGS84,122.105349,25.484834,0.000001,400,社團法人基隆市野鳥學會,,,,,,,,,,,2010-00-00
KL_Plant_0000013,2010-00-00_棉花嶼_植物_全島_0166,2010,2010,,,,HumanObservation,Asia,Taiwan,棉花嶼,,Boerhavia glabrata,species,光果黃細心,,,WGS84,122.105349,25.484834,0.000001,400,社團法人基隆市野鳥學會,,,,,,,,,,,2010-00-00
KL_Plant_0000014,2010-00-00_棉花嶼_植物_全島_0167,2010,2010,,,,HumanObservation,Asia,Taiwan,棉花嶼,,Portulaca oleracea,species,馬齒莧,,,WGS84,122.105349,25.484834,0.000001,400,社團法人基隆市野鳥學會,,,,,,,,,,,2010-00-00
KL_Plant_0000015,2010-00-00_棉花嶼_植物_全島_0168,2010,2010,,,,HumanObservation,Asia,Taiwan,棉花嶼,,Portulaca pilosa,species,毛馬齒莧,,,WGS84,122.105349,25.484834,0.000001,400,社團法人基隆市野鳥學會,,,,,,,,,,,2010-00-00
KL_Plant_0000016,2010-00-00_棉花嶼_植物_全島_0169,2010,2010,,,,HumanObservation,Asia,Taiwan,棉花嶼,,Chenopodium acuminatum,species,變葉藜,,,WGS84,122.105349,25.484834,0.000001,400,社團法人基隆市野鳥學會,,,,,,,,,,,2010-00-00
KL_Plant_0000019,2010-00-00_棉花嶼_植物_全島_0170,2010,2010,,,,HumanObservation,Asia,Taiwan,棉花嶼,,Sedum formosanum,species,台灣佛甲草（石板菜）,,,WGS84,122.105349,25.484834,0.000001,400,社團法人基隆市野鳥學會,,,,,,,,,,,2010-00-00
KL_Plant_0000020,2010-00-00_棉花嶼_植物_全島_0171,2010,2010,,,,HumanObservation,Asia,Taiwan,棉花嶼,,Oxalis corniculata,species,酢漿草,,,WGS84,122.105349,25.484834,0.000001,400,社團法人基隆市野鳥學會,,,,,,,,,,,2010-00-00
KL_Plant_0000021,2010-00-00_棉花嶼_植物_全島_0172,2010,2010,,,,HumanObservation,Asia,Taiwan,棉花嶼,,Centella asiatica,species,雷公根,,,WGS84,122.105349,25.484834,0.000001,400,社團法人基隆市野鳥學會,,,,,,,,,,,2010-00-00
KL_Plant_0000023,2010-00-00_棉花嶼_植物_全島_0173,2010,2010,,,,HumanObservation,Asia,Taiwan,棉花嶼,,Lysimachia mauritiana,species,茅毛珍珠菜,,,WGS84,122.105349,25.484834,0.000001,400,社團法人基隆市野鳥學會,,,,,,,,,,,2010-00-00
KL_Plant_0000024,2010-00-00_棉花嶼_植物_全島_0174,2010,2010,,,,HumanObservation,Asia,Taiwan,棉花嶼,,Hedyotis strigulosa,species,脈耳草,,,WGS84,122.105349,25.484834,0.000001,400,社團法人基隆市野鳥學會,,,,,,,,,,,2010-00-00
KL_Plant_0000026,2010-00-00_棉花嶼_植物_全島_0175,2010,2010,,,,HumanObservation,Asia,Taiwan,棉花嶼,,Cuscuta australis,species,菟絲子,,,WGS84,122.105349,25.484834,0.000001,400,社團法人基隆市野鳥學會,,,,,,,,,,,2010-00-00
KL_Plant_0000028,2010-00-00_棉花嶼_植物_全島_0176,2010,2010,,,,HumanObservation,Asia,Taiwan,棉花嶼,,Ipomoea obscura,species,馬鞍藤,,,WGS84,122.105349,25.484834,0.000001,400,社團法人基隆市野鳥學會,,,,,,,,,,,2010-00-00
KL_Plant_0000029,2010-00-00_棉花嶼_植物_全島_0177,2010,2010,,,,HumanObservation,Asia,Taiwan,棉花嶼,,Callicarpa japonica,species,朝鮮紫珠,,,WGS84,122.105349,25.484834,0.000001,400,社團法人基隆市野鳥學會,,,,,,,,,,,2010-00-00
KL_Plant_0000030,2010-00-00_棉花嶼_植物_全島_0178,2010,2010,,,,HumanObservation,Asia,Taiwan,棉花嶼,,Leonurus japonicus,species,益母草,,,WGS84,122.105349,25.484834,0.000001,400,社團法人基隆市野鳥學會,,,,,,,,,,,2010-00-00
KL_Plant_0000033,2010-00-00_棉花嶼_植物_全島_0179,2010,2010,,,,HumanObservation,Asia,Taiwan,棉花嶼,,Corydalis koidzumiana,species,密花黃堇,,,WGS84,122.105349,25.484834,0.000001,400,社團法人基隆市野鳥學會,,,,,,,,,,,2010-00-00
KL_Plant_0000034,2010-00-00_棉花嶼_植物_全島_0180,2010,2010,,,,HumanObservation,Asia,Taiwan,棉花嶼,,Scaevola sericea,species,草海桐,,,WGS84,122.105349,25.484834,0.000001,400,社團法人基隆市野鳥學會,,,,,,,,,,,2010-00-00
KL_Plant_0000035,2010-00-00_棉花嶼_植物_全島_0181,2010,2010,,,,HumanObservation,Asia,Taiwan,棉花嶼,,Artemisia capillaris,species,茵陳蒿,,,WGS84,122.105349,25.484834,0.000001,400,社團法人基隆市野鳥學會,,,,,,,,,,,2010-00-00
KL_Plant_0000039,2010-00-00_棉花嶼_植物_全島_0182,2010,2010,,,,HumanObservation,Asia,Taiwan,棉花嶼,,Conyza sumatrensis,species,野茼蒿,,,WGS84,122.105349,25.484834,0.000001,400,社團法人基隆市野鳥學會,,,,,,,,,,,2010-00-00
KL_Plant_0000040,2010-00-00_棉花嶼_植物_全島_0183,2010,2010,,,,HumanObservation,Asia,Taiwan,棉花嶼,,Crossostephium chinense,species,蘄艾,,,WGS84,122.105349,25.484834,0.000001,400,社團法人基隆市野鳥學會,,,,,,,,,,,2010-00-00
KL_Plant_0000041,2010-00-00_棉花嶼_植物_全島_0184,2010,2010,,,,HumanObservation,Asia,Taiwan,棉花嶼,,Emilia sonchifolia,species,紫背草,,,WGS84,122.105349,25.484834,0.000001,400,社團法人基隆市野鳥學會,,,,,,,,,,,2010-00-00
KL_Plant_0000043,2010-00-00_棉花嶼_植物_全島_0185,2010,2010,,,,HumanObservation,Asia,Taiwan,棉花嶼,,Gnaphalium affine,species,鼠麴草,,,WGS84,122.105349,25.484834,0.000001,400,社團法人基隆市野鳥學會,,,,,,,,,,,2010-00-00
KL_Plant_0000044,2010-00-00_棉花嶼_植物_全島_0186,2010,2010,,,,HumanObservation,Asia,Taiwan,棉花嶼,,Gnaphalium calviceps,species,直莖鼠麴草,,,WGS84,122.105349,25.484834,0.000001,400,社團法人基隆市野鳥學會,,,,,,,,,,,2010-00-00
KL_Plant_0000049,2010-00-00_棉花嶼_植物_全島_0187,2010,2010,,,,HumanObservation,Asia,Taiwan,棉花嶼,,Wedelia biflora,species,雙花蟛蜞菊,,,WGS84,122.105349,25.484834,0.000001,400,社團法人基隆市野鳥學會,,,,,,,,,,,2010-00-00
KL_Plant_0000050,2010-00-00_棉花嶼_植物_全島_0188,2010,2010,,,,HumanObservation,Asia,Taiwan,棉花嶼,,Wedelia prostrata var. prostrata,varietas,天蓬草舅,,,WGS84,122.105349,25.484834,0.000001,400,社團法人基隆市野鳥學會,,,,,,,,,,,2010-00-00
KL_Plant_0000051,2010-00-00_棉花嶼_植物_全島_0189,2010,2010,,,,HumanObservation,Asia,Taiwan,棉花嶼,,Wedelia prostrata var. robusta Makino,varietas,大天蓬草舅,,,WGS84,122.105349,25.484834,0.000001,400,社團法人基隆市野鳥學會,,,,,,,,,,,2010-00-00
KL_Plant_0000052,2010-00-00_棉花嶼_植物_全島_0190,2010,2010,,,,HumanObservation,Asia,Taiwan,棉花嶼,,Youngia japonica,species,黃鵪菜,,,WGS84,122.105349,25.484834,0.000001,400,社團法人基隆市野鳥學會,,,,,,,,,,,2010-00-00
KL_Plant_0000053,2010-00-00_棉花嶼_植物_全島_0191,2010,2010,,,,HumanObservation,Asia,Taiwan,棉花嶼,,Oenothera laciniata,species,裂葉月見草,,,WGS84,122.105349,25.484834,0.000001,400,社團法人基隆市野鳥學會,,,,,,,,,,,2010-00-00
KL_Plant_0000054,2010-00-00_棉花嶼_植物_全島_0192,2010,2010,,,,HumanObservation,Asia,Taiwan,棉花嶼,,Raphanus sativus,species,濱蘿蔔,,,WGS84,122.105349,25.484834,0.000001,400,社團法人基隆市野鳥學會,,,,,,,,,,,2010-00-00
KL_Plant_0000056,2010-00-00_棉花嶼_植物_全島_0193,2010,2010,,,,HumanObservation,Asia,Taiwan,棉花嶼,,Vigna marina,species,濱豇豆,,,WGS84,122.105349,25.484834,0.000001,400,社團法人基隆市野鳥學會,,,,,,,,,,,2010-00-00
KL_Plant_0000059,2010-00-00_棉花嶼_植物_全島_0194,2010,2010,,,,HumanObservation,Asia,Taiwan,棉花嶼,,Commelina diffusa,species,竹仔菜,,,WGS84,122.105349,25.484834,0.000001,400,社團法人基隆市野鳥學會,,,,,,,,,,,2010-00-00
KL_Plant_0000061,2010-00-00_棉花嶼_植物_全島_0195,2010,2010,,,,HumanObservation,Asia,Taiwan,棉花嶼,,Cyperus polystachyos,species,多柱扁莎,,,WGS84,122.105349,25.484834,0.000001,400,社團法人基隆市野鳥學會,,,,,,,,,,,2010-00-00
KL_Plant_0000063,2010-00-00_棉花嶼_植物_全島_0196,2010,2010,,,,HumanObservation,Asia,Taiwan,棉花嶼,,Fimbristylis dichotoma,species,竹子飄拂草,,,WGS84,122.105349,25.484834,0.000001,400,社團法人基隆市野鳥學會,,,,,,,,,,,2010-00-00
KL_Plant_0000066,2010-00-00_棉花嶼_植物_全島_0197,2010,2010,,,,HumanObservation,Asia,Taiwan,棉花嶼,,Brachiaria villosa,species,毛臂形草,,,WGS84,122.105349,25.484834,0.000001,400,社團法人基隆市野鳥學會,,,,,,,,,,,2010-00-00
KL_Plant_0000069,2010-00-00_棉花嶼_植物_全島_0198,2010,2010,,,,HumanObservation,Asia,Taiwan,棉花嶼,,Digitaria ciliaris,species,升馬唐,,,WGS84,122.105349,25.484834,0.000001,400,社團法人基隆市野鳥學會,,,,,,,,,,,2010-00-00
KL_Plant_0000072,2010-00-00_棉花嶼_植物_全島_0199,2010,2010,,,,HumanObservation,Asia,Taiwan,棉花嶼,,Digitaria mollicoma,species,絨馬唐,,,WGS84,122.105349,25.484834,0.000001,400,社團法人基隆市野鳥學會,,,,,,,,,,,2010-00-00
KL_Plant_0000075,2010-00-00_棉花嶼_植物_全島_0200,2010,2010,,,,HumanObservation,Asia,Taiwan,棉花嶼,,Imperata cylindrica var. major,varietas,白茅,,,WGS84,122.105349,25.484834,0.000001,400,社團法人基隆市野鳥學會,,,,,,,,,,,2010-00-00
KL_Plant_0000078,2010-00-00_棉花嶼_植物_全島_0201,2010,2010,,,,HumanObservation,Asia,Taiwan,棉花嶼,,Paspalum orbiculare,species,圓果雀稗,,,WGS84,122.105349,25.484834,0.000001,400,社團法人基隆市野鳥學會,,,,,,,,,,,2010-00-00
KL_Plant_0000080,2010-00-00_棉花嶼_植物_全島_0202,2010,2010,,,,HumanObservation,Asia,Taiwan,棉花嶼,,Paspalum vaginatum,species,海雀稗,,,WGS84,122.105349,25.484834,0.000001,400,社團法人基隆市野鳥學會,,,,,,,,,,,2010-00-00
KL_Plant_0000084,2010-00-00_棉花嶼_植物_全島_0203,2010,2010,,,,HumanObservation,Asia,Taiwan,棉花嶼,,Setaria viridis,species,狗尾草,,,WGS84,122.105349,25.484834,0.000001,400,社團法人基隆市野鳥學會,,,,,,,,,,,2010-00-00
KL_Plant_0000086,2010-00-00_棉花嶼_植物_全島_0204,2010,2010,,,,HumanObservation,Asia,Taiwan,棉花嶼,,Zoysia japonica,species,日本芝,,,WGS84,122.105349,25.484834,0.000001,400,社團法人基隆市野鳥學會,,,,,,,,,,,2010-00-00
KL_Plant_0000090,2010-00-00_棉花嶼_植物_全島_0205,2010,2010,,,,HumanObservation,Asia,Taiwan,棉花嶼,,Terminalia catappa,species,欖仁,,,WGS84,122.105349,25.484834,0.000001,400,社團法人基隆市野鳥學會,,,,,,,,,,,2010-00-00
KL_Plant_0000001,2011-00-00_棉花嶼_植物_全島_0206,2011,2011,,,,HumanObservation,Asia,Taiwan,棉花嶼,樣區調查,Cyrtomium falcatum,species,全緣貫眾蕨,,,WGS84,122.105349,25.484834,0.000001,400,社團法人基隆市野鳥學會,,,,,,,,,,,2011-00-00
KL_Plant_0000002,2011-00-00_棉花嶼_植物_全島_0207,2011,2011,,,,HumanObservation,Asia,Taiwan,棉花嶼,樣區調查,Pteris fauriei var. fauriei,varietas,傅氏鳳尾蕨,,,WGS84,122.105349,25.484834,0.000001,400,社團法人基隆市野鳥學會,,,,,,,,,,,2011-00-00
KL_Plant_0000003,2011-00-00_棉花嶼_植物_全島_0208,2011,2011,,,,HumanObservation,Asia,Taiwan,棉花嶼,樣區調查,Haplopteris anguste-elongata,species,姬書帶蕨,,,WGS84,122.105349,25.484834,0.000001,400,社團法人基隆市野鳥學會,,,,,,,,,,,2011-00-00
KL_Plant_0000004,2011-00-00_棉花嶼_植物_全島_0209,2011,2011,,,,HumanObservation,Asia,Taiwan,棉花嶼,樣區調查,Odontosoria biflora,species,闊片烏蕨,,,WGS84,122.105349,25.484834,0.000001,400,社團法人基隆市野鳥學會,,,,,,,,,,,2011-00-00
KL_Plant_0000006,2011-00-00_棉花嶼_植物_全島_0210,2011,2011,,,,HumanObservation,Asia,Taiwan,棉花嶼,樣區調查,Tetragonia tetragonoides,species,番杏,,,WGS84,122.105349,25.484834,0.000001,400,社團法人基隆市野鳥學會,,,,,,,,,,,2011-00-00
KL_Plant_0000007,2011-00-00_棉花嶼_植物_全島_0211,2011,2011,,,,HumanObservation,Asia,Taiwan,棉花嶼,樣區調查,Sagina japonica,species,瓜槌草,,,WGS84,122.105349,25.484834,0.000001,400,社團法人基隆市野鳥學會,,,,,,,,,,,2011-00-00
KL_Plant_0000008,2011-00-00_棉花嶼_植物_全島_0212,2011,2011,,,,HumanObservation,Asia,Taiwan,棉花嶼,樣區調查,Morus australis,species,小葉桑,,,WGS84,122.105349,25.484834,0.000001,400,社團法人基隆市野鳥學會,,,,,,,,,,,2011-00-00
KL_Plant_0000009,2011-00-00_棉花嶼_植物_全島_0213,2011,2011,,,,HumanObservation,Asia,Taiwan,棉花嶼,樣區調查,Persicaria chinensis,species,火炭母草,,,WGS84,122.105349,25.484834,0.000001,400,社團法人基隆市野鳥學會,,,,,,,,,,,2011-00-00
KL_Plant_0000010,2011-00-00_棉花嶼_植物_全島_0214,2011,2011,,,,HumanObservation,Asia,Taiwan,棉花嶼,樣區調查,Rumex crispus,species,羊蹄,,,WGS84,122.105349,25.484834,0.000001,400,社團法人基隆市野鳥學會,,,,,,,,,,,2011-00-00
KL_Plant_0000011,2011-00-00_棉花嶼_植物_全島_0215,2011,2011,,,,HumanObservation,Asia,Taiwan,棉花嶼,樣區調查,Cocculus orbiculatus,species,木防己,,,WGS84,122.105349,25.484834,0.000001,400,社團法人基隆市野鳥學會,,,,,,,,,,,2011-00-00
KL_Plant_0000013,2011-00-00_棉花嶼_植物_全島_0216,2011,2011,,,,HumanObservation,Asia,Taiwan,棉花嶼,樣區調查,Boerhavia glabrata,species,光果黃細心,,,WGS84,122.105349,25.484834,0.000001,400,社團法人基隆市野鳥學會,,,,,,,,,,,2011-00-00
KL_Plant_0000014,2011-00-00_棉花嶼_植物_全島_0217,2011,2011,,,,HumanObservation,Asia,Taiwan,棉花嶼,樣區調查,Portulaca oleracea,species,馬齒莧,,,WGS84,122.105349,25.484834,0.000001,400,社團法人基隆市野鳥學會,,,,,,,,,,,2011-00-00
KL_Plant_0000015,2011-00-00_棉花嶼_植物_全島_0218,2011,2011,,,,HumanObservation,Asia,Taiwan,棉花嶼,樣區調查,Portulaca pilosa,species,毛馬齒莧,,,WGS84,122.105349,25.484834,0.000001,400,社團法人基隆市野鳥學會,,,,,,,,,,,2011-00-00
KL_Plant_0000016,2011-00-00_棉花嶼_植物_全島_0219,2011,2011,,,,HumanObservation,Asia,Taiwan,棉花嶼,樣區調查,Chenopodium acuminatum,species,變葉藜,,,WGS84,122.105349,25.484834,0.000001,400,社團法人基隆市野鳥學會,,,,,,,,,,,2011-00-00
KL_Plant_0000019,2011-00-00_棉花嶼_植物_全島_0220,2011,2011,,,,HumanObservation,Asia,Taiwan,棉花嶼,樣區調查,Sedum formosanum,species,台灣佛甲草（石板菜）,,,WGS84,122.105349,25.484834,0.000001,400,社團法人基隆市野鳥學會,,,,,,,,,,,2011-00-00
KL_Plant_0000020,2011-00-00_棉花嶼_植物_全島_0221,2011,2011,,,,HumanObservation,Asia,Taiwan,棉花嶼,樣區調查,Oxalis corniculata,species,酢漿草,,,WGS84,122.105349,25.484834,0.000001,400,社團法人基隆市野鳥學會,,,,,,,,,,,2011-00-00
KL_Plant_0000021,2011-00-00_棉花嶼_植物_全島_0222,2011,2011,,,,HumanObservation,Asia,Taiwan,棉花嶼,樣區調查,Centella asiatica,species,雷公根,,,WGS84,122.105349,25.484834,0.000001,400,社團法人基隆市野鳥學會,,,,,,,,,,,2011-00-00
KL_Plant_0000023,2011-00-00_棉花嶼_植物_全島_0223,2011,2011,,,,HumanObservation,Asia,Taiwan,棉花嶼,樣區調查,Lysimachia mauritiana,species,茅毛珍珠菜,,,WGS84,122.105349,25.484834,0.000001,400,社團法人基隆市野鳥學會,,,,,,,,,,,2011-00-00
KL_Plant_0000024,2011-00-00_棉花嶼_植物_全島_0224,2011,2011,,,,HumanObservation,Asia,Taiwan,棉花嶼,樣區調查,Hedyotis strigulosa,species,脈耳草,,,WGS84,122.105349,25.484834,0.000001,400,社團法人基隆市野鳥學會,,,,,,,,,,,2011-00-00
KL_Plant_0000027,2011-00-00_棉花嶼_植物_全島_0225,2011,2011,,,,HumanObservation,Asia,Taiwan,棉花嶼,樣區調查,Dichondra micrantha,species,馬蹄金,,,WGS84,122.105349,25.484834,0.000001,400,社團法人基隆市野鳥學會,,,,,,,,,,,2011-00-00
KL_Plant_0000028,2011-00-00_棉花嶼_植物_全島_0226,2011,2011,,,,HumanObservation,Asia,Taiwan,棉花嶼,樣區調查,Ipomoea obscura,species,馬鞍藤,,,WGS84,122.105349,25.484834,0.000001,400,社團法人基隆市野鳥學會,,,,,,,,,,,2011-00-00
KL_Plant_0000029,2011-00-00_棉花嶼_植物_全島_0227,2011,2011,,,,HumanObservation,Asia,Taiwan,棉花嶼,樣區調查,Callicarpa japonica,species,朝鮮紫珠,,,WGS84,122.105349,25.484834,0.000001,400,社團法人基隆市野鳥學會,,,,,,,,,,,2011-00-00
KL_Plant_0000030,2011-00-00_棉花嶼_植物_全島_0228,2011,2011,,,,HumanObservation,Asia,Taiwan,棉花嶼,樣區調查,Leonurus japonicus,species,益母草,,,WGS84,122.105349,25.484834,0.000001,400,社團法人基隆市野鳥學會,,,,,,,,,,,2011-00-00
KL_Plant_0000033,2011-00-00_棉花嶼_植物_全島_0229,2011,2011,,,,HumanObservation,Asia,Taiwan,棉花嶼,樣區調查,Corydalis koidzumiana,species,密花黃堇,,,WGS84,122.105349,25.484834,0.000001,400,社團法人基隆市野鳥學會,,,,,,,,,,,2011-00-00
KL_Plant_0000034,2011-00-00_棉花嶼_植物_全島_0230,2011,2011,,,,HumanObservation,Asia,Taiwan,棉花嶼,樣區調查,Scaevola sericea,species,草海桐,,,WGS84,122.105349,25.484834,0.000001,400,社團法人基隆市野鳥學會,,,,,,,,,,,2011-00-00
KL_Plant_0000035,2011-00-00_棉花嶼_植物_全島_0231,2011,2011,,,,HumanObservation,Asia,Taiwan,棉花嶼,樣區調查,Artemisia capillaris,species,茵陳蒿,,,WGS84,122.105349,25.484834,0.000001,400,社團法人基隆市野鳥學會,,,,,,,,,,,2011-00-00
KL_Plant_0000039,2011-00-00_棉花嶼_植物_全島_0232,2011,2011,,,,HumanObservation,Asia,Taiwan,棉花嶼,樣區調查,Conyza sumatrensis,species,野茼蒿,,,WGS84,122.105349,25.484834,0.000001,400,社團法人基隆市野鳥學會,,,,,,,,,,,2011-00-00
KL_Plant_0000040,2011-00-00_棉花嶼_植物_全島_0233,2011,2011,,,,HumanObservation,Asia,Taiwan,棉花嶼,樣區調查,Crossostephium chinense,species,蘄艾,,,WGS84,122.105349,25.484834,0.000001,400,社團法人基隆市野鳥學會,,,,,,,,,,,2011-00-00
KL_Plant_0000041,2011-00-00_棉花嶼_植物_全島_0234,2011,2011,,,,HumanObservation,Asia,Taiwan,棉花嶼,樣區調查,Emilia sonchifolia,species,紫背草,,,WGS84,122.105349,25.484834,0.000001,400,社團法人基隆市野鳥學會,,,,,,,,,,,2011-00-00
KL_Plant_0000043,2011-00-00_棉花嶼_植物_全島_0235,2011,2011,,,,HumanObservation,Asia,Taiwan,棉花嶼,樣區調查,Gnaphalium affine,species,鼠麴草,,,WGS84,122.105349,25.484834,0.000001,400,社團法人基隆市野鳥學會,,,,,,,,,,,2011-00-00
KL_Plant_0000048,2011-00-00_棉花嶼_植物_全島_0236,2011,2011,,,,HumanObservation,Asia,Taiwan,棉花嶼,樣區調查,Sonchus oleraceus,species,苦滇菜,,,WGS84,122.105349,25.484834,0.000001,400,社團法人基隆市野鳥學會,,,,,,,,,,,2011-00-00
KL_Plant_0000049,2011-00-00_棉花嶼_植物_全島_0237,2011,2011,,,,HumanObservation,Asia,Taiwan,棉花嶼,樣區調查,Wedelia biflora,species,雙花蟛蜞菊,,,WGS84,122.105349,25.484834,0.000001,400,社團法人基隆市野鳥學會,,,,,,,,,,,2011-00-00
KL_Plant_0000051,2011-00-00_棉花嶼_植物_全島_0238,2011,2011,,,,HumanObservation,Asia,Taiwan,棉花嶼,樣區調查,Wedelia prostrata var. robusta Makino,varietas,大天蓬草舅,,,WGS84,122.105349,25.484834,0.000001,400,社團法人基隆市野鳥學會,,,,,,,,,,,2011-00-00
KL_Plant_0000052,2011-00-00_棉花嶼_植物_全島_0239,2011,2011,,,,HumanObservation,Asia,Taiwan,棉花嶼,樣區調查,Youngia japonica,species,黃鵪菜,,,WGS84,122.105349,25.484834,0.000001,400,社團法人基隆市野鳥學會,,,,,,,,,,,2011-00-00
KL_Plant_0000053,2011-00-00_棉花嶼_植物_全島_0240,2011,2011,,,,HumanObservation,Asia,Taiwan,棉花嶼,樣區調查,Oenothera laciniata,species,裂葉月見草,,,WGS84,122.105349,25.484834,0.000001,400,社團法人基隆市野鳥學會,,,,,,,,,,,2011-00-00
KL_Plant_0000054,2011-00-00_棉花嶼_植物_全島_0241,2011,2011,,,,HumanObservation,Asia,Taiwan,棉花嶼,樣區調查,Raphanus sativus,species,濱蘿蔔,,,WGS84,122.105349,25.484834,0.000001,400,社團法人基隆市野鳥學會,,,,,,,,,,,2011-00-00
KL_Plant_0000056,2011-00-00_棉花嶼_植物_全島_0242,2011,2011,,,,HumanObservation,Asia,Taiwan,棉花嶼,樣區調查,Vigna marina,species,濱豇豆,,,WGS84,122.105349,25.484834,0.000001,400,社團法人基隆市野鳥學會,,,,,,,,,,,2011-00-00
KL_Plant_0000057,2011-00-00_棉花嶼_植物_全島_0243,2011,2011,,,,HumanObservation,Asia,Taiwan,棉花嶼,樣區調查,Pilea peploides,species,齒葉矮冷水麻,,,WGS84,122.105349,25.484834,0.000001,400,社團法人基隆市野鳥學會,,,,,,,,,,,2011-00-00
KL_Plant_0000059,2011-00-00_棉花嶼_植物_全島_0244,2011,2011,,,,HumanObservation,Asia,Taiwan,棉花嶼,樣區調查,Commelina diffusa,species,竹仔菜,,,WGS84,122.105349,25.484834,0.000001,400,社團法人基隆市野鳥學會,,,,,,,,,,,2011-00-00
KL_Plant_0000060,2011-00-00_棉花嶼_植物_全島_0245,2011,2011,,,,HumanObservation,Asia,Taiwan,棉花嶼,樣區調查,Carex breviculmis,species,短莖宿柱薹,,,WGS84,122.105349,25.484834,0.000001,400,社團法人基隆市野鳥學會,,,,,,,,,,,2011-00-00
KL_Plant_0000061,2011-00-00_棉花嶼_植物_全島_0246,2011,2011,,,,HumanObservation,Asia,Taiwan,棉花嶼,樣區調查,Cyperus polystachyos,species,多柱扁莎,,,WGS84,122.105349,25.484834,0.000001,400,社團法人基隆市野鳥學會,,,,,,,,,,,2011-00-00
KL_Plant_0000066,2011-00-00_棉花嶼_植物_全島_0247,2011,2011,,,,HumanObservation,Asia,Taiwan,棉花嶼,樣區調查,Brachiaria villosa,species,毛臂形草,,,WGS84,122.105349,25.484834,0.000001,400,社團法人基隆市野鳥學會,,,,,,,,,,,2011-00-00
KL_Plant_0000072,2011-00-00_棉花嶼_植物_全島_0248,2011,2011,,,,HumanObservation,Asia,Taiwan,棉花嶼,樣區調查,Digitaria mollicoma,species,絨馬唐,,,WGS84,122.105349,25.484834,0.000001,400,社團法人基隆市野鳥學會,,,,,,,,,,,2011-00-00
KL_Plant_0000074,2011-00-00_棉花嶼_植物_全島_0249,2011,2011,,,,HumanObservation,Asia,Taiwan,棉花嶼,樣區調查,Digitaria sericea,species,絹毛馬唐,,,WGS84,122.105349,25.484834,0.000001,400,社團法人基隆市野鳥學會,,,,,,,,,,,2011-00-00
KL_Plant_0000075,2011-00-00_棉花嶼_植物_全島_0250,2011,2011,,,,HumanObservation,Asia,Taiwan,棉花嶼,樣區調查,Imperata cylindrica var. major,varietas,白茅,,,WGS84,122.105349,25.484834,0.000001,400,社團法人基隆市野鳥學會,,,,,,,,,,,2011-00-00
KL_Plant_0000078,2011-00-00_棉花嶼_植物_全島_0251,2011,2011,,,,HumanObservation,Asia,Taiwan,棉花嶼,樣區調查,Paspalum orbiculare,species,圓果雀稗,,,WGS84,122.105349,25.484834,0.000001,400,社團法人基隆市野鳥學會,,,,,,,,,,,2011-00-00
KL_Plant_0000080,2011-00-00_棉花嶼_植物_全島_0252,2011,2011,,,,HumanObservation,Asia,Taiwan,棉花嶼,樣區調查,Paspalum vaginatum,species,海雀稗,,,WGS84,122.105349,25.484834,0.000001,400,社團法人基隆市野鳥學會,,,,,,,,,,,2011-00-00
KL_Plant_0000083,2011-00-00_棉花嶼_植物_全島_0253,2011,2011,,,,HumanObservation,Asia,Taiwan,棉花嶼,樣區調查,Setaria geniculata,species,莠狗尾草,,,WGS84,122.105349,25.484834,0.000001,400,社團法人基隆市野鳥學會,,,,,,,,,,,2011-00-00
KL_Plant_0000086,2011-00-00_棉花嶼_植物_全島_0254,2011,2011,,,,HumanObservation,Asia,Taiwan,棉花嶼,樣區調查,Zoysia japonica,species,日本芝,,,WGS84,122.105349,25.484834,0.000001,400,社團法人基隆市野鳥學會,,,,,,,,,,,2011-00-00
KL_Plant_0000001,2012-00-00_棉花嶼_植物_全島_0255,2012,2012,,,,HumanObservation,Asia,Taiwan,棉花嶼,,Cyrtomium falcatum,species,全緣貫眾蕨,,,WGS84,122.105349,25.484834,0.000001,400,社團法人基隆市野鳥學會,,,,,,,,,,,2012-00-00
KL_Plant_0000002,2012-00-00_棉花嶼_植物_全島_0256,2012,2012,,,,HumanObservation,Asia,Taiwan,棉花嶼,,Pteris fauriei var. fauriei,varietas,傅氏鳳尾蕨,,,WGS84,122.105349,25.484834,0.000001,400,社團法人基隆市野鳥學會,,,,,,,,,,,2012-00-00
KL_Plant_0000003,2012-00-00_棉花嶼_植物_全島_0257,2012,2012,,,,HumanObservation,Asia,Taiwan,棉花嶼,,Haplopteris anguste-elongata,species,姬書帶蕨,,,WGS84,122.105349,25.484834,0.000001,400,社團法人基隆市野鳥學會,,,,,,,,,,,2012-00-00
KL_Plant_0000004,2012-00-00_棉花嶼_植物_全島_0258,2012,2012,,,,HumanObservation,Asia,Taiwan,棉花嶼,,Odontosoria biflora,species,闊片烏蕨,,,WGS84,122.105349,25.484834,0.000001,400,社團法人基隆市野鳥學會,,,,,,,,,,,2012-00-00
KL_Plant_0000005,2012-00-00_棉花嶼_植物_全島_0259,2012,2012,,,,HumanObservation,Asia,Taiwan,棉花嶼,,Nephrolepis biserrata,species,長葉腎蕨,,,WGS84,122.105349,25.484834,0.000001,400,社團法人基隆市野鳥學會,,,,,,,,,,,2012-00-00
KL_Plant_0000006,2012-00-00_棉花嶼_植物_全島_0260,2012,2012,,,,HumanObservation,Asia,Taiwan,棉花嶼,,Tetragonia tetragonoides,species,番杏,,,WGS84,122.105349,25.484834,0.000001,400,社團法人基隆市野鳥學會,,,,,,,,,,,2012-00-00
KL_Plant_0000007,2012-00-00_棉花嶼_植物_全島_0261,2012,2012,,,,HumanObservation,Asia,Taiwan,棉花嶼,,Sagina japonica,species,瓜槌草,,,WGS84,122.105349,25.484834,0.000001,400,社團法人基隆市野鳥學會,,,,,,,,,,,2012-00-00
KL_Plant_0000008,2012-00-00_棉花嶼_植物_全島_0262,2012,2012,,,,HumanObservation,Asia,Taiwan,棉花嶼,,Morus australis,species,小葉桑,,,WGS84,122.105349,25.484834,0.000001,400,社團法人基隆市野鳥學會,,,,,,,,,,,2012-00-00
KL_Plant_0000009,2012-00-00_棉花嶼_植物_全島_0263,2012,2012,,,,HumanObservation,Asia,Taiwan,棉花嶼,,Persicaria chinensis,species,火炭母草,,,WGS84,122.105349,25.484834,0.000001,400,社團法人基隆市野鳥學會,,,,,,,,,,,2012-00-00
KL_Plant_0000010,2012-00-00_棉花嶼_植物_全島_0264,2012,2012,,,,HumanObservation,Asia,Taiwan,棉花嶼,,Rumex crispus,species,羊蹄,,,WGS84,122.105349,25.484834,0.000001,400,社團法人基隆市野鳥學會,,,,,,,,,,,2012-00-00
KL_Plant_0000011,2012-00-00_棉花嶼_植物_全島_0265,2012,2012,,,,HumanObservation,Asia,Taiwan,棉花嶼,,Cocculus orbiculatus,species,木防己,,,WGS84,122.105349,25.484834,0.000001,400,社團法人基隆市野鳥學會,,,,,,,,,,,2012-00-00
KL_Plant_0000013,2012-00-00_棉花嶼_植物_全島_0266,2012,2012,,,,HumanObservation,Asia,Taiwan,棉花嶼,,Boerhavia glabrata,species,光果黃細心,,,WGS84,122.105349,25.484834,0.000001,400,社團法人基隆市野鳥學會,,,,,,,,,,,2012-00-00
KL_Plant_0000014,2012-00-00_棉花嶼_植物_全島_0267,2012,2012,,,,HumanObservation,Asia,Taiwan,棉花嶼,,Portulaca oleracea,species,馬齒莧,,,WGS84,122.105349,25.484834,0.000001,400,社團法人基隆市野鳥學會,,,,,,,,,,,2012-00-00
KL_Plant_0000015,2012-00-00_棉花嶼_植物_全島_0268,2012,2012,,,,HumanObservation,Asia,Taiwan,棉花嶼,,Portulaca pilosa,species,毛馬齒莧,,,WGS84,122.105349,25.484834,0.000001,400,社團法人基隆市野鳥學會,,,,,,,,,,,2012-00-00
KL_Plant_0000016,2012-00-00_棉花嶼_植物_全島_0269,2012,2012,,,,HumanObservation,Asia,Taiwan,棉花嶼,,Chenopodium acuminatum,species,變葉藜,,,WGS84,122.105349,25.484834,0.000001,400,社團法人基隆市野鳥學會,,,,,,,,,,,2012-00-00
KL_Plant_0000019,2012-00-00_棉花嶼_植物_全島_0270,2012,2012,,,,HumanObservation,Asia,Taiwan,棉花嶼,,Sedum formosanum,species,台灣佛甲草（石板菜）,,,WGS84,122.105349,25.484834,0.000001,400,社團法人基隆市野鳥學會,,,,,,,,,,,2012-00-00
KL_Plant_0000020,2012-00-00_棉花嶼_植物_全島_0271,2012,2012,,,,HumanObservation,Asia,Taiwan,棉花嶼,,Oxalis corniculata,species,酢漿草,,,WGS84,122.105349,25.484834,0.000001,400,社團法人基隆市野鳥學會,,,,,,,,,,,2012-00-00
KL_Plant_0000021,2012-00-00_棉花嶼_植物_全島_0272,2012,2012,,,,HumanObservation,Asia,Taiwan,棉花嶼,,Centella asiatica,species,雷公根,,,WGS84,122.105349,25.484834,0.000001,400,社團法人基隆市野鳥學會,,,,,,,,,,,2012-00-00
KL_Plant_0000023,2012-00-00_棉花嶼_植物_全島_0273,2012,2012,,,,HumanObservation,Asia,Taiwan,棉花嶼,,Lysimachia mauritiana,species,茅毛珍珠菜,,,WGS84,122.105349,25.484834,0.000001,400,社團法人基隆市野鳥學會,,,,,,,,,,,2012-00-00
KL_Plant_0000024,2012-00-00_棉花嶼_植物_全島_0274,2012,2012,,,,HumanObservation,Asia,Taiwan,棉花嶼,,Hedyotis strigulosa,species,脈耳草,,,WGS84,122.105349,25.484834,0.000001,400,社團法人基隆市野鳥學會,,,,,,,,,,,2012-00-00
KL_Plant_0000027,2012-00-00_棉花嶼_植物_全島_0275,2012,2012,,,,HumanObservation,Asia,Taiwan,棉花嶼,,Dichondra micrantha,species,馬蹄金,,,WGS84,122.105349,25.484834,0.000001,400,社團法人基隆市野鳥學會,,,,,,,,,,,2012-00-00
KL_Plant_0000028,2012-00-00_棉花嶼_植物_全島_0276,2012,2012,,,,HumanObservation,Asia,Taiwan,棉花嶼,,Ipomoea obscura,species,馬鞍藤,,,WGS84,122.105349,25.484834,0.000001,400,社團法人基隆市野鳥學會,,,,,,,,,,,2012-00-00
KL_Plant_0000029,2012-00-00_棉花嶼_植物_全島_0277,2012,2012,,,,HumanObservation,Asia,Taiwan,棉花嶼,,Callicarpa japonica,species,朝鮮紫珠,,,WGS84,122.105349,25.484834,0.000001,400,社團法人基隆市野鳥學會,,,,,,,,,,,2012-00-00
KL_Plant_0000030,2012-00-00_棉花嶼_植物_全島_0278,2012,2012,,,,HumanObservation,Asia,Taiwan,棉花嶼,,Leonurus japonicus,species,益母草,,,WGS84,122.105349,25.484834,0.000001,400,社團法人基隆市野鳥學會,,,,,,,,,,,2012-00-00
KL_Plant_0000033,2012-00-00_棉花嶼_植物_全島_0279,2012,2012,,,,HumanObservation,Asia,Taiwan,棉花嶼,,Corydalis koidzumiana,species,密花黃堇,,,WGS84,122.105349,25.484834,0.000001,400,社團法人基隆市野鳥學會,,,,,,,,,,,2012-00-00
KL_Plant_0000034,2012-00-00_棉花嶼_植物_全島_0280,2012,2012,,,,HumanObservation,Asia,Taiwan,棉花嶼,,Scaevola sericea,species,草海桐,,,WGS84,122.105349,25.484834,0.000001,400,社團法人基隆市野鳥學會,,,,,,,,,,,2012-00-00
KL_Plant_0000035,2012-00-00_棉花嶼_植物_全島_0281,2012,2012,,,,HumanObservation,Asia,Taiwan,棉花嶼,,Artemisia capillaris,species,茵陳蒿,,,WGS84,122.105349,25.484834,0.000001,400,社團法人基隆市野鳥學會,,,,,,,,,,,2012-00-00
KL_Plant_0000039,2012-00-00_棉花嶼_植物_全島_0282,2012,2012,,,,HumanObservation,Asia,Taiwan,棉花嶼,,Conyza sumatrensis,species,野茼蒿,,,WGS84,122.105349,25.484834,0.000001,400,社團法人基隆市野鳥學會,,,,,,,,,,,2012-00-00
KL_Plant_0000040,2012-00-00_棉花嶼_植物_全島_0283,2012,2012,,,,HumanObservation,Asia,Taiwan,棉花嶼,,Crossostephium chinense,species,蘄艾,,,WGS84,122.105349,25.484834,0.000001,400,社團法人基隆市野鳥學會,,,,,,,,,,,2012-00-00
KL_Plant_0000041,2012-00-00_棉花嶼_植物_全島_0284,2012,2012,,,,HumanObservation,Asia,Taiwan,棉花嶼,,Emilia sonchifolia,species,紫背草,,,WGS84,122.105349,25.484834,0.000001,400,社團法人基隆市野鳥學會,,,,,,,,,,,2012-00-00
KL_Plant_0000043,2012-00-00_棉花嶼_植物_全島_0285,2012,2012,,,,HumanObservation,Asia,Taiwan,棉花嶼,,Gnaphalium affine,species,鼠麴草,,,WGS84,122.105349,25.484834,0.000001,400,社團法人基隆市野鳥學會,,,,,,,,,,,2012-00-00
KL_Plant_0000048,2012-00-00_棉花嶼_植物_全島_0286,2012,2012,,,,HumanObservation,Asia,Taiwan,棉花嶼,,Sonchus oleraceus,species,苦滇菜,,,WGS84,122.105349,25.484834,0.000001,400,社團法人基隆市野鳥學會,,,,,,,,,,,2012-00-00
KL_Plant_0000049,2012-00-00_棉花嶼_植物_全島_0287,2012,2012,,,,HumanObservation,Asia,Taiwan,棉花嶼,,Wedelia biflora,species,雙花蟛蜞菊,,,WGS84,122.105349,25.484834,0.000001,400,社團法人基隆市野鳥學會,,,,,,,,,,,2012-00-00
KL_Plant_0000051,2012-00-00_棉花嶼_植物_全島_0288,2012,2012,,,,HumanObservation,Asia,Taiwan,棉花嶼,,Wedelia prostrata var. robusta Makino,varietas,大天蓬草舅,,,WGS84,122.105349,25.484834,0.000001,400,社團法人基隆市野鳥學會,,,,,,,,,,,2012-00-00
KL_Plant_0000052,2012-00-00_棉花嶼_植物_全島_0289,2012,2012,,,,HumanObservation,Asia,Taiwan,棉花嶼,,Youngia japonica,species,黃鵪菜,,,WGS84,122.105349,25.484834,0.000001,400,社團法人基隆市野鳥學會,,,,,,,,,,,2012-00-00
KL_Plant_0000053,2012-00-00_棉花嶼_植物_全島_0290,2012,2012,,,,HumanObservation,Asia,Taiwan,棉花嶼,,Oenothera laciniata,species,裂葉月見草,,,WGS84,122.105349,25.484834,0.000001,400,社團法人基隆市野鳥學會,,,,,,,,,,,2012-00-00
KL_Plant_0000054,2012-00-00_棉花嶼_植物_全島_0291,2012,2012,,,,HumanObservation,Asia,Taiwan,棉花嶼,,Raphanus sativus,species,濱蘿蔔,,,WGS84,122.105349,25.484834,0.000001,400,社團法人基隆市野鳥學會,,,,,,,,,,,2012-00-00
KL_Plant_0000056,2012-00-00_棉花嶼_植物_全島_0292,2012,2012,,,,HumanObservation,Asia,Taiwan,棉花嶼,,Vigna marina,species,濱豇豆,,,WGS84,122.105349,25.484834,0.000001,400,社團法人基隆市野鳥學會,,,,,,,,,,,2012-00-00
KL_Plant_0000057,2012-00-00_棉花嶼_植物_全島_0293,2012,2012,,,,HumanObservation,Asia,Taiwan,棉花嶼,,Pilea peploides,species,齒葉矮冷水麻,,,WGS84,122.105349,25.484834,0.000001,400,社團法人基隆市野鳥學會,,,,,,,,,,,2012-00-00
KL_Plant_0000059,2012-00-00_棉花嶼_植物_全島_0294,2012,2012,,,,HumanObservation,Asia,Taiwan,棉花嶼,,Commelina diffusa,species,竹仔菜,,,WGS84,122.105349,25.484834,0.000001,400,社團法人基隆市野鳥學會,,,,,,,,,,,2012-00-00
KL_Plant_0000060,2012-00-00_棉花嶼_植物_全島_0295,2012,2012,,,,HumanObservation,Asia,Taiwan,棉花嶼,,Carex breviculmis,species,短莖宿柱薹,,,WGS84,122.105349,25.484834,0.000001,400,社團法人基隆市野鳥學會,,,,,,,,,,,2012-00-00
KL_Plant_0000061,2012-00-00_棉花嶼_植物_全島_0296,2012,2012,,,,HumanObservation,Asia,Taiwan,棉花嶼,,Cyperus polystachyos,species,多柱扁莎,,,WGS84,122.105349,25.484834,0.000001,400,社團法人基隆市野鳥學會,,,,,,,,,,,2012-00-00
KL_Plant_0000066,2012-00-00_棉花嶼_植物_全島_0297,2012,2012,,,,HumanObservation,Asia,Taiwan,棉花嶼,,Brachiaria villosa,species,毛臂形草,,,WGS84,122.105349,25.484834,0.000001,400,社團法人基隆市野鳥學會,,,,,,,,,,,2012-00-00
KL_Plant_0000072,2012-00-00_棉花嶼_植物_全島_0298,2012,2012,,,,HumanObservation,Asia,Taiwan,棉花嶼,,Digitaria mollicoma,species,絨馬唐,,,WGS84,122.105349,25.484834,0.000001,400,社團法人基隆市野鳥學會,,,,,,,,,,,2012-00-00
KL_Plant_0000074,2012-00-00_棉花嶼_植物_全島_0299,2012,2012,,,,HumanObservation,Asia,Taiwan,棉花嶼,,Digitaria sericea,species,絹毛馬唐,,,WGS84,122.105349,25.484834,0.000001,400,社團法人基隆市野鳥學會,,,,,,,,,,,2012-00-00
KL_Plant_0000075,2012-00-00_棉花嶼_植物_全島_0300,2012,2012,,,,HumanObservation,Asia,Taiwan,棉花嶼,,Imperata cylindrica var. major,varietas,白茅,,,WGS84,122.105349,25.484834,0.000001,400,社團法人基隆市野鳥學會,,,,,,,,,,,2012-00-00
KL_Plant_0000078,2012-00-00_棉花嶼_植物_全島_0301,2012,2012,,,,HumanObservation,Asia,Taiwan,棉花嶼,,Paspalum orbiculare,species,圓果雀稗,,,WGS84,122.105349,25.484834,0.000001,400,社團法人基隆市野鳥學會,,,,,,,,,,,2012-00-00
KL_Plant_0000080,2012-00-00_棉花嶼_植物_全島_0302,2012,2012,,,,HumanObservation,Asia,Taiwan,棉花嶼,,Paspalum vaginatum,species,海雀稗,,,WGS84,122.105349,25.484834,0.000001,400,社團法人基隆市野鳥學會,,,,,,,,,,,2012-00-00
KL_Plant_0000083,2012-00-00_棉花嶼_植物_全島_0303,2012,2012,,,,HumanObservation,Asia,Taiwan,棉花嶼,,Setaria geniculata,species,莠狗尾草,,,WGS84,122.105349,25.484834,0.000001,400,社團法人基隆市野鳥學會,,,,,,,,,,,2012-00-00
KL_Plant_0000086,2012-00-00_棉花嶼_植物_全島_0304,2012,2012,,,,HumanObservation,Asia,Taiwan,棉花嶼,,Zoysia japonica,species,日本芝,,,WGS84,122.105349,25.484834,0.000001,400,社團法人基隆市野鳥學會,,,,,,,,,,,2012-00-00
KL_Plant_0000001,2013-00-00_棉花嶼_植物_全島_0305,2013,2013,,,,HumanObservation,Asia,Taiwan,棉花嶼,,Cyrtomium falcatum,species,全緣貫眾蕨,,,WGS84,122.105349,25.484834,0.000001,400,社團法人基隆市野鳥學會,,,,,,,,,,,2013-00-00
KL_Plant_0000002,2013-00-00_棉花嶼_植物_全島_0306,2013,2013,,,,HumanObservation,Asia,Taiwan,棉花嶼,,Pteris fauriei var. fauriei,varietas,傅氏鳳尾蕨,,,WGS84,122.105349,25.484834,0.000001,400,社團法人基隆市野鳥學會,,,,,,,,,,,2013-00-00
KL_Plant_0000003,2013-00-00_棉花嶼_植物_全島_0307,2013,2013,,,,HumanObservation,Asia,Taiwan,棉花嶼,,Haplopteris anguste-elongata,species,姬書帶蕨,,,WGS84,122.105349,25.484834,0.000001,400,社團法人基隆市野鳥學會,,,,,,,,,,,2013-00-00
KL_Plant_0000004,2013-00-00_棉花嶼_植物_全島_0308,2013,2013,,,,HumanObservation,Asia,Taiwan,棉花嶼,,Odontosoria biflora,species,闊片烏蕨,,,WGS84,122.105349,25.484834,0.000001,400,社團法人基隆市野鳥學會,,,,,,,,,,,2013-00-00
KL_Plant_0000005,2013-00-00_棉花嶼_植物_全島_0309,2013,2013,,,,HumanObservation,Asia,Taiwan,棉花嶼,,Nephrolepis biserrata,species,長葉腎蕨,,,WGS84,122.105349,25.484834,0.000001,400,社團法人基隆市野鳥學會,,,,,,,,,,,2013-00-00
KL_Plant_0000006,2013-00-00_棉花嶼_植物_全島_0310,2013,2013,,,,HumanObservation,Asia,Taiwan,棉花嶼,,Tetragonia tetragonoides,species,番杏,,,WGS84,122.105349,25.484834,0.000001,400,社團法人基隆市野鳥學會,,,,,,,,,,,2013-00-00
KL_Plant_0000008,2013-00-00_棉花嶼_植物_全島_0311,2013,2013,,,,HumanObservation,Asia,Taiwan,棉花嶼,,Morus australis,species,小葉桑,,,WGS84,122.105349,25.484834,0.000001,400,社團法人基隆市野鳥學會,,,,,,,,,,,2013-00-00
KL_Plant_0000009,2013-00-00_棉花嶼_植物_全島_0312,2013,2013,,,,HumanObservation,Asia,Taiwan,棉花嶼,,Persicaria chinensis,species,火炭母草,,,WGS84,122.105349,25.484834,0.000001,400,社團法人基隆市野鳥學會,,,,,,,,,,,2013-00-00
KL_Plant_0000010,2013-00-00_棉花嶼_植物_全島_0313,2013,2013,,,,HumanObservation,Asia,Taiwan,棉花嶼,,Rumex crispus,species,羊蹄,,,WGS84,122.105349,25.484834,0.000001,400,社團法人基隆市野鳥學會,,,,,,,,,,,2013-00-00
KL_Plant_0000011,2013-00-00_棉花嶼_植物_全島_0314,2013,2013,,,,HumanObservation,Asia,Taiwan,棉花嶼,,Cocculus orbiculatus,species,木防己,,,WGS84,122.105349,25.484834,0.000001,400,社團法人基隆市野鳥學會,,,,,,,,,,,2013-00-00
KL_Plant_0000013,2013-00-00_棉花嶼_植物_全島_0315,2013,2013,,,,HumanObservation,Asia,Taiwan,棉花嶼,,Boerhavia glabrata,species,光果黃細心,,,WGS84,122.105349,25.484834,0.000001,400,社團法人基隆市野鳥學會,,,,,,,,,,,2013-00-00
KL_Plant_0000014,2013-00-00_棉花嶼_植物_全島_0316,2013,2013,,,,HumanObservation,Asia,Taiwan,棉花嶼,,Portulaca oleracea,species,馬齒莧,,,WGS84,122.105349,25.484834,0.000001,400,社團法人基隆市野鳥學會,,,,,,,,,,,2013-00-00
KL_Plant_0000015,2013-00-00_棉花嶼_植物_全島_0317,2013,2013,,,,HumanObservation,Asia,Taiwan,棉花嶼,,Portulaca pilosa,species,毛馬齒莧,,,WGS84,122.105349,25.484834,0.000001,400,社團法人基隆市野鳥學會,,,,,,,,,,,2013-00-00
KL_Plant_0000016,2013-00-00_棉花嶼_植物_全島_0318,2013,2013,,,,HumanObservation,Asia,Taiwan,棉花嶼,,Chenopodium acuminatum,species,變葉藜,,,WGS84,122.105349,25.484834,0.000001,400,社團法人基隆市野鳥學會,,,,,,,,,,,2013-00-00
KL_Plant_0000019,2013-00-00_棉花嶼_植物_全島_0319,2013,2013,,,,HumanObservation,Asia,Taiwan,棉花嶼,,Sedum formosanum,species,台灣佛甲草（石板菜）,,,WGS84,122.105349,25.484834,0.000001,400,社團法人基隆市野鳥學會,,,,,,,,,,,2013-00-00
KL_Plant_0000020,2013-00-00_棉花嶼_植物_全島_0320,2013,2013,,,,HumanObservation,Asia,Taiwan,棉花嶼,,Oxalis corniculata,species,酢漿草,,,WGS84,122.105349,25.484834,0.000001,400,社團法人基隆市野鳥學會,,,,,,,,,,,2013-00-00
KL_Plant_0000021,2013-00-00_棉花嶼_植物_全島_0321,2013,2013,,,,HumanObservation,Asia,Taiwan,棉花嶼,,Centella asiatica,species,雷公根,,,WGS84,122.105349,25.484834,0.000001,400,社團法人基隆市野鳥學會,,,,,,,,,,,2013-00-00
KL_Plant_0000023,2013-00-00_棉花嶼_植物_全島_0322,2013,2013,,,,HumanObservation,Asia,Taiwan,棉花嶼,,Lysimachia mauritiana,species,茅毛珍珠菜,,,WGS84,122.105349,25.484834,0.000001,400,社團法人基隆市野鳥學會,,,,,,,,,,,2013-00-00
KL_Plant_0000024,2013-00-00_棉花嶼_植物_全島_0323,2013,2013,,,,HumanObservation,Asia,Taiwan,棉花嶼,,Hedyotis strigulosa,species,脈耳草,,,WGS84,122.105349,25.484834,0.000001,400,社團法人基隆市野鳥學會,,,,,,,,,,,2013-00-00
KL_Plant_0000025,2013-00-00_棉花嶼_植物_全島_0324,2013,2013,,,,HumanObservation,Asia,Taiwan,棉花嶼,,Morinda umbellata,species,繖花藤,,,WGS84,122.105349,25.484834,0.000001,400,社團法人基隆市野鳥學會,,,,,,,,,,,2013-00-00
KL_Plant_0000027,2013-00-00_棉花嶼_植物_全島_0325,2013,2013,,,,HumanObservation,Asia,Taiwan,棉花嶼,,Dichondra micrantha,species,馬蹄金,,,WGS84,122.105349,25.484834,0.000001,400,社團法人基隆市野鳥學會,,,,,,,,,,,2013-00-00
KL_Plant_0000028,2013-00-00_棉花嶼_植物_全島_0326,2013,2013,,,,HumanObservation,Asia,Taiwan,棉花嶼,,Ipomoea obscura,species,馬鞍藤,,,WGS84,122.105349,25.484834,0.000001,400,社團法人基隆市野鳥學會,,,,,,,,,,,2013-00-00
KL_Plant_0000029,2013-00-00_棉花嶼_植物_全島_0327,2013,2013,,,,HumanObservation,Asia,Taiwan,棉花嶼,,Callicarpa japonica,species,朝鮮紫珠,,,WGS84,122.105349,25.484834,0.000001,400,社團法人基隆市野鳥學會,,,,,,,,,,,2013-00-00
KL_Plant_0000030,2013-00-00_棉花嶼_植物_全島_0328,2013,2013,,,,HumanObservation,Asia,Taiwan,棉花嶼,,Leonurus japonicus,species,益母草,,,WGS84,122.105349,25.484834,0.000001,400,社團法人基隆市野鳥學會,,,,,,,,,,,2013-00-00
KL_Plant_0000033,2013-00-00_棉花嶼_植物_全島_0329,2013,2013,,,,HumanObservation,Asia,Taiwan,棉花嶼,,Corydalis koidzumiana,species,密花黃堇,,,WGS84,122.105349,25.484834,0.000001,400,社團法人基隆市野鳥學會,,,,,,,,,,,2013-00-00
KL_Plant_0000034,2013-00-00_棉花嶼_植物_全島_0330,2013,2013,,,,HumanObservation,Asia,Taiwan,棉花嶼,,Scaevola sericea,species,草海桐,,,WGS84,122.105349,25.484834,0.000001,400,社團法人基隆市野鳥學會,,,,,,,,,,,2013-00-00
KL_Plant_0000035,2013-00-00_棉花嶼_植物_全島_0331,2013,2013,,,,HumanObservation,Asia,Taiwan,棉花嶼,,Artemisia capillaris,species,茵陳蒿,,,WGS84,122.105349,25.484834,0.000001,400,社團法人基隆市野鳥學會,,,,,,,,,,,2013-00-00
KL_Plant_0000039,2013-00-00_棉花嶼_植物_全島_0332,2013,2013,,,,HumanObservation,Asia,Taiwan,棉花嶼,,Conyza sumatrensis,species,野茼蒿,,,WGS84,122.105349,25.484834,0.000001,400,社團法人基隆市野鳥學會,,,,,,,,,,,2013-00-00
KL_Plant_0000040,2013-00-00_棉花嶼_植物_全島_0333,2013,2013,,,,HumanObservation,Asia,Taiwan,棉花嶼,,Crossostephium chinense,species,蘄艾,,,WGS84,122.105349,25.484834,0.000001,400,社團法人基隆市野鳥學會,,,,,,,,,,,2013-00-00
KL_Plant_0000041,2013-00-00_棉花嶼_植物_全島_0334,2013,2013,,,,HumanObservation,Asia,Taiwan,棉花嶼,,Emilia sonchifolia,species,紫背草,,,WGS84,122.105349,25.484834,0.000001,400,社團法人基隆市野鳥學會,,,,,,,,,,,2013-00-00
KL_Plant_0000043,2013-00-00_棉花嶼_植物_全島_0335,2013,2013,,,,HumanObservation,Asia,Taiwan,棉花嶼,,Gnaphalium affine,species,鼠麴草,,,WGS84,122.105349,25.484834,0.000001,400,社團法人基隆市野鳥學會,,,,,,,,,,,2013-00-00
KL_Plant_0000049,2013-00-00_棉花嶼_植物_全島_0336,2013,2013,,,,HumanObservation,Asia,Taiwan,棉花嶼,,Wedelia biflora,species,雙花蟛蜞菊,,,WGS84,122.105349,25.484834,0.000001,400,社團法人基隆市野鳥學會,,,,,,,,,,,2013-00-00
KL_Plant_0000051,2013-00-00_棉花嶼_植物_全島_0337,2013,2013,,,,HumanObservation,Asia,Taiwan,棉花嶼,,Wedelia prostrata var. robusta Makino,varietas,大天蓬草舅,,,WGS84,122.105349,25.484834,0.000001,400,社團法人基隆市野鳥學會,,,,,,,,,,,2013-00-00
KL_Plant_0000052,2013-00-00_棉花嶼_植物_全島_0338,2013,2013,,,,HumanObservation,Asia,Taiwan,棉花嶼,,Youngia japonica,species,黃鵪菜,,,WGS84,122.105349,25.484834,0.000001,400,社團法人基隆市野鳥學會,,,,,,,,,,,2013-00-00
KL_Plant_0000053,2013-00-00_棉花嶼_植物_全島_0339,2013,2013,,,,HumanObservation,Asia,Taiwan,棉花嶼,,Oenothera laciniata,species,裂葉月見草,,,WGS84,122.105349,25.484834,0.000001,400,社團法人基隆市野鳥學會,,,,,,,,,,,2013-00-00
KL_Plant_0000054,2013-00-00_棉花嶼_植物_全島_0340,2013,2013,,,,HumanObservation,Asia,Taiwan,棉花嶼,,Raphanus sativus,species,濱蘿蔔,,,WGS84,122.105349,25.484834,0.000001,400,社團法人基隆市野鳥學會,,,,,,,,,,,2013-00-00
KL_Plant_0000056,2013-00-00_棉花嶼_植物_全島_0341,2013,2013,,,,HumanObservation,Asia,Taiwan,棉花嶼,,Vigna marina,species,濱豇豆,,,WGS84,122.105349,25.484834,0.000001,400,社團法人基隆市野鳥學會,,,,,,,,,,,2013-00-00
KL_Plant_0000057,2013-00-00_棉花嶼_植物_全島_0342,2013,2013,,,,HumanObservation,Asia,Taiwan,棉花嶼,,Pilea peploides,species,齒葉矮冷水麻,,,WGS84,122.105349,25.484834,0.000001,400,社團法人基隆市野鳥學會,,,,,,,,,,,2013-00-00
KL_Plant_0000059,2013-00-00_棉花嶼_植物_全島_0343,2013,2013,,,,HumanObservation,Asia,Taiwan,棉花嶼,,Commelina diffusa,species,竹仔菜,,,WGS84,122.105349,25.484834,0.000001,400,社團法人基隆市野鳥學會,,,,,,,,,,,2013-00-00
KL_Plant_0000060,2013-00-00_棉花嶼_植物_全島_0344,2013,2013,,,,HumanObservation,Asia,Taiwan,棉花嶼,,Carex breviculmis,species,短莖宿柱薹,,,WGS84,122.105349,25.484834,0.000001,400,社團法人基隆市野鳥學會,,,,,,,,,,,2013-00-00
KL_Plant_0000061,2013-00-00_棉花嶼_植物_全島_0345,2013,2013,,,,HumanObservation,Asia,Taiwan,棉花嶼,,Cyperus polystachyos,species,多柱扁莎,,,WGS84,122.105349,25.484834,0.000001,400,社團法人基隆市野鳥學會,,,,,,,,,,,2013-00-00
KL_Plant_0000066,2013-00-00_棉花嶼_植物_全島_0346,2013,2013,,,,HumanObservation,Asia,Taiwan,棉花嶼,,Brachiaria villosa,species,毛臂形草,,,WGS84,122.105349,25.484834,0.000001,400,社團法人基隆市野鳥學會,,,,,,,,,,,2013-00-00
KL_Plant_0000072,2013-00-00_棉花嶼_植物_全島_0347,2013,2013,,,,HumanObservation,Asia,Taiwan,棉花嶼,,Digitaria mollicoma,species,絨馬唐,,,WGS84,122.105349,25.484834,0.000001,400,社團法人基隆市野鳥學會,,,,,,,,,,,2013-00-00
KL_Plant_0000074,2013-00-00_棉花嶼_植物_全島_0348,2013,2013,,,,HumanObservation,Asia,Taiwan,棉花嶼,,Digitaria sericea,species,絹毛馬唐,,,WGS84,122.105349,25.484834,0.000001,400,社團法人基隆市野鳥學會,,,,,,,,,,,2013-00-00
KL_Plant_0000075,2013-00-00_棉花嶼_植物_全島_0349,2013,2013,,,,HumanObservation,Asia,Taiwan,棉花嶼,,Imperata cylindrica var. major,varietas,白茅,,,WGS84,122.105349,25.484834,0.000001,400,社團法人基隆市野鳥學會,,,,,,,,,,,2013-00-00
KL_Plant_0000078,2013-00-00_棉花嶼_植物_全島_0350,2013,2013,,,,HumanObservation,Asia,Taiwan,棉花嶼,,Paspalum orbiculare,species,圓果雀稗,,,WGS84,122.105349,25.484834,0.000001,400,社團法人基隆市野鳥學會,,,,,,,,,,,2013-00-00
KL_Plant_0000080,2013-00-00_棉花嶼_植物_全島_0351,2013,2013,,,,HumanObservation,Asia,Taiwan,棉花嶼,,Paspalum vaginatum,species,海雀稗,,,WGS84,122.105349,25.484834,0.000001,400,社團法人基隆市野鳥學會,,,,,,,,,,,2013-00-00
KL_Plant_0000083,2013-00-00_棉花嶼_植物_全島_0352,2013,2013,,,,HumanObservation,Asia,Taiwan,棉花嶼,,Setaria geniculata,species,莠狗尾草,,,WGS84,122.105349,25.484834,0.000001,400,社團法人基隆市野鳥學會,,,,,,,,,,,2013-00-00
KL_Plant_0000086,2013-00-00_棉花嶼_植物_全島_0353,2013,2013,,,,HumanObservation,Asia,Taiwan,棉花嶼,,Zoysia japonica,species,日本芝,,,WGS84,122.105349,25.484834,0.000001,400,社團法人基隆市野鳥學會,,,,,,,,,,,2013-00-00
KL_Plant_0000001,2014-00-00_棉花嶼_植物_全島_0354,2014,2014,,,,HumanObservation,Asia,Taiwan,棉花嶼,,Cyrtomium falcatum,species,全緣貫眾蕨,,,WGS84,122.105349,25.484834,0.000001,400,社團法人基隆市野鳥學會,,,,,,,,,,,2014-00-00
KL_Plant_0000002,2014-00-00_棉花嶼_植物_全島_0355,2014,2014,,,,HumanObservation,Asia,Taiwan,棉花嶼,,Pteris fauriei var. fauriei,varietas,傅氏鳳尾蕨,,,WGS84,122.105349,25.484834,0.000001,400,社團法人基隆市野鳥學會,,,,,,,,,,,2014-00-00
KL_Plant_0000003,2014-00-00_棉花嶼_植物_全島_0356,2014,2014,,,,HumanObservation,Asia,Taiwan,棉花嶼,,Haplopteris anguste-elongata,species,姬書帶蕨,,,WGS84,122.105349,25.484834,0.000001,400,社團法人基隆市野鳥學會,,,,,,,,,,,2014-00-00
KL_Plant_0000004,2014-00-00_棉花嶼_植物_全島_0357,2014,2014,,,,HumanObservation,Asia,Taiwan,棉花嶼,,Odontosoria biflora,species,闊片烏蕨,,,WGS84,122.105349,25.484834,0.000001,400,社團法人基隆市野鳥學會,,,,,,,,,,,2014-00-00
KL_Plant_0000005,2014-00-00_棉花嶼_植物_全島_0358,2014,2014,,,,HumanObservation,Asia,Taiwan,棉花嶼,,Nephrolepis biserrata,species,長葉腎蕨,,,WGS84,122.105349,25.484834,0.000001,400,社團法人基隆市野鳥學會,,,,,,,,,,,2014-00-00
KL_Plant_0000006,2014-00-00_棉花嶼_植物_全島_0359,2014,2014,,,,HumanObservation,Asia,Taiwan,棉花嶼,,Tetragonia tetragonoides,species,番杏,,,WGS84,122.105349,25.484834,0.000001,400,社團法人基隆市野鳥學會,,,,,,,,,,,2014-00-00
KL_Plant_0000008,2014-00-00_棉花嶼_植物_全島_0360,2014,2014,,,,HumanObservation,Asia,Taiwan,棉花嶼,,Morus australis,species,小葉桑,,,WGS84,122.105349,25.484834,0.000001,400,社團法人基隆市野鳥學會,,,,,,,,,,,2014-00-00
KL_Plant_0000009,2014-00-00_棉花嶼_植物_全島_0361,2014,2014,,,,HumanObservation,Asia,Taiwan,棉花嶼,,Persicaria chinensis,species,火炭母草,,,WGS84,122.105349,25.484834,0.000001,400,社團法人基隆市野鳥學會,,,,,,,,,,,2014-00-00
KL_Plant_0000010,2014-00-00_棉花嶼_植物_全島_0362,2014,2014,,,,HumanObservation,Asia,Taiwan,棉花嶼,,Rumex crispus,species,羊蹄,,,WGS84,122.105349,25.484834,0.000001,400,社團法人基隆市野鳥學會,,,,,,,,,,,2014-00-00
KL_Plant_0000011,2014-00-00_棉花嶼_植物_全島_0363,2014,2014,,,,HumanObservation,Asia,Taiwan,棉花嶼,,Cocculus orbiculatus,species,木防己,,,WGS84,122.105349,25.484834,0.000001,400,社團法人基隆市野鳥學會,,,,,,,,,,,2014-00-00
KL_Plant_0000013,2014-00-00_棉花嶼_植物_全島_0364,2014,2014,,,,HumanObservation,Asia,Taiwan,棉花嶼,,Boerhavia glabrata,species,光果黃細心,,,WGS84,122.105349,25.484834,0.000001,400,社團法人基隆市野鳥學會,,,,,,,,,,,2014-00-00
KL_Plant_0000014,2014-00-00_棉花嶼_植物_全島_0365,2014,2014,,,,HumanObservation,Asia,Taiwan,棉花嶼,,Portulaca oleracea,species,馬齒莧,,,WGS84,122.105349,25.484834,0.000001,400,社團法人基隆市野鳥學會,,,,,,,,,,,2014-00-00
KL_Plant_0000015,2014-00-00_棉花嶼_植物_全島_0366,2014,2014,,,,HumanObservation,Asia,Taiwan,棉花嶼,,Portulaca pilosa,species,毛馬齒莧,,,WGS84,122.105349,25.484834,0.000001,400,社團法人基隆市野鳥學會,,,,,,,,,,,2014-00-00
KL_Plant_0000016,2014-00-00_棉花嶼_植物_全島_0367,2014,2014,,,,HumanObservation,Asia,Taiwan,棉花嶼,,Chenopodium acuminatum,species,變葉藜,,,WGS84,122.105349,25.484834,0.000001,400,社團法人基隆市野鳥學會,,,,,,,,,,,2014-00-00
KL_Plant_0000019,2014-00-00_棉花嶼_植物_全島_0368,2014,2014,,,,HumanObservation,Asia,Taiwan,棉花嶼,,Sedum formosanum,species,台灣佛甲草（石板菜）,,,WGS84,122.105349,25.484834,0.000001,400,社團法人基隆市野鳥學會,,,,,,,,,,,2014-00-00
KL_Plant_0000020,2014-00-00_棉花嶼_植物_全島_0369,2014,2014,,,,HumanObservation,Asia,Taiwan,棉花嶼,,Oxalis corniculata,species,酢漿草,,,WGS84,122.105349,25.484834,0.000001,400,社團法人基隆市野鳥學會,,,,,,,,,,,2014-00-00
KL_Plant_0000021,2014-00-00_棉花嶼_植物_全島_0370,2014,2014,,,,HumanObservation,Asia,Taiwan,棉花嶼,,Centella asiatica,species,雷公根,,,WGS84,122.105349,25.484834,0.000001,400,社團法人基隆市野鳥學會,,,,,,,,,,,2014-00-00
KL_Plant_0000023,2014-00-00_棉花嶼_植物_全島_0371,2014,2014,,,,HumanObservation,Asia,Taiwan,棉花嶼,,Lysimachia mauritiana,species,茅毛珍珠菜,,,WGS84,122.105349,25.484834,0.000001,400,社團法人基隆市野鳥學會,,,,,,,,,,,2014-00-00
KL_Plant_0000024,2014-00-00_棉花嶼_植物_全島_0372,2014,2014,,,,HumanObservation,Asia,Taiwan,棉花嶼,,Hedyotis strigulosa,species,脈耳草,,,WGS84,122.105349,25.484834,0.000001,400,社團法人基隆市野鳥學會,,,,,,,,,,,2014-00-00
KL_Plant_0000025,2014-00-00_棉花嶼_植物_全島_0373,2014,2014,,,,HumanObservation,Asia,Taiwan,棉花嶼,,Morinda umbellata,species,繖花藤,,,WGS84,122.105349,25.484834,0.000001,400,社團法人基隆市野鳥學會,,,,,,,,,,,2014-00-00
KL_Plant_0000027,2014-00-00_棉花嶼_植物_全島_0374,2014,2014,,,,HumanObservation,Asia,Taiwan,棉花嶼,,Dichondra micrantha,species,馬蹄金,,,WGS84,122.105349,25.484834,0.000001,400,社團法人基隆市野鳥學會,,,,,,,,,,,2014-00-00
KL_Plant_0000028,2014-00-00_棉花嶼_植物_全島_0375,2014,2014,,,,HumanObservation,Asia,Taiwan,棉花嶼,,Ipomoea obscura,species,馬鞍藤,,,WGS84,122.105349,25.484834,0.000001,400,社團法人基隆市野鳥學會,,,,,,,,,,,2014-00-00
KL_Plant_0000029,2014-00-00_棉花嶼_植物_全島_0376,2014,2014,,,,HumanObservation,Asia,Taiwan,棉花嶼,,Callicarpa japonica,species,朝鮮紫珠,,,WGS84,122.105349,25.484834,0.000001,400,社團法人基隆市野鳥學會,,,,,,,,,,,2014-00-00
KL_Plant_0000030,2014-00-00_棉花嶼_植物_全島_0377,2014,2014,,,,HumanObservation,Asia,Taiwan,棉花嶼,,Leonurus japonicus,species,益母草,,,WGS84,122.105349,25.484834,0.000001,400,社團法人基隆市野鳥學會,,,,,,,,,,,2014-00-00
KL_Plant_0000033,2014-00-00_棉花嶼_植物_全島_0378,2014,2014,,,,HumanObservation,Asia,Taiwan,棉花嶼,,Corydalis koidzumiana,species,密花黃堇,,,WGS84,122.105349,25.484834,0.000001,400,社團法人基隆市野鳥學會,,,,,,,,,,,2014-00-00
KL_Plant_0000034,2014-00-00_棉花嶼_植物_全島_0379,2014,2014,,,,HumanObservation,Asia,Taiwan,棉花嶼,,Scaevola sericea,species,草海桐,,,WGS84,122.105349,25.484834,0.000001,400,社團法人基隆市野鳥學會,,,,,,,,,,,2014-00-00
KL_Plant_0000035,2014-00-00_棉花嶼_植物_全島_0380,2014,2014,,,,HumanObservation,Asia,Taiwan,棉花嶼,,Artemisia capillaris,species,茵陳蒿,,,WGS84,122.105349,25.484834,0.000001,400,社團法人基隆市野鳥學會,,,,,,,,,,,2014-00-00
KL_Plant_0000039,2014-00-00_棉花嶼_植物_全島_0381,2014,2014,,,,HumanObservation,Asia,Taiwan,棉花嶼,,Conyza sumatrensis,species,野茼蒿,,,WGS84,122.105349,25.484834,0.000001,400,社團法人基隆市野鳥學會,,,,,,,,,,,2014-00-00
KL_Plant_0000040,2014-00-00_棉花嶼_植物_全島_0382,2014,2014,,,,HumanObservation,Asia,Taiwan,棉花嶼,,Crossostephium chinense,species,蘄艾,,,WGS84,122.105349,25.484834,0.000001,400,社團法人基隆市野鳥學會,,,,,,,,,,,2014-00-00
KL_Plant_0000041,2014-00-00_棉花嶼_植物_全島_0383,2014,2014,,,,HumanObservation,Asia,Taiwan,棉花嶼,,Emilia sonchifolia,species,紫背草,,,WGS84,122.105349,25.484834,0.000001,400,社團法人基隆市野鳥學會,,,,,,,,,,,2014-00-00
KL_Plant_0000043,2014-00-00_棉花嶼_植物_全島_0384,2014,2014,,,,HumanObservation,Asia,Taiwan,棉花嶼,,Gnaphalium affine,species,鼠麴草,,,WGS84,122.105349,25.484834,0.000001,400,社團法人基隆市野鳥學會,,,,,,,,,,,2014-00-00
KL_Plant_0000049,2014-00-00_棉花嶼_植物_全島_0385,2014,2014,,,,HumanObservation,Asia,Taiwan,棉花嶼,,Wedelia biflora,species,雙花蟛蜞菊,,,WGS84,122.105349,25.484834,0.000001,400,社團法人基隆市野鳥學會,,,,,,,,,,,2014-00-00
KL_Plant_0000051,2014-00-00_棉花嶼_植物_全島_0386,2014,2014,,,,HumanObservation,Asia,Taiwan,棉花嶼,,Wedelia prostrata var. robusta Makino,varietas,大天蓬草舅,,,WGS84,122.105349,25.484834,0.000001,400,社團法人基隆市野鳥學會,,,,,,,,,,,2014-00-00
KL_Plant_0000052,2014-00-00_棉花嶼_植物_全島_0387,2014,2014,,,,HumanObservation,Asia,Taiwan,棉花嶼,,Youngia japonica,species,黃鵪菜,,,WGS84,122.105349,25.484834,0.000001,400,社團法人基隆市野鳥學會,,,,,,,,,,,2014-00-00
KL_Plant_0000053,2014-00-00_棉花嶼_植物_全島_0388,2014,2014,,,,HumanObservation,Asia,Taiwan,棉花嶼,,Oenothera laciniata,species,裂葉月見草,,,WGS84,122.105349,25.484834,0.000001,400,社團法人基隆市野鳥學會,,,,,,,,,,,2014-00-00
KL_Plant_0000054,2014-00-00_棉花嶼_植物_全島_0389,2014,2014,,,,HumanObservation,Asia,Taiwan,棉花嶼,,Raphanus sativus,species,濱蘿蔔,,,WGS84,122.105349,25.484834,0.000001,400,社團法人基隆市野鳥學會,,,,,,,,,,,2014-00-00
KL_Plant_0000056,2014-00-00_棉花嶼_植物_全島_0390,2014,2014,,,,HumanObservation,Asia,Taiwan,棉花嶼,,Vigna marina,species,濱豇豆,,,WGS84,122.105349,25.484834,0.000001,400,社團法人基隆市野鳥學會,,,,,,,,,,,2014-00-00
KL_Plant_0000057,2014-00-00_棉花嶼_植物_全島_0391,2014,2014,,,,HumanObservation,Asia,Taiwan,棉花嶼,,Pilea peploides,species,齒葉矮冷水麻,,,WGS84,122.105349,25.484834,0.000001,400,社團法人基隆市野鳥學會,,,,,,,,,,,2014-00-00
KL_Plant_0000059,2014-00-00_棉花嶼_植物_全島_0392,2014,2014,,,,HumanObservation,Asia,Taiwan,棉花嶼,,Commelina diffusa,species,竹仔菜,,,WGS84,122.105349,25.484834,0.000001,400,社團法人基隆市野鳥學會,,,,,,,,,,,2014-00-00
KL_Plant_0000060,2014-00-00_棉花嶼_植物_全島_0393,2014,2014,,,,HumanObservation,Asia,Taiwan,棉花嶼,,Carex breviculmis,species,短莖宿柱薹,,,WGS84,122.105349,25.484834,0.000001,400,社團法人基隆市野鳥學會,,,,,,,,,,,2014-00-00
KL_Plant_0000061,2014-00-00_棉花嶼_植物_全島_0394,2014,2014,,,,HumanObservation,Asia,Taiwan,棉花嶼,,Cyperus polystachyos,species,多柱扁莎,,,WGS84,122.105349,25.484834,0.000001,400,社團法人基隆市野鳥學會,,,,,,,,,,,2014-00-00
KL_Plant_0000066,2014-00-00_棉花嶼_植物_全島_0395,2014,2014,,,,HumanObservation,Asia,Taiwan,棉花嶼,,Brachiaria villosa,species,毛臂形草,,,WGS84,122.105349,25.484834,0.000001,400,社團法人基隆市野鳥學會,,,,,,,,,,,2014-00-00
KL_Plant_0000072,2014-00-00_棉花嶼_植物_全島_0396,2014,2014,,,,HumanObservation,Asia,Taiwan,棉花嶼,,Digitaria mollicoma,species,絨馬唐,,,WGS84,122.105349,25.484834,0.000001,400,社團法人基隆市野鳥學會,,,,,,,,,,,2014-00-00
KL_Plant_0000074,2014-00-00_棉花嶼_植物_全島_0397,2014,2014,,,,HumanObservation,Asia,Taiwan,棉花嶼,,Digitaria sericea,species,絹毛馬唐,,,WGS84,122.105349,25.484834,0.000001,400,社團法人基隆市野鳥學會,,,,,,,,,,,2014-00-00
KL_Plant_0000075,2014-00-00_棉花嶼_植物_全島_0398,2014,2014,,,,HumanObservation,Asia,Taiwan,棉花嶼,,Imperata cylindrica var. major,varietas,白茅,,,WGS84,122.105349,25.484834,0.000001,400,社團法人基隆市野鳥學會,,,,,,,,,,,2014-00-00
KL_Plant_0000078,2014-00-00_棉花嶼_植物_全島_0399,2014,2014,,,,HumanObservation,Asia,Taiwan,棉花嶼,,Paspalum orbiculare,species,圓果雀稗,,,WGS84,122.105349,25.484834,0.000001,400,社團法人基隆市野鳥學會,,,,,,,,,,,2014-00-00
KL_Plant_0000080,2014-00-00_棉花嶼_植物_全島_0400,2014,2014,,,,HumanObservation,Asia,Taiwan,棉花嶼,,Paspalum vaginatum,species,海雀稗,,,WGS84,122.105349,25.484834,0.000001,400,社團法人基隆市野鳥學會,,,,,,,,,,,2014-00-00
KL_Plant_0000083,2014-00-00_棉花嶼_植物_全島_0401,2014,2014,,,,HumanObservation,Asia,Taiwan,棉花嶼,,Setaria geniculata,species,莠狗尾草,,,WGS84,122.105349,25.484834,0.000001,400,社團法人基隆市野鳥學會,,,,,,,,,,,2014-00-00
KL_Plant_0000086,2014-00-00_棉花嶼_植物_全島_0402,2014,2014,,,,HumanObservation,Asia,Taiwan,棉花嶼,,Zoysia japonica,species,日本芝,,,WGS84,122.105349,25.484834,0.000001,400,社團法人基隆市野鳥學會,,,,,,,,,,,2014-00-00
KL_Plant_0000089,2014-00-00_棉花嶼_植物_全島_0403,2014,2014,,,,HumanObservation,Asia,Taiwan,棉花嶼,,Lycianthes biflora,species,雙花龍葵,,,WGS84,122.105349,25.484834,0.000001,400,社團法人基隆市野鳥學會,,,,,,,,,,,2014-00-00
KL_Plant_0000001,2015-00-00_棉花嶼_植物_全島_0404,2015,2015,,,,HumanObservation,Asia,Taiwan,棉花嶼,,Cyrtomium falcatum,species,全緣貫眾蕨,,,WGS84,122.105349,25.484834,0.000001,400,社團法人基隆市野鳥學會,,,,,,,,,,,2015-00-00
KL_Plant_0000002,2015-00-00_棉花嶼_植物_全島_0405,2015,2015,,,,HumanObservation,Asia,Taiwan,棉花嶼,,Pteris fauriei var. fauriei,varietas,傅氏鳳尾蕨,,,WGS84,122.105349,25.484834,0.000001,400,社團法人基隆市野鳥學會,,,,,,,,,,,2015-00-00
KL_Plant_0000003,2015-00-00_棉花嶼_植物_全島_0406,2015,2015,,,,HumanObservation,Asia,Taiwan,棉花嶼,,Haplopteris anguste-elongata,species,姬書帶蕨,,,WGS84,122.105349,25.484834,0.000001,400,社團法人基隆市野鳥學會,,,,,,,,,,,2015-00-00
KL_Plant_0000004,2015-00-00_棉花嶼_植物_全島_0407,2015,2015,,,,HumanObservation,Asia,Taiwan,棉花嶼,,Odontosoria biflora,species,闊片烏蕨,,,WGS84,122.105349,25.484834,0.000001,400,社團法人基隆市野鳥學會,,,,,,,,,,,2015-00-00
KL_Plant_0000005,2015-00-00_棉花嶼_植物_全島_0408,2015,2015,,,,HumanObservation,Asia,Taiwan,棉花嶼,,Nephrolepis biserrata,species,長葉腎蕨,,,WGS84,122.105349,25.484834,0.000001,400,社團法人基隆市野鳥學會,,,,,,,,,,,2015-00-00
KL_Plant_0000006,2015-00-00_棉花嶼_植物_全島_0409,2015,2015,,,,HumanObservation,Asia,Taiwan,棉花嶼,,Tetragonia tetragonoides,species,番杏,,,WGS84,122.105349,25.484834,0.000001,400,社團法人基隆市野鳥學會,,,,,,,,,,,2015-00-00
KL_Plant_0000008,2015-00-00_棉花嶼_植物_全島_0410,2015,2015,,,,HumanObservation,Asia,Taiwan,棉花嶼,,Morus australis,species,小葉桑,,,WGS84,122.105349,25.484834,0.000001,400,社團法人基隆市野鳥學會,,,,,,,,,,,2015-00-00
KL_Plant_0000009,2015-00-00_棉花嶼_植物_全島_0411,2015,2015,,,,HumanObservation,Asia,Taiwan,棉花嶼,,Persicaria chinensis,species,火炭母草,,,WGS84,122.105349,25.484834,0.000001,400,社團法人基隆市野鳥學會,,,,,,,,,,,2015-00-00
KL_Plant_0000010,2015-00-00_棉花嶼_植物_全島_0412,2015,2015,,,,HumanObservation,Asia,Taiwan,棉花嶼,,Rumex crispus,species,羊蹄,,,WGS84,122.105349,25.484834,0.000001,400,社團法人基隆市野鳥學會,,,,,,,,,,,2015-00-00
KL_Plant_0000011,2015-00-00_棉花嶼_植物_全島_0413,2015,2015,,,,HumanObservation,Asia,Taiwan,棉花嶼,,Cocculus orbiculatus,species,木防己,,,WGS84,122.105349,25.484834,0.000001,400,社團法人基隆市野鳥學會,,,,,,,,,,,2015-00-00
KL_Plant_0000013,2015-00-00_棉花嶼_植物_全島_0414,2015,2015,,,,HumanObservation,Asia,Taiwan,棉花嶼,,Boerhavia glabrata,species,光果黃細心,,,WGS84,122.105349,25.484834,0.000001,400,社團法人基隆市野鳥學會,,,,,,,,,,,2015-00-00
KL_Plant_0000014,2015-00-00_棉花嶼_植物_全島_0415,2015,2015,,,,HumanObservation,Asia,Taiwan,棉花嶼,,Portulaca oleracea,species,馬齒莧,,,WGS84,122.105349,25.484834,0.000001,400,社團法人基隆市野鳥學會,,,,,,,,,,,2015-00-00
KL_Plant_0000015,2015-00-00_棉花嶼_植物_全島_0416,2015,2015,,,,HumanObservation,Asia,Taiwan,棉花嶼,,Portulaca pilosa,species,毛馬齒莧,,,WGS84,122.105349,25.484834,0.000001,400,社團法人基隆市野鳥學會,,,,,,,,,,,2015-00-00
KL_Plant_0000016,2015-00-00_棉花嶼_植物_全島_0417,2015,2015,,,,HumanObservation,Asia,Taiwan,棉花嶼,,Chenopodium acuminatum,species,變葉藜,,,WGS84,122.105349,25.484834,0.000001,400,社團法人基隆市野鳥學會,,,,,,,,,,,2015-00-00
KL_Plant_0000019,2015-00-00_棉花嶼_植物_全島_0418,2015,2015,,,,HumanObservation,Asia,Taiwan,棉花嶼,,Sedum formosanum,species,台灣佛甲草（石板菜）,,,WGS84,122.105349,25.484834,0.000001,400,社團法人基隆市野鳥學會,,,,,,,,,,,2015-00-00
KL_Plant_0000020,2015-00-00_棉花嶼_植物_全島_0419,2015,2015,,,,HumanObservation,Asia,Taiwan,棉花嶼,,Oxalis corniculata,species,酢漿草,,,WGS84,122.105349,25.484834,0.000001,400,社團法人基隆市野鳥學會,,,,,,,,,,,2015-00-00
KL_Plant_0000021,2015-00-00_棉花嶼_植物_全島_0420,2015,2015,,,,HumanObservation,Asia,Taiwan,棉花嶼,,Centella asiatica,species,雷公根,,,WGS84,122.105349,25.484834,0.000001,400,社團法人基隆市野鳥學會,,,,,,,,,,,2015-00-00
KL_Plant_0000023,2015-00-00_棉花嶼_植物_全島_0421,2015,2015,,,,HumanObservation,Asia,Taiwan,棉花嶼,,Lysimachia mauritiana,species,茅毛珍珠菜,,,WGS84,122.105349,25.484834,0.000001,400,社團法人基隆市野鳥學會,,,,,,,,,,,2015-00-00
KL_Plant_0000024,2015-00-00_棉花嶼_植物_全島_0422,2015,2015,,,,HumanObservation,Asia,Taiwan,棉花嶼,,Hedyotis strigulosa,species,脈耳草,,,WGS84,122.105349,25.484834,0.000001,400,社團法人基隆市野鳥學會,,,,,,,,,,,2015-00-00
KL_Plant_0000025,2015-00-00_棉花嶼_植物_全島_0423,2015,2015,,,,HumanObservation,Asia,Taiwan,棉花嶼,,Morinda umbellata,species,繖花藤,,,WGS84,122.105349,25.484834,0.000001,400,社團法人基隆市野鳥學會,,,,,,,,,,,2015-00-00
KL_Plant_0000027,2015-00-00_棉花嶼_植物_全島_0424,2015,2015,,,,HumanObservation,Asia,Taiwan,棉花嶼,,Dichondra micrantha,species,馬蹄金,,,WGS84,122.105349,25.484834,0.000001,400,社團法人基隆市野鳥學會,,,,,,,,,,,2015-00-00
KL_Plant_0000028,2015-00-00_棉花嶼_植物_全島_0425,2015,2015,,,,HumanObservation,Asia,Taiwan,棉花嶼,,Ipomoea obscura,species,馬鞍藤,,,WGS84,122.105349,25.484834,0.000001,400,社團法人基隆市野鳥學會,,,,,,,,,,,2015-00-00
KL_Plant_0000029,2015-00-00_棉花嶼_植物_全島_0426,2015,2015,,,,HumanObservation,Asia,Taiwan,棉花嶼,,Callicarpa japonica,species,朝鮮紫珠,,,WGS84,122.105349,25.484834,0.000001,400,社團法人基隆市野鳥學會,,,,,,,,,,,2015-00-00
KL_Plant_0000030,2015-00-00_棉花嶼_植物_全島_0427,2015,2015,,,,HumanObservation,Asia,Taiwan,棉花嶼,,Leonurus japonicus,species,益母草,,,WGS84,122.105349,25.484834,0.000001,400,社團法人基隆市野鳥學會,,,,,,,,,,,2015-00-00
KL_Plant_0000033,2015-00-00_棉花嶼_植物_全島_0428,2015,2015,,,,HumanObservation,Asia,Taiwan,棉花嶼,,Corydalis koidzumiana,species,密花黃堇,,,WGS84,122.105349,25.484834,0.000001,400,社團法人基隆市野鳥學會,,,,,,,,,,,2015-00-00
KL_Plant_0000034,2015-00-00_棉花嶼_植物_全島_0429,2015,2015,,,,HumanObservation,Asia,Taiwan,棉花嶼,,Scaevola sericea,species,草海桐,,,WGS84,122.105349,25.484834,0.000001,400,社團法人基隆市野鳥學會,,,,,,,,,,,2015-00-00
KL_Plant_0000035,2015-00-00_棉花嶼_植物_全島_0430,2015,2015,,,,HumanObservation,Asia,Taiwan,棉花嶼,,Artemisia capillaris,species,茵陳蒿,,,WGS84,122.105349,25.484834,0.000001,400,社團法人基隆市野鳥學會,,,,,,,,,,,2015-00-00
KL_Plant_0000039,2015-00-00_棉花嶼_植物_全島_0431,2015,2015,,,,HumanObservation,Asia,Taiwan,棉花嶼,,Conyza sumatrensis,species,野茼蒿,,,WGS84,122.105349,25.484834,0.000001,400,社團法人基隆市野鳥學會,,,,,,,,,,,2015-00-00
KL_Plant_0000040,2015-00-00_棉花嶼_植物_全島_0432,2015,2015,,,,HumanObservation,Asia,Taiwan,棉花嶼,,Crossostephium chinense,species,蘄艾,,,WGS84,122.105349,25.484834,0.000001,400,社團法人基隆市野鳥學會,,,,,,,,,,,2015-00-00
KL_Plant_0000041,2015-00-00_棉花嶼_植物_全島_0433,2015,2015,,,,HumanObservation,Asia,Taiwan,棉花嶼,,Emilia sonchifolia,species,紫背草,,,WGS84,122.105349,25.484834,0.000001,400,社團法人基隆市野鳥學會,,,,,,,,,,,2015-00-00
KL_Plant_0000043,2015-00-00_棉花嶼_植物_全島_0434,2015,2015,,,,HumanObservation,Asia,Taiwan,棉花嶼,,Gnaphalium affine,species,鼠麴草,,,WGS84,122.105349,25.484834,0.000001,400,社團法人基隆市野鳥學會,,,,,,,,,,,2015-00-00
KL_Plant_0000049,2015-00-00_棉花嶼_植物_全島_0435,2015,2015,,,,HumanObservation,Asia,Taiwan,棉花嶼,,Wedelia biflora,species,雙花蟛蜞菊,,,WGS84,122.105349,25.484834,0.000001,400,社團法人基隆市野鳥學會,,,,,,,,,,,2015-00-00
KL_Plant_0000051,2015-00-00_棉花嶼_植物_全島_0436,2015,2015,,,,HumanObservation,Asia,Taiwan,棉花嶼,,Wedelia prostrata var. robusta Makino,varietas,大天蓬草舅,,,WGS84,122.105349,25.484834,0.000001,400,社團法人基隆市野鳥學會,,,,,,,,,,,2015-00-00
KL_Plant_0000052,2015-00-00_棉花嶼_植物_全島_0437,2015,2015,,,,HumanObservation,Asia,Taiwan,棉花嶼,,Youngia japonica,species,黃鵪菜,,,WGS84,122.105349,25.484834,0.000001,400,社團法人基隆市野鳥學會,,,,,,,,,,,2015-00-00
KL_Plant_0000053,2015-00-00_棉花嶼_植物_全島_0438,2015,2015,,,,HumanObservation,Asia,Taiwan,棉花嶼,,Oenothera laciniata,species,裂葉月見草,,,WGS84,122.105349,25.484834,0.000001,400,社團法人基隆市野鳥學會,,,,,,,,,,,2015-00-00
KL_Plant_0000054,2015-00-00_棉花嶼_植物_全島_0439,2015,2015,,,,HumanObservation,Asia,Taiwan,棉花嶼,,Raphanus sativus,species,濱蘿蔔,,,WGS84,122.105349,25.484834,0.000001,400,社團法人基隆市野鳥學會,,,,,,,,,,,2015-00-00
KL_Plant_0000056,2015-00-00_棉花嶼_植物_全島_0440,2015,2015,,,,HumanObservation,Asia,Taiwan,棉花嶼,,Vigna marina,species,濱豇豆,,,WGS84,122.105349,25.484834,0.000001,400,社團法人基隆市野鳥學會,,,,,,,,,,,2015-00-00
KL_Plant_0000057,2015-00-00_棉花嶼_植物_全島_0441,2015,2015,,,,HumanObservation,Asia,Taiwan,棉花嶼,,Pilea peploides,species,齒葉矮冷水麻,,,WGS84,122.105349,25.484834,0.000001,400,社團法人基隆市野鳥學會,,,,,,,,,,,2015-00-00
KL_Plant_0000059,2015-00-00_棉花嶼_植物_全島_0442,2015,2015,,,,HumanObservation,Asia,Taiwan,棉花嶼,,Commelina diffusa,species,竹仔菜,,,WGS84,122.105349,25.484834,0.000001,400,社團法人基隆市野鳥學會,,,,,,,,,,,2015-00-00
KL_Plant_0000060,2015-00-00_棉花嶼_植物_全島_0443,2015,2015,,,,HumanObservation,Asia,Taiwan,棉花嶼,,Carex breviculmis,species,短莖宿柱薹,,,WGS84,122.105349,25.484834,0.000001,400,社團法人基隆市野鳥學會,,,,,,,,,,,2015-00-00
KL_Plant_0000061,2015-00-00_棉花嶼_植物_全島_0444,2015,2015,,,,HumanObservation,Asia,Taiwan,棉花嶼,,Cyperus polystachyos,species,多柱扁莎,,,WGS84,122.105349,25.484834,0.000001,400,社團法人基隆市野鳥學會,,,,,,,,,,,2015-00-00
KL_Plant_0000066,2015-00-00_棉花嶼_植物_全島_0445,2015,2015,,,,HumanObservation,Asia,Taiwan,棉花嶼,,Brachiaria villosa,species,毛臂形草,,,WGS84,122.105349,25.484834,0.000001,400,社團法人基隆市野鳥學會,,,,,,,,,,,2015-00-00
KL_Plant_0000070,2015-00-00_棉花嶼_植物_全島_0446,2015,2015,,,,HumanObservation,Asia,Taiwan,棉花嶼,,Digitaria henryi,species,亨利馬唐,,,WGS84,122.105349,25.484834,0.000001,400,社團法人基隆市野鳥學會,,,,,,,,,,,2015-00-00
KL_Plant_0000072,2015-00-00_棉花嶼_植物_全島_0447,2015,2015,,,,HumanObservation,Asia,Taiwan,棉花嶼,,Digitaria mollicoma,species,絨馬唐,,,WGS84,122.105349,25.484834,0.000001,400,社團法人基隆市野鳥學會,,,,,,,,,,,2015-00-00
KL_Plant_0000074,2015-00-00_棉花嶼_植物_全島_0448,2015,2015,,,,HumanObservation,Asia,Taiwan,棉花嶼,,Digitaria sericea,species,絹毛馬唐,,,WGS84,122.105349,25.484834,0.000001,400,社團法人基隆市野鳥學會,,,,,,,,,,,2015-00-00
KL_Plant_0000075,2015-00-00_棉花嶼_植物_全島_0449,2015,2015,,,,HumanObservation,Asia,Taiwan,棉花嶼,,Imperata cylindrica var. major,varietas,白茅,,,WGS84,122.105349,25.484834,0.000001,400,社團法人基隆市野鳥學會,,,,,,,,,,,2015-00-00
KL_Plant_0000078,2015-00-00_棉花嶼_植物_全島_0450,2015,2015,,,,HumanObservation,Asia,Taiwan,棉花嶼,,Paspalum orbiculare,species,圓果雀稗,,,WGS84,122.105349,25.484834,0.000001,400,社團法人基隆市野鳥學會,,,,,,,,,,,2015-00-00
KL_Plant_0000079,2015-00-00_棉花嶼_植物_全島_0451,2015,2015,,,,HumanObservation,Asia,Taiwan,棉花嶼,,Paspalum scrobiculatum,species,鴨姆草,,,WGS84,122.105349,25.484834,0.000001,400,社團法人基隆市野鳥學會,,,,,,,,,,,2015-00-00
KL_Plant_0000080,2015-00-00_棉花嶼_植物_全島_0452,2015,2015,,,,HumanObservation,Asia,Taiwan,棉花嶼,,Paspalum vaginatum,species,海雀稗,,,WGS84,122.105349,25.484834,0.000001,400,社團法人基隆市野鳥學會,,,,,,,,,,,2015-00-00
KL_Plant_0000083,2015-00-00_棉花嶼_植物_全島_0453,2015,2015,,,,HumanObservation,Asia,Taiwan,棉花嶼,,Setaria geniculata,species,莠狗尾草,,,WGS84,122.105349,25.484834,0.000001,400,社團法人基隆市野鳥學會,,,,,,,,,,,2015-00-00
KL_Plant_0000086,2015-00-00_棉花嶼_植物_全島_0454,2015,2015,,,,HumanObservation,Asia,Taiwan,棉花嶼,,Zoysia japonica,species,日本芝,,,WGS84,122.105349,25.484834,0.000001,400,社團法人基隆市野鳥學會,,,,,,,,,,,2015-00-00
KL_Plant_0000089,2015-00-00_棉花嶼_植物_全島_0455,2015,2015,,,,HumanObservation,Asia,Taiwan,棉花嶼,,Lycianthes biflora,species,雙花龍葵,,,WGS84,122.105349,25.484834,0.000001,400,社團法人基隆市野鳥學會,,,,,,,,,,,2015-00-00
KL_Plant_0000001,2016-00-00_棉花嶼_植物_全島_0456,2016,2016,,,,HumanObservation,Asia,Taiwan,棉花嶼,,Cyrtomium falcatum,species,全緣貫眾蕨,,,WGS84,122.105349,25.484834,0.000001,400,社團法人基隆市野鳥學會,,,,,,,,,,,2016-00-00
KL_Plant_0000002,2016-00-00_棉花嶼_植物_全島_0457,2016,2016,,,,HumanObservation,Asia,Taiwan,棉花嶼,,Pteris fauriei var. fauriei,varietas,傅氏鳳尾蕨,,,WGS84,122.105349,25.484834,0.000001,400,社團法人基隆市野鳥學會,,,,,,,,,,,2016-00-00
KL_Plant_0000003,2016-00-00_棉花嶼_植物_全島_0458,2016,2016,,,,HumanObservation,Asia,Taiwan,棉花嶼,,Haplopteris anguste-elongata,species,姬書帶蕨,,,WGS84,122.105349,25.484834,0.000001,400,社團法人基隆市野鳥學會,,,,,,,,,,,2016-00-00
KL_Plant_0000004,2016-00-00_棉花嶼_植物_全島_0459,2016,2016,,,,HumanObservation,Asia,Taiwan,棉花嶼,,Odontosoria biflora,species,闊片烏蕨,,,WGS84,122.105349,25.484834,0.000001,400,社團法人基隆市野鳥學會,,,,,,,,,,,2016-00-00
KL_Plant_0000005,2016-00-00_棉花嶼_植物_全島_0460,2016,2016,,,,HumanObservation,Asia,Taiwan,棉花嶼,,Nephrolepis biserrata,species,長葉腎蕨,,,WGS84,122.105349,25.484834,0.000001,400,社團法人基隆市野鳥學會,,,,,,,,,,,2016-00-00
KL_Plant_0000006,2016-00-00_棉花嶼_植物_全島_0461,2016,2016,,,,HumanObservation,Asia,Taiwan,棉花嶼,,Tetragonia tetragonoides,species,番杏,,,WGS84,122.105349,25.484834,0.000001,400,社團法人基隆市野鳥學會,,,,,,,,,,,2016-00-00
KL_Plant_0000008,2016-00-00_棉花嶼_植物_全島_0462,2016,2016,,,,HumanObservation,Asia,Taiwan,棉花嶼,,Morus australis,species,小葉桑,,,WGS84,122.105349,25.484834,0.000001,400,社團法人基隆市野鳥學會,,,,,,,,,,,2016-00-00
KL_Plant_0000009,2016-00-00_棉花嶼_植物_全島_0463,2016,2016,,,,HumanObservation,Asia,Taiwan,棉花嶼,,Persicaria chinensis,species,火炭母草,,,WGS84,122.105349,25.484834,0.000001,400,社團法人基隆市野鳥學會,,,,,,,,,,,2016-00-00
KL_Plant_0000010,2016-00-00_棉花嶼_植物_全島_0464,2016,2016,,,,HumanObservation,Asia,Taiwan,棉花嶼,,Rumex crispus,species,羊蹄,,,WGS84,122.105349,25.484834,0.000001,400,社團法人基隆市野鳥學會,,,,,,,,,,,2016-00-00
KL_Plant_0000011,2016-00-00_棉花嶼_植物_全島_0465,2016,2016,,,,HumanObservation,Asia,Taiwan,棉花嶼,,Cocculus orbiculatus,species,木防己,,,WGS84,122.105349,25.484834,0.000001,400,社團法人基隆市野鳥學會,,,,,,,,,,,2016-00-00
KL_Plant_0000013,2016-00-00_棉花嶼_植物_全島_0466,2016,2016,,,,HumanObservation,Asia,Taiwan,棉花嶼,,Boerhavia glabrata,species,光果黃細心,,,WGS84,122.105349,25.484834,0.000001,400,社團法人基隆市野鳥學會,,,,,,,,,,,2016-00-00
KL_Plant_0000014,2016-00-00_棉花嶼_植物_全島_0467,2016,2016,,,,HumanObservation,Asia,Taiwan,棉花嶼,,Portulaca oleracea,species,馬齒莧,,,WGS84,122.105349,25.484834,0.000001,400,社團法人基隆市野鳥學會,,,,,,,,,,,2016-00-00
KL_Plant_0000015,2016-00-00_棉花嶼_植物_全島_0468,2016,2016,,,,HumanObservation,Asia,Taiwan,棉花嶼,,Portulaca pilosa,species,毛馬齒莧,,,WGS84,122.105349,25.484834,0.000001,400,社團法人基隆市野鳥學會,,,,,,,,,,,2016-00-00
KL_Plant_0000016,2016-00-00_棉花嶼_植物_全島_0469,2016,2016,,,,HumanObservation,Asia,Taiwan,棉花嶼,,Chenopodium acuminatum,species,變葉藜,,,WGS84,122.105349,25.484834,0.000001,400,社團法人基隆市野鳥學會,,,,,,,,,,,2016-00-00
KL_Plant_0000019,2016-00-00_棉花嶼_植物_全島_0470,2016,2016,,,,HumanObservation,Asia,Taiwan,棉花嶼,,Sedum formosanum,species,台灣佛甲草（石板菜）,,,WGS84,122.105349,25.484834,0.000001,400,社團法人基隆市野鳥學會,,,,,,,,,,,2016-00-00
KL_Plant_0000020,2016-00-00_棉花嶼_植物_全島_0471,2016,2016,,,,HumanObservation,Asia,Taiwan,棉花嶼,,Oxalis corniculata,species,酢漿草,,,WGS84,122.105349,25.484834,0.000001,400,社團法人基隆市野鳥學會,,,,,,,,,,,2016-00-00
KL_Plant_0000021,2016-00-00_棉花嶼_植物_全島_0472,2016,2016,,,,HumanObservation,Asia,Taiwan,棉花嶼,,Centella asiatica,species,雷公根,,,WGS84,122.105349,25.484834,0.000001,400,社團法人基隆市野鳥學會,,,,,,,,,,,2016-00-00
KL_Plant_0000023,2016-00-00_棉花嶼_植物_全島_0473,2016,2016,,,,HumanObservation,Asia,Taiwan,棉花嶼,,Lysimachia mauritiana,species,茅毛珍珠菜,,,WGS84,122.105349,25.484834,0.000001,400,社團法人基隆市野鳥學會,,,,,,,,,,,2016-00-00
KL_Plant_0000024,2016-00-00_棉花嶼_植物_全島_0474,2016,2016,,,,HumanObservation,Asia,Taiwan,棉花嶼,,Hedyotis strigulosa,species,脈耳草,,,WGS84,122.105349,25.484834,0.000001,400,社團法人基隆市野鳥學會,,,,,,,,,,,2016-00-00
KL_Plant_0000025,2016-00-00_棉花嶼_植物_全島_0475,2016,2016,,,,HumanObservation,Asia,Taiwan,棉花嶼,,Morinda umbellata,species,繖花藤,,,WGS84,122.105349,25.484834,0.000001,400,社團法人基隆市野鳥學會,,,,,,,,,,,2016-00-00
KL_Plant_0000027,2016-00-00_棉花嶼_植物_全島_0476,2016,2016,,,,HumanObservation,Asia,Taiwan,棉花嶼,,Dichondra micrantha,species,馬蹄金,,,WGS84,122.105349,25.484834,0.000001,400,社團法人基隆市野鳥學會,,,,,,,,,,,2016-00-00
KL_Plant_0000028,2016-00-00_棉花嶼_植物_全島_0477,2016,2016,,,,HumanObservation,Asia,Taiwan,棉花嶼,,Ipomoea obscura,species,馬鞍藤,,,WGS84,122.105349,25.484834,0.000001,400,社團法人基隆市野鳥學會,,,,,,,,,,,2016-00-00
KL_Plant_0000029,2016-00-00_棉花嶼_植物_全島_0478,2016,2016,,,,HumanObservation,Asia,Taiwan,棉花嶼,,Callicarpa japonica,species,朝鮮紫珠,,,WGS84,122.105349,25.484834,0.000001,400,社團法人基隆市野鳥學會,,,,,,,,,,,2016-00-00
KL_Plant_0000030,2016-00-00_棉花嶼_植物_全島_0479,2016,2016,,,,HumanObservation,Asia,Taiwan,棉花嶼,,Leonurus japonicus,species,益母草,,,WGS84,122.105349,25.484834,0.000001,400,社團法人基隆市野鳥學會,,,,,,,,,,,2016-00-00
KL_Plant_0000033,2016-00-00_棉花嶼_植物_全島_0480,2016,2016,,,,HumanObservation,Asia,Taiwan,棉花嶼,,Corydalis koidzumiana,species,密花黃堇,,,WGS84,122.105349,25.484834,0.000001,400,社團法人基隆市野鳥學會,,,,,,,,,,,2016-00-00
KL_Plant_0000034,2016-00-00_棉花嶼_植物_全島_0481,2016,2016,,,,HumanObservation,Asia,Taiwan,棉花嶼,,Scaevola sericea,species,草海桐,,,WGS84,122.105349,25.484834,0.000001,400,社團法人基隆市野鳥學會,,,,,,,,,,,2016-00-00
KL_Plant_0000035,2016-00-00_棉花嶼_植物_全島_0482,2016,2016,,,,HumanObservation,Asia,Taiwan,棉花嶼,,Artemisia capillaris,species,茵陳蒿,,,WGS84,122.105349,25.484834,0.000001,400,社團法人基隆市野鳥學會,,,,,,,,,,,2016-00-00
KL_Plant_0000039,2016-00-00_棉花嶼_植物_全島_0483,2016,2016,,,,HumanObservation,Asia,Taiwan,棉花嶼,,Conyza sumatrensis,species,野茼蒿,,,WGS84,122.105349,25.484834,0.000001,400,社團法人基隆市野鳥學會,,,,,,,,,,,2016-00-00
KL_Plant_0000040,2016-00-00_棉花嶼_植物_全島_0484,2016,2016,,,,HumanObservation,Asia,Taiwan,棉花嶼,,Crossostephium chinense,species,蘄艾,,,WGS84,122.105349,25.484834,0.000001,400,社團法人基隆市野鳥學會,,,,,,,,,,,2016-00-00
KL_Plant_0000041,2016-00-00_棉花嶼_植物_全島_0485,2016,2016,,,,HumanObservation,Asia,Taiwan,棉花嶼,,Emilia sonchifolia,species,紫背草,,,WGS84,122.105349,25.484834,0.000001,400,社團法人基隆市野鳥學會,,,,,,,,,,,2016-00-00
KL_Plant_0000043,2016-00-00_棉花嶼_植物_全島_0486,2016,2016,,,,HumanObservation,Asia,Taiwan,棉花嶼,,Gnaphalium affine,species,鼠麴草,,,WGS84,122.105349,25.484834,0.000001,400,社團法人基隆市野鳥學會,,,,,,,,,,,2016-00-00
KL_Plant_0000045,2016-00-00_棉花嶼_植物_全島_0487,2016,2016,,,,HumanObservation,Asia,Taiwan,棉花嶼,,Gnaphalium purpureum,species,鼠麴舅,,,WGS84,122.105349,25.484834,0.000001,400,社團法人基隆市野鳥學會,,,,,,,,,,,2016-00-00
KL_Plant_0000049,2016-00-00_棉花嶼_植物_全島_0488,2016,2016,,,,HumanObservation,Asia,Taiwan,棉花嶼,,Wedelia biflora,species,雙花蟛蜞菊,,,WGS84,122.105349,25.484834,0.000001,400,社團法人基隆市野鳥學會,,,,,,,,,,,2016-00-00
KL_Plant_0000051,2016-00-00_棉花嶼_植物_全島_0489,2016,2016,,,,HumanObservation,Asia,Taiwan,棉花嶼,,Wedelia prostrata var. robusta Makino,varietas,大天蓬草舅,,,WGS84,122.105349,25.484834,0.000001,400,社團法人基隆市野鳥學會,,,,,,,,,,,2016-00-00
KL_Plant_0000052,2016-00-00_棉花嶼_植物_全島_0490,2016,2016,,,,HumanObservation,Asia,Taiwan,棉花嶼,,Youngia japonica,species,黃鵪菜,,,WGS84,122.105349,25.484834,0.000001,400,社團法人基隆市野鳥學會,,,,,,,,,,,2016-00-00
KL_Plant_0000053,2016-00-00_棉花嶼_植物_全島_0491,2016,2016,,,,HumanObservation,Asia,Taiwan,棉花嶼,,Oenothera laciniata,species,裂葉月見草,,,WGS84,122.105349,25.484834,0.000001,400,社團法人基隆市野鳥學會,,,,,,,,,,,2016-00-00
KL_Plant_0000054,2016-00-00_棉花嶼_植物_全島_0492,2016,2016,,,,HumanObservation,Asia,Taiwan,棉花嶼,,Raphanus sativus,species,濱蘿蔔,,,WGS84,122.105349,25.484834,0.000001,400,社團法人基隆市野鳥學會,,,,,,,,,,,2016-00-00
KL_Plant_0000056,2016-00-00_棉花嶼_植物_全島_0493,2016,2016,,,,HumanObservation,Asia,Taiwan,棉花嶼,,Vigna marina,species,濱豇豆,,,WGS84,122.105349,25.484834,0.000001,400,社團法人基隆市野鳥學會,,,,,,,,,,,2016-00-00
KL_Plant_0000057,2016-00-00_棉花嶼_植物_全島_0494,2016,2016,,,,HumanObservation,Asia,Taiwan,棉花嶼,,Pilea peploides,species,齒葉矮冷水麻,,,WGS84,122.105349,25.484834,0.000001,400,社團法人基隆市野鳥學會,,,,,,,,,,,2016-00-00
KL_Plant_0000059,2016-00-00_棉花嶼_植物_全島_0495,2016,2016,,,,HumanObservation,Asia,Taiwan,棉花嶼,,Commelina diffusa,species,竹仔菜,,,WGS84,122.105349,25.484834,0.000001,400,社團法人基隆市野鳥學會,,,,,,,,,,,2016-00-00
KL_Plant_0000060,2016-00-00_棉花嶼_植物_全島_0496,2016,2016,,,,HumanObservation,Asia,Taiwan,棉花嶼,,Carex breviculmis,species,短莖宿柱薹,,,WGS84,122.105349,25.484834,0.000001,400,社團法人基隆市野鳥學會,,,,,,,,,,,2016-00-00
KL_Plant_0000061,2016-00-00_棉花嶼_植物_全島_0497,2016,2016,,,,HumanObservation,Asia,Taiwan,棉花嶼,,Cyperus polystachyos,species,多柱扁莎,,,WGS84,122.105349,25.484834,0.000001,400,社團法人基隆市野鳥學會,,,,,,,,,,,2016-00-00
KL_Plant_0000066,2016-00-00_棉花嶼_植物_全島_0498,2016,2016,,,,HumanObservation,Asia,Taiwan,棉花嶼,,Brachiaria villosa,species,毛臂形草,,,WGS84,122.105349,25.484834,0.000001,400,社團法人基隆市野鳥學會,,,,,,,,,,,2016-00-00
KL_Plant_0000069,2016-00-00_棉花嶼_植物_全島_0499,2016,2016,,,,HumanObservation,Asia,Taiwan,棉花嶼,,Digitaria ciliaris,species,升馬唐,,,WGS84,122.105349,25.484834,0.000001,400,社團法人基隆市野鳥學會,,,,,,,,,,,2016-00-00
KL_Plant_0000070,2016-00-00_棉花嶼_植物_全島_0500,2016,2016,,,,HumanObservation,Asia,Taiwan,棉花嶼,,Digitaria henryi,species,亨利馬唐,,,WGS84,122.105349,25.484834,0.000001,400,社團法人基隆市野鳥學會,,,,,,,,,,,2016-00-00
KL_Plant_0000072,2016-00-00_棉花嶼_植物_全島_0501,2016,2016,,,,HumanObservation,Asia,Taiwan,棉花嶼,,Digitaria mollicoma,species,絨馬唐,,,WGS84,122.105349,25.484834,0.000001,400,社團法人基隆市野鳥學會,,,,,,,,,,,2016-00-00
KL_Plant_0000074,2016-00-00_棉花嶼_植物_全島_0502,2016,2016,,,,HumanObservation,Asia,Taiwan,棉花嶼,,Digitaria sericea,species,絹毛馬唐,,,WGS84,122.105349,25.484834,0.000001,400,社團法人基隆市野鳥學會,,,,,,,,,,,2016-00-00
KL_Plant_0000075,2016-00-00_棉花嶼_植物_全島_0503,2016,2016,,,,HumanObservation,Asia,Taiwan,棉花嶼,,Imperata cylindrica var. major,varietas,白茅,,,WGS84,122.105349,25.484834,0.000001,400,社團法人基隆市野鳥學會,,,,,,,,,,,2016-00-00
KL_Plant_0000078,2016-00-00_棉花嶼_植物_全島_0504,2016,2016,,,,HumanObservation,Asia,Taiwan,棉花嶼,,Paspalum orbiculare,species,圓果雀稗,,,WGS84,122.105349,25.484834,0.000001,400,社團法人基隆市野鳥學會,,,,,,,,,,,2016-00-00
KL_Plant_0000079,2016-00-00_棉花嶼_植物_全島_0505,2016,2016,,,,HumanObservation,Asia,Taiwan,棉花嶼,,Paspalum scrobiculatum,species,鴨姆草,,,WGS84,122.105349,25.484834,0.000001,400,社團法人基隆市野鳥學會,,,,,,,,,,,2016-00-00
KL_Plant_0000080,2016-00-00_棉花嶼_植物_全島_0506,2016,2016,,,,HumanObservation,Asia,Taiwan,棉花嶼,,Paspalum vaginatum,species,海雀稗,,,WGS84,122.105349,25.484834,0.000001,400,社團法人基隆市野鳥學會,,,,,,,,,,,2016-00-00
KL_Plant_0000083,2016-00-00_棉花嶼_植物_全島_0507,2016,2016,,,,HumanObservation,Asia,Taiwan,棉花嶼,,Setaria geniculata,species,莠狗尾草,,,WGS84,122.105349,25.484834,0.000001,400,社團法人基隆市野鳥學會,,,,,,,,,,,2016-00-00
KL_Plant_0000086,2016-00-00_棉花嶼_植物_全島_0508,2016,2016,,,,HumanObservation,Asia,Taiwan,棉花嶼,,Zoysia japonica,species,日本芝,,,WGS84,122.105349,25.484834,0.000001,400,社團法人基隆市野鳥學會,,,,,,,,,,,2016-00-00
KL_Plant_0000087,2016-00-00_棉花嶼_植物_全島_0509,2016,2016,,,,HumanObservation,Asia,Taiwan,棉花嶼,,Zoysia sinica,species,中華結縷草,,,WGS84,122.105349,25.484834,0.000001,400,社團法人基隆市野鳥學會,,,,,,,,,,,2016-00-00
KL_Plant_0000001,2017-00-00_棉花嶼_植物_全島_0510,2017,2017,,,,HumanObservation,Asia,Taiwan,棉花嶼,,Cyrtomium falcatum,species,全緣貫眾蕨,,,WGS84,122.105349,25.484834,0.000001,400,社團法人基隆市野鳥學會,,,,,,,,,,,2017-00-00
KL_Plant_0000002,2017-00-00_棉花嶼_植物_全島_0511,2017,2017,,,,HumanObservation,Asia,Taiwan,棉花嶼,,Pteris fauriei var. fauriei,varietas,傅氏鳳尾蕨,,,WGS84,122.105349,25.484834,0.000001,400,社團法人基隆市野鳥學會,,,,,,,,,,,2017-00-00
KL_Plant_0000003,2017-00-00_棉花嶼_植物_全島_0512,2017,2017,,,,HumanObservation,Asia,Taiwan,棉花嶼,,Haplopteris anguste-elongata,species,姬書帶蕨,,,WGS84,122.105349,25.484834,0.000001,400,社團法人基隆市野鳥學會,,,,,,,,,,,2017-00-00
KL_Plant_0000004,2017-00-00_棉花嶼_植物_全島_0513,2017,2017,,,,HumanObservation,Asia,Taiwan,棉花嶼,,Odontosoria biflora,species,闊片烏蕨,,,WGS84,122.105349,25.484834,0.000001,400,社團法人基隆市野鳥學會,,,,,,,,,,,2017-00-00
KL_Plant_0000005,2017-00-00_棉花嶼_植物_全島_0514,2017,2017,,,,HumanObservation,Asia,Taiwan,棉花嶼,,Nephrolepis biserrata,species,長葉腎蕨,,,WGS84,122.105349,25.484834,0.000001,400,社團法人基隆市野鳥學會,,,,,,,,,,,2017-00-00
KL_Plant_0000006,2017-00-00_棉花嶼_植物_全島_0515,2017,2017,,,,HumanObservation,Asia,Taiwan,棉花嶼,,Tetragonia tetragonoides,species,番杏,,,WGS84,122.105349,25.484834,0.000001,400,社團法人基隆市野鳥學會,,,,,,,,,,,2017-00-00
KL_Plant_0000008,2017-00-00_棉花嶼_植物_全島_0516,2017,2017,,,,HumanObservation,Asia,Taiwan,棉花嶼,,Morus australis,species,小葉桑,,,WGS84,122.105349,25.484834,0.000001,400,社團法人基隆市野鳥學會,,,,,,,,,,,2017-00-00
KL_Plant_0000009,2017-00-00_棉花嶼_植物_全島_0517,2017,2017,,,,HumanObservation,Asia,Taiwan,棉花嶼,,Persicaria chinensis,species,火炭母草,,,WGS84,122.105349,25.484834,0.000001,400,社團法人基隆市野鳥學會,,,,,,,,,,,2017-00-00
KL_Plant_0000010,2017-00-00_棉花嶼_植物_全島_0518,2017,2017,,,,HumanObservation,Asia,Taiwan,棉花嶼,,Rumex crispus,species,羊蹄,,,WGS84,122.105349,25.484834,0.000001,400,社團法人基隆市野鳥學會,,,,,,,,,,,2017-00-00
KL_Plant_0000011,2017-00-00_棉花嶼_植物_全島_0519,2017,2017,,,,HumanObservation,Asia,Taiwan,棉花嶼,,Cocculus orbiculatus,species,木防己,,,WGS84,122.105349,25.484834,0.000001,400,社團法人基隆市野鳥學會,,,,,,,,,,,2017-00-00
KL_Plant_0000013,2017-00-00_棉花嶼_植物_全島_0520,2017,2017,,,,HumanObservation,Asia,Taiwan,棉花嶼,,Boerhavia glabrata,species,光果黃細心,,,WGS84,122.105349,25.484834,0.000001,400,社團法人基隆市野鳥學會,,,,,,,,,,,2017-00-00
KL_Plant_0000014,2017-00-00_棉花嶼_植物_全島_0521,2017,2017,,,,HumanObservation,Asia,Taiwan,棉花嶼,,Portulaca oleracea,species,馬齒莧,,,WGS84,122.105349,25.484834,0.000001,400,社團法人基隆市野鳥學會,,,,,,,,,,,2017-00-00
KL_Plant_0000015,2017-00-00_棉花嶼_植物_全島_0522,2017,2017,,,,HumanObservation,Asia,Taiwan,棉花嶼,,Portulaca pilosa,species,毛馬齒莧,,,WGS84,122.105349,25.484834,0.000001,400,社團法人基隆市野鳥學會,,,,,,,,,,,2017-00-00
KL_Plant_0000016,2017-00-00_棉花嶼_植物_全島_0523,2017,2017,,,,HumanObservation,Asia,Taiwan,棉花嶼,,Chenopodium acuminatum,species,變葉藜,,,WGS84,122.105349,25.484834,0.000001,400,社團法人基隆市野鳥學會,,,,,,,,,,,2017-00-00
KL_Plant_0000019,2017-00-00_棉花嶼_植物_全島_0524,2017,2017,,,,HumanObservation,Asia,Taiwan,棉花嶼,,Sedum formosanum,species,台灣佛甲草（石板菜）,,,WGS84,122.105349,25.484834,0.000001,400,社團法人基隆市野鳥學會,,,,,,,,,,,2017-00-00
KL_Plant_0000020,2017-00-00_棉花嶼_植物_全島_0525,2017,2017,,,,HumanObservation,Asia,Taiwan,棉花嶼,,Oxalis corniculata,species,酢漿草,,,WGS84,122.105349,25.484834,0.000001,400,社團法人基隆市野鳥學會,,,,,,,,,,,2017-00-00
KL_Plant_0000021,2017-00-00_棉花嶼_植物_全島_0526,2017,2017,,,,HumanObservation,Asia,Taiwan,棉花嶼,,Centella asiatica,species,雷公根,,,WGS84,122.105349,25.484834,0.000001,400,社團法人基隆市野鳥學會,,,,,,,,,,,2017-00-00
KL_Plant_0000023,2017-00-00_棉花嶼_植物_全島_0527,2017,2017,,,,HumanObservation,Asia,Taiwan,棉花嶼,,Lysimachia mauritiana,species,茅毛珍珠菜,,,WGS84,122.105349,25.484834,0.000001,400,社團法人基隆市野鳥學會,,,,,,,,,,,2017-00-00
KL_Plant_0000024,2017-00-00_棉花嶼_植物_全島_0528,2017,2017,,,,HumanObservation,Asia,Taiwan,棉花嶼,,Hedyotis strigulosa,species,脈耳草,,,WGS84,122.105349,25.484834,0.000001,400,社團法人基隆市野鳥學會,,,,,,,,,,,2017-00-00
KL_Plant_0000027,2017-00-00_棉花嶼_植物_全島_0529,2017,2017,,,,HumanObservation,Asia,Taiwan,棉花嶼,,Dichondra micrantha,species,馬蹄金,,,WGS84,122.105349,25.484834,0.000001,400,社團法人基隆市野鳥學會,,,,,,,,,,,2017-00-00
KL_Plant_0000028,2017-00-00_棉花嶼_植物_全島_0530,2017,2017,,,,HumanObservation,Asia,Taiwan,棉花嶼,,Ipomoea obscura,species,馬鞍藤,,,WGS84,122.105349,25.484834,0.000001,400,社團法人基隆市野鳥學會,,,,,,,,,,,2017-00-00
KL_Plant_0000029,2017-00-00_棉花嶼_植物_全島_0531,2017,2017,,,,HumanObservation,Asia,Taiwan,棉花嶼,,Callicarpa japonica,species,朝鮮紫珠,,,WGS84,122.105349,25.484834,0.000001,400,社團法人基隆市野鳥學會,,,,,,,,,,,2017-00-00
KL_Plant_0000030,2017-00-00_棉花嶼_植物_全島_0532,2017,2017,,,,HumanObservation,Asia,Taiwan,棉花嶼,,Leonurus japonicus,species,益母草,,,WGS84,122.105349,25.484834,0.000001,400,社團法人基隆市野鳥學會,,,,,,,,,,,2017-00-00
KL_Plant_0000033,2017-00-00_棉花嶼_植物_全島_0533,2017,2017,,,,HumanObservation,Asia,Taiwan,棉花嶼,,Corydalis koidzumiana,species,密花黃堇,,,WGS84,122.105349,25.484834,0.000001,400,社團法人基隆市野鳥學會,,,,,,,,,,,2017-00-00
KL_Plant_0000034,2017-00-00_棉花嶼_植物_全島_0534,2017,2017,,,,HumanObservation,Asia,Taiwan,棉花嶼,,Scaevola sericea,species,草海桐,,,WGS84,122.105349,25.484834,0.000001,400,社團法人基隆市野鳥學會,,,,,,,,,,,2017-00-00
KL_Plant_0000035,2017-00-00_棉花嶼_植物_全島_0535,2017,2017,,,,HumanObservation,Asia,Taiwan,棉花嶼,,Artemisia capillaris,species,茵陳蒿,,,WGS84,122.105349,25.484834,0.000001,400,社團法人基隆市野鳥學會,,,,,,,,,,,2017-00-00
KL_Plant_0000036,2017-00-00_棉花嶼_植物_全島_0536,2017,2017,,,,HumanObservation,Asia,Taiwan,棉花嶼,,Bidens pilosa,species,大花咸豐草,,,WGS84,122.105349,25.484834,0.000001,400,社團法人基隆市野鳥學會,,,,,,,,,,,2017-00-00
KL_Plant_0000037,2017-00-00_棉花嶼_植物_全島_0537,2017,2017,,,,HumanObservation,Asia,Taiwan,棉花嶼,,Conyza bonariensis,species,美洲假蓬,,,WGS84,122.105349,25.484834,0.000001,400,社團法人基隆市野鳥學會,,,,,,,,,,,2017-00-00
KL_Plant_0000039,2017-00-00_棉花嶼_植物_全島_0538,2017,2017,,,,HumanObservation,Asia,Taiwan,棉花嶼,,Conyza sumatrensis,species,野茼蒿,,,WGS84,122.105349,25.484834,0.000001,400,社團法人基隆市野鳥學會,,,,,,,,,,,2017-00-00
KL_Plant_0000040,2017-00-00_棉花嶼_植物_全島_0539,2017,2017,,,,HumanObservation,Asia,Taiwan,棉花嶼,,Crossostephium chinense,species,蘄艾,,,WGS84,122.105349,25.484834,0.000001,400,社團法人基隆市野鳥學會,,,,,,,,,,,2017-00-00
KL_Plant_0000041,2017-00-00_棉花嶼_植物_全島_0540,2017,2017,,,,HumanObservation,Asia,Taiwan,棉花嶼,,Emilia sonchifolia,species,紫背草,,,WGS84,122.105349,25.484834,0.000001,400,社團法人基隆市野鳥學會,,,,,,,,,,,2017-00-00
KL_Plant_0000043,2017-00-00_棉花嶼_植物_全島_0541,2017,2017,,,,HumanObservation,Asia,Taiwan,棉花嶼,,Gnaphalium affine,species,鼠麴草,,,WGS84,122.105349,25.484834,0.000001,400,社團法人基隆市野鳥學會,,,,,,,,,,,2017-00-00
KL_Plant_0000044,2017-00-00_棉花嶼_植物_全島_0542,2017,2017,,,,HumanObservation,Asia,Taiwan,棉花嶼,,Gnaphalium calviceps,species,直莖鼠麴草,,,WGS84,122.105349,25.484834,0.000001,400,社團法人基隆市野鳥學會,,,,,,,,,,,2017-00-00
KL_Plant_0000045,2017-00-00_棉花嶼_植物_全島_0543,2017,2017,,,,HumanObservation,Asia,Taiwan,棉花嶼,,Gnaphalium purpureum,species,鼠麴舅,,,WGS84,122.105349,25.484834,0.000001,400,社團法人基隆市野鳥學會,,,,,,,,,,,2017-00-00
KL_Plant_0000051,2017-00-00_棉花嶼_植物_全島_0544,2017,2017,,,,HumanObservation,Asia,Taiwan,棉花嶼,,Wedelia prostrata var. robusta Makino,varietas,大天蓬草舅,,,WGS84,122.105349,25.484834,0.000001,400,社團法人基隆市野鳥學會,,,,,,,,,,,2017-00-00
KL_Plant_0000052,2017-00-00_棉花嶼_植物_全島_0545,2017,2017,,,,HumanObservation,Asia,Taiwan,棉花嶼,,Youngia japonica,species,黃鵪菜,,,WGS84,122.105349,25.484834,0.000001,400,社團法人基隆市野鳥學會,,,,,,,,,,,2017-00-00
KL_Plant_0000053,2017-00-00_棉花嶼_植物_全島_0546,2017,2017,,,,HumanObservation,Asia,Taiwan,棉花嶼,,Oenothera laciniata,species,裂葉月見草,,,WGS84,122.105349,25.484834,0.000001,400,社團法人基隆市野鳥學會,,,,,,,,,,,2017-00-00
KL_Plant_0000054,2017-00-00_棉花嶼_植物_全島_0547,2017,2017,,,,HumanObservation,Asia,Taiwan,棉花嶼,,Raphanus sativus,species,濱蘿蔔,,,WGS84,122.105349,25.484834,0.000001,400,社團法人基隆市野鳥學會,,,,,,,,,,,2017-00-00
KL_Plant_0000056,2017-00-00_棉花嶼_植物_全島_0548,2017,2017,,,,HumanObservation,Asia,Taiwan,棉花嶼,,Vigna marina,species,濱豇豆,,,WGS84,122.105349,25.484834,0.000001,400,社團法人基隆市野鳥學會,,,,,,,,,,,2017-00-00
KL_Plant_0000057,2017-00-00_棉花嶼_植物_全島_0549,2017,2017,,,,HumanObservation,Asia,Taiwan,棉花嶼,,Pilea peploides,species,齒葉矮冷水麻,,,WGS84,122.105349,25.484834,0.000001,400,社團法人基隆市野鳥學會,,,,,,,,,,,2017-00-00
KL_Plant_0000059,2017-00-00_棉花嶼_植物_全島_0550,2017,2017,,,,HumanObservation,Asia,Taiwan,棉花嶼,,Commelina diffusa,species,竹仔菜,,,WGS84,122.105349,25.484834,0.000001,400,社團法人基隆市野鳥學會,,,,,,,,,,,2017-00-00
KL_Plant_0000060,2017-00-00_棉花嶼_植物_全島_0551,2017,2017,,,,HumanObservation,Asia,Taiwan,棉花嶼,,Carex breviculmis,species,短莖宿柱薹,,,WGS84,122.105349,25.484834,0.000001,400,社團法人基隆市野鳥學會,,,,,,,,,,,2017-00-00
KL_Plant_0000061,2017-00-00_棉花嶼_植物_全島_0552,2017,2017,,,,HumanObservation,Asia,Taiwan,棉花嶼,,Cyperus polystachyos,species,多柱扁莎,,,WGS84,122.105349,25.484834,0.000001,400,社團法人基隆市野鳥學會,,,,,,,,,,,2017-00-00
KL_Plant_0000063,2017-00-00_棉花嶼_植物_全島_0553,2017,2017,,,,HumanObservation,Asia,Taiwan,棉花嶼,,Fimbristylis dichotoma,species,竹子飄拂草,,,WGS84,122.105349,25.484834,0.000001,400,社團法人基隆市野鳥學會,,,,,,,,,,,2017-00-00
KL_Plant_0000066,2017-00-00_棉花嶼_植物_全島_0554,2017,2017,,,,HumanObservation,Asia,Taiwan,棉花嶼,,Brachiaria villosa,species,毛臂形草,,,WGS84,122.105349,25.484834,0.000001,400,社團法人基隆市野鳥學會,,,,,,,,,,,2017-00-00
KL_Plant_0000069,2017-00-00_棉花嶼_植物_全島_0555,2017,2017,,,,HumanObservation,Asia,Taiwan,棉花嶼,,Digitaria ciliaris,species,升馬唐,,,WGS84,122.105349,25.484834,0.000001,400,社團法人基隆市野鳥學會,,,,,,,,,,,2017-00-00
KL_Plant_0000070,2017-00-00_棉花嶼_植物_全島_0556,2017,2017,,,,HumanObservation,Asia,Taiwan,棉花嶼,,Digitaria henryi,species,亨利馬唐,,,WGS84,122.105349,25.484834,0.000001,400,社團法人基隆市野鳥學會,,,,,,,,,,,2017-00-00
KL_Plant_0000072,2017-00-00_棉花嶼_植物_全島_0557,2017,2017,,,,HumanObservation,Asia,Taiwan,棉花嶼,,Digitaria mollicoma,species,絨馬唐,,,WGS84,122.105349,25.484834,0.000001,400,社團法人基隆市野鳥學會,,,,,,,,,,,2017-00-00
KL_Plant_0000074,2017-00-00_棉花嶼_植物_全島_0558,2017,2017,,,,HumanObservation,Asia,Taiwan,棉花嶼,,Digitaria sericea,species,絹毛馬唐,,,WGS84,122.105349,25.484834,0.000001,400,社團法人基隆市野鳥學會,,,,,,,,,,,2017-00-00
KL_Plant_0000075,2017-00-00_棉花嶼_植物_全島_0559,2017,2017,,,,HumanObservation,Asia,Taiwan,棉花嶼,,Imperata cylindrica var. major,varietas,白茅,,,WGS84,122.105349,25.484834,0.000001,400,社團法人基隆市野鳥學會,,,,,,,,,,,2017-00-00
KL_Plant_0000078,2017-00-00_棉花嶼_植物_全島_0560,2017,2017,,,,HumanObservation,Asia,Taiwan,棉花嶼,,Paspalum orbiculare,species,圓果雀稗,,,WGS84,122.105349,25.484834,0.000001,400,社團法人基隆市野鳥學會,,,,,,,,,,,2017-00-00
KL_Plant_0000079,2017-00-00_棉花嶼_植物_全島_0561,2017,2017,,,,HumanObservation,Asia,Taiwan,棉花嶼,,Paspalum scrobiculatum,species,鴨姆草,,,WGS84,122.105349,25.484834,0.000001,400,社團法人基隆市野鳥學會,,,,,,,,,,,2017-00-00
KL_Plant_0000080,2017-00-00_棉花嶼_植物_全島_0562,2017,2017,,,,HumanObservation,Asia,Taiwan,棉花嶼,,Paspalum vaginatum,species,海雀稗,,,WGS84,122.105349,25.484834,0.000001,400,社團法人基隆市野鳥學會,,,,,,,,,,,2017-00-00
KL_Plant_0000083,2017-00-00_棉花嶼_植物_全島_0563,2017,2017,,,,HumanObservation,Asia,Taiwan,棉花嶼,,Setaria geniculata,species,莠狗尾草,,,WGS84,122.105349,25.484834,0.000001,400,社團法人基隆市野鳥學會,,,,,,,,,,,2017-00-00
KL_Plant_0000087,2017-00-00_棉花嶼_植物_全島_0564,2017,2017,,,,HumanObservation,Asia,Taiwan,棉花嶼,,Zoysia sinica,species,中華結縷草,,,WGS84,122.105349,25.484834,0.000001,400,社團法人基隆市野鳥學會,,,,,,,,,,,2017-00-00
KL_Plant_0000090,2017-00-00_棉花嶼_植物_全島_0565,2017,2017,,,,HumanObservation,Asia,Taiwan,棉花嶼,,Terminalia catappa,species,欖仁,,,WGS84,122.105349,25.484834,0.000001,400,社團法人基隆市野鳥學會,,,,,,,,,,,2017-00-00
KL_Plant_0000001,2018-00-00_棉花嶼_植物_全島_0566,2018,2018,,,,HumanObservation,Asia,Taiwan,棉花嶼,,Cyrtomium falcatum,species,全緣貫眾蕨,,,WGS84,122.105349,25.484834,0.000001,400,社團法人基隆市野鳥學會,,,,,,,,,,,2018-00-00
KL_Plant_0000002,2018-00-00_棉花嶼_植物_全島_0567,2018,2018,,,,HumanObservation,Asia,Taiwan,棉花嶼,,Pteris fauriei var. fauriei,varietas,傅氏鳳尾蕨,,,WGS84,122.105349,25.484834,0.000001,400,社團法人基隆市野鳥學會,,,,,,,,,,,2018-00-00
KL_Plant_0000003,2018-00-00_棉花嶼_植物_全島_0568,2018,2018,,,,HumanObservation,Asia,Taiwan,棉花嶼,,Haplopteris anguste-elongata,species,姬書帶蕨,,,WGS84,122.105349,25.484834,0.000001,400,社團法人基隆市野鳥學會,,,,,,,,,,,2018-00-00
KL_Plant_0000004,2018-00-00_棉花嶼_植物_全島_0569,2018,2018,,,,HumanObservation,Asia,Taiwan,棉花嶼,,Odontosoria biflora,species,闊片烏蕨,,,WGS84,122.105349,25.484834,0.000001,400,社團法人基隆市野鳥學會,,,,,,,,,,,2018-00-00
KL_Plant_0000005,2018-00-00_棉花嶼_植物_全島_0570,2018,2018,,,,HumanObservation,Asia,Taiwan,棉花嶼,,Nephrolepis biserrata,species,長葉腎蕨,,,WGS84,122.105349,25.484834,0.000001,400,社團法人基隆市野鳥學會,,,,,,,,,,,2018-00-00
KL_Plant_0000006,2018-00-00_棉花嶼_植物_全島_0571,2018,2018,,,,HumanObservation,Asia,Taiwan,棉花嶼,,Tetragonia tetragonoides,species,番杏,,,WGS84,122.105349,25.484834,0.000001,400,社團法人基隆市野鳥學會,,,,,,,,,,,2018-00-00
KL_Plant_0000008,2018-00-00_棉花嶼_植物_全島_0572,2018,2018,,,,HumanObservation,Asia,Taiwan,棉花嶼,,Morus australis,species,小葉桑,,,WGS84,122.105349,25.484834,0.000001,400,社團法人基隆市野鳥學會,,,,,,,,,,,2018-00-00
KL_Plant_0000009,2018-00-00_棉花嶼_植物_全島_0573,2018,2018,,,,HumanObservation,Asia,Taiwan,棉花嶼,,Persicaria chinensis,species,火炭母草,,,WGS84,122.105349,25.484834,0.000001,400,社團法人基隆市野鳥學會,,,,,,,,,,,2018-00-00
KL_Plant_0000010,2018-00-00_棉花嶼_植物_全島_0574,2018,2018,,,,HumanObservation,Asia,Taiwan,棉花嶼,,Rumex crispus,species,羊蹄,,,WGS84,122.105349,25.484834,0.000001,400,社團法人基隆市野鳥學會,,,,,,,,,,,2018-00-00
KL_Plant_0000011,2018-00-00_棉花嶼_植物_全島_0575,2018,2018,,,,HumanObservation,Asia,Taiwan,棉花嶼,,Cocculus orbiculatus,species,木防己,,,WGS84,122.105349,25.484834,0.000001,400,社團法人基隆市野鳥學會,,,,,,,,,,,2018-00-00
KL_Plant_0000013,2018-00-00_棉花嶼_植物_全島_0576,2018,2018,,,,HumanObservation,Asia,Taiwan,棉花嶼,,Boerhavia glabrata,species,光果黃細心,,,WGS84,122.105349,25.484834,0.000001,400,社團法人基隆市野鳥學會,,,,,,,,,,,2018-00-00
KL_Plant_0000014,2018-00-00_棉花嶼_植物_全島_0577,2018,2018,,,,HumanObservation,Asia,Taiwan,棉花嶼,,Portulaca oleracea,species,馬齒莧,,,WGS84,122.105349,25.484834,0.000001,400,社團法人基隆市野鳥學會,,,,,,,,,,,2018-00-00
KL_Plant_0000015,2018-00-00_棉花嶼_植物_全島_0578,2018,2018,,,,HumanObservation,Asia,Taiwan,棉花嶼,,Portulaca pilosa,species,毛馬齒莧,,,WGS84,122.105349,25.484834,0.000001,400,社團法人基隆市野鳥學會,,,,,,,,,,,2018-00-00
KL_Plant_0000016,2018-00-00_棉花嶼_植物_全島_0579,2018,2018,,,,HumanObservation,Asia,Taiwan,棉花嶼,,Chenopodium acuminatum,species,變葉藜,,,WGS84,122.105349,25.484834,0.000001,400,社團法人基隆市野鳥學會,,,,,,,,,,,2018-00-00
KL_Plant_0000019,2018-00-00_棉花嶼_植物_全島_0580,2018,2018,,,,HumanObservation,Asia,Taiwan,棉花嶼,,Sedum formosanum,species,台灣佛甲草（石板菜）,,,WGS84,122.105349,25.484834,0.000001,400,社團法人基隆市野鳥學會,,,,,,,,,,,2018-00-00
KL_Plant_0000020,2018-00-00_棉花嶼_植物_全島_0581,2018,2018,,,,HumanObservation,Asia,Taiwan,棉花嶼,,Oxalis corniculata,species,酢漿草,,,WGS84,122.105349,25.484834,0.000001,400,社團法人基隆市野鳥學會,,,,,,,,,,,2018-00-00
KL_Plant_0000021,2018-00-00_棉花嶼_植物_全島_0582,2018,2018,,,,HumanObservation,Asia,Taiwan,棉花嶼,,Centella asiatica,species,雷公根,,,WGS84,122.105349,25.484834,0.000001,400,社團法人基隆市野鳥學會,,,,,,,,,,,2018-00-00
KL_Plant_0000022,2018-00-00_棉花嶼_植物_全島_0583,2018,2018,,,,HumanObservation,Asia,Taiwan,棉花嶼,,Pittosporum tobira,species,海桐,,,WGS84,122.105349,25.484834,0.000001,400,社團法人基隆市野鳥學會,,,,,,,,,,,2018-00-00
KL_Plant_0000023,2018-00-00_棉花嶼_植物_全島_0584,2018,2018,,,,HumanObservation,Asia,Taiwan,棉花嶼,,Lysimachia mauritiana,species,茅毛珍珠菜,,,WGS84,122.105349,25.484834,0.000001,400,社團法人基隆市野鳥學會,,,,,,,,,,,2018-00-00
KL_Plant_0000024,2018-00-00_棉花嶼_植物_全島_0585,2018,2018,,,,HumanObservation,Asia,Taiwan,棉花嶼,,Hedyotis strigulosa,species,脈耳草,,,WGS84,122.105349,25.484834,0.000001,400,社團法人基隆市野鳥學會,,,,,,,,,,,2018-00-00
KL_Plant_0000027,2018-00-00_棉花嶼_植物_全島_0586,2018,2018,,,,HumanObservation,Asia,Taiwan,棉花嶼,,Dichondra micrantha,species,馬蹄金,,,WGS84,122.105349,25.484834,0.000001,400,社團法人基隆市野鳥學會,,,,,,,,,,,2018-00-00
KL_Plant_0000028,2018-00-00_棉花嶼_植物_全島_0587,2018,2018,,,,HumanObservation,Asia,Taiwan,棉花嶼,,Ipomoea obscura,species,馬鞍藤,,,WGS84,122.105349,25.484834,0.000001,400,社團法人基隆市野鳥學會,,,,,,,,,,,2018-00-00
KL_Plant_0000029,2018-00-00_棉花嶼_植物_全島_0588,2018,2018,,,,HumanObservation,Asia,Taiwan,棉花嶼,,Callicarpa japonica,species,朝鮮紫珠,,,WGS84,122.105349,25.484834,0.000001,400,社團法人基隆市野鳥學會,,,,,,,,,,,2018-00-00
KL_Plant_0000030,2018-00-00_棉花嶼_植物_全島_0589,2018,2018,,,,HumanObservation,Asia,Taiwan,棉花嶼,,Leonurus japonicus,species,益母草,,,WGS84,122.105349,25.484834,0.000001,400,社團法人基隆市野鳥學會,,,,,,,,,,,2018-00-00
KL_Plant_0000033,2018-00-00_棉花嶼_植物_全島_0590,2018,2018,,,,HumanObservation,Asia,Taiwan,棉花嶼,,Corydalis koidzumiana,species,密花黃堇,,,WGS84,122.105349,25.484834,0.000001,400,社團法人基隆市野鳥學會,,,,,,,,,,,2018-00-00
KL_Plant_0000034,2018-00-00_棉花嶼_植物_全島_0591,2018,2018,,,,HumanObservation,Asia,Taiwan,棉花嶼,,Scaevola sericea,species,草海桐,,,WGS84,122.105349,25.484834,0.000001,400,社團法人基隆市野鳥學會,,,,,,,,,,,2018-00-00
KL_Plant_0000035,2018-00-00_棉花嶼_植物_全島_0592,2018,2018,,,,HumanObservation,Asia,Taiwan,棉花嶼,,Artemisia capillaris,species,茵陳蒿,,,WGS84,122.105349,25.484834,0.000001,400,社團法人基隆市野鳥學會,,,,,,,,,,,2018-00-00
KL_Plant_0000037,2018-00-00_棉花嶼_植物_全島_0593,2018,2018,,,,HumanObservation,Asia,Taiwan,棉花嶼,,Conyza bonariensis,species,美洲假蓬,,,WGS84,122.105349,25.484834,0.000001,400,社團法人基隆市野鳥學會,,,,,,,,,,,2018-00-00
KL_Plant_0000039,2018-00-00_棉花嶼_植物_全島_0594,2018,2018,,,,HumanObservation,Asia,Taiwan,棉花嶼,,Conyza sumatrensis,species,野茼蒿,,,WGS84,122.105349,25.484834,0.000001,400,社團法人基隆市野鳥學會,,,,,,,,,,,2018-00-00
KL_Plant_0000040,2018-00-00_棉花嶼_植物_全島_0595,2018,2018,,,,HumanObservation,Asia,Taiwan,棉花嶼,,Crossostephium chinense,species,蘄艾,,,WGS84,122.105349,25.484834,0.000001,400,社團法人基隆市野鳥學會,,,,,,,,,,,2018-00-00
KL_Plant_0000041,2018-00-00_棉花嶼_植物_全島_0596,2018,2018,,,,HumanObservation,Asia,Taiwan,棉花嶼,,Emilia sonchifolia,species,紫背草,,,WGS84,122.105349,25.484834,0.000001,400,社團法人基隆市野鳥學會,,,,,,,,,,,2018-00-00
KL_Plant_0000043,2018-00-00_棉花嶼_植物_全島_0597,2018,2018,,,,HumanObservation,Asia,Taiwan,棉花嶼,,Gnaphalium affine,species,鼠麴草,,,WGS84,122.105349,25.484834,0.000001,400,社團法人基隆市野鳥學會,,,,,,,,,,,2018-00-00
KL_Plant_0000044,2018-00-00_棉花嶼_植物_全島_0598,2018,2018,,,,HumanObservation,Asia,Taiwan,棉花嶼,,Gnaphalium calviceps,species,直莖鼠麴草,,,WGS84,122.105349,25.484834,0.000001,400,社團法人基隆市野鳥學會,,,,,,,,,,,2018-00-00
KL_Plant_0000045,2018-00-00_棉花嶼_植物_全島_0599,2018,2018,,,,HumanObservation,Asia,Taiwan,棉花嶼,,Gnaphalium purpureum,species,鼠麴舅,,,WGS84,122.105349,25.484834,0.000001,400,社團法人基隆市野鳥學會,,,,,,,,,,,2018-00-00
KL_Plant_0000049,2018-00-00_棉花嶼_植物_全島_0600,2018,2018,,,,HumanObservation,Asia,Taiwan,棉花嶼,,Wedelia biflora,species,雙花蟛蜞菊,,,WGS84,122.105349,25.484834,0.000001,400,社團法人基隆市野鳥學會,,,,,,,,,,,2018-00-00
KL_Plant_0000051,2018-00-00_棉花嶼_植物_全島_0601,2018,2018,,,,HumanObservation,Asia,Taiwan,棉花嶼,,Wedelia prostrata var. robusta Makino,varietas,大天蓬草舅,,,WGS84,122.105349,25.484834,0.000001,400,社團法人基隆市野鳥學會,,,,,,,,,,,2018-00-00
KL_Plant_0000052,2018-00-00_棉花嶼_植物_全島_0602,2018,2018,,,,HumanObservation,Asia,Taiwan,棉花嶼,,Youngia japonica,species,黃鵪菜,,,WGS84,122.105349,25.484834,0.000001,400,社團法人基隆市野鳥學會,,,,,,,,,,,2018-00-00
KL_Plant_0000053,2018-00-00_棉花嶼_植物_全島_0603,2018,2018,,,,HumanObservation,Asia,Taiwan,棉花嶼,,Oenothera laciniata,species,裂葉月見草,,,WGS84,122.105349,25.484834,0.000001,400,社團法人基隆市野鳥學會,,,,,,,,,,,2018-00-00
KL_Plant_0000054,2018-00-00_棉花嶼_植物_全島_0604,2018,2018,,,,HumanObservation,Asia,Taiwan,棉花嶼,,Raphanus sativus,species,濱蘿蔔,,,WGS84,122.105349,25.484834,0.000001,400,社團法人基隆市野鳥學會,,,,,,,,,,,2018-00-00
KL_Plant_0000056,2018-00-00_棉花嶼_植物_全島_0605,2018,2018,,,,HumanObservation,Asia,Taiwan,棉花嶼,,Vigna marina,species,濱豇豆,,,WGS84,122.105349,25.484834,0.000001,400,社團法人基隆市野鳥學會,,,,,,,,,,,2018-00-00
KL_Plant_0000057,2018-00-00_棉花嶼_植物_全島_0606,2018,2018,,,,HumanObservation,Asia,Taiwan,棉花嶼,,Pilea peploides,species,齒葉矮冷水麻,,,WGS84,122.105349,25.484834,0.000001,400,社團法人基隆市野鳥學會,,,,,,,,,,,2018-00-00
KL_Plant_0000059,2018-00-00_棉花嶼_植物_全島_0607,2018,2018,,,,HumanObservation,Asia,Taiwan,棉花嶼,,Commelina diffusa,species,竹仔菜,,,WGS84,122.105349,25.484834,0.000001,400,社團法人基隆市野鳥學會,,,,,,,,,,,2018-00-00
KL_Plant_0000060,2018-00-00_棉花嶼_植物_全島_0608,2018,2018,,,,HumanObservation,Asia,Taiwan,棉花嶼,,Carex breviculmis,species,短莖宿柱薹,,,WGS84,122.105349,25.484834,0.000001,400,社團法人基隆市野鳥學會,,,,,,,,,,,2018-00-00
KL_Plant_0000061,2018-00-00_棉花嶼_植物_全島_0609,2018,2018,,,,HumanObservation,Asia,Taiwan,棉花嶼,,Cyperus polystachyos,species,多柱扁莎,,,WGS84,122.105349,25.484834,0.000001,400,社團法人基隆市野鳥學會,,,,,,,,,,,2018-00-00
KL_Plant_0000063,2018-00-00_棉花嶼_植物_全島_0610,2018,2018,,,,HumanObservation,Asia,Taiwan,棉花嶼,,Fimbristylis dichotoma,species,竹子飄拂草,,,WGS84,122.105349,25.484834,0.000001,400,社團法人基隆市野鳥學會,,,,,,,,,,,2018-00-00
KL_Plant_0000066,2018-00-00_棉花嶼_植物_全島_0611,2018,2018,,,,HumanObservation,Asia,Taiwan,棉花嶼,,Brachiaria villosa,species,毛臂形草,,,WGS84,122.105349,25.484834,0.000001,400,社團法人基隆市野鳥學會,,,,,,,,,,,2018-00-00
KL_Plant_0000070,2018-00-00_棉花嶼_植物_全島_0612,2018,2018,,,,HumanObservation,Asia,Taiwan,棉花嶼,,Digitaria henryi,species,亨利馬唐,,,WGS84,122.105349,25.484834,0.000001,400,社團法人基隆市野鳥學會,,,,,,,,,,,2018-00-00
KL_Plant_0000072,2018-00-00_棉花嶼_植物_全島_0613,2018,2018,,,,HumanObservation,Asia,Taiwan,棉花嶼,,Digitaria mollicoma,species,絨馬唐,,,WGS84,122.105349,25.484834,0.000001,400,社團法人基隆市野鳥學會,,,,,,,,,,,2018-00-00
KL_Plant_0000074,2018-00-00_棉花嶼_植物_全島_0614,2018,2018,,,,HumanObservation,Asia,Taiwan,棉花嶼,,Digitaria sericea,species,絹毛馬唐,,,WGS84,122.105349,25.484834,0.000001,400,社團法人基隆市野鳥學會,,,,,,,,,,,2018-00-00
KL_Plant_0000075,2018-00-00_棉花嶼_植物_全島_0615,2018,2018,,,,HumanObservation,Asia,Taiwan,棉花嶼,,Imperata cylindrica var. major,varietas,白茅,,,WGS84,122.105349,25.484834,0.000001,400,社團法人基隆市野鳥學會,,,,,,,,,,,2018-00-00
KL_Plant_0000078,2018-00-00_棉花嶼_植物_全島_0616,2018,2018,,,,HumanObservation,Asia,Taiwan,棉花嶼,,Paspalum orbiculare,species,圓果雀稗,,,WGS84,122.105349,25.484834,0.000001,400,社團法人基隆市野鳥學會,,,,,,,,,,,2018-00-00
KL_Plant_0000079,2018-00-00_棉花嶼_植物_全島_0617,2018,2018,,,,HumanObservation,Asia,Taiwan,棉花嶼,,Paspalum scrobiculatum,species,鴨姆草,,,WGS84,122.105349,25.484834,0.000001,400,社團法人基隆市野鳥學會,,,,,,,,,,,2018-00-00
KL_Plant_0000080,2018-00-00_棉花嶼_植物_全島_0618,2018,2018,,,,HumanObservation,Asia,Taiwan,棉花嶼,,Paspalum vaginatum,species,海雀稗,,,WGS84,122.105349,25.484834,0.000001,400,社團法人基隆市野鳥學會,,,,,,,,,,,2018-00-00
KL_Plant_0000083,2018-00-00_棉花嶼_植物_全島_0619,2018,2018,,,,HumanObservation,Asia,Taiwan,棉花嶼,,Setaria geniculata,species,莠狗尾草,,,WGS84,122.105349,25.484834,0.000001,400,社團法人基隆市野鳥學會,,,,,,,,,,,2018-00-00
KL_Plant_0000087,2018-00-00_棉花嶼_植物_全島_0620,2018,2018,,,,HumanObservation,Asia,Taiwan,棉花嶼,,Zoysia sinica,species,中華結縷草,,,WGS84,122.105349,25.484834,0.000001,400,社團法人基隆市野鳥學會,,,,,,,,,,,2018-00-00
KL_Plant_0000090,2018-00-00_棉花嶼_植物_全島_0621,2018,2018,,,,HumanObservation,Asia,Taiwan,棉花嶼,,Terminalia catappa,species,欖仁,,,WGS84,122.105349,25.484834,0.000001,400,社團法人基隆市野鳥學會,,,,,,,,,,,2018-00-00
KL_Plant_0000001,2019-00-00_棉花嶼_植物_全島_0622,2019,2019,,,,HumanObservation,Asia,Taiwan,棉花嶼,,Cyrtomium falcatum,species,全緣貫眾蕨,,,WGS84,122.105349,25.484834,0.000001,400,台灣休閒漁業發展協會,,,,,,,,,,,2019-00-00
KL_Plant_0000002,2019-00-00_棉花嶼_植物_全島_0623,2019,2019,,,,HumanObservation,Asia,Taiwan,棉花嶼,,Pteris fauriei var. fauriei,varietas,傅氏鳳尾蕨,,,WGS84,122.105349,25.484834,0.000001,400,台灣休閒漁業發展協會,,,,,,,,,,,2019-00-00
KL_Plant_0000003,2019-00-00_棉花嶼_植物_全島_0624,2019,2019,,,,HumanObservation,Asia,Taiwan,棉花嶼,,Haplopteris anguste-elongata,species,姬書帶蕨,,,WGS84,122.105349,25.484834,0.000001,400,台灣休閒漁業發展協會,,,,,,,,,,,2019-00-00
KL_Plant_0000004,2019-00-00_棉花嶼_植物_全島_0625,2019,2019,,,,HumanObservation,Asia,Taiwan,棉花嶼,,Odontosoria biflora,species,闊片烏蕨,,,WGS84,122.105349,25.484834,0.000001,400,台灣休閒漁業發展協會,,,,,,,,,,,2019-00-00
KL_Plant_0000005,2019-00-00_棉花嶼_植物_全島_0626,2019,2019,,,,HumanObservation,Asia,Taiwan,棉花嶼,,Nephrolepis biserrata,species,長葉腎蕨,,,WGS84,122.105349,25.484834,0.000001,400,台灣休閒漁業發展協會,,,,,,,,,,,2019-00-00
KL_Plant_0000006,2019-00-00_棉花嶼_植物_全島_0627,2019,2019,,,,HumanObservation,Asia,Taiwan,棉花嶼,,Tetragonia tetragonoides,species,番杏,,,WGS84,122.105349,25.484834,0.000001,400,台灣休閒漁業發展協會,,,,,,,,,,,2019-00-00
KL_Plant_0000008,2019-00-00_棉花嶼_植物_全島_0628,2019,2019,,,,HumanObservation,Asia,Taiwan,棉花嶼,,Morus australis,species,小葉桑,,,WGS84,122.105349,25.484834,0.000001,400,台灣休閒漁業發展協會,,,,,,,,,,,2019-00-00
KL_Plant_0000009,2019-00-00_棉花嶼_植物_全島_0629,2019,2019,,,,HumanObservation,Asia,Taiwan,棉花嶼,,Persicaria chinensis,species,火炭母草,,,WGS84,122.105349,25.484834,0.000001,400,台灣休閒漁業發展協會,,,,,,,,,,,2019-00-00
KL_Plant_0000010,2019-00-00_棉花嶼_植物_全島_0630,2019,2019,,,,HumanObservation,Asia,Taiwan,棉花嶼,,Rumex crispus,species,羊蹄,,,WGS84,122.105349,25.484834,0.000001,400,台灣休閒漁業發展協會,,,,,,,,,,,2019-00-00
KL_Plant_0000011,2019-00-00_棉花嶼_植物_全島_0631,2019,2019,,,,HumanObservation,Asia,Taiwan,棉花嶼,,Cocculus orbiculatus,species,木防己,,,WGS84,122.105349,25.484834,0.000001,400,台灣休閒漁業發展協會,,,,,,,,,,,2019-00-00
KL_Plant_0000013,2019-00-00_棉花嶼_植物_全島_0632,2019,2019,,,,HumanObservation,Asia,Taiwan,棉花嶼,,Boerhavia glabrata,species,光果黃細心,,,WGS84,122.105349,25.484834,0.000001,400,台灣休閒漁業發展協會,,,,,,,,,,,2019-00-00
KL_Plant_0000014,2019-00-00_棉花嶼_植物_全島_0633,2019,2019,,,,HumanObservation,Asia,Taiwan,棉花嶼,,Portulaca oleracea,species,馬齒莧,,,WGS84,122.105349,25.484834,0.000001,400,台灣休閒漁業發展協會,,,,,,,,,,,2019-00-00
KL_Plant_0000015,2019-00-00_棉花嶼_植物_全島_0634,2019,2019,,,,HumanObservation,Asia,Taiwan,棉花嶼,,Portulaca pilosa,species,毛馬齒莧,,,WGS84,122.105349,25.484834,0.000001,400,台灣休閒漁業發展協會,,,,,,,,,,,2019-00-00
KL_Plant_0000016,2019-00-00_棉花嶼_植物_全島_0635,2019,2019,,,,HumanObservation,Asia,Taiwan,棉花嶼,,Chenopodium acuminatum,species,變葉藜,,,WGS84,122.105349,25.484834,0.000001,400,台灣休閒漁業發展協會,,,,,,,,,,,2019-00-00
KL_Plant_0000019,2019-00-00_棉花嶼_植物_全島_0636,2019,2019,,,,HumanObservation,Asia,Taiwan,棉花嶼,,Sedum formosanum,species,台灣佛甲草（石板菜）,,,WGS84,122.105349,25.484834,0.000001,400,台灣休閒漁業發展協會,,,,,,,,,,,2019-00-00
KL_Plant_0000020,2019-00-00_棉花嶼_植物_全島_0637,2019,2019,,,,HumanObservation,Asia,Taiwan,棉花嶼,,Oxalis corniculata,species,酢漿草,,,WGS84,122.105349,25.484834,0.000001,400,台灣休閒漁業發展協會,,,,,,,,,,,2019-00-00
KL_Plant_0000021,2019-00-00_棉花嶼_植物_全島_0638,2019,2019,,,,HumanObservation,Asia,Taiwan,棉花嶼,,Centella asiatica,species,雷公根,,,WGS84,122.105349,25.484834,0.000001,400,台灣休閒漁業發展協會,,,,,,,,,,,2019-00-00
KL_Plant_0000023,2019-00-00_棉花嶼_植物_全島_0639,2019,2019,,,,HumanObservation,Asia,Taiwan,棉花嶼,,Lysimachia mauritiana,species,茅毛珍珠菜,,,WGS84,122.105349,25.484834,0.000001,400,台灣休閒漁業發展協會,,,,,,,,,,,2019-00-00
KL_Plant_0000024,2019-00-00_棉花嶼_植物_全島_0640,2019,2019,,,,HumanObservation,Asia,Taiwan,棉花嶼,,Hedyotis strigulosa,species,脈耳草,,,WGS84,122.105349,25.484834,0.000001,400,台灣休閒漁業發展協會,,,,,,,,,,,2019-00-00
KL_Plant_0000027,2019-00-00_棉花嶼_植物_全島_0641,2019,2019,,,,HumanObservation,Asia,Taiwan,棉花嶼,,Dichondra micrantha,species,馬蹄金,,,WGS84,122.105349,25.484834,0.000001,400,台灣休閒漁業發展協會,,,,,,,,,,,2019-00-00
KL_Plant_0000028,2019-00-00_棉花嶼_植物_全島_0642,2019,2019,,,,HumanObservation,Asia,Taiwan,棉花嶼,,Ipomoea obscura,species,馬鞍藤,,,WGS84,122.105349,25.484834,0.000001,400,台灣休閒漁業發展協會,,,,,,,,,,,2019-00-00
KL_Plant_0000029,2019-00-00_棉花嶼_植物_全島_0643,2019,2019,,,,HumanObservation,Asia,Taiwan,棉花嶼,,Callicarpa japonica,species,朝鮮紫珠,,,WGS84,122.105349,25.484834,0.000001,400,台灣休閒漁業發展協會,,,,,,,,,,,2019-00-00
KL_Plant_0000030,2019-00-00_棉花嶼_植物_全島_0644,2019,2019,,,,HumanObservation,Asia,Taiwan,棉花嶼,,Leonurus japonicus,species,益母草,,,WGS84,122.105349,25.484834,0.000001,400,台灣休閒漁業發展協會,,,,,,,,,,,2019-00-00
KL_Plant_0000033,2019-00-00_棉花嶼_植物_全島_0645,2019,2019,,,,HumanObservation,Asia,Taiwan,棉花嶼,,Corydalis koidzumiana,species,密花黃堇,,,WGS84,122.105349,25.484834,0.000001,400,台灣休閒漁業發展協會,,,,,,,,,,,2019-00-00
KL_Plant_0000034,2019-00-00_棉花嶼_植物_全島_0646,2019,2019,,,,HumanObservation,Asia,Taiwan,棉花嶼,,Scaevola sericea,species,草海桐,,,WGS84,122.105349,25.484834,0.000001,400,台灣休閒漁業發展協會,,,,,,,,,,,2019-00-00
KL_Plant_0000035,2019-00-00_棉花嶼_植物_全島_0647,2019,2019,,,,HumanObservation,Asia,Taiwan,棉花嶼,,Artemisia capillaris,species,茵陳蒿,,,WGS84,122.105349,25.484834,0.000001,400,台灣休閒漁業發展協會,,,,,,,,,,,2019-00-00
KL_Plant_0000039,2019-00-00_棉花嶼_植物_全島_0648,2019,2019,,,,HumanObservation,Asia,Taiwan,棉花嶼,,Conyza sumatrensis,species,野茼蒿,,,WGS84,122.105349,25.484834,0.000001,400,台灣休閒漁業發展協會,,,,,,,,,,,2019-00-00
KL_Plant_0000040,2019-00-00_棉花嶼_植物_全島_0649,2019,2019,,,,HumanObservation,Asia,Taiwan,棉花嶼,,Crossostephium chinense,species,蘄艾,,,WGS84,122.105349,25.484834,0.000001,400,台灣休閒漁業發展協會,,,,,,,,,,,2019-00-00
KL_Plant_0000041,2019-00-00_棉花嶼_植物_全島_0650,2019,2019,,,,HumanObservation,Asia,Taiwan,棉花嶼,,Emilia sonchifolia,species,紫背草,,,WGS84,122.105349,25.484834,0.000001,400,台灣休閒漁業發展協會,,,,,,,,,,,2019-00-00
KL_Plant_0000043,2019-00-00_棉花嶼_植物_全島_0651,2019,2019,,,,HumanObservation,Asia,Taiwan,棉花嶼,,Gnaphalium affine,species,鼠麴草,,,WGS84,122.105349,25.484834,0.000001,400,台灣休閒漁業發展協會,,,,,,,,,,,2019-00-00
KL_Plant_0000045,2019-00-00_棉花嶼_植物_全島_0652,2019,2019,,,,HumanObservation,Asia,Taiwan,棉花嶼,,Gnaphalium purpureum,species,鼠麴舅,,,WGS84,122.105349,25.484834,0.000001,400,台灣休閒漁業發展協會,,,,,,,,,,,2019-00-00
KL_Plant_0000051,2019-00-00_棉花嶼_植物_全島_0653,2019,2019,,,,HumanObservation,Asia,Taiwan,棉花嶼,,Wedelia prostrata var. robusta Makino,varietas,大天蓬草舅,,,WGS84,122.105349,25.484834,0.000001,400,台灣休閒漁業發展協會,,,,,,,,,,,2019-00-00
KL_Plant_0000052,2019-00-00_棉花嶼_植物_全島_0654,2019,2019,,,,HumanObservation,Asia,Taiwan,棉花嶼,,Youngia japonica,species,黃鵪菜,,,WGS84,122.105349,25.484834,0.000001,400,台灣休閒漁業發展協會,,,,,,,,,,,2019-00-00
KL_Plant_0000053,2019-00-00_棉花嶼_植物_全島_0655,2019,2019,,,,HumanObservation,Asia,Taiwan,棉花嶼,,Oenothera laciniata,species,裂葉月見草,,,WGS84,122.105349,25.484834,0.000001,400,台灣休閒漁業發展協會,,,,,,,,,,,2019-00-00
KL_Plant_0000054,2019-00-00_棉花嶼_植物_全島_0656,2019,2019,,,,HumanObservation,Asia,Taiwan,棉花嶼,,Raphanus sativus,species,濱蘿蔔,,,WGS84,122.105349,25.484834,0.000001,400,台灣休閒漁業發展協會,,,,,,,,,,,2019-00-00
KL_Plant_0000056,2019-00-00_棉花嶼_植物_全島_0657,2019,2019,,,,HumanObservation,Asia,Taiwan,棉花嶼,,Vigna marina,species,濱豇豆,,,WGS84,122.105349,25.484834,0.000001,400,台灣休閒漁業發展協會,,,,,,,,,,,2019-00-00
KL_Plant_0000057,2019-00-00_棉花嶼_植物_全島_0658,2019,2019,,,,HumanObservation,Asia,Taiwan,棉花嶼,,Pilea peploides,species,齒葉矮冷水麻,,,WGS84,122.105349,25.484834,0.000001,400,台灣休閒漁業發展協會,,,,,,,,,,,2019-00-00
KL_Plant_0000059,2019-00-00_棉花嶼_植物_全島_0659,2019,2019,,,,HumanObservation,Asia,Taiwan,棉花嶼,,Commelina diffusa,species,竹仔菜,,,WGS84,122.105349,25.484834,0.000001,400,台灣休閒漁業發展協會,,,,,,,,,,,2019-00-00
KL_Plant_0000060,2019-00-00_棉花嶼_植物_全島_0660,2019,2019,,,,HumanObservation,Asia,Taiwan,棉花嶼,,Carex breviculmis,species,短莖宿柱薹,,,WGS84,122.105349,25.484834,0.000001,400,台灣休閒漁業發展協會,,,,,,,,,,,2019-00-00
KL_Plant_0000061,2019-00-00_棉花嶼_植物_全島_0661,2019,2019,,,,HumanObservation,Asia,Taiwan,棉花嶼,,Cyperus polystachyos,species,多柱扁莎,,,WGS84,122.105349,25.484834,0.000001,400,台灣休閒漁業發展協會,,,,,,,,,,,2019-00-00
KL_Plant_0000066,2019-00-00_棉花嶼_植物_全島_0662,2019,2019,,,,HumanObservation,Asia,Taiwan,棉花嶼,,Brachiaria villosa,species,毛臂形草,,,WGS84,122.105349,25.484834,0.000001,400,台灣休閒漁業發展協會,,,,,,,,,,,2019-00-00
KL_Plant_0000072,2019-00-00_棉花嶼_植物_全島_0663,2019,2019,,,,HumanObservation,Asia,Taiwan,棉花嶼,,Digitaria mollicoma,species,絨馬唐,,,WGS84,122.105349,25.484834,0.000001,400,台灣休閒漁業發展協會,,,,,,,,,,,2019-00-00
KL_Plant_0000074,2019-00-00_棉花嶼_植物_全島_0664,2019,2019,,,,HumanObservation,Asia,Taiwan,棉花嶼,,Digitaria sericea,species,絹毛馬唐,,,WGS84,122.105349,25.484834,0.000001,400,台灣休閒漁業發展協會,,,,,,,,,,,2019-00-00
KL_Plant_0000075,2019-00-00_棉花嶼_植物_全島_0665,2019,2019,,,,HumanObservation,Asia,Taiwan,棉花嶼,,Imperata cylindrica var. major,varietas,白茅,,,WGS84,122.105349,25.484834,0.000001,400,台灣休閒漁業發展協會,,,,,,,,,,,2019-00-00
KL_Plant_0000078,2019-00-00_棉花嶼_植物_全島_0666,2019,2019,,,,HumanObservation,Asia,Taiwan,棉花嶼,,Paspalum orbiculare,species,圓果雀稗,,,WGS84,122.105349,25.484834,0.000001,400,台灣休閒漁業發展協會,,,,,,,,,,,2019-00-00
KL_Plant_0000079,2019-00-00_棉花嶼_植物_全島_0667,2019,2019,,,,HumanObservation,Asia,Taiwan,棉花嶼,,Paspalum scrobiculatum,species,鴨姆草,,,WGS84,122.105349,25.484834,0.000001,400,台灣休閒漁業發展協會,,,,,,,,,,,2019-00-00
KL_Plant_0000080,2019-00-00_棉花嶼_植物_全島_0668,2019,2019,,,,HumanObservation,Asia,Taiwan,棉花嶼,,Paspalum vaginatum,species,海雀稗,,,WGS84,122.105349,25.484834,0.000001,400,台灣休閒漁業發展協會,,,,,,,,,,,2019-00-00
KL_Plant_0000083,2019-00-00_棉花嶼_植物_全島_0669,2019,2019,,,,HumanObservation,Asia,Taiwan,棉花嶼,,Setaria geniculata,species,莠狗尾草,,,WGS84,122.105349,25.484834,0.000001,400,台灣休閒漁業發展協會,,,,,,,,,,,2019-00-00
KL_Plant_0000090,2019-00-00_棉花嶼_植物_全島_0670,2019,2019,,,,HumanObservation,Asia,Taiwan,棉花嶼,,Terminalia catappa,species,欖仁,,,WGS84,122.105349,25.484834,0.000001,400,台灣休閒漁業發展協會,,,,,,,,,,,2019-00-00
KL_Plant_0000001,2020-00-00_棉花嶼_植物_全島_0671,2020,2020,,,,HumanObservation,Asia,Taiwan,棉花嶼,,Cyrtomium falcatum,species,全緣貫眾蕨,,,WGS84,122.105349,25.484834,0.000001,400,社團法人基隆市野鳥學會,,,,,,,,,,,2020-00-00
KL_Plant_0000002,2020-00-00_棉花嶼_植物_全島_0672,2020,2020,,,,HumanObservation,Asia,Taiwan,棉花嶼,,Pteris fauriei var. fauriei,varietas,傅氏鳳尾蕨,,,WGS84,122.105349,25.484834,0.000001,400,社團法人基隆市野鳥學會,,,,,,,,,,,2020-00-00
KL_Plant_0000003,2020-00-00_棉花嶼_植物_全島_0673,2020,2020,,,,HumanObservation,Asia,Taiwan,棉花嶼,,Haplopteris anguste-elongata,species,姬書帶蕨,,,WGS84,122.105349,25.484834,0.000001,400,社團法人基隆市野鳥學會,,,,,,,,,,,2020-00-00
KL_Plant_0000004,2020-00-00_棉花嶼_植物_全島_0674,2020,2020,,,,HumanObservation,Asia,Taiwan,棉花嶼,,Odontosoria biflora,species,闊片烏蕨,,,WGS84,122.105349,25.484834,0.000001,400,社團法人基隆市野鳥學會,,,,,,,,,,,2020-00-00
KL_Plant_0000005,2020-00-00_棉花嶼_植物_全島_0675,2020,2020,,,,HumanObservation,Asia,Taiwan,棉花嶼,,Nephrolepis biserrata,species,長葉腎蕨,,,WGS84,122.105349,25.484834,0.000001,400,社團法人基隆市野鳥學會,,,,,,,,,,,2020-00-00
KL_Plant_0000006,2020-00-00_棉花嶼_植物_全島_0676,2020,2020,,,,HumanObservation,Asia,Taiwan,棉花嶼,,Tetragonia tetragonoides,species,番杏,,,WGS84,122.105349,25.484834,0.000001,400,社團法人基隆市野鳥學會,,,,,,,,,,,2020-00-00
KL_Plant_0000008,2020-00-00_棉花嶼_植物_全島_0677,2020,2020,,,,HumanObservation,Asia,Taiwan,棉花嶼,,Morus australis,species,小葉桑,,,WGS84,122.105349,25.484834,0.000001,400,社團法人基隆市野鳥學會,,,,,,,,,,,2020-00-00
KL_Plant_0000009,2020-00-00_棉花嶼_植物_全島_0678,2020,2020,,,,HumanObservation,Asia,Taiwan,棉花嶼,,Persicaria chinensis,species,火炭母草,,,WGS84,122.105349,25.484834,0.000001,400,社團法人基隆市野鳥學會,,,,,,,,,,,2020-00-00
KL_Plant_0000010,2020-00-00_棉花嶼_植物_全島_0679,2020,2020,,,,HumanObservation,Asia,Taiwan,棉花嶼,,Rumex crispus,species,羊蹄,,,WGS84,122.105349,25.484834,0.000001,400,社團法人基隆市野鳥學會,,,,,,,,,,,2020-00-00
KL_Plant_0000011,2020-00-00_棉花嶼_植物_全島_0680,2020,2020,,,,HumanObservation,Asia,Taiwan,棉花嶼,,Cocculus orbiculatus,species,木防己,,,WGS84,122.105349,25.484834,0.000001,400,社團法人基隆市野鳥學會,,,,,,,,,,,2020-00-00
KL_Plant_0000013,2020-00-00_棉花嶼_植物_全島_0681,2020,2020,,,,HumanObservation,Asia,Taiwan,棉花嶼,,Boerhavia glabrata,species,光果黃細心,,,WGS84,122.105349,25.484834,0.000001,400,社團法人基隆市野鳥學會,,,,,,,,,,,2020-00-00
KL_Plant_0000014,2020-00-00_棉花嶼_植物_全島_0682,2020,2020,,,,HumanObservation,Asia,Taiwan,棉花嶼,,Portulaca oleracea,species,馬齒莧,,,WGS84,122.105349,25.484834,0.000001,400,社團法人基隆市野鳥學會,,,,,,,,,,,2020-00-00
KL_Plant_0000015,2020-00-00_棉花嶼_植物_全島_0683,2020,2020,,,,HumanObservation,Asia,Taiwan,棉花嶼,,Portulaca pilosa,species,毛馬齒莧,,,WGS84,122.105349,25.484834,0.000001,400,社團法人基隆市野鳥學會,,,,,,,,,,,2020-00-00
KL_Plant_0000016,2020-00-00_棉花嶼_植物_全島_0684,2020,2020,,,,HumanObservation,Asia,Taiwan,棉花嶼,,Chenopodium acuminatum,species,變葉藜,,,WGS84,122.105349,25.484834,0.000001,400,社團法人基隆市野鳥學會,,,,,,,,,,,2020-00-00
KL_Plant_0000019,2020-00-00_棉花嶼_植物_全島_0685,2020,2020,,,,HumanObservation,Asia,Taiwan,棉花嶼,,Sedum formosanum,species,台灣佛甲草（石板菜）,,,WGS84,122.105349,25.484834,0.000001,400,社團法人基隆市野鳥學會,,,,,,,,,,,2020-00-00
KL_Plant_0000020,2020-00-00_棉花嶼_植物_全島_0686,2020,2020,,,,HumanObservation,Asia,Taiwan,棉花嶼,,Oxalis corniculata,species,酢漿草,,,WGS84,122.105349,25.484834,0.000001,400,社團法人基隆市野鳥學會,,,,,,,,,,,2020-00-00
KL_Plant_0000021,2020-00-00_棉花嶼_植物_全島_0687,2020,2020,,,,HumanObservation,Asia,Taiwan,棉花嶼,,Centella asiatica,species,雷公根,,,WGS84,122.105349,25.484834,0.000001,400,社團法人基隆市野鳥學會,,,,,,,,,,,2020-00-00
KL_Plant_0000022,2020-00-00_棉花嶼_植物_全島_0688,2020,2020,,,,HumanObservation,Asia,Taiwan,棉花嶼,,Pittosporum tobira,species,海桐,,,WGS84,122.105349,25.484834,0.000001,400,社團法人基隆市野鳥學會,,,,,,,,,,,2020-00-00
KL_Plant_0000023,2020-00-00_棉花嶼_植物_全島_0689,2020,2020,,,,HumanObservation,Asia,Taiwan,棉花嶼,,Lysimachia mauritiana,species,茅毛珍珠菜,,,WGS84,122.105349,25.484834,0.000001,400,社團法人基隆市野鳥學會,,,,,,,,,,,2020-00-00
KL_Plant_0000024,2020-00-00_棉花嶼_植物_全島_0690,2020,2020,,,,HumanObservation,Asia,Taiwan,棉花嶼,,Hedyotis strigulosa,species,脈耳草,,,WGS84,122.105349,25.484834,0.000001,400,社團法人基隆市野鳥學會,,,,,,,,,,,2020-00-00
KL_Plant_0000027,2020-00-00_棉花嶼_植物_全島_0691,2020,2020,,,,HumanObservation,Asia,Taiwan,棉花嶼,,Dichondra micrantha,species,馬蹄金,,,WGS84,122.105349,25.484834,0.000001,400,社團法人基隆市野鳥學會,,,,,,,,,,,2020-00-00
KL_Plant_0000028,2020-00-00_棉花嶼_植物_全島_0692,2020,2020,,,,HumanObservation,Asia,Taiwan,棉花嶼,,Ipomoea obscura,species,馬鞍藤,,,WGS84,122.105349,25.484834,0.000001,400,社團法人基隆市野鳥學會,,,,,,,,,,,2020-00-00
KL_Plant_0000029,2020-00-00_棉花嶼_植物_全島_0693,2020,2020,,,,HumanObservation,Asia,Taiwan,棉花嶼,,Callicarpa japonica,species,朝鮮紫珠,,,WGS84,122.105349,25.484834,0.000001,400,社團法人基隆市野鳥學會,,,,,,,,,,,2020-00-00
KL_Plant_0000030,2020-00-00_棉花嶼_植物_全島_0694,2020,2020,,,,HumanObservation,Asia,Taiwan,棉花嶼,,Leonurus japonicus,species,益母草,,,WGS84,122.105349,25.484834,0.000001,400,社團法人基隆市野鳥學會,,,,,,,,,,,2020-00-00
KL_Plant_0000033,2020-00-00_棉花嶼_植物_全島_0695,2020,2020,,,,HumanObservation,Asia,Taiwan,棉花嶼,,Corydalis koidzumiana,species,密花黃堇,,,WGS84,122.105349,25.484834,0.000001,400,社團法人基隆市野鳥學會,,,,,,,,,,,2020-00-00
KL_Plant_0000034,2020-00-00_棉花嶼_植物_全島_0696,2020,2020,,,,HumanObservation,Asia,Taiwan,棉花嶼,,Scaevola sericea,species,草海桐,,,WGS84,122.105349,25.484834,0.000001,400,社團法人基隆市野鳥學會,,,,,,,,,,,2020-00-00
KL_Plant_0000035,2020-00-00_棉花嶼_植物_全島_0697,2020,2020,,,,HumanObservation,Asia,Taiwan,棉花嶼,,Artemisia capillaris,species,茵陳蒿,,,WGS84,122.105349,25.484834,0.000001,400,社團法人基隆市野鳥學會,,,,,,,,,,,2020-00-00
KL_Plant_0000037,2020-00-00_棉花嶼_植物_全島_0698,2020,2020,,,,HumanObservation,Asia,Taiwan,棉花嶼,,Conyza bonariensis,species,美洲假蓬,,,WGS84,122.105349,25.484834,0.000001,400,社團法人基隆市野鳥學會,,,,,,,,,,,2020-00-00
KL_Plant_0000039,2020-00-00_棉花嶼_植物_全島_0699,2020,2020,,,,HumanObservation,Asia,Taiwan,棉花嶼,,Conyza sumatrensis,species,野茼蒿,,,WGS84,122.105349,25.484834,0.000001,400,社團法人基隆市野鳥學會,,,,,,,,,,,2020-00-00
KL_Plant_0000040,2020-00-00_棉花嶼_植物_全島_0700,2020,2020,,,,HumanObservation,Asia,Taiwan,棉花嶼,,Crossostephium chinense,species,蘄艾,,,WGS84,122.105349,25.484834,0.000001,400,社團法人基隆市野鳥學會,,,,,,,,,,,2020-00-00
KL_Plant_0000041,2020-00-00_棉花嶼_植物_全島_0701,2020,2020,,,,HumanObservation,Asia,Taiwan,棉花嶼,,Emilia sonchifolia,species,紫背草,,,WGS84,122.105349,25.484834,0.000001,400,社團法人基隆市野鳥學會,,,,,,,,,,,2020-00-00
KL_Plant_0000043,2020-00-00_棉花嶼_植物_全島_0702,2020,2020,,,,HumanObservation,Asia,Taiwan,棉花嶼,,Gnaphalium affine,species,鼠麴草,,,WGS84,122.105349,25.484834,0.000001,400,社團法人基隆市野鳥學會,,,,,,,,,,,2020-00-00
KL_Plant_0000044,2020-00-00_棉花嶼_植物_全島_0703,2020,2020,,,,HumanObservation,Asia,Taiwan,棉花嶼,,Gnaphalium calviceps,species,直莖鼠麴草,,,WGS84,122.105349,25.484834,0.000001,400,社團法人基隆市野鳥學會,,,,,,,,,,,2020-00-00
KL_Plant_0000045,2020-00-00_棉花嶼_植物_全島_0704,2020,2020,,,,HumanObservation,Asia,Taiwan,棉花嶼,,Gnaphalium purpureum,species,鼠麴舅,,,WGS84,122.105349,25.484834,0.000001,400,社團法人基隆市野鳥學會,,,,,,,,,,,2020-00-00
KL_Plant_0000048,2020-00-00_棉花嶼_植物_全島_0705,2020,2020,,,,HumanObservation,Asia,Taiwan,棉花嶼,,Sonchus oleraceus,species,苦滇菜,,,WGS84,122.105349,25.484834,0.000001,400,社團法人基隆市野鳥學會,,,,,,,,,,,2020-00-00
KL_Plant_0000049,2020-00-00_棉花嶼_植物_全島_0706,2020,2020,,,,HumanObservation,Asia,Taiwan,棉花嶼,,Wedelia biflora,species,雙花蟛蜞菊,,,WGS84,122.105349,25.484834,0.000001,400,社團法人基隆市野鳥學會,,,,,,,,,,,2020-00-00
KL_Plant_0000051,2020-00-00_棉花嶼_植物_全島_0707,2020,2020,,,,HumanObservation,Asia,Taiwan,棉花嶼,,Wedelia prostrata var. robusta Makino,varietas,大天蓬草舅,,,WGS84,122.105349,25.484834,0.000001,400,社團法人基隆市野鳥學會,,,,,,,,,,,2020-00-00
KL_Plant_0000052,2020-00-00_棉花嶼_植物_全島_0708,2020,2020,,,,HumanObservation,Asia,Taiwan,棉花嶼,,Youngia japonica,species,黃鵪菜,,,WGS84,122.105349,25.484834,0.000001,400,社團法人基隆市野鳥學會,,,,,,,,,,,2020-00-00
KL_Plant_0000053,2020-00-00_棉花嶼_植物_全島_0709,2020,2020,,,,HumanObservation,Asia,Taiwan,棉花嶼,,Oenothera laciniata,species,裂葉月見草,,,WGS84,122.105349,25.484834,0.000001,400,社團法人基隆市野鳥學會,,,,,,,,,,,2020-00-00
KL_Plant_0000054,2020-00-00_棉花嶼_植物_全島_0710,2020,2020,,,,HumanObservation,Asia,Taiwan,棉花嶼,,Raphanus sativus,species,濱蘿蔔,,,WGS84,122.105349,25.484834,0.000001,400,社團法人基隆市野鳥學會,,,,,,,,,,,2020-00-00
KL_Plant_0000056,2020-00-00_棉花嶼_植物_全島_0711,2020,2020,,,,HumanObservation,Asia,Taiwan,棉花嶼,,Vigna marina,species,濱豇豆,,,WGS84,122.105349,25.484834,0.000001,400,社團法人基隆市野鳥學會,,,,,,,,,,,2020-00-00
KL_Plant_0000057,2020-00-00_棉花嶼_植物_全島_0712,2020,2020,,,,HumanObservation,Asia,Taiwan,棉花嶼,,Pilea peploides,species,齒葉矮冷水麻,,,WGS84,122.105349,25.484834,0.000001,400,社團法人基隆市野鳥學會,,,,,,,,,,,2020-00-00
KL_Plant_0000059,2020-00-00_棉花嶼_植物_全島_0713,2020,2020,,,,HumanObservation,Asia,Taiwan,棉花嶼,,Commelina diffusa,species,竹仔菜,,,WGS84,122.105349,25.484834,0.000001,400,社團法人基隆市野鳥學會,,,,,,,,,,,2020-00-00
KL_Plant_0000060,2020-00-00_棉花嶼_植物_全島_0714,2020,2020,,,,HumanObservation,Asia,Taiwan,棉花嶼,,Carex breviculmis,species,短莖宿柱薹,,,WGS84,122.105349,25.484834,0.000001,400,社團法人基隆市野鳥學會,,,,,,,,,,,2020-00-00
KL_Plant_0000061,2020-00-00_棉花嶼_植物_全島_0715,2020,2020,,,,HumanObservation,Asia,Taiwan,棉花嶼,,Cyperus polystachyos,species,多柱扁莎,,,WGS84,122.105349,25.484834,0.000001,400,社團法人基隆市野鳥學會,,,,,,,,,,,2020-00-00
KL_Plant_0000063,2020-00-00_棉花嶼_植物_全島_0716,2020,2020,,,,HumanObservation,Asia,Taiwan,棉花嶼,,Fimbristylis dichotoma,species,竹子飄拂草,,,WGS84,122.105349,25.484834,0.000001,400,社團法人基隆市野鳥學會,,,,,,,,,,,2020-00-00
KL_Plant_0000066,2020-00-00_棉花嶼_植物_全島_0717,2020,2020,,,,HumanObservation,Asia,Taiwan,棉花嶼,,Brachiaria villosa,species,毛臂形草,,,WGS84,122.105349,25.484834,0.000001,400,社團法人基隆市野鳥學會,,,,,,,,,,,2020-00-00
KL_Plant_0000070,2020-00-00_棉花嶼_植物_全島_0718,2020,2020,,,,HumanObservation,Asia,Taiwan,棉花嶼,,Digitaria henryi,species,亨利馬唐,,,WGS84,122.105349,25.484834,0.000001,400,社團法人基隆市野鳥學會,,,,,,,,,,,2020-00-00
KL_Plant_0000072,2020-00-00_棉花嶼_植物_全島_0719,2020,2020,,,,HumanObservation,Asia,Taiwan,棉花嶼,,Digitaria mollicoma,species,絨馬唐,,,WGS84,122.105349,25.484834,0.000001,400,社團法人基隆市野鳥學會,,,,,,,,,,,2020-00-00
KL_Plant_0000074,2020-00-00_棉花嶼_植物_全島_0720,2020,2020,,,,HumanObservation,Asia,Taiwan,棉花嶼,,Digitaria sericea,species,絹毛馬唐,,,WGS84,122.105349,25.484834,0.000001,400,社團法人基隆市野鳥學會,,,,,,,,,,,2020-00-00
KL_Plant_0000075,2020-00-00_棉花嶼_植物_全島_0721,2020,2020,,,,HumanObservation,Asia,Taiwan,棉花嶼,,Imperata cylindrica var. major,varietas,白茅,,,WGS84,122.105349,25.484834,0.000001,400,社團法人基隆市野鳥學會,,,,,,,,,,,2020-00-00
KL_Plant_0000078,2020-00-00_棉花嶼_植物_全島_0722,2020,2020,,,,HumanObservation,Asia,Taiwan,棉花嶼,,Paspalum orbiculare,species,圓果雀稗,,,WGS84,122.105349,25.484834,0.000001,400,社團法人基隆市野鳥學會,,,,,,,,,,,2020-00-00
KL_Plant_0000079,2020-00-00_棉花嶼_植物_全島_0723,2020,2020,,,,HumanObservation,Asia,Taiwan,棉花嶼,,Paspalum scrobiculatum,species,鴨姆草,,,WGS84,122.105349,25.484834,0.000001,400,社團法人基隆市野鳥學會,,,,,,,,,,,2020-00-00
KL_Plant_0000080,2020-00-00_棉花嶼_植物_全島_0724,2020,2020,,,,HumanObservation,Asia,Taiwan,棉花嶼,,Paspalum vaginatum,species,海雀稗,,,WGS84,122.105349,25.484834,0.000001,400,社團法人基隆市野鳥學會,,,,,,,,,,,2020-00-00
KL_Plant_0000083,2020-00-00_棉花嶼_植物_全島_0725,2020,2020,,,,HumanObservation,Asia,Taiwan,棉花嶼,,Setaria geniculata,species,莠狗尾草,,,WGS84,122.105349,25.484834,0.000001,400,社團法人基隆市野鳥學會,,,,,,,,,,,2020-00-00
KL_Plant_0000087,2020-00-00_棉花嶼_植物_全島_0726,2020,2020,,,,HumanObservation,Asia,Taiwan,棉花嶼,,Zoysia sinica,species,中華結縷草,,,WGS84,122.105349,25.484834,0.000001,400,社團法人基隆市野鳥學會,,,,,,,,,,,2020-00-00
KL_Plant_0000091,2020-00-00_棉花嶼_植物_全島_0727,2020,2020,,,,HumanObservation,Asia,Taiwan,棉花嶼,,Pemphis acidula,species,水芫花,,,WGS84,122.105349,25.484834,0.000001,400,社團法人基隆市野鳥學會,,,,,,,,,,,2020-00-00
KL_Plant_0000015,2021-08-26_棉花嶼_植物_71_01,2021-08-26,2021,8,26,,HumanObservation,Asia,Taiwan,棉花嶼_植物_71,樣區調查,Portulaca pilosa,species,毛馬齒莧,,,WGS84,122.104851,25.484877,0.000001,10,研海生態顧問股份有限公司,,,,,,,,,,,2021-08-26
KL_Plant_0000061,2021-08-26_棉花嶼_植物_71_02,2021-08-26,2021,8,26,,HumanObservation,Asia,Taiwan,棉花嶼_植物_71,樣區調查,Cyperus polystachyos,species,多柱扁莎,,,WGS84,122.104851,25.484877,0.000001,10,研海生態顧問股份有限公司,,,,,,,,,,,2021-08-26
KL_Plant_0000041,2021-08-26_棉花嶼_植物_71_03,2021-08-26,2021,8,26,,HumanObservation,Asia,Taiwan,棉花嶼_植物_71,樣區調查,Emilia sonchifolia,species,紫背草,,,WGS84,122.104851,25.484877,0.000001,10,研海生態顧問股份有限公司,,,,,,,,,,,2021-08-26
KL_Plant_0000039,2021-08-26_棉花嶼_植物_71_04,2021-08-26,2021,8,26,,HumanObservation,Asia,Taiwan,棉花嶼_植物_71,樣區調查,Conyza sumatrensis,species,野茼蒿,,,WGS84,122.104851,25.484877,0.000001,10,研海生態顧問股份有限公司,,,,,,,乾枯花序,,,,2021-08-26
KL_Plant_0000028,2021-08-26_棉花嶼_植物_71_05,2021-08-26,2021,8,26,,HumanObservation,Asia,Taiwan,棉花嶼_植物_71,樣區調查,Ipomoea obscura,species,馬鞍藤,,,WGS84,122.104851,25.484877,0.000001,10,研海生態顧問股份有限公司,,,,,,,,,,,2021-08-26
KL_Plant_0000087,2021-08-26_棉花嶼_植物_71_06,2021-08-26,2021,8,26,,HumanObservation,Asia,Taiwan,棉花嶼_植物_71,樣區調查,Zoysia sinica,species,中華結縷草,,,WGS84,122.104851,25.484877,0.000001,10,研海生態顧問股份有限公司,,,,,,,,,,,2021-08-26
KL_Plant_0000053,2021-08-26_棉花嶼_植物_71_07,2021-08-26,2021,8,26,,HumanObservation,Asia,Taiwan,棉花嶼_植物_71,樣區調查,Oenothera laciniata,species,裂葉月見草,,,WGS84,122.104851,25.484877,0.000001,10,研海生態顧問股份有限公司,,,,,,,,,,,2021-08-26
KL_Plant_0000070,2021-08-26_棉花嶼_植物_71_08,2021-08-26,2021,8,26,,HumanObservation,Asia,Taiwan,棉花嶼_植物_71,樣區調查,Digitaria henryi,species,亨利馬唐,,,WGS84,122.104851,25.484877,0.000001,10,研海生態顧問股份有限公司,,,,,,,,,,,2021-08-26
KL_Plant_0000035,2021-08-26_棉花嶼_植物_73_01,2021-08-26,2021,8,26,,HumanObservation,Asia,Taiwan,棉花嶼_植物_73,樣區調查,Artemisia capillaris,species,茵陳蒿,,,WGS84,122.105087,25.484983,0.000001,10,研海生態顧問股份有限公司,,,,,,,,,,,2021-08-26
KL_Plant_0000087,2021-08-26_棉花嶼_植物_73_02,2021-08-26,2021,8,26,,HumanObservation,Asia,Taiwan,棉花嶼_植物_73,樣區調查,Zoysia sinica,species,中華結縷草,,,WGS84,122.105087,25.484983,0.000001,10,研海生態顧問股份有限公司,,,,,,,,,,,2021-08-26
KL_Plant_0000028,2021-08-26_棉花嶼_植物_73_03,2021-08-26,2021,8,26,,HumanObservation,Asia,Taiwan,棉花嶼_植物_73,樣區調查,Ipomoea obscura,species,馬鞍藤,,,WGS84,122.105087,25.484983,0.000001,10,研海生態顧問股份有限公司,,,,,,,,,,,2021-08-26
KL_Plant_0000023,2021-08-26_棉花嶼_植物_73_04,2021-08-26,2021,8,26,,HumanObservation,Asia,Taiwan,棉花嶼_植物_73,樣區調查,Lysimachia mauritiana,species,茅毛珍珠菜,,,WGS84,122.105087,25.484983,0.000001,10,研海生態顧問股份有限公司,,,,,,,,,,,2021-08-26
KL_Plant_0000021,2021-08-26_棉花嶼_植物_73_05,2021-08-26,2021,8,26,,HumanObservation,Asia,Taiwan,棉花嶼_植物_73,樣區調查,Centella asiatica,species,雷公根,,,WGS84,122.105087,25.484983,0.000001,10,研海生態顧問股份有限公司,,,,,,,,,,,2021-08-26
KL_Plant_0000053,2021-08-26_棉花嶼_植物_73_06,2021-08-26,2021,8,26,,HumanObservation,Asia,Taiwan,棉花嶼_植物_73,樣區調查,Oenothera laciniata,species,裂葉月見草,,,WGS84,122.105087,25.484983,0.000001,10,研海生態顧問股份有限公司,,,,,,,,,,,2021-08-26
KL_Plant_0000020,2021-08-26_棉花嶼_植物_73_07,2021-08-26,2021,8,26,,HumanObservation,Asia,Taiwan,棉花嶼_植物_73,樣區調查,Oxalis corniculata,species,酢漿草,,,WGS84,122.105087,25.484983,0.000001,10,研海生態顧問股份有限公司,,,,,,,,,,,2021-08-26
KL_Plant_0000015,2021-08-26_棉花嶼_植物_73_08,2021-08-26,2021,8,26,,HumanObservation,Asia,Taiwan,棉花嶼_植物_73,樣區調查,Portulaca pilosa,species,毛馬齒莧,,,WGS84,122.105087,25.484983,0.000001,10,研海生態顧問股份有限公司,,,,,,,,,,,2021-08-26
KL_Plant_0000061,2021-08-26_棉花嶼_植物_73_09,2021-08-26,2021,8,26,,HumanObservation,Asia,Taiwan,棉花嶼_植物_73,樣區調查,Cyperus polystachyos,species,多柱扁莎,,,WGS84,122.105087,25.484983,0.000001,10,研海生態顧問股份有限公司,,,,,,,,,,,2021-08-26
KL_Plant_0000070,2021-08-26_棉花嶼_植物_73_10,2021-08-26,2021,8,26,,HumanObservation,Asia,Taiwan,棉花嶼_植物_73,樣區調查,Digitaria henryi,species,亨利馬唐,,,WGS84,122.105087,25.484983,0.000001,10,研海生態顧問股份有限公司,,,,,,,,,,,2021-08-26
KL_Plant_0000041,2021-08-26_棉花嶼_植物_73_11,2021-08-26,2021,8,26,,HumanObservation,Asia,Taiwan,棉花嶼_植物_73,樣區調查,Emilia sonchifolia,species,紫背草,,,WGS84,122.105087,25.484983,0.000001,10,研海生態顧問股份有限公司,,,,,,,,,,,2021-08-26
KL_Plant_0000056,2021-08-26_棉花嶼_植物_73_12,2021-08-26,2021,8,26,,HumanObservation,Asia,Taiwan,棉花嶼_植物_73,樣區調查,Vigna marina,species,濱豇豆,,,WGS84,122.105087,25.484983,0.000001,10,研海生態顧問股份有限公司,,,,,,,,,,,2021-08-26
KL_Plant_0000039,2021-08-26_棉花嶼_植物_73_13,2021-08-26,2021,8,26,,HumanObservation,Asia,Taiwan,棉花嶼_植物_73,樣區調查,Conyza sumatrensis,species,野茼蒿,,,WGS84,122.105087,25.484983,0.000001,10,研海生態顧問股份有限公司,,,,,,,,,,,2021-08-26
KL_Plant_0000072,2021-08-26_棉花嶼_植物_73_14,2021-08-26,2021,8,26,,HumanObservation,Asia,Taiwan,棉花嶼_植物_73,樣區調查,Digitaria mollicoma,species,絨馬唐,,,WGS84,122.105087,25.484983,0.000001,10,研海生態顧問股份有限公司,,,,,,,,,,,2021-08-26
KL_Plant_0000040,2021-08-26_棉花嶼_植物_94_01,2021-08-26,2021,8,26,,HumanObservation,Asia,Taiwan,棉花嶼_植物_94,樣區調查,Crossostephium chinense,species,蘄艾,,,WGS84,122.104889,25.487043,0.000001,10,研海生態顧問股份有限公司,,,,,,,,,,,2021-08-26
KL_Plant_0000023,2021-08-26_棉花嶼_植物_94_02,2021-08-26,2021,8,26,,HumanObservation,Asia,Taiwan,棉花嶼_植物_94,樣區調查,Lysimachia mauritiana,species,茅毛珍珠菜,,,WGS84,122.104889,25.487043,0.000001,10,研海生態顧問股份有限公司,,,,,,,,,,,2021-08-26
KL_Plant_0000028,2021-08-26_棉花嶼_植物_94_03,2021-08-26,2021,8,26,,HumanObservation,Asia,Taiwan,棉花嶼_植物_94,樣區調查,Ipomoea obscura,species,馬鞍藤,,,WGS84,122.104889,25.487043,0.000001,10,研海生態顧問股份有限公司,,,,,,,,,,,2021-08-26
KL_Plant_0000002,2021-08-26_棉花嶼_植物_94_04,2021-08-26,2021,8,26,,HumanObservation,Asia,Taiwan,棉花嶼_植物_94,樣區調查,Pteris fauriei var. fauriei,species,傅氏鳳尾蕨,,,WGS84,122.104889,25.487043,0.000001,10,研海生態顧問股份有限公司,,,,,,,,,,,2021-08-26
KL_Plant_0000061,2021-08-26_棉花嶼_植物_94_05,2021-08-26,2021,8,26,,HumanObservation,Asia,Taiwan,棉花嶼_植物_94,樣區調查,Cyperus polystachyos,species,多柱扁莎,,,WGS84,122.104889,25.487043,0.000001,10,研海生態顧問股份有限公司,,,,,,,,,,,2021-08-26
KL_Plant_0000019,2021-08-26_棉花嶼_植物_94_06,2021-08-26,2021,8,26,,HumanObservation,Asia,Taiwan,棉花嶼_植物_94,樣區調查,Sedum formosanum,species,台灣佛甲草,,,WGS84,122.104889,25.487043,0.000001,10,研海生態顧問股份有限公司,,,,,,,,,,,2021-08-26
KL_Plant_0000015,2021-08-26_棉花嶼_植物_94_07,2021-08-26,2021,8,26,,HumanObservation,Asia,Taiwan,棉花嶼_植物_94,樣區調查,Portulaca pilosa,species,毛馬齒莧,,,WGS84,122.104889,25.487043,0.000001,10,研海生態顧問股份有限公司,,,,,,,,,,,2021-08-26
KL_Plant_0000028,2021-08-26_棉花嶼_植物_96_08,2021-08-26,2021,8,26,,HumanObservation,Asia,Taiwan,棉花嶼_植物_96,樣區調查,Ipomoea obscura,species,馬鞍藤,,,WGS84,122.105232,25.487436,0.000001,10,研海生態顧問股份有限公司,,,,,,,,,,,2021-08-26
KL_Plant_0000061,2021-08-26_棉花嶼_植物_96_09,2021-08-26,2021,8,26,,HumanObservation,Asia,Taiwan,棉花嶼_植物_96,樣區調查,Cyperus polystachyos,species,多柱扁莎,,,WGS84,122.105232,25.487436,0.000001,10,研海生態顧問股份有限公司,,,,,,,,,,,2021-08-26
KL_Plant_0000072,2021-08-26_棉花嶼_植物_96_10,2021-08-26,2021,8,26,,HumanObservation,Asia,Taiwan,棉花嶼_植物_96,樣區調查,Digitaria mollicoma,species,絨馬唐,,,WGS84,122.105232,25.487436,0.000001,10,研海生態顧問股份有限公司,,,,,,,,,,,2021-08-26
KL_Plant_0000016,2021-08-26_棉花嶼_植物_96_11,2021-08-26,2021,8,26,,HumanObservation,Asia,Taiwan,棉花嶼_植物_96,樣區調查,Chenopodium acuminatum,species,變葉藜,,,WGS84,122.105232,25.487436,0.000001,10,研海生態顧問股份有限公司,,,,,,,,,,,2021-08-26
KL_Plant_0000023,2021-08-26_棉花嶼_植物_96_12,2021-08-26,2021,8,26,,HumanObservation,Asia,Taiwan,棉花嶼_植物_96,樣區調查,Lysimachia mauritiana,species,茅毛珍珠菜,,,WGS84,122.105232,25.487436,0.000001,10,研海生態顧問股份有限公司,,,,,,,,,,,2021-08-26
KL_Plant_0000040,2021-08-26_棉花嶼_植物_96_13,2021-08-26,2021,8,26,,HumanObservation,Asia,Taiwan,棉花嶼_植物_96,樣區調查,Crossostephium chinense,species,蘄艾,,,WGS84,122.105232,25.487436,0.000001,10,研海生態顧問股份有限公司,,,,,,,,,,,2021-08-26
KL_Plant_0000015,2021-08-26_棉花嶼_植物_96_14,2021-08-26,2021,8,26,,HumanObservation,Asia,Taiwan,棉花嶼_植物_96,樣區調查,Portulaca pilosa,species,毛馬齒莧,,,WGS84,122.105232,25.487436,0.000001,10,研海生態顧問股份有限公司,,,,,,,,,,,2021-08-26
KL_Plant_0000040,2021-08-26_棉花嶼_植物_97_01,2021-08-26,2021,8,26,,HumanObservation,Asia,Taiwan,棉花嶼_植物_97,樣區調查,Crossostephium chinense,species,蘄艾,,,WGS84,122.106102,25.486374,0.000001,10,研海生態顧問股份有限公司,,,,,,,,,,,2021-08-26
KL_Plant_0000028,2021-08-26_棉花嶼_植物_97_02,2021-08-26,2021,8,26,,HumanObservation,Asia,Taiwan,棉花嶼_植物_97,樣區調查,Ipomoea obscura,species,馬鞍藤,,,WGS84,122.106102,25.486374,0.000001,10,研海生態顧問股份有限公司,,,,,,,,,,,2021-08-26
KL_Plant_0000087,2021-08-26_棉花嶼_植物_97_03,2021-08-26,2021,8,26,,HumanObservation,Asia,Taiwan,棉花嶼_植物_97,樣區調查,Zoysia sinica,species,中華結縷草,,,WGS84,122.106102,25.486374,0.000001,10,研海生態顧問股份有限公司,,,,,,,,,,,2021-08-26
KL_Plant_0000061,2021-08-26_棉花嶼_植物_97_04,2021-08-26,2021,8,26,,HumanObservation,Asia,Taiwan,棉花嶼_植物_97,樣區調查,Cyperus polystachyos,species,多柱扁莎,,,WGS84,122.106102,25.486374,0.000001,10,研海生態顧問股份有限公司,,,,,,,,,,,2021-08-26
KL_Plant_0000020,2021-08-26_棉花嶼_植物_97_05,2021-08-26,2021,8,26,,HumanObservation,Asia,Taiwan,棉花嶼_植物_97,樣區調查,Oxalis corniculata,species,酢漿草,,,WGS84,122.106102,25.486374,0.000001,10,研海生態顧問股份有限公司,,,,,,,,,,,2021-08-26
KL_Plant_0000039,2021-08-26_棉花嶼_植物_97_06,2021-08-26,2021,8,26,,HumanObservation,Asia,Taiwan,棉花嶼_植物_97,樣區調查,Conyza sumatrensis,species,野茼蒿,,,WGS84,122.106102,25.486374,0.000001,10,研海生態顧問股份有限公司,,,,,,,,,,,2021-08-26
KL_Plant_0000021,2021-08-26_棉花嶼_植物_97_07,2021-08-26,2021,8,26,,HumanObservation,Asia,Taiwan,棉花嶼_植物_97,樣區調查,Centella asiatica,species,雷公根,,,WGS84,122.106102,25.486374,0.000001,10,研海生態顧問股份有限公司,,,,,,,,,,,2021-08-26
KL_Plant_0000023,2021-08-26_棉花嶼_植物_97_08,2021-08-26,2021,8,26,,HumanObservation,Asia,Taiwan,棉花嶼_植物_97,樣區調查,Lysimachia mauritiana,species,茅毛珍珠菜,,,WGS84,122.106102,25.486374,0.000001,10,研海生態顧問股份有限公司,,,,,,,,,,,2021-08-26
KL_Plant_0000041,2021-08-26_棉花嶼_植物_97_09,2021-08-26,2021,8,26,,HumanObservation,Asia,Taiwan,棉花嶼_植物_97,樣區調查,Emilia sonchifolia,species,紫背草,,,WGS84,122.106102,25.486374,0.000001,10,研海生態顧問股份有限公司,,,,,,,,,,,2021-08-26
KL_Plant_0000011,2021-08-26_棉花嶼_植物_97_10,2021-08-26,2021,8,26,,HumanObservation,Asia,Taiwan,棉花嶼_植物_97,樣區調查,Cocculus orbiculatus,species,木防己,,,WGS84,122.106102,25.486374,0.000001,10,研海生態顧問股份有限公司,,,,,,,,,,,2021-08-26
KL_Plant_0000070,2021-08-26_棉花嶼_植物_97_11,2021-08-26,2021,8,26,,HumanObservation,Asia,Taiwan,棉花嶼_植物_97,樣區調查,Digitaria henryi,species,亨利馬唐,,,WGS84,122.106102,25.486374,0.000001,10,研海生態顧問股份有限公司,,,,,,,,,,,2021-08-26
KL_Plant_0000052,2021-08-26_棉花嶼_植物_97_12,2021-08-26,2021,8,26,,HumanObservation,Asia,Taiwan,棉花嶼_植物_97,樣區調查,Youngia japonica,species,黃鵪菜,,,WGS84,122.106102,25.486374,0.000001,10,研海生態顧問股份有限公司,,,,,,,,,,,2021-08-26
KL_Plant_0000063,2021-08-27_棉花嶼_植物_72_01,2021-08-27,2021,8,27,,HumanObservation,Asia,Taiwan,棉花嶼_植物_72,樣區調查,Fimbristylis dichotoma,species,竹子飄拂草,,,WGS84,122.10495,25.484877,0.000001,10,研海生態顧問股份有限公司,,,,,,,,,,,2021-08-27
KL_Plant_0000087,2021-08-27_棉花嶼_植物_72_02,2021-08-27,2021,8,27,,HumanObservation,Asia,Taiwan,棉花嶼_植物_72,樣區調查,Zoysia sinica,species,中華結縷草,,,WGS84,122.10495,25.484877,0.000001,10,研海生態顧問股份有限公司,,,,,,,,,,,2021-08-27
KL_Plant_0000028,2021-08-27_棉花嶼_植物_72_03,2021-08-27,2021,8,27,,HumanObservation,Asia,Taiwan,棉花嶼_植物_72,樣區調查,Ipomoea obscura,species,馬鞍藤,,,WGS84,122.10495,25.484877,0.000001,10,研海生態顧問股份有限公司,,,,,,,,,,,2021-08-27
KL_Plant_0000053,2021-08-27_棉花嶼_植物_72_04,2021-08-27,2021,8,27,,HumanObservation,Asia,Taiwan,棉花嶼_植物_72,樣區調查,Oenothera laciniata,species,裂葉月見草,,,WGS84,122.10495,25.484877,0.000001,10,研海生態顧問股份有限公司,,,,,,,,,,,2021-08-27
KL_Plant_0000023,2021-08-27_棉花嶼_植物_72_05,2021-08-27,2021,8,27,,HumanObservation,Asia,Taiwan,棉花嶼_植物_72,樣區調查,Lysimachia mauritiana,species,茅毛珍珠菜,,,WGS84,122.10495,25.484877,0.000001,10,研海生態顧問股份有限公司,,,,,,,,,,,2021-08-27
KL_Plant_0000039,2021-08-27_棉花嶼_植物_72_06,2021-08-27,2021,8,27,,HumanObservation,Asia,Taiwan,棉花嶼_植物_72,樣區調查,Conyza sumatrensis,species,野茼蒿,,,WGS84,122.10495,25.484877,0.000001,10,研海生態顧問股份有限公司,,,,,,,,,,,2021-08-27
KL_Plant_0000041,2021-08-27_棉花嶼_植物_72_07,2021-08-27,2021,8,27,,HumanObservation,Asia,Taiwan,棉花嶼_植物_72,樣區調查,Emilia sonchifolia,species,紫背草,,,WGS84,122.10495,25.484877,0.000001,10,研海生態顧問股份有限公司,,,,,,,,,,,2021-08-27
KL_Plant_0000015,2021-08-27_棉花嶼_植物_72_08,2021-08-27,2021,8,27,,HumanObservation,Asia,Taiwan,棉花嶼_植物_72,樣區調查,Portulaca pilosa,species,毛馬齒莧,,,WGS84,122.10495,25.484877,0.000001,10,研海生態顧問股份有限公司,,,,,,,,,,,2021-08-27
KL_Plant_0000021,2021-08-27_棉花嶼_植物_72_09,2021-08-27,2021,8,27,,HumanObservation,Asia,Taiwan,棉花嶼_植物_72,樣區調查,Centella asiatica,species,雷公根,,,WGS84,122.10495,25.484877,0.000001,10,研海生態顧問股份有限公司,,,,,,,,,,,2021-08-27
KL_Plant_0000040,2021-08-27_棉花嶼_植物_74_01,2021-08-27,2021,8,27,,HumanObservation,Asia,Taiwan,棉花嶼_植物_74,樣區調查,Crossostephium chinense,species,蘄艾,,,WGS84,122.104836,25.484272,0.000001,10,研海生態顧問股份有限公司,,,,,,,,,,,2021-08-27
KL_Plant_0000020,2021-08-27_棉花嶼_植物_74_02,2021-08-27,2021,8,27,,HumanObservation,Asia,Taiwan,棉花嶼_植物_74,樣區調查,Oxalis corniculata,species,酢漿草,,,WGS84,122.104836,25.484272,0.000001,10,研海生態顧問股份有限公司,,,,,,,,,,,2021-08-27
KL_Plant_0000028,2021-08-27_棉花嶼_植物_74_03,2021-08-27,2021,8,27,,HumanObservation,Asia,Taiwan,棉花嶼_植物_74,樣區調查,Ipomoea obscura,species,馬鞍藤,,,WGS84,122.104836,25.484272,0.000001,10,研海生態顧問股份有限公司,,,,,,,,,,,2021-08-27
KL_Plant_0000021,2021-08-27_棉花嶼_植物_74_04,2021-08-27,2021,8,27,,HumanObservation,Asia,Taiwan,棉花嶼_植物_74,樣區調查,Centella asiatica,species,雷公根,,,WGS84,122.104836,25.484272,0.000001,10,研海生態顧問股份有限公司,,,,,,,,,,,2021-08-27
KL_Plant_0000015,2021-08-27_棉花嶼_植物_74_05,2021-08-27,2021,8,27,,HumanObservation,Asia,Taiwan,棉花嶼_植物_74,樣區調查,Portulaca pilosa,species,毛馬齒莧,,,WGS84,122.104836,25.484272,0.000001,10,研海生態顧問股份有限公司,,,,,,,,,,,2021-08-27
KL_Plant_0000023,2021-08-27_棉花嶼_植物_74_06,2021-08-27,2021,8,27,,HumanObservation,Asia,Taiwan,棉花嶼_植物_74,樣區調查,Lysimachia mauritiana,species,茅毛珍珠菜,,,WGS84,122.104836,25.484272,0.000001,10,研海生態顧問股份有限公司,,,,,,,,,,,2021-08-27
KL_Plant_0000070,2021-08-27_棉花嶼_植物_74_07,2021-08-27,2021,8,27,,HumanObservation,Asia,Taiwan,棉花嶼_植物_74,樣區調查,Digitaria henryi,species,亨利馬唐,,,WGS84,122.104836,25.484272,0.000001,10,研海生態顧問股份有限公司,,,,,,,,,,,2021-08-27
KL_Plant_0000019,2021-08-27_棉花嶼_植物_74_08,2021-08-27,2021,8,27,,HumanObservation,Asia,Taiwan,棉花嶼_植物_74,樣區調查,Sedum formosanum,species,台灣佛甲草,,,WGS84,122.104836,25.484272,0.000001,10,研海生態顧問股份有限公司,,,,,,,,,,,2021-08-27
KL_Plant_0000053,2021-08-27_棉花嶼_植物_74_09,2021-08-27,2021,8,27,,HumanObservation,Asia,Taiwan,棉花嶼_植物_74,樣區調查,Oenothera laciniata,species,裂葉月見草,,,WGS84,122.104836,25.484272,0.000001,10,研海生態顧問股份有限公司,,,,,,,,,,,2021-08-27
KL_Plant_0000072,2021-08-27_棉花嶼_植物_74_10,2021-08-27,2021,8,27,,HumanObservation,Asia,Taiwan,棉花嶼_植物_74,樣區調查,Digitaria mollicoma,species,絨馬唐,,,WGS84,122.104836,25.484272,0.000001,10,研海生態顧問股份有限公司,,,,,,,,,,,2021-08-27
KL_Plant_0000040,2021-08-27_棉花嶼_植物_75_01,2021-08-27,2021,8,27,,HumanObservation,Asia,Taiwan,棉花嶼_植物_75,樣區調查,Crossostephium chinense,species,蘄艾,,,WGS84,122.106041,25.484732,0.000001,10,研海生態顧問股份有限公司,,,,,,,,,,,2021-08-27
KL_Plant_0000023,2021-08-27_棉花嶼_植物_75_02,2021-08-27,2021,8,27,,HumanObservation,Asia,Taiwan,棉花嶼_植物_75,樣區調查,Lysimachia mauritiana,species,茅毛珍珠菜,,,WGS84,122.106041,25.484732,0.000001,10,研海生態顧問股份有限公司,,,,,,,,,,,2021-08-27
KL_Plant_0000028,2021-08-27_棉花嶼_植物_75_03,2021-08-27,2021,8,27,,HumanObservation,Asia,Taiwan,棉花嶼_植物_75,樣區調查,Ipomoea obscura,species,馬鞍藤,,,WGS84,122.106041,25.484732,0.000001,10,研海生態顧問股份有限公司,,,,,,,,,,,2021-08-27
KL_Plant_0000015,2021-08-27_棉花嶼_植物_75_04,2021-08-27,2021,8,27,,HumanObservation,Asia,Taiwan,棉花嶼_植物_75,樣區調查,Portulaca pilosa,species,毛馬齒莧,,,WGS84,122.106041,25.484732,0.000001,10,研海生態顧問股份有限公司,,,,,,,,,,,2021-08-27
KL_Plant_0000024,2021-08-27_棉花嶼_植物_75_05,2021-08-27,2021,8,27,,HumanObservation,Asia,Taiwan,棉花嶼_植物_75,樣區調查,Hedyotis strigulosa,species,脈耳草,,,WGS84,122.106041,25.484732,0.000001,10,研海生態顧問股份有限公司,,,,,,,,,,,2021-08-27
KL_Plant_0000016,2021-08-27_棉花嶼_植物_75_06,2021-08-27,2021,8,27,,HumanObservation,Asia,Taiwan,棉花嶼_植物_75,樣區調查,Chenopodium acuminatum,species,變葉藜,,,WGS84,122.106041,25.484732,0.000001,10,研海生態顧問股份有限公司,,,,,,,乾枯,,,,2021-08-27
KL_Plant_0000040,2021-08-27_棉花嶼_植物_76_01,2021-08-27,2021,8,27,,HumanObservation,Asia,Taiwan,棉花嶼_植物_76,樣區調查,Crossostephium chinense,species,蘄艾,,,WGS84,122.106262,25.484396,0.000001,10,研海生態顧問股份有限公司,,,,,,,,,,,2021-08-27
KL_Plant_0000015,2021-08-27_棉花嶼_植物_76_02,2021-08-27,2021,8,27,,HumanObservation,Asia,Taiwan,棉花嶼_植物_76,樣區調查,Portulaca pilosa,species,毛馬齒莧,,,WGS84,122.106262,25.484396,0.000001,10,研海生態顧問股份有限公司,,,,,,,,,,,2021-08-27
KL_Plant_0000023,2021-08-27_棉花嶼_植物_76_03,2021-08-27,2021,8,27,,HumanObservation,Asia,Taiwan,棉花嶼_植物_76,樣區調查,Lysimachia mauritiana,species,茅毛珍珠菜,,,WGS84,122.106262,25.484396,0.000001,10,研海生態顧問股份有限公司,,,,,,,,,,,2021-08-27
KL_Plant_0000019,2021-08-27_棉花嶼_植物_76_04,2021-08-27,2021,8,27,,HumanObservation,Asia,Taiwan,棉花嶼_植物_76,樣區調查,Sedum formosanum,species,台灣佛甲草,,,WGS84,122.106262,25.484396,0.000001,10,研海生態顧問股份有限公司,,,,,,,,,,,2021-08-27
KL_Plant_0000024,2021-08-27_棉花嶼_植物_76_05,2021-08-27,2021,8,27,,HumanObservation,Asia,Taiwan,棉花嶼_植物_76,樣區調查,Hedyotis strigulosa,species,脈耳草,,,WGS84,122.106262,25.484396,0.000001,10,研海生態顧問股份有限公司,,,,,,,,,,,2021-08-27
KL_Plant_0000028,2021-09-21_棉花嶼_植物_70_01,2021-09-21,2021,9,21,,HumanObservation,Asia,Taiwan,棉花嶼_植物_70,樣區調查,Ipomoea obscura,species,馬鞍藤,,,WGS84,122.104393,25.485476,0.000001,10,研海生態顧問股份有限公司,,,,,,,,,,,2021-09-21
KL_Plant_0000056,2021-09-21_棉花嶼_植物_70_02,2021-09-21,2021,9,21,,HumanObservation,Asia,Taiwan,棉花嶼_植物_70,樣區調查,Vigna marina,species,濱豇豆,,,WGS84,122.104393,25.485476,0.000001,10,研海生態顧問股份有限公司,,,,,,,,,,,2021-09-21
KL_Plant_0000040,2021-09-21_棉花嶼_植物_70_03,2021-09-21,2021,9,21,,HumanObservation,Asia,Taiwan,棉花嶼_植物_70,樣區調查,Crossostephium chinense,species,蘄艾,,,WGS84,122.104393,25.485476,0.000001,10,研海生態顧問股份有限公司,,,,,,,,,,,2021-09-21
KL_Plant_0000030,2021-09-21_棉花嶼_植物_70_04,2021-09-21,2021,9,21,,HumanObservation,Asia,Taiwan,棉花嶼_植物_70,樣區調查,Leonurus japonicus,species,益母草,,,WGS84,122.104393,25.485476,0.000001,10,研海生態顧問股份有限公司,,,,,,,,,,,2021-09-21
KL_Plant_0000092,2021-09-21_棉花嶼_植物_70_05,2021-09-21,2021,9,21,,HumanObservation,Asia,Taiwan,棉花嶼_植物_70,樣區調查,Wedelia prostrata,species,大天蓬草舅,,,WGS84,122.104393,25.485476,0.000001,10,研海生態顧問股份有限公司,,,,,,,,,,,2021-09-21
KL_Plant_0000034,2021-09-21_棉花嶼_植物_70_06,2021-09-21,2021,9,21,,HumanObservation,Asia,Taiwan,棉花嶼_植物_70,樣區調查,Scaevola sericea,species,草海桐,,,WGS84,122.104393,25.485476,0.000001,10,研海生態顧問股份有限公司,,,,,,,,,,,2021-09-21
KL_Plant_0000040,2021-09-21_棉花嶼_植物_77_01,2021-09-21,2021,9,21,,HumanObservation,Asia,Taiwan,棉花嶼_植物_77,樣區調查,Crossostephium chinense,species,蘄艾,,,WGS84,122.105568,25.483391,0.000001,10,研海生態顧問股份有限公司,,,,,,,,,,,2021-09-21
KL_Plant_0000028,2021-09-21_棉花嶼_植物_77_02,2021-09-21,2021,9,21,,HumanObservation,Asia,Taiwan,棉花嶼_植物_77,樣區調查,Ipomoea obscura,species,馬鞍藤,,,WGS84,122.105568,25.483391,0.000001,10,研海生態顧問股份有限公司,,,,,,,,,,,2021-09-21
KL_Plant_0000021,2021-09-21_棉花嶼_植物_77_03,2021-09-21,2021,9,21,,HumanObservation,Asia,Taiwan,棉花嶼_植物_77,樣區調查,Centella asiatica,species,雷公根,,,WGS84,122.105568,25.483391,0.000001,10,研海生態顧問股份有限公司,,,,,,,,,,,2021-09-21
KL_Plant_0000087,2021-09-21_棉花嶼_植物_77_04,2021-09-21,2021,9,21,,HumanObservation,Asia,Taiwan,棉花嶼_植物_77,樣區調查,Zoysia sinica,species,中華結縷草,,,WGS84,122.105568,25.483391,0.000001,10,研海生態顧問股份有限公司,,,,,,,,,,,2021-09-21
KL_Plant_0000061,2021-09-21_棉花嶼_植物_77_05,2021-09-21,2021,9,21,,HumanObservation,Asia,Taiwan,棉花嶼_植物_77,樣區調查,Cyperus polystachyos,species,多柱扁莎,,,WGS84,122.105568,25.483391,0.000001,10,研海生態顧問股份有限公司,,,,,,,,,,,2021-09-21
KL_Plant_0000015,2021-09-21_棉花嶼_植物_77_06,2021-09-21,2021,9,21,,HumanObservation,Asia,Taiwan,棉花嶼_植物_77,樣區調查,Portulaca pilosa,species,毛馬齒莧,,,WGS84,122.105568,25.483391,0.000001,10,研海生態顧問股份有限公司,,,,,,,,,,,2021-09-21
KL_Plant_0000019,2021-09-21_棉花嶼_植物_77_07,2021-09-21,2021,9,21,,HumanObservation,Asia,Taiwan,棉花嶼_植物_77,樣區調查,Sedum formosanum,species,台灣佛甲草,,,WGS84,122.105568,25.483391,0.000001,10,研海生態顧問股份有限公司,,,,,,,,,,,2021-09-21
KL_Plant_0000069,2021-09-21_棉花嶼_植物_77_08,2021-09-21,2021,9,21,,HumanObservation,Asia,Taiwan,棉花嶼_植物_77,樣區調查,Digitaria ciliaris,species,升馬唐,,,WGS84,122.105568,25.483391,0.000001,10,研海生態顧問股份有限公司,,,,,,,,,,,2021-09-21
KL_Plant_0000041,2021-09-21_棉花嶼_植物_77_09,2021-09-21,2021,9,21,,HumanObservation,Asia,Taiwan,棉花嶼_植物_77,樣區調查,Emilia sonchifolia,species,紫背草,,,WGS84,122.105568,25.483391,0.000001,10,研海生態顧問股份有限公司,,,,,,,,,,,2021-09-21
KL_Plant_0000028,2021-09-21_棉花嶼_植物_78_01,2021-09-21,2021,9,21,,HumanObservation,Asia,Taiwan,棉花嶼_植物_78,樣區調查,Ipomoea obscura,species,馬鞍藤,,,WGS84,122.104179,25.48333,0.000001,10,研海生態顧問股份有限公司,,,,,,,,,,,2021-09-21
KL_Plant_0000020,2021-09-21_棉花嶼_植物_78_02,2021-09-21,2021,9,21,,HumanObservation,Asia,Taiwan,棉花嶼_植物_78,樣區調查,Oxalis corniculata,species,酢漿草,,,WGS84,122.104179,25.48333,0.000001,10,研海生態顧問股份有限公司,,,,,,,,,,,2021-09-21
KL_Plant_0000075,2021-09-21_棉花嶼_植物_78_03,2021-09-21,2021,9,21,,HumanObservation,Asia,Taiwan,棉花嶼_植物_78,樣區調查,Imperata cylindrica var. major,species,白茅,,,WGS84,122.104179,25.48333,0.000001,10,研海生態顧問股份有限公司,,,,,,,,,,,2021-09-21
KL_Plant_0000021,2021-09-21_棉花嶼_植物_78_04,2021-09-21,2021,9,21,,HumanObservation,Asia,Taiwan,棉花嶼_植物_78,樣區調查,Centella asiatica,species,雷公根,,,WGS84,122.104179,25.48333,0.000001,10,研海生態顧問股份有限公司,,,,,,,,,,,2021-09-21
KL_Plant_0000087,2021-09-21_棉花嶼_植物_78_05,2021-09-21,2021,9,21,,HumanObservation,Asia,Taiwan,棉花嶼_植物_78,樣區調查,Zoysia sinica,species,中華結縷草,,,WGS84,122.104179,25.48333,0.000001,10,研海生態顧問股份有限公司,,,,,,,,,,,2021-09-21
KL_Plant_0000030,2021-09-21_棉花嶼_植物_78_06,2021-09-21,2021,9,21,,HumanObservation,Asia,Taiwan,棉花嶼_植物_78,樣區調查,Leonurus japonicus,species,益母草,,,WGS84,122.104179,25.48333,0.000001,10,研海生態顧問股份有限公司,,,,,,,,,,,2021-09-21
KL_Plant_0000059,2021-09-21_棉花嶼_植物_78_07,2021-09-21,2021,9,21,,HumanObservation,Asia,Taiwan,棉花嶼_植物_78,樣區調查,Commelina diffusa,species,竹仔菜,,,WGS84,122.104179,25.48333,0.000001,10,研海生態顧問股份有限公司,,,,,,,,,,,2021-09-21
KL_Plant_0000070,2021-09-21_棉花嶼_植物_78_08,2021-09-21,2021,9,21,,HumanObservation,Asia,Taiwan,棉花嶼_植物_78,樣區調查,Digitaria henryi,species,亨利馬唐,,,WGS84,122.104179,25.48333,0.000001,10,研海生態顧問股份有限公司,,,,,,,,,,,2021-09-21
KL_Plant_0000078,2021-09-21_棉花嶼_植物_78_09,2021-09-21,2021,9,21,,HumanObservation,Asia,Taiwan,棉花嶼_植物_78,樣區調查,Paspalum orbiculare,species,圓果雀稗,,,WGS84,122.104179,25.48333,0.000001,10,研海生態顧問股份有限公司,,,,,,,,,,,2021-09-21
KL_Plant_0000023,2021-09-21_棉花嶼_植物_78_10,2021-09-21,2021,9,21,,HumanObservation,Asia,Taiwan,棉花嶼_植物_78,樣區調查,Lysimachia mauritiana,species,茅毛珍珠菜,,,WGS84,122.104179,25.48333,0.000001,10,研海生態顧問股份有限公司,,,,,,,,,,,2021-09-21
KL_Plant_0000061,2021-09-21_棉花嶼_植物_78_11,2021-09-21,2021,9,21,,HumanObservation,Asia,Taiwan,棉花嶼_植物_78,樣區調查,Cyperus polystachyos,species,多柱扁莎,,,WGS84,122.104179,25.48333,0.000001,10,研海生態顧問股份有限公司,,,,,,,,,,,2021-09-21
KL_Plant_0000041,2021-09-21_棉花嶼_植物_78_12,2021-09-21,2021,9,21,,HumanObservation,Asia,Taiwan,棉花嶼_植物_78,樣區調查,Emilia sonchifolia,species,紫背草,,,WGS84,122.104179,25.48333,0.000001,10,研海生態顧問股份有限公司,,,,,,,,,,,2021-09-21
KL_Plant_0000040,2021-09-21_棉花嶼_植物_78_13,2021-09-21,2021,9,21,,HumanObservation,Asia,Taiwan,棉花嶼_植物_78,樣區調查,Crossostephium chinense,species,蘄艾,,,WGS84,122.104179,25.48333,0.000001,10,研海生態顧問股份有限公司,,,,,,,,,,,2021-09-21
KL_Plant_0000020,2022-03-15_棉花嶼_植物_74_01,2022-03-15,2022,3,15,,HumanObservation,Asia,Taiwan,棉花嶼_植物_74,樣區調查,Oxalis corniculata,species,酢漿草,,,WGS84,122.104836,25.484272,0.000001,10,研海生態顧問股份有限公司,,,,,,,,,,,2022-03-15
KL_Plant_0000040,2022-03-15_棉花嶼_植物_74_02,2022-03-15,2022,3,15,,HumanObservation,Asia,Taiwan,棉花嶼_植物_74,樣區調查,Crossostephium chinense,species,蘄艾,,,WGS84,122.104836,25.484272,0.000001,10,研海生態顧問股份有限公司,,,,,,,,,,,2022-03-15
KL_Plant_0000028,2022-03-15_棉花嶼_植物_74_03,2022-03-15,2022,3,15,,HumanObservation,Asia,Taiwan,棉花嶼_植物_74,樣區調查,Ipomoea obscura,species,馬鞍藤,,,WGS84,122.104836,25.484272,0.000001,10,研海生態顧問股份有限公司,,,,,,,,,,,2022-03-15
KL_Plant_0000015,2022-03-15_棉花嶼_植物_74_04,2022-03-15,2022,3,15,,HumanObservation,Asia,Taiwan,棉花嶼_植物_74,樣區調查,Portulaca pilosa,species,毛馬齒莧,,,WGS84,122.104836,25.484272,0.000001,10,研海生態顧問股份有限公司,,,,,,,,,,,2022-03-15
KL_Plant_0000023,2022-03-15_棉花嶼_植物_74_05,2022-03-15,2022,3,15,,HumanObservation,Asia,Taiwan,棉花嶼_植物_74,樣區調查,Lysimachia mauritiana,species,茅毛珍珠菜,,,WGS84,122.104836,25.484272,0.000001,10,研海生態顧問股份有限公司,,,,,,,,,,,2022-03-15
KL_Plant_0000053,2022-03-15_棉花嶼_植物_74_06,2022-03-15,2022,3,15,,HumanObservation,Asia,Taiwan,棉花嶼_植物_74,樣區調查,Oenothera laciniata,species,裂葉月見草,,,WGS84,122.104836,25.484272,0.000001,10,研海生態顧問股份有限公司,,,,,,,乾果,,,,2022-03-15
KL_Plant_0000041,2022-03-15_棉花嶼_植物_74_07,2022-03-15,2022,3,15,,HumanObservation,Asia,Taiwan,棉花嶼_植物_74,樣區調查,Emilia sonchifolia,species,紫背草,,,WGS84,122.104836,25.484272,0.000001,10,研海生態顧問股份有限公司,,,,,,,乾枯,,,,2022-03-15
KL_Plant_0000070,2022-03-15_棉花嶼_植物_74_08,2022-03-15,2022,3,15,,HumanObservation,Asia,Taiwan,棉花嶼_植物_74,樣區調查,Digitaria henryi,species,亨利馬唐,,,WGS84,122.104836,25.484272,0.000001,10,研海生態顧問股份有限公司,,,,,,,乾枯,,,,2022-03-15
KL_Plant_0000019,2022-03-15_棉花嶼_植物_74_09,2022-03-15,2022,3,15,,HumanObservation,Asia,Taiwan,棉花嶼_植物_74,樣區調查,Sedum formosanum,species,台灣佛甲草,,,WGS84,122.104836,25.484272,0.000001,10,研海生態顧問股份有限公司,,,,,,,,,,,2022-03-15
KL_Plant_0000021,2022-03-15_棉花嶼_植物_74_10,2022-03-15,2022,3,15,,HumanObservation,Asia,Taiwan,棉花嶼_植物_74,樣區調查,Centella asiatica,species,雷公根,,,WGS84,122.104836,25.484272,0.000001,10,研海生態顧問股份有限公司,,,,,,,,,,,2022-03-15
KL_Plant_0000072,2022-03-15_棉花嶼_植物_74_11,2022-03-15,2022,3,15,,HumanObservation,Asia,Taiwan,棉花嶼_植物_74,樣區調查,Digitaria mollicoma,species,絨馬唐,,,WGS84,122.104836,25.484272,0.000001,10,研海生態顧問股份有限公司,,,,,,,,,,,2022-03-15
KL_Plant_0000052,2022-03-15_棉花嶼_植物_74_12,2022-03-15,2022,3,15,,HumanObservation,Asia,Taiwan,棉花嶼_植物_74,樣區調查,Youngia japonica,species,黃鵪菜,,,WGS84,122.104836,25.484272,0.000001,10,研海生態顧問股份有限公司,,,,,,,,,,,2022-03-15
KL_Plant_0000054,2022-03-15_棉花嶼_植物_74_13,2022-03-15,2022,3,15,,HumanObservation,Asia,Taiwan,棉花嶼_植物_74,樣區調查,Raphanus sativus,species,濱蘿蔔,,,WGS84,122.104836,25.484272,0.000001,10,研海生態顧問股份有限公司,,,,,,,,,,,2022-03-15
KL_Plant_0000087,2022-03-15_棉花嶼_植物_77_01,2022-03-15,2022,3,15,,HumanObservation,Asia,Taiwan,棉花嶼_植物_77,樣區調查,Zoysia sinica,species,中華結縷草,,,WGS84,122.105568,25.483391,0.000001,10,研海生態顧問股份有限公司,,,,,,,,,,,2022-03-15
KL_Plant_0000040,2022-03-15_棉花嶼_植物_77_02,2022-03-15,2022,3,15,,HumanObservation,Asia,Taiwan,棉花嶼_植物_77,樣區調查,Crossostephium chinense,species,蘄艾,,,WGS84,122.105568,25.483391,0.000001,10,研海生態顧問股份有限公司,,,,,,,71樣區因7月調查時樣區乾旱因此9月重作,,,,2022-03-15
KL_Plant_0000028,2022-03-15_棉花嶼_植物_77_03,2022-03-15,2022,3,15,,HumanObservation,Asia,Taiwan,棉花嶼_植物_77,樣區調查,Ipomoea obscura,species,馬鞍藤,,,WGS84,122.105568,25.483391,0.000001,10,研海生態顧問股份有限公司,,,,,,,,,,,2022-03-15
KL_Plant_0000021,2022-03-15_棉花嶼_植物_77_04,2022-03-15,2022,3,15,,HumanObservation,Asia,Taiwan,棉花嶼_植物_77,樣區調查,Centella asiatica,species,雷公根,,,WGS84,122.105568,25.483391,0.000001,10,研海生態顧問股份有限公司,,,,,,,,,,,2022-03-15
KL_Plant_0000023,2022-03-15_棉花嶼_植物_77_05,2022-03-15,2022,3,15,,HumanObservation,Asia,Taiwan,棉花嶼_植物_77,樣區調查,Lysimachia mauritiana,species,茅毛珍珠菜,,,WGS84,122.105568,25.483391,0.000001,10,研海生態顧問股份有限公司,,,,,,,,,,,2022-03-15
KL_Plant_0000061,2022-03-15_棉花嶼_植物_77_06,2022-03-15,2022,3,15,,HumanObservation,Asia,Taiwan,棉花嶼_植物_77,樣區調查,Cyperus polystachyos,species,多柱扁莎,,,WGS84,122.105568,25.483391,0.000001,10,研海生態顧問股份有限公司,,,,,,,,,,,2022-03-15
KL_Plant_0000041,2022-03-15_棉花嶼_植物_77_07,2022-03-15,2022,3,15,,HumanObservation,Asia,Taiwan,棉花嶼_植物_77,樣區調查,Emilia sonchifolia,species,紫背草,,,WGS84,122.105568,25.483391,0.000001,10,研海生態顧問股份有限公司,,,,,,,,,,,2022-03-15
KL_Plant_0000069,2022-03-15_棉花嶼_植物_77_08,2022-03-15,2022,3,15,,HumanObservation,Asia,Taiwan,棉花嶼_植物_77,樣區調查,Digitaria ciliaris,species,升馬唐,,,WGS84,122.105568,25.483391,0.000001,10,研海生態顧問股份有限公司,,,,,,,,,,,2022-03-15
KL_Plant_0000019,2022-03-15_棉花嶼_植物_77_09,2022-03-15,2022,3,15,,HumanObservation,Asia,Taiwan,棉花嶼_植物_77,樣區調查,Sedum formosanum,species,台灣佛甲草,,,WGS84,122.105568,25.483391,0.000001,10,研海生態顧問股份有限公司,,,,,,,,,,,2022-03-15
KL_Plant_0000052,2022-03-15_棉花嶼_植物_77_10,2022-03-15,2022,3,15,,HumanObservation,Asia,Taiwan,棉花嶼_植物_77,樣區調查,Youngia japonica,species,黃鵪菜,,,WGS84,122.105568,25.483391,0.000001,10,研海生態顧問股份有限公司,,,,,,,,,,,2022-03-15
KL_Plant_0000020,2022-03-15_棉花嶼_植物_77_11,2022-03-15,2022,3,15,,HumanObservation,Asia,Taiwan,棉花嶼_植物_77,樣區調查,Oxalis corniculata,species,酢漿草,,,WGS84,122.105568,25.483391,0.000001,10,研海生態顧問股份有限公司,,,,,,,,,,,2022-03-15
KL_Plant_0000072,2022-03-15_棉花嶼_植物_77_12,2022-03-15,2022,3,15,,HumanObservation,Asia,Taiwan,棉花嶼_植物_77,樣區調查,Digitaria mollicoma,species,絨馬唐,,,WGS84,122.105568,25.483391,0.000001,10,研海生態顧問股份有限公司,,,,,,,,,,,2022-03-15
KL_Plant_0000060,2022-03-15_棉花嶼_植物_78_01,2022-03-15,2022,3,15,,HumanObservation,Asia,Taiwan,棉花嶼_植物_78,樣區調查,Carex breviculmis,species,短莖宿柱薹,,,WGS84,122.104179,25.48333,0.000001,10,研海生態顧問股份有限公司,,,,,,,,,,,2022-03-15
KL_Plant_0000040,2022-03-15_棉花嶼_植物_78_02,2022-03-15,2022,3,15,,HumanObservation,Asia,Taiwan,棉花嶼_植物_78,樣區調查,Crossostephium chinense,species,蘄艾,,,WGS84,122.104179,25.48333,0.000001,10,研海生態顧問股份有限公司,,,,,,,,,,,2022-03-15
KL_Plant_0000028,2022-03-15_棉花嶼_植物_78_03,2022-03-15,2022,3,15,,HumanObservation,Asia,Taiwan,棉花嶼_植物_78,樣區調查,Ipomoea obscura,species,馬鞍藤,,,WGS84,122.104179,25.48333,0.000001,10,研海生態顧問股份有限公司,,,,,,,,,,,2022-03-15
KL_Plant_0000075,2022-03-15_棉花嶼_植物_78_04,2022-03-15,2022,3,15,,HumanObservation,Asia,Taiwan,棉花嶼_植物_78,樣區調查,Imperata cylindrica var. major,species,白茅,,,WGS84,122.104179,25.48333,0.000001,10,研海生態顧問股份有限公司,,,,,,,,,,,2022-03-15
KL_Plant_0000023,2022-03-15_棉花嶼_植物_78_05,2022-03-15,2022,3,15,,HumanObservation,Asia,Taiwan,棉花嶼_植物_78,樣區調查,Lysimachia mauritiana,species,茅毛珍珠菜,,,WGS84,122.104179,25.48333,0.000001,10,研海生態顧問股份有限公司,,,,,,,乾枯果序,,,,2022-03-15
KL_Plant_0000087,2022-03-15_棉花嶼_植物_78_06,2022-03-15,2022,3,15,,HumanObservation,Asia,Taiwan,棉花嶼_植物_78,樣區調查,Zoysia sinica,species,中華結縷草,,,WGS84,122.104179,25.48333,0.000001,10,研海生態顧問股份有限公司,,,,,,,,,,,2022-03-15
KL_Plant_0000021,2022-03-15_棉花嶼_植物_78_07,2022-03-15,2022,3,15,,HumanObservation,Asia,Taiwan,棉花嶼_植物_78,樣區調查,Centella asiatica,species,雷公根,,,WGS84,122.104179,25.48333,0.000001,10,研海生態顧問股份有限公司,,,,,,,,,,,2022-03-15
KL_Plant_0000070,2022-03-15_棉花嶼_植物_78_08,2022-03-15,2022,3,15,,HumanObservation,Asia,Taiwan,棉花嶼_植物_78,樣區調查,Digitaria henryi,species,亨利馬唐,,,WGS84,122.104179,25.48333,0.000001,10,研海生態顧問股份有限公司,,,,,,,大部分乾枯,,,,2022-03-15
KL_Plant_0000030,2022-03-15_棉花嶼_植物_78_09,2022-03-15,2022,3,15,,HumanObservation,Asia,Taiwan,棉花嶼_植物_78,樣區調查,Leonurus japonicus,species,益母草,,,WGS84,122.104179,25.48333,0.000001,10,研海生態顧問股份有限公司,,,,,,,,,,,2022-03-15
KL_Plant_0000078,2022-03-15_棉花嶼_植物_78_10,2022-03-15,2022,3,15,,HumanObservation,Asia,Taiwan,棉花嶼_植物_78,樣區調查,Paspalum orbiculare,species,圓果雀稗,,,WGS84,122.104179,25.48333,0.000001,10,研海生態顧問股份有限公司,,,,,,,,,,,2022-03-15
KL_Plant_0000059,2022-03-15_棉花嶼_植物_78_11,2022-03-15,2022,3,15,,HumanObservation,Asia,Taiwan,棉花嶼_植物_78,樣區調查,Commelina diffusa,species,竹仔菜,,,WGS84,122.104179,25.48333,0.000001,10,研海生態顧問股份有限公司,,,,,,,乾枯果序,,,,2022-03-15
KL_Plant_0000061,2022-03-15_棉花嶼_植物_78_12,2022-03-15,2022,3,15,,HumanObservation,Asia,Taiwan,棉花嶼_植物_78,樣區調查,Cyperus polystachyos,species,多柱扁莎,,,WGS84,122.104179,25.48333,0.000001,10,研海生態顧問股份有限公司,,,,,,,,,,,2022-03-15
KL_Plant_0000083,2022-03-15_棉花嶼_植物_78_13,2022-03-15,2022,3,15,,HumanObservation,Asia,Taiwan,棉花嶼_植物_78,樣區調查,Setaria geniculata,species,莠狗尾草,,,WGS84,122.104179,25.48333,0.000001,10,研海生態顧問股份有限公司,,,,,,,73樣區因7月調查時樣區旱因此9月重作,,,,2022-03-15
KL_Plant_0000054,2022-03-15_棉花嶼_植物_78_14,2022-03-15,2022,3,15,,HumanObservation,Asia,Taiwan,棉花嶼_植物_78,樣區調查,Raphanus sativus,species,濱蘿蔔,,,WGS84,122.104179,25.48333,0.000001,10,研海生態顧問股份有限公司,,,,,,,,,,,2022-03-15
KL_Plant_0000020,2022-03-15_棉花嶼_植物_78_15,2022-03-15,2022,3,15,,HumanObservation,Asia,Taiwan,棉花嶼_植物_78,樣區調查,Oxalis corniculata,species,酢漿草,,,WGS84,122.104179,25.48333,0.000001,10,研海生態顧問股份有限公司,,,,,,,,,,,2022-03-15
KL_Plant_0000048,2022-03-15_棉花嶼_植物_78_16,2022-03-15,2022,3,15,,HumanObservation,Asia,Taiwan,棉花嶼_植物_78,樣區調查,Sonchus oleraceus,species,苦滇菜,,,WGS84,122.104179,25.48333,0.000001,10,研海生態顧問股份有限公司,,,,,,,,,,,2022-03-15
KL_Plant_0000009,2022-03-15_棉花嶼_植物_78_17,2022-03-15,2022,3,15,,HumanObservation,Asia,Taiwan,棉花嶼_植物_78,樣區調查,Persicaria chinensis,species,火炭母草,,,WGS84,122.104179,25.48333,0.000001,10,研海生態顧問股份有限公司,,,,,,,,,,,2022-03-15
KL_Plant_0000052,2022-03-15_棉花嶼_植物_78_18,2022-03-15,2022,3,15,,HumanObservation,Asia,Taiwan,棉花嶼_植物_78,樣區調查,Youngia japonica,species,黃鵪菜,,,WGS84,122.104179,25.48333,0.000001,10,研海生態顧問股份有限公司,,,,,,,,,,,2022-03-15
KL_Plant_0000041,2022-03-15_棉花嶼_植物_78_19,2022-03-15,2022,3,15,,HumanObservation,Asia,Taiwan,棉花嶼_植物_78,樣區調查,Emilia sonchifolia,species,紫背草,,,WGS84,122.104179,25.48333,0.000001,10,研海生態顧問股份有限公司,,,,,,,乾果序,,,,2022-03-15
KL_Plant_0000087,2022-03-15_棉花嶼_植物_火災樣區_01,2022-03-15,2022,3,15,,HumanObservation,Asia,Taiwan,棉花嶼_植物_火災樣區,樣區調查,Zoysia sinica,species,中華結縷草,,,WGS84,122.10434,25.485056,0.000001,20,研海生態顧問股份有限公司,,,,,,,,,,,2022-03-15
KL_Plant_0000040,2022-03-15_棉花嶼_植物_火災樣區_02,2022-03-15,2022,3,15,,HumanObservation,Asia,Taiwan,棉花嶼_植物_火災樣區,樣區調查,Crossostephium chinense,species,蘄艾,,,WGS84,122.10434,25.485056,0.000001,20,研海生態顧問股份有限公司,,,,,,,,,,,2022-03-15
KL_Plant_0000028,2022-03-15_棉花嶼_植物_火災樣區_03,2022-03-15,2022,3,15,,HumanObservation,Asia,Taiwan,棉花嶼_植物_火災樣區,樣區調查,Ipomoea obscura,species,馬鞍藤,,,WGS84,122.10434,25.485056,0.000001,20,研海生態顧問股份有限公司,,,,,,,,,,,2022-03-15
KL_Plant_0000015,2022-03-15_棉花嶼_植物_火災樣區_04,2022-03-15,2022,3,15,,HumanObservation,Asia,Taiwan,棉花嶼_植物_火災樣區,樣區調查,Portulaca pilosa,species,毛馬齒莧,,,WGS84,122.10434,25.485056,0.000001,20,研海生態顧問股份有限公司,,,,,,,,,,,2022-03-15
KL_Plant_0000023,2022-03-15_棉花嶼_植物_火災樣區_05,2022-03-15,2022,3,15,,HumanObservation,Asia,Taiwan,棉花嶼_植物_火災樣區,樣區調查,Lysimachia mauritiana,species,茅毛珍珠菜,,,WGS84,122.10434,25.485056,0.000001,20,研海生態顧問股份有限公司,,,,,,,,,,,2022-03-15
KL_Plant_0000053,2022-03-15_棉花嶼_植物_火災樣區_06,2022-03-15,2022,3,15,,HumanObservation,Asia,Taiwan,棉花嶼_植物_火災樣區,樣區調查,Oenothera laciniata,species,裂葉月見草,,,WGS84,122.10434,25.485056,0.000001,20,研海生態顧問股份有限公司,,,,,,,,,,,2022-03-15
KL_Plant_0000041,2022-03-15_棉花嶼_植物_火災樣區_07,2022-03-15,2022,3,15,,HumanObservation,Asia,Taiwan,棉花嶼_植物_火災樣區,樣區調查,Emilia sonchifolia,species,紫背草,,,WGS84,122.10434,25.485056,0.000001,20,研海生態顧問股份有限公司,,,,,,,,,,,2022-03-15
KL_Plant_0000069,2022-03-15_棉花嶼_植物_火災樣區_08,2022-03-15,2022,3,15,,HumanObservation,Asia,Taiwan,棉花嶼_植物_火災樣區,樣區調查,Digitaria ciliaris,species,升馬唐,,,WGS84,122.10434,25.485056,0.000001,20,研海生態顧問股份有限公司,,,,,,,,,,,2022-03-15
KL_Plant_0000019,2022-03-15_棉花嶼_植物_火災樣區_09,2022-03-15,2022,3,15,,HumanObservation,Asia,Taiwan,棉花嶼_植物_火災樣區,樣區調查,Sedum formosanum,species,台灣佛甲草,,,WGS84,122.10434,25.485056,0.000001,20,研海生態顧問股份有限公司,,,,,,,,,,,2022-03-15
KL_Plant_0000021,2022-03-15_棉花嶼_植物_火災樣區_10,2022-03-15,2022,3,15,,HumanObservation,Asia,Taiwan,棉花嶼_植物_火災樣區,樣區調查,Centella asiatica,species,雷公根,,,WGS84,122.10434,25.485056,0.000001,20,研海生態顧問股份有限公司,,,,,,,,,,,2022-03-15
KL_Plant_0000061,2022-03-15_棉花嶼_植物_火災樣區_11,2022-03-15,2022,3,15,,HumanObservation,Asia,Taiwan,棉花嶼_植物_火災樣區,樣區調查,Cyperus polystachyos,species,多柱扁莎,,,WGS84,122.10434,25.485056,0.000001,20,研海生態顧問股份有限公司,,,,,,,,,,,2022-03-15
KL_Plant_0000007,2022-03-15_棉花嶼_植物_火災樣區_12,2022-03-15,2022,3,15,,HumanObservation,Asia,Taiwan,棉花嶼_植物_火災樣區,樣區調查,Sagina japonica,species,瓜槌草,,,WGS84,122.10434,25.485056,0.000001,20,研海生態顧問股份有限公司,,,,,,,,,,,2022-03-15
KL_Plant_0000020,2022-03-15_棉花嶼_植物_火災樣區_13,2022-03-15,2022,3,15,,HumanObservation,Asia,Taiwan,棉花嶼_植物_火災樣區,樣區調查,Oxalis corniculata,species,酢漿草,,,WGS84,122.10434,25.485056,0.000001,20,研海生態顧問股份有限公司,,,,,,,,,,,2022-03-15
KL_Plant_0000057,2022-03-15_棉花嶼_植物_火災樣區_14,2022-03-15,2022,3,15,,HumanObservation,Asia,Taiwan,棉花嶼_植物_火災樣區,樣區調查,Pilea peploides,species,齒葉矮冷水麻,,,WGS84,122.10434,25.485056,0.000001,20,研海生態顧問股份有限公司,,,,,,,,,,,2022-03-15
KL_Plant_0000043,2022-03-15_棉花嶼_植物_火災樣區_15,2022-03-15,2022,3,15,,HumanObservation,Asia,Taiwan,棉花嶼_植物_火災樣區,樣區調查,Gnaphalium affine,species,鼠麴草,,,WGS84,122.10434,25.485056,0.000001,20,研海生態顧問股份有限公司,,,,,,,,,,,2022-03-15
KL_Plant_0000048,2022-03-15_棉花嶼_植物_火災樣區_16,2022-03-15,2022,3,15,,HumanObservation,Asia,Taiwan,棉花嶼_植物_火災樣區,樣區調查,Sonchus oleraceus,species,苦滇菜,,,WGS84,122.10434,25.485056,0.000001,20,研海生態顧問股份有限公司,,,,,,,,,,,2022-03-15
KL_Plant_0000087,2022-06-04_棉花嶼_植物_火災樣區_17,2022-06-04,2022,6,4,,HumanObservation,Asia,Taiwan,棉花嶼_植物_火災樣區,樣區調查,Zoysia sinica,species,中華結縷草,,,WGS84,122.10434,25.485056,0.000001,20,研海生態顧問股份有限公司,,,,,,,,,,,2022-06-04
KL_Plant_0000040,2022-06-04_棉花嶼_植物_火災樣區_18,2022-06-04,2022,6,4,,HumanObservation,Asia,Taiwan,棉花嶼_植物_火災樣區,樣區調查,Crossostephium chinense,species,蘄艾,,,WGS84,122.10434,25.485056,0.000001,20,研海生態顧問股份有限公司,,,,,,,,,,,2022-06-04
KL_Plant_0000028,2022-06-04_棉花嶼_植物_火災樣區_19,2022-06-04,2022,6,4,,HumanObservation,Asia,Taiwan,棉花嶼_植物_火災樣區,樣區調查,Ipomoea obscura,species,馬鞍藤,,,WGS84,122.10434,25.485056,0.000001,20,研海生態顧問股份有限公司,,,,,,,,,,,2022-06-04
KL_Plant_0000015,2022-06-04_棉花嶼_植物_火災樣區_20,2022-06-04,2022,6,4,,HumanObservation,Asia,Taiwan,棉花嶼_植物_火災樣區,樣區調查,Portulaca pilosa,species,毛馬齒莧,,,WGS84,122.10434,25.485056,0.000001,20,研海生態顧問股份有限公司,,,,,,,,,,,2022-06-04
KL_Plant_0000023,2022-06-04_棉花嶼_植物_火災樣區_21,2022-06-04,2022,6,4,,HumanObservation,Asia,Taiwan,棉花嶼_植物_火災樣區,樣區調查,Lysimachia mauritiana,species,茅毛珍珠菜,,,WGS84,122.10434,25.485056,0.000001,20,研海生態顧問股份有限公司,,,,,,,,,,,2022-06-04
KL_Plant_0000053,2022-06-04_棉花嶼_植物_火災樣區_22,2022-06-04,2022,6,4,,HumanObservation,Asia,Taiwan,棉花嶼_植物_火災樣區,樣區調查,Oenothera laciniata,species,裂葉月見草,,,WGS84,122.10434,25.485056,0.000001,20,研海生態顧問股份有限公司,,,,,,,,,,,2022-06-04
KL_Plant_0000070,2022-06-04_棉花嶼_植物_火災樣區_23,2022-06-04,2022,6,4,,HumanObservation,Asia,Taiwan,棉花嶼_植物_火災樣區,樣區調查,Digitaria henryi,species,亨利馬唐,,,WGS84,122.10434,25.485056,0.000001,20,研海生態顧問股份有限公司,,,,,,,乾枯果序& 少數新芽,,,,2022-06-04
KL_Plant_0000021,2022-06-04_棉花嶼_植物_火災樣區_24,2022-06-04,2022,6,4,,HumanObservation,Asia,Taiwan,棉花嶼_植物_火災樣區,樣區調查,Centella asiatica,species,雷公根,,,WGS84,122.10434,25.485056,0.000001,20,研海生態顧問股份有限公司,,,,,,,,,,,2022-06-04
KL_Plant_0000061,2022-06-04_棉花嶼_植物_火災樣區_25,2022-06-04,2022,6,4,,HumanObservation,Asia,Taiwan,棉花嶼_植物_火災樣區,樣區調查,Cyperus polystachyos,species,多柱扁莎,,,WGS84,122.10434,25.485056,0.000001,20,研海生態顧問股份有限公司,,,,,,,,,,,2022-06-04
KL_Plant_0000052,2022-06-04_棉花嶼_植物_火災樣區_26,2022-06-04,2022,6,4,,HumanObservation,Asia,Taiwan,棉花嶼_植物_火災樣區,樣區調查,Youngia japonica,species,黃鵪菜,,,WGS84,122.10434,25.485056,0.000001,20,研海生態顧問股份有限公司,,,,,,,,,,,2022-06-04
KL_Plant_0000039,2022-06-04_棉花嶼_植物_火災樣區_27,2022-06-04,2022,6,4,,HumanObservation,Asia,Taiwan,棉花嶼_植物_火災樣區,樣區調查,Conyza sumatrensis,species,野茼蒿,,,WGS84,122.10434,25.485056,0.000001,20,研海生態顧問股份有限公司,,,,,,,,,,,2022-06-04
KL_Plant_0000043,2022-06-04_棉花嶼_植物_火災樣區_28,2022-06-04,2022,6,4,,HumanObservation,Asia,Taiwan,棉花嶼_植物_火災樣區,樣區調查,Gnaphalium affine,species,鼠麴草,,,WGS84,122.10434,25.485056,0.000001,20,研海生態顧問股份有限公司,,,,,,,,,,,2022-06-04
KL_Plant_0000080,2022-06-04_棉花嶼_植物_火災樣區_29,2022-06-04,2022,6,4,,HumanObservation,Asia,Taiwan,棉花嶼_植物_火災樣區,樣區調查,Paspalum vaginatum,species,海雀稗,,,WGS84,122.10434,25.485056,0.000001,20,研海生態顧問股份有限公司,,,,,,,,,,,2022-06-04
KL_Plant_0000087,2022-07-26_棉花嶼_植物_71_01,2022-07-26,2022,7,26,,HumanObservation,Asia,Taiwan,棉花嶼_植物_71,樣區調查,Zoysia sinica,species,中華結縷草,,,WGS84,122.104851,25.484877,0.000001,10,研海生態顧問股份有限公司,,,,,,,,,,,2022-07-26
KL_Plant_0000061,2022-07-26_棉花嶼_植物_71_02,2022-07-26,2022,7,26,,HumanObservation,Asia,Taiwan,棉花嶼_植物_71,樣區調查,Cyperus polystachyos,species,多柱扁莎,,,WGS84,122.104851,25.484877,0.000001,10,研海生態顧問股份有限公司,,,,,,,,,,,2022-07-26
KL_Plant_0000053,2022-07-26_棉花嶼_植物_71_03,2022-07-26,2022,7,26,,HumanObservation,Asia,Taiwan,棉花嶼_植物_71,樣區調查,Oenothera laciniata,species,裂葉月見草,,,WGS84,122.104851,25.484877,0.000001,10,研海生態顧問股份有限公司,,,,,,,,,,,2022-07-26
KL_Plant_0000015,2022-07-26_棉花嶼_植物_71_04,2022-07-26,2022,7,26,,HumanObservation,Asia,Taiwan,棉花嶼_植物_71,樣區調查,Portulaca pilosa,species,毛馬齒莧,,,WGS84,122.104851,25.484877,0.000001,10,研海生態顧問股份有限公司,,,,,,,,,,,2022-07-26
KL_Plant_0000039,2022-07-26_棉花嶼_植物_71_05,2022-07-26,2022,7,26,,HumanObservation,Asia,Taiwan,棉花嶼_植物_71,樣區調查,Conyza sumatrensis,species,野茼蒿,,,WGS84,122.104851,25.484877,0.000001,10,研海生態顧問股份有限公司,,,,,,,,,,,2022-07-26
KL_Plant_0000028,2022-07-26_棉花嶼_植物_71_06,2022-07-26,2022,7,26,,HumanObservation,Asia,Taiwan,棉花嶼_植物_71,樣區調查,Ipomoea obscura,species,馬鞍藤,,,WGS84,122.104851,25.484877,0.000001,10,研海生態顧問股份有限公司,,,,,,,,,,,2022-07-26
KL_Plant_0000041,2022-07-26_棉花嶼_植物_71_07,2022-07-26,2022,7,26,,HumanObservation,Asia,Taiwan,棉花嶼_植物_71,樣區調查,Emilia sonchifolia,species,紫背草,,,WGS84,122.104851,25.484877,0.000001,10,研海生態顧問股份有限公司,,,,,,,,,,,2022-07-26
KL_Plant_0000063,2022-07-26_棉花嶼_植物_71_08,2022-07-26,2022,7,26,,HumanObservation,Asia,Taiwan,棉花嶼_植物_71,樣區調查,Fimbristylis dichotoma,species,竹子飄拂草,,,WGS84,122.104851,25.484877,0.000001,10,研海生態顧問股份有限公司,,,,,,,,,,,2022-07-26
KL_Plant_0000087,2022-07-26_棉花嶼_植物_72_01,2022-07-26,2022,7,26,,HumanObservation,Asia,Taiwan,棉花嶼_植物_72,樣區調查,Zoysia sinica,species,中華結縷草,,,WGS84,122.10495,25.484877,0.000001,10,研海生態顧問股份有限公司,,,,,,,,,,,2022-07-26
KL_Plant_0000061,2022-07-26_棉花嶼_植物_72_02,2022-07-26,2022,7,26,,HumanObservation,Asia,Taiwan,棉花嶼_植物_72,樣區調查,Cyperus polystachyos,species,多柱扁莎,,,WGS84,122.10495,25.484877,0.000001,10,研海生態顧問股份有限公司,,,,,,,硬短莖宿柱薹,,,,2022-07-26
KL_Plant_0000015,2022-07-26_棉花嶼_植物_72_03,2022-07-26,2022,7,26,,HumanObservation,Asia,Taiwan,棉花嶼_植物_72,樣區調查,Portulaca pilosa,species,毛馬齒莧,,,WGS84,122.10495,25.484877,0.000001,10,研海生態顧問股份有限公司,,,,,,,,,,,2022-07-26
KL_Plant_0000053,2022-07-26_棉花嶼_植物_72_04,2022-07-26,2022,7,26,,HumanObservation,Asia,Taiwan,棉花嶼_植物_72,樣區調查,Oenothera laciniata,species,裂葉月見草,,,WGS84,122.10495,25.484877,0.000001,10,研海生態顧問股份有限公司,,,,,,,,,,,2022-07-26
KL_Plant_0000040,2022-07-26_棉花嶼_植物_76_01,2022-07-26,2022,7,26,,HumanObservation,Asia,Taiwan,棉花嶼_植物_76,樣區調查,Crossostephium chinense,species,蘄艾,,,WGS84,122.106262,25.484396,0.000001,10,研海生態顧問股份有限公司,,,,,,,,,,,2022-07-26
KL_Plant_0000023,2022-07-26_棉花嶼_植物_76_02,2022-07-26,2022,7,26,,HumanObservation,Asia,Taiwan,棉花嶼_植物_76,樣區調查,Lysimachia mauritiana,species,茅毛珍珠菜,,,WGS84,122.106262,25.484396,0.000001,10,研海生態顧問股份有限公司,,,,,,,,,,,2022-07-26
KL_Plant_0000015,2022-07-26_棉花嶼_植物_76_03,2022-07-26,2022,7,26,,HumanObservation,Asia,Taiwan,棉花嶼_植物_76,樣區調查,Portulaca pilosa,species,毛馬齒莧,,,WGS84,122.106262,25.484396,0.000001,10,研海生態顧問股份有限公司,,,,,,,,,,,2022-07-26
KL_Plant_0000019,2022-07-26_棉花嶼_植物_76_04,2022-07-26,2022,7,26,,HumanObservation,Asia,Taiwan,棉花嶼_植物_76,樣區調查,Sedum formosanum,species,台灣佛甲草,,,WGS84,122.106262,25.484396,0.000001,10,研海生態顧問股份有限公司,,,,,,,,,,,2022-07-26
KL_Plant_0000061,2022-07-26_棉花嶼_植物_76_05,2022-07-26,2022,7,26,,HumanObservation,Asia,Taiwan,棉花嶼_植物_76,樣區調查,Cyperus polystachyos,species,多柱扁莎,,,WGS84,122.106262,25.484396,0.000001,10,研海生態顧問股份有限公司,,,,,,,,,,,2022-07-26
KL_Plant_0000028,2022-07-26_棉花嶼_植物_94_01,2022-07-26,2022,7,26,,HumanObservation,Asia,Taiwan,棉花嶼_植物_94,樣區調查,Ipomoea obscura,species,馬鞍藤,,,WGS84,122.104889,25.487043,0.000001,10,研海生態顧問股份有限公司,,,,,,,,,,,2022-07-26
KL_Plant_0000023,2022-07-26_棉花嶼_植物_94_02,2022-07-26,2022,7,26,,HumanObservation,Asia,Taiwan,棉花嶼_植物_94,樣區調查,Lysimachia mauritiana,species,茅毛珍珠菜,,,WGS84,122.104889,25.487043,0.000001,10,研海生態顧問股份有限公司,,,,,,,,,,,2022-07-26
KL_Plant_0000040,2022-07-26_棉花嶼_植物_94_03,2022-07-26,2022,7,26,,HumanObservation,Asia,Taiwan,棉花嶼_植物_94,樣區調查,Crossostephium chinense,species,蘄艾,,,WGS84,122.104889,25.487043,0.000001,10,研海生態顧問股份有限公司,,,,,,,,,,,2022-07-26
KL_Plant_0000020,2022-07-26_棉花嶼_植物_94_04,2022-07-26,2022,7,26,,HumanObservation,Asia,Taiwan,棉花嶼_植物_94,樣區調查,Oxalis corniculata,species,酢漿草,,,WGS84,122.104889,25.487043,0.000001,10,研海生態顧問股份有限公司,,,,,,,,,,,2022-07-26
KL_Plant_0000061,2022-07-26_棉花嶼_植物_94_05,2022-07-26,2022,7,26,,HumanObservation,Asia,Taiwan,棉花嶼_植物_94,樣區調查,Cyperus polystachyos,species,多柱扁莎,,,WGS84,122.104889,25.487043,0.000001,10,研海生態顧問股份有限公司,,,,,,,,,,,2022-07-26
KL_Plant_0000039,2022-07-26_棉花嶼_植物_94_06,2022-07-26,2022,7,26,,HumanObservation,Asia,Taiwan,棉花嶼_植物_94,樣區調查,Conyza sumatrensis,species,野茼蒿,,,WGS84,122.104889,25.487043,0.000001,10,研海生態顧問股份有限公司,,,,,,,,,,,2022-07-26
KL_Plant_0000070,2022-07-26_棉花嶼_植物_94_07,2022-07-26,2022,7,26,,HumanObservation,Asia,Taiwan,棉花嶼_植物_94,樣區調查,Digitaria henryi,species,亨利馬唐,,,WGS84,122.104889,25.487043,0.000001,10,研海生態顧問股份有限公司,,,,,,,,,,,2022-07-26
KL_Plant_0000072,2022-07-26_棉花嶼_植物_94_08,2022-07-26,2022,7,26,,HumanObservation,Asia,Taiwan,棉花嶼_植物_94,樣區調查,Digitaria mollicoma,species,絨馬唐,,,WGS84,122.104889,25.487043,0.000001,10,研海生態顧問股份有限公司,,,,,,,,,,,2022-07-26
KL_Plant_0000072,2022-07-26_棉花嶼_植物_96_01,2022-07-26,2022,7,26,,HumanObservation,Asia,Taiwan,棉花嶼_植物_96,樣區調查,Digitaria mollicoma,species,絨馬唐,,,WGS84,122.105232,25.487436,0.000001,10,研海生態顧問股份有限公司,,,,,,,,,,,2022-07-26
KL_Plant_0000028,2022-07-26_棉花嶼_植物_96_02,2022-07-26,2022,7,26,,HumanObservation,Asia,Taiwan,棉花嶼_植物_96,樣區調查,Ipomoea obscura,species,馬鞍藤,,,WGS84,122.105232,25.487436,0.000001,10,研海生態顧問股份有限公司,,,,,,,,,,,2022-07-26
KL_Plant_0000016,2022-07-26_棉花嶼_植物_96_03,2022-07-26,2022,7,26,,HumanObservation,Asia,Taiwan,棉花嶼_植物_96,樣區調查,Chenopodium acuminatum,species,變葉藜,,,WGS84,122.105232,25.487436,0.000001,10,研海生態顧問股份有限公司,,,,,,,,,,,2022-07-26
KL_Plant_0000061,2022-07-26_棉花嶼_植物_96_04,2022-07-26,2022,7,26,,HumanObservation,Asia,Taiwan,棉花嶼_植物_96,樣區調查,Cyperus polystachyos,species,多柱扁莎,,,WGS84,122.105232,25.487436,0.000001,10,研海生態顧問股份有限公司,,,,,,,,,,,2022-07-26
KL_Plant_0000023,2022-07-26_棉花嶼_植物_96_05,2022-07-26,2022,7,26,,HumanObservation,Asia,Taiwan,棉花嶼_植物_96,樣區調查,Lysimachia mauritiana,species,茅毛珍珠菜,,,WGS84,122.105232,25.487436,0.000001,10,研海生態顧問股份有限公司,,,,,,,乾枯,,,,2022-07-26
KL_Plant_0000040,2022-07-26_棉花嶼_植物_96_06,2022-07-26,2022,7,26,,HumanObservation,Asia,Taiwan,棉花嶼_植物_96,樣區調查,Crossostephium chinense,species,蘄艾,,,WGS84,122.105232,25.487436,0.000001,10,研海生態顧問股份有限公司,,,,,,,,,,,2022-07-26
KL_Plant_0000014,2022-07-26_棉花嶼_植物_96_07,2022-07-26,2022,7,26,,HumanObservation,Asia,Taiwan,棉花嶼_植物_96,樣區調查,Portulaca oleracea,species,馬齒莧,,,WGS84,122.105232,25.487436,0.000001,10,研海生態顧問股份有限公司,,,,,,,,,,,2022-07-26
KL_Plant_0000015,2022-07-26_棉花嶼_植物_96_08,2022-07-26,2022,7,26,,HumanObservation,Asia,Taiwan,棉花嶼_植物_96,樣區調查,Portulaca pilosa,species,毛馬齒莧,,,WGS84,122.105232,25.487436,0.000001,10,研海生態顧問股份有限公司,,,,,,,,,,,2022-07-26
KL_Plant_0000011,2022-07-26_棉花嶼_植物_97_01,2022-07-26,2022,7,26,,HumanObservation,Asia,Taiwan,棉花嶼_植物_97,樣區調查,Cocculus orbiculatus,species,木防己,,,WGS84,122.106102,25.486374,0.000001,10,研海生態顧問股份有限公司,,,,,,,,,,,2022-07-26
KL_Plant_0000087,2022-07-26_棉花嶼_植物_97_02,2022-07-26,2022,7,26,,HumanObservation,Asia,Taiwan,棉花嶼_植物_97,樣區調查,Zoysia sinica,species,中華結縷草,,,WGS84,122.106102,25.486374,0.000001,10,研海生態顧問股份有限公司,,,,,,,草皮幾乎完全乾死，可辨認有亨利馬唐和絨馬唐，但無法估算覆蓋度,,,,2022-07-26
KL_Plant_0000061,2022-07-26_棉花嶼_植物_97_03,2022-07-26,2022,7,26,,HumanObservation,Asia,Taiwan,棉花嶼_植物_97,樣區調查,Cyperus polystachyos,species,多柱扁莎,,,WGS84,122.106102,25.486374,0.000001,10,研海生態顧問股份有限公司,,,,,,,草皮幾乎完全乾死，可辨認有亨利馬唐和絨馬唐，但無法估算覆蓋度,,,,2022-07-26
KL_Plant_0000028,2022-07-26_棉花嶼_植物_97_04,2022-07-26,2022,7,26,,HumanObservation,Asia,Taiwan,棉花嶼_植物_97,樣區調查,Ipomoea obscura,species,馬鞍藤,,,WGS84,122.106102,25.486374,0.000001,10,研海生態顧問股份有限公司,,,,,,,94樣區因7月調查時樣區旱因此9月重作,,,,2022-07-26
KL_Plant_0000020,2022-07-26_棉花嶼_植物_97_05,2022-07-26,2022,7,26,,HumanObservation,Asia,Taiwan,棉花嶼_植物_97,樣區調查,Oxalis corniculata,species,酢漿草,,,WGS84,122.106102,25.486374,0.000001,10,研海生態顧問股份有限公司,,,,,,,,,,,2022-07-26
KL_Plant_0000023,2022-07-26_棉花嶼_植物_97_06,2022-07-26,2022,7,26,,HumanObservation,Asia,Taiwan,棉花嶼_植物_97,樣區調查,Lysimachia mauritiana,species,茅毛珍珠菜,,,WGS84,122.106102,25.486374,0.000001,10,研海生態顧問股份有限公司,,,,,,,,,,,2022-07-26
KL_Plant_0000078,2022-07-26_棉花嶼_植物_97_07,2022-07-26,2022,7,26,,HumanObservation,Asia,Taiwan,棉花嶼_植物_97,樣區調查,Paspalum orbiculare,species,圓果雀稗,,,WGS84,122.106102,25.486374,0.000001,10,研海生態顧問股份有限公司,,,,,,,,,,,2022-07-26
KL_Plant_0000070,2022-07-26_棉花嶼_植物_97_08,2022-07-26,2022,7,26,,HumanObservation,Asia,Taiwan,棉花嶼_植物_97,樣區調查,Digitaria henryi,species,亨利馬唐,,,WGS84,122.106102,25.486374,0.000001,10,研海生態顧問股份有限公司,,,,,,,,,,,2022-07-26
KL_Plant_0000041,2022-07-26_棉花嶼_植物_97_09,2022-07-26,2022,7,26,,HumanObservation,Asia,Taiwan,棉花嶼_植物_97,樣區調查,Emilia sonchifolia,species,紫背草,,,WGS84,122.106102,25.486374,0.000001,10,研海生態顧問股份有限公司,,,,,,,,,,,2022-07-26
KL_Plant_0000039,2022-07-26_棉花嶼_植物_97_10,2022-07-26,2022,7,26,,HumanObservation,Asia,Taiwan,棉花嶼_植物_97,樣區調查,Conyza sumatrensis,species,野茼蒿,,,WGS84,122.106102,25.486374,0.000001,10,研海生態顧問股份有限公司,,,,,,,,,,,2022-07-26
KL_Plant_0000072,2022-07-26_棉花嶼_植物_97_11,2022-07-26,2022,7,26,,HumanObservation,Asia,Taiwan,棉花嶼_植物_97,樣區調查,Digitaria mollicoma,species,絨馬唐,,,WGS84,122.106102,25.486374,0.000001,10,研海生態顧問股份有限公司,,,,,,,,,,,2022-07-26
KL_Plant_0000028,2022-07-27_棉花嶼_植物_73_01,2022-07-27,2022,7,27,,HumanObservation,Asia,Taiwan,棉花嶼_植物_73,樣區調查,Ipomoea obscura,species,馬鞍藤,,,WGS84,122.105087,25.484983,0.000001,10,研海生態顧問股份有限公司,,,,,,,,,,,2022-07-27
KL_Plant_0000020,2022-07-27_棉花嶼_植物_73_02,2022-07-27,2022,7,27,,HumanObservation,Asia,Taiwan,棉花嶼_植物_73,樣區調查,Oxalis corniculata,species,酢漿草,,,WGS84,122.105087,25.484983,0.000001,10,研海生態顧問股份有限公司,,,,,,,,,,,2022-07-27
KL_Plant_0000072,2022-07-27_棉花嶼_植物_73_03,2022-07-27,2022,7,27,,HumanObservation,Asia,Taiwan,棉花嶼_植物_73,樣區調查,Digitaria mollicoma,species,絨馬唐,,,WGS84,122.105087,25.484983,0.000001,10,研海生態顧問股份有限公司,,,,,,,,,,,2022-07-27
KL_Plant_0000053,2022-07-27_棉花嶼_植物_73_04,2022-07-27,2022,7,27,,HumanObservation,Asia,Taiwan,棉花嶼_植物_73,樣區調查,Oenothera laciniata,species,裂葉月見草,,,WGS84,122.105087,25.484983,0.000001,10,研海生態顧問股份有限公司,,,,,,,,,,,2022-07-27
KL_Plant_0000015,2022-07-27_棉花嶼_植物_73_05,2022-07-27,2022,7,27,,HumanObservation,Asia,Taiwan,棉花嶼_植物_73,樣區調查,Portulaca pilosa,species,毛馬齒莧,,,WGS84,122.105087,25.484983,0.000001,10,研海生態顧問股份有限公司,,,,,,,,,,,2022-07-27
KL_Plant_0000041,2022-07-27_棉花嶼_植物_73_06,2022-07-27,2022,7,27,,HumanObservation,Asia,Taiwan,棉花嶼_植物_73,樣區調查,Emilia sonchifolia,species,紫背草,,,WGS84,122.105087,25.484983,0.000001,10,研海生態顧問股份有限公司,,,,,,,,,,,2022-07-27
KL_Plant_0000013,2022-07-27_棉花嶼_植物_73_07,2022-07-27,2022,7,27,,HumanObservation,Asia,Taiwan,棉花嶼_植物_73,樣區調查,Boerhavia glabrata,species,光果黃細心,,,WGS84,122.105087,25.484983,0.000001,10,研海生態顧問股份有限公司,,,,,,,,,,,2022-07-27
KL_Plant_0000070,2022-07-27_棉花嶼_植物_73_08,2022-07-27,2022,7,27,,HumanObservation,Asia,Taiwan,棉花嶼_植物_73,樣區調查,Digitaria henryi,species,亨利馬唐,,,WGS84,122.105087,25.484983,0.000001,10,研海生態顧問股份有限公司,,,,,,,,,,,2022-07-27
KL_Plant_0000061,2022-07-27_棉花嶼_植物_73_09,2022-07-27,2022,7,27,,HumanObservation,Asia,Taiwan,棉花嶼_植物_73,樣區調查,Cyperus polystachyos,species,多柱扁莎,,,WGS84,122.105087,25.484983,0.000001,10,研海生態顧問股份有限公司,,,,,,,,,,,2022-07-27
KL_Plant_0000035,2022-07-27_棉花嶼_植物_73_10,2022-07-27,2022,7,27,,HumanObservation,Asia,Taiwan,棉花嶼_植物_73,樣區調查,Artemisia capillaris,species,茵陳蒿,,,WGS84,122.105087,25.484983,0.000001,10,研海生態顧問股份有限公司,,,,,,,,,,,2022-07-27
KL_Plant_0000039,2022-07-27_棉花嶼_植物_73_11,2022-07-27,2022,7,27,,HumanObservation,Asia,Taiwan,棉花嶼_植物_73,樣區調查,Conyza sumatrensis,species,野茼蒿,,,WGS84,122.105087,25.484983,0.000001,10,研海生態顧問股份有限公司,,,,,,,,,,,2022-07-27
KL_Plant_0000019,2022-07-27_棉花嶼_植物_73_12,2022-07-27,2022,7,27,,HumanObservation,Asia,Taiwan,棉花嶼_植物_73,樣區調查,Sedum formosanum,species,台灣佛甲草,,,WGS84,122.105087,25.484983,0.000001,10,研海生態顧問股份有限公司,,,,,,,,,,,2022-07-27
KL_Plant_0000087,2022-07-27_棉花嶼_植物_73_13,2022-07-27,2022,7,27,,HumanObservation,Asia,Taiwan,棉花嶼_植物_73,樣區調查,Zoysia sinica,species,中華結縷草,,,WGS84,122.105087,25.484983,0.000001,10,研海生態顧問股份有限公司,,,,,,,,,,,2022-07-27
KL_Plant_0000040,2022-07-27_棉花嶼_植物_75_01,2022-07-27,2022,7,27,,HumanObservation,Asia,Taiwan,棉花嶼_植物_75,樣區調查,Crossostephium chinense,species,蘄艾,,,WGS84,122.106041,25.484732,0.000001,10,研海生態顧問股份有限公司,,,,,,,,,,,2022-07-27
KL_Plant_0000023,2022-07-27_棉花嶼_植物_75_02,2022-07-27,2022,7,27,,HumanObservation,Asia,Taiwan,棉花嶼_植物_75,樣區調查,Lysimachia mauritiana,species,茅毛珍珠菜,,,WGS84,122.106041,25.484732,0.000001,10,研海生態顧問股份有限公司,,,,,,,,,,,2022-07-27
KL_Plant_0000016,2022-07-27_棉花嶼_植物_75_03,2022-07-27,2022,7,27,,HumanObservation,Asia,Taiwan,棉花嶼_植物_75,樣區調查,Chenopodium acuminatum,species,變葉藜,,,WGS84,122.106041,25.484732,0.000001,10,研海生態顧問股份有限公司,,,,,,,,,,,2022-07-27
KL_Plant_0000039,2022-07-27_棉花嶼_植物_75_04,2022-07-27,2022,7,27,,HumanObservation,Asia,Taiwan,棉花嶼_植物_75,樣區調查,Conyza sumatrensis,species,野茼蒿,,,WGS84,122.106041,25.484732,0.000001,10,研海生態顧問股份有限公司,,,,,,,,,,,2022-07-27
KL_Plant_0000015,2022-07-27_棉花嶼_植物_75_05,2022-07-27,2022,7,27,,HumanObservation,Asia,Taiwan,棉花嶼_植物_75,樣區調查,Portulaca pilosa,species,毛馬齒莧,,,WGS84,122.106041,25.484732,0.000001,10,研海生態顧問股份有限公司,,,,,,,,,,,2022-07-27
KL_Plant_0000019,2022-07-27_棉花嶼_植物_75_06,2022-07-27,2022,7,27,,HumanObservation,Asia,Taiwan,棉花嶼_植物_75,樣區調查,Sedum formosanum,species,台灣佛甲草,,,WGS84,122.106041,25.484732,0.000001,10,研海生態顧問股份有限公司,,,,,,,,,,,2022-07-27
KL_Plant_0000034,2022-09-30_棉花嶼_植物_70_01,2022-09-30,2022,9,30,,HumanObservation,Asia,Taiwan,棉花嶼_植物_70,樣區調查,Scaevola sericea,species,草海桐,,,WGS84,122.104393,25.485476,0.000001,10,研海生態顧問股份有限公司,,,,,,,,,,,2022-09-30
KL_Plant_0000092,2022-09-30_棉花嶼_植物_70_02,2022-09-30,2022,9,30,,HumanObservation,Asia,Taiwan,棉花嶼_植物_70,樣區調查,Wedelia prostrata,species,大天蓬草舅,,,WGS84,122.104393,25.485476,0.000001,10,研海生態顧問股份有限公司,,,,,,,,,,,2022-09-30
KL_Plant_0000028,2022-09-30_棉花嶼_植物_70_03,2022-09-30,2022,9,30,,HumanObservation,Asia,Taiwan,棉花嶼_植物_70,樣區調查,Ipomoea obscura,species,馬鞍藤,,,WGS84,122.104393,25.485476,0.000001,10,研海生態顧問股份有限公司,,,,,,,,,,,2022-09-30
KL_Plant_0000023,2022-09-30_棉花嶼_植物_70_04,2022-09-30,2022,9,30,,HumanObservation,Asia,Taiwan,棉花嶼_植物_70,樣區調查,Lysimachia mauritiana,species,茅毛珍珠菜,,,WGS84,122.104393,25.485476,0.000001,10,研海生態顧問股份有限公司,,,,,,,,,,,2022-09-30
KL_Plant_0000056,2022-09-30_棉花嶼_植物_70_05,2022-09-30,2022,9,30,,HumanObservation,Asia,Taiwan,棉花嶼_植物_70,樣區調查,Vigna marina,species,濱豇豆,,,WGS84,122.104393,25.485476,0.000001,10,研海生態顧問股份有限公司,,,,,,,,,,,2022-09-30
KL_Plant_0000030,2022-09-30_棉花嶼_植物_70_06,2022-09-30,2022,9,30,,HumanObservation,Asia,Taiwan,棉花嶼_植物_70,樣區調查,Leonurus japonicus,species,益母草,,,WGS84,122.104393,25.485476,0.000001,10,研海生態顧問股份有限公司,,,,,,,,,,,2022-09-30
KL_Plant_0000087,2022-09-30_棉花嶼_植物_71_01,2022-09-30,2022,9,30,,HumanObservation,Asia,Taiwan,棉花嶼_植物_71,樣區調查,Zoysia sinica,species,中華結縷草,,,WGS84,122.104851,25.484877,0.000001,10,研海生態顧問股份有限公司,,,,,,,,,,,2022-09-30
KL_Plant_0000053,2022-09-30_棉花嶼_植物_71_02,2022-09-30,2022,9,30,,HumanObservation,Asia,Taiwan,棉花嶼_植物_71,樣區調查,Oenothera laciniata,species,裂葉月見草,,,WGS84,122.104851,25.484877,0.000001,10,研海生態顧問股份有限公司,,,,,,,,,,,2022-09-30
KL_Plant_0000015,2022-09-30_棉花嶼_植物_71_03,2022-09-30,2022,9,30,,HumanObservation,Asia,Taiwan,棉花嶼_植物_71,樣區調查,Portulaca pilosa,species,毛馬齒莧,,,WGS84,122.104851,25.484877,0.000001,10,研海生態顧問股份有限公司,,,,,,,,,,,2022-09-30
KL_Plant_0000028,2022-09-30_棉花嶼_植物_71_04,2022-09-30,2022,9,30,,HumanObservation,Asia,Taiwan,棉花嶼_植物_71,樣區調查,Ipomoea obscura,species,馬鞍藤,,,WGS84,122.104851,25.484877,0.000001,10,研海生態顧問股份有限公司,,,,,,,,,,,2022-09-30
KL_Plant_0000063,2022-09-30_棉花嶼_植物_71_05,2022-09-30,2022,9,30,,HumanObservation,Asia,Taiwan,棉花嶼_植物_71,樣區調查,Fimbristylis dichotoma,species,竹子飄拂草,,,WGS84,122.104851,25.484877,0.000001,10,研海生態顧問股份有限公司,,,,,,,,,,,2022-09-30
KL_Plant_0000061,2022-09-30_棉花嶼_植物_71_06,2022-09-30,2022,9,30,,HumanObservation,Asia,Taiwan,棉花嶼_植物_71,樣區調查,Cyperus polystachyos,species,多柱扁莎,,,WGS84,122.104851,25.484877,0.000001,10,研海生態顧問股份有限公司,,,,,,,,,,,2022-09-30
KL_Plant_0000028,2022-09-30_棉花嶼_植物_73_01,2022-09-30,2022,9,30,,HumanObservation,Asia,Taiwan,棉花嶼_植物_73,樣區調查,Ipomoea obscura,species,馬鞍藤,,,WGS84,122.105087,25.484983,0.000001,10,研海生態顧問股份有限公司,,,,,,,,,,,2022-09-30
KL_Plant_0000020,2022-09-30_棉花嶼_植物_73_02,2022-09-30,2022,9,30,,HumanObservation,Asia,Taiwan,棉花嶼_植物_73,樣區調查,Oxalis corniculata,species,酢漿草,,,WGS84,122.105087,25.484983,0.000001,10,研海生態顧問股份有限公司,,,,,,,,,,,2022-09-30
KL_Plant_0000070,2022-09-30_棉花嶼_植物_73_03,2022-09-30,2022,9,30,,HumanObservation,Asia,Taiwan,棉花嶼_植物_73,樣區調查,Digitaria henryi,species,亨利馬唐,,,WGS84,122.105087,25.484983,0.000001,10,研海生態顧問股份有限公司,,,,,,,,,,,2022-09-30
KL_Plant_0000053,2022-09-30_棉花嶼_植物_73_04,2022-09-30,2022,9,30,,HumanObservation,Asia,Taiwan,棉花嶼_植物_73,樣區調查,Oenothera laciniata,species,裂葉月見草,,,WGS84,122.105087,25.484983,0.000001,10,研海生態顧問股份有限公司,,,,,,,,,,,2022-09-30
KL_Plant_0000015,2022-09-30_棉花嶼_植物_73_05,2022-09-30,2022,9,30,,HumanObservation,Asia,Taiwan,棉花嶼_植物_73,樣區調查,Portulaca pilosa,species,毛馬齒莧,,,WGS84,122.105087,25.484983,0.000001,10,研海生態顧問股份有限公司,,,,,,,,,,,2022-09-30
KL_Plant_0000072,2022-09-30_棉花嶼_植物_73_06,2022-09-30,2022,9,30,,HumanObservation,Asia,Taiwan,棉花嶼_植物_73,樣區調查,Digitaria mollicoma,species,絨馬唐,,,WGS84,122.105087,25.484983,0.000001,10,研海生態顧問股份有限公司,,,,,,,,,,,2022-09-30
KL_Plant_0000019,2022-09-30_棉花嶼_植物_73_07,2022-09-30,2022,9,30,,HumanObservation,Asia,Taiwan,棉花嶼_植物_73,樣區調查,Sedum formosanum,species,台灣佛甲草,,,WGS84,122.105087,25.484983,0.000001,10,研海生態顧問股份有限公司,,,,,,,,,,,2022-09-30
KL_Plant_0000087,2022-09-30_棉花嶼_植物_73_08,2022-09-30,2022,9,30,,HumanObservation,Asia,Taiwan,棉花嶼_植物_73,樣區調查,Zoysia sinica,species,中華結縷草,,,WGS84,122.105087,25.484983,0.000001,10,研海生態顧問股份有限公司,,,,,,,,,,,2022-09-30
KL_Plant_0000023,2022-09-30_棉花嶼_植物_73_09,2022-09-30,2022,9,30,,HumanObservation,Asia,Taiwan,棉花嶼_植物_73,樣區調查,Lysimachia mauritiana,species,茅毛珍珠菜,,,WGS84,122.105087,25.484983,0.000001,10,研海生態顧問股份有限公司,,,,,,,,,,,2022-09-30
KL_Plant_0000070,2022-09-30_棉花嶼_植物_94_01,2022-09-30,2022,9,30,,HumanObservation,Asia,Taiwan,棉花嶼_植物_94,樣區調查,Digitaria henryi,species,亨利馬唐,,,WGS84,122.104889,25.487043,0.000001,10,研海生態顧問股份有限公司,,,,,,,,,,,2022-09-30
KL_Plant_0000028,2022-09-30_棉花嶼_植物_94_02,2022-09-30,2022,9,30,,HumanObservation,Asia,Taiwan,棉花嶼_植物_94,樣區調查,Ipomoea obscura,species,馬鞍藤,,,WGS84,122.104889,25.487043,0.000001,10,研海生態顧問股份有限公司,,,,,,,,,,,2022-09-30
KL_Plant_0000015,2022-09-30_棉花嶼_植物_94_03,2022-09-30,2022,9,30,,HumanObservation,Asia,Taiwan,棉花嶼_植物_94,樣區調查,Portulaca pilosa,species,毛馬齒莧,,,WGS84,122.104889,25.487043,0.000001,10,研海生態顧問股份有限公司,,,,,,,,,,,2022-09-30
KL_Plant_0000023,2022-09-30_棉花嶼_植物_94_04,2022-09-30,2022,9,30,,HumanObservation,Asia,Taiwan,棉花嶼_植物_94,樣區調查,Lysimachia mauritiana,species,茅毛珍珠菜,,,WGS84,122.104889,25.487043,0.000001,10,研海生態顧問股份有限公司,,,,,,,,,,,2022-09-30
KL_Plant_0000061,2022-09-30_棉花嶼_植物_94_05,2022-09-30,2022,9,30,,HumanObservation,Asia,Taiwan,棉花嶼_植物_94,樣區調查,Cyperus polystachyos,species,多柱扁莎,,,WGS84,122.104889,25.487043,0.000001,10,研海生態顧問股份有限公司,,,,,,,,,,,2022-09-30
KL_Plant_0000020,2022-09-30_棉花嶼_植物_94_06,2022-09-30,2022,9,30,,HumanObservation,Asia,Taiwan,棉花嶼_植物_94,樣區調查,Oxalis corniculata,species,酢漿草,,,WGS84,122.104889,25.487043,0.000001,10,研海生態顧問股份有限公司,,,,,,,,,,,2022-09-30
KL_Plant_0000087,2022-09-30_棉花嶼_植物_火災樣區_01,2022-09-30,2022,9,30,,HumanObservation,Asia,Taiwan,棉花嶼_植物_火災樣區,樣區調查,Zoysia sinica,species,中華結縷草,,,WGS84,122.10434,25.485056,0.000001,20,研海生態顧問股份有限公司,,,,,,,,,,,2022-09-30
KL_Plant_0000040,2022-09-30_棉花嶼_植物_火災樣區_02,2022-09-30,2022,9,30,,HumanObservation,Asia,Taiwan,棉花嶼_植物_火災樣區,樣區調查,Crossostephium chinense,species,蘄艾,,,WGS84,122.10434,25.485056,0.000001,20,研海生態顧問股份有限公司,,,,,,,,,,,2022-09-30
KL_Plant_0000028,2022-09-30_棉花嶼_植物_火災樣區_03,2022-09-30,2022,9,30,,HumanObservation,Asia,Taiwan,棉花嶼_植物_火災樣區,樣區調查,Ipomoea obscura,species,馬鞍藤,,,WGS84,122.10434,25.485056,0.000001,20,研海生態顧問股份有限公司,,,,,,,,,,,2022-09-30
KL_Plant_0000015,2022-09-30_棉花嶼_植物_火災樣區_04,2022-09-30,2022,9,30,,HumanObservation,Asia,Taiwan,棉花嶼_植物_火災樣區,樣區調查,Portulaca pilosa,species,毛馬齒莧,,,WGS84,122.10434,25.485056,0.000001,20,研海生態顧問股份有限公司,,,,,,,,,,,2022-09-30
KL_Plant_0000023,2022-09-30_棉花嶼_植物_火災樣區_05,2022-09-30,2022,9,30,,HumanObservation,Asia,Taiwan,棉花嶼_植物_火災樣區,樣區調查,Lysimachia mauritiana,species,茅毛珍珠菜,,,WGS84,122.10434,25.485056,0.000001,20,研海生態顧問股份有限公司,,,,,,,,,,,2022-09-30
KL_Plant_0000053,2022-09-30_棉花嶼_植物_火災樣區_06,2022-09-30,2022,9,30,,HumanObservation,Asia,Taiwan,棉花嶼_植物_火災樣區,樣區調查,Oenothera laciniata,species,裂葉月見草,,,WGS84,122.10434,25.485056,0.000001,20,研海生態顧問股份有限公司,,,,,,,,,,,2022-09-30
KL_Plant_0000041,2022-09-30_棉花嶼_植物_火災樣區_07,2022-09-30,2022,9,30,,HumanObservation,Asia,Taiwan,棉花嶼_植物_火災樣區,樣區調查,Emilia sonchifolia,species,紫背草,,,WGS84,122.10434,25.485056,0.000001,20,研海生態顧問股份有限公司,,,,,,,,,,,2022-09-30
KL_Plant_0000070,2022-09-30_棉花嶼_植物_火災樣區_08,2022-09-30,2022,9,30,,HumanObservation,Asia,Taiwan,棉花嶼_植物_火災樣區,樣區調查,Digitaria henryi,species,亨利馬唐,,,WGS84,122.10434,25.485056,0.000001,20,研海生態顧問股份有限公司,,,,,,,,,,,2022-09-30
KL_Plant_0000020,2022-09-30_棉花嶼_植物_火災樣區_09,2022-09-30,2022,9,30,,HumanObservation,Asia,Taiwan,棉花嶼_植物_火災樣區,樣區調查,Oxalis corniculata,species,酢漿草,,,WGS84,122.10434,25.485056,0.000001,20,研海生態顧問股份有限公司,,,,,,,,,,,2022-09-30
KL_Plant_0000001,2023-04-11_棉花嶼_植物_全島_0001,2023-04-11,2023,4,11,,HumanObservation,Asia,Taiwan,棉花嶼,穿越線,Cyrtomium falcatum,species,全緣貫眾蕨,,,WGS84,122.105349,25.484834,0.000001,400,研海生態顧問股份有限公司,,,,,,,,,,"{覆蓋度: null, 社會性: null}",2023-04-11
KL_Plant_0000002,2023-04-11_棉花嶼_植物_全島_0002,2023-04-11,2023,4,11,,HumanObservation,Asia,Taiwan,棉花嶼,穿越線,Pteris fauriei var. fauriei,variety,傅氏鳳尾蕨,,,WGS84,122.105349,25.484834,0.000001,400,研海生態顧問股份有限公司,,,,,,,,,,"{覆蓋度: null, 社會性: null}",2023-04-11
KL_Plant_0000006,2023-04-11_棉花嶼_植物_全島_0003,2023-04-11,2023,4,11,,HumanObservation,Asia,Taiwan,棉花嶼,穿越線,Tetragonia tetragonoides,species,番杏,,,WGS84,122.105349,25.484834,0.000001,400,研海生態顧問股份有限公司,,,,,,,,,,"{覆蓋度: null, 社會性: null}",2023-04-11
KL_Plant_0000007,2023-04-11_棉花嶼_植物_全島_0004,2023-04-11,2023,4,11,,HumanObservation,Asia,Taiwan,棉花嶼,穿越線,Sagina japonica,species,瓜槌草,,,WGS84,122.105349,25.484834,0.000001,400,研海生態顧問股份有限公司,,,,,,,,,,"{覆蓋度: null, 社會性: null}",2023-04-11
KL_Plant_0000009,2023-04-11_棉花嶼_植物_全島_0005,2023-04-11,2023,4,11,,HumanObservation,Asia,Taiwan,棉花嶼,穿越線,Persicaria chinensis,species,火炭母草,,,WGS84,122.105349,25.484834,0.000001,400,研海生態顧問股份有限公司,,,,,,,,,,"{覆蓋度: null, 社會性: null}",2023-04-11
KL_Plant_0000010,2023-04-11_棉花嶼_植物_全島_0006,2023-04-11,2023,4,11,,HumanObservation,Asia,Taiwan,棉花嶼,穿越線,Rumex crispus,species,羊蹄,,,WGS84,122.105349,25.484834,0.000001,400,研海生態顧問股份有限公司,,,,,,,,,,"{覆蓋度: null, 社會性: null}",2023-04-11
KL_Plant_0000011,2023-04-11_棉花嶼_植物_全島_0007,2023-04-11,2023,4,11,,HumanObservation,Asia,Taiwan,棉花嶼,穿越線,Cocculus orbiculatus,species,木防己,,,WGS84,122.105349,25.484834,0.000001,400,研海生態顧問股份有限公司,,,,,,,,,,"{覆蓋度: null, 社會性: null}",2023-04-11
KL_Plant_0000015,2023-04-11_棉花嶼_植物_全島_0008,2023-04-11,2023,4,11,,HumanObservation,Asia,Taiwan,棉花嶼,穿越線,Portulaca pilosa,species,毛馬齒莧,,,WGS84,122.105349,25.484834,0.000001,400,研海生態顧問股份有限公司,,,,,,,,,,"{覆蓋度: null, 社會性: null}",2023-04-11
KL_Plant_0000016,2023-04-11_棉花嶼_植物_全島_0009,2023-04-11,2023,4,11,,HumanObservation,Asia,Taiwan,棉花嶼,穿越線,Chenopodium acuminatum,species,變葉藜,,,WGS84,122.105349,25.484834,0.000001,400,研海生態顧問股份有限公司,,,,,,,,,,"{覆蓋度: null, 社會性: null}",2023-04-11
KL_Plant_0000019,2023-04-11_棉花嶼_植物_全島_0010,2023-04-11,2023,4,11,,HumanObservation,Asia,Taiwan,棉花嶼,穿越線,Sedum formosanum,species,台灣佛甲草（石板菜）,,,WGS84,122.105349,25.484834,0.000001,400,研海生態顧問股份有限公司,,,,,,,,,,"{覆蓋度: null, 社會性: null}",2023-04-11
KL_Plant_0000020,2023-04-11_棉花嶼_植物_全島_0011,2023-04-11,2023,4,11,,HumanObservation,Asia,Taiwan,棉花嶼,穿越線,Oxalis corniculata,species,酢漿草,,,WGS84,122.105349,25.484834,0.000001,400,研海生態顧問股份有限公司,,,,,,,,,,"{覆蓋度: null, 社會性: null}",2023-04-11
KL_Plant_0000021,2023-04-11_棉花嶼_植物_全島_0012,2023-04-11,2023,4,11,,HumanObservation,Asia,Taiwan,棉花嶼,穿越線,Centella asiatica,species,雷公根,,,WGS84,122.105349,25.484834,0.000001,400,研海生態顧問股份有限公司,,,,,,,,,,"{覆蓋度: null, 社會性: null}",2023-04-11
KL_Plant_0000022,2023-04-11_棉花嶼_植物_全島_0013,2023-04-11,2023,4,11,,HumanObservation,Asia,Taiwan,棉花嶼,穿越線,Pittosporum tobira,species,海桐,,,WGS84,122.105349,25.484834,0.000001,400,研海生態顧問股份有限公司,,,,,,,,,,"{覆蓋度: null, 社會性: null}",2023-04-11
KL_Plant_0000023,2023-04-11_棉花嶼_植物_全島_0014,2023-04-11,2023,4,11,,HumanObservation,Asia,Taiwan,棉花嶼,穿越線,Lysimachia mauritiana,species,茅毛珍珠菜,,,WGS84,122.105349,25.484834,0.000001,400,研海生態顧問股份有限公司,,,,,,,,,,"{覆蓋度: null, 社會性: null}",2023-04-11
KL_Plant_0000024,2023-04-11_棉花嶼_植物_全島_0015,2023-04-11,2023,4,11,,HumanObservation,Asia,Taiwan,棉花嶼,穿越線,Hedyotis strigulosa,species,脈耳草,,,WGS84,122.105349,25.484834,0.000001,400,研海生態顧問股份有限公司,,,,,,,,,,"{覆蓋度: null, 社會性: null}",2023-04-11
KL_Plant_0000028,2023-04-11_棉花嶼_植物_全島_0016,2023-04-11,2023,4,11,,HumanObservation,Asia,Taiwan,棉花嶼,穿越線,Ipomoea obscura,species,馬鞍藤,,,WGS84,122.105349,25.484834,0.000001,400,研海生態顧問股份有限公司,,,,,,,,,,"{覆蓋度: null, 社會性: null}",2023-04-11
KL_Plant_0000029,2023-04-11_棉花嶼_植物_全島_0017,2023-04-11,2023,4,11,,HumanObservation,Asia,Taiwan,棉花嶼,穿越線,Callicarpa japonica,species,朝鮮紫珠,,,WGS84,122.105349,25.484834,0.000001,400,研海生態顧問股份有限公司,,,,,,,,,,"{覆蓋度: null, 社會性: null}",2023-04-11
KL_Plant_0000030,2023-04-11_棉花嶼_植物_全島_0018,2023-04-11,2023,4,11,,HumanObservation,Asia,Taiwan,棉花嶼,穿越線,Leonurus japonicus,species,益母草,,,WGS84,122.105349,25.484834,0.000001,400,研海生態顧問股份有限公司,,,,,,,,,,"{覆蓋度: null, 社會性: null}",2023-04-11
KL_Plant_0000033,2023-04-11_棉花嶼_植物_全島_0019,2023-04-11,2023,4,11,,HumanObservation,Asia,Taiwan,棉花嶼,穿越線,Corydalis koidzumiana,species,密花黃堇,,,WGS84,122.105349,25.484834,0.000001,400,研海生態顧問股份有限公司,,,,,,,,,,"{覆蓋度: null, 社會性: null}",2023-04-11
KL_Plant_0000034,2023-04-11_棉花嶼_植物_全島_0020,2023-04-11,2023,4,11,,HumanObservation,Asia,Taiwan,棉花嶼,穿越線,Scaevola sericea,species,草海桐,,,WGS84,122.105349,25.484834,0.000001,400,研海生態顧問股份有限公司,,,,,,,,,,"{覆蓋度: null, 社會性: null}",2023-04-11
KL_Plant_0000035,2023-04-11_棉花嶼_植物_全島_0021,2023-04-11,2023,4,11,,HumanObservation,Asia,Taiwan,棉花嶼,穿越線,Artemisia capillaris,species,茵陳蒿,,,WGS84,122.105349,25.484834,0.000001,400,研海生態顧問股份有限公司,,,,,,,,,,"{覆蓋度: null, 社會性: null}",2023-04-11
KL_Plant_0000039,2023-04-11_棉花嶼_植物_全島_0022,2023-04-11,2023,4,11,,HumanObservation,Asia,Taiwan,棉花嶼,穿越線,Conyza sumatrensis,species,野茼蒿,,,WGS84,122.105349,25.484834,0.000001,400,研海生態顧問股份有限公司,,,,,,,,,,"{覆蓋度: null, 社會性: null}",2023-04-11
KL_Plant_0000040,2023-04-11_棉花嶼_植物_全島_0023,2023-04-11,2023,4,11,,HumanObservation,Asia,Taiwan,棉花嶼,穿越線,Crossostephium chinense,species,蘄艾,,,WGS84,122.105349,25.484834,0.000001,400,研海生態顧問股份有限公司,,,,,,,,,,"{覆蓋度: null, 社會性: null}",2023-04-11
KL_Plant_0000041,2023-04-11_棉花嶼_植物_全島_0024,2023-04-11,2023,4,11,,HumanObservation,Asia,Taiwan,棉花嶼,穿越線,Emilia sonchifolia,species,紫背草,,,WGS84,122.105349,25.484834,0.000001,400,研海生態顧問股份有限公司,,,,,,,,,,"{覆蓋度: null, 社會性: null}",2023-04-11
KL_Plant_0000043,2023-04-11_棉花嶼_植物_全島_0025,2023-04-11,2023,4,11,,HumanObservation,Asia,Taiwan,棉花嶼,穿越線,Gnaphalium affine,species,鼠麴草,,,WGS84,122.105349,25.484834,0.000001,400,研海生態顧問股份有限公司,,,,,,,,,,"{覆蓋度: null, 社會性: null}",2023-04-11
KL_Plant_0000044,2023-04-11_棉花嶼_植物_全島_0026,2023-04-11,2023,4,11,,HumanObservation,Asia,Taiwan,棉花嶼,穿越線,Gnaphalium calviceps,species,直莖鼠麴草,,,WGS84,122.105349,25.484834,0.000001,400,研海生態顧問股份有限公司,,,,,,,,,,"{覆蓋度: null, 社會性: null}",2023-04-11
KL_Plant_0000048,2023-04-11_棉花嶼_植物_全島_0027,2023-04-11,2023,4,11,,HumanObservation,Asia,Taiwan,棉花嶼,穿越線,Sonchus oleraceus,species,苦滇菜,,,WGS84,122.105349,25.484834,0.000001,400,研海生態顧問股份有限公司,,,,,,,,,,"{覆蓋度: null, 社會性: null}",2023-04-11
KL_Plant_0000049,2023-04-11_棉花嶼_植物_全島_0028,2023-04-11,2023,4,11,,HumanObservation,Asia,Taiwan,棉花嶼,穿越線,Wedelia biflora,species,雙花蟛蜞菊,,,WGS84,122.105349,25.484834,0.000001,400,研海生態顧問股份有限公司,,,,,,,,,,"{覆蓋度: null, 社會性: null}",2023-04-11
KL_Plant_0000051,2023-04-11_棉花嶼_植物_全島_0029,2023-04-11,2023,4,11,,HumanObservation,Asia,Taiwan,棉花嶼,穿越線,Wedelia prostrata var. robusta Makino,variety,大天蓬草舅,,,WGS84,122.105349,25.484834,0.000001,400,研海生態顧問股份有限公司,,,,,,,,,,"{覆蓋度: null, 社會性: null}",2023-04-11
KL_Plant_0000052,2023-04-11_棉花嶼_植物_全島_0030,2023-04-11,2023,4,11,,HumanObservation,Asia,Taiwan,棉花嶼,穿越線,Youngia japonica,species,黃鵪菜,,,WGS84,122.105349,25.484834,0.000001,400,研海生態顧問股份有限公司,,,,,,,,,,"{覆蓋度: null, 社會性: null}",2023-04-11
KL_Plant_0000053,2023-04-11_棉花嶼_植物_全島_0031,2023-04-11,2023,4,11,,HumanObservation,Asia,Taiwan,棉花嶼,穿越線,Oenothera laciniata,species,裂葉月見草,,,WGS84,122.105349,25.484834,0.000001,400,研海生態顧問股份有限公司,,,,,,,,,,"{覆蓋度: null, 社會性: null}",2023-04-11
KL_Plant_0000054,2023-04-11_棉花嶼_植物_全島_0032,2023-04-11,2023,4,11,,HumanObservation,Asia,Taiwan,棉花嶼,穿越線,Raphanus sativus,species,濱蘿蔔,,,WGS84,122.105349,25.484834,0.000001,400,研海生態顧問股份有限公司,,,,,,,,,,"{覆蓋度: null, 社會性: null}",2023-04-11
KL_Plant_0000056,2023-04-11_棉花嶼_植物_全島_0033,2023-04-11,2023,4,11,,HumanObservation,Asia,Taiwan,棉花嶼,穿越線,Vigna marina,species,濱豇豆,,,WGS84,122.105349,25.484834,0.000001,400,研海生態顧問股份有限公司,,,,,,,,,,"{覆蓋度: null, 社會性: null}",2023-04-11
KL_Plant_0000057,2023-04-11_棉花嶼_植物_全島_0034,2023-04-11,2023,4,11,,HumanObservation,Asia,Taiwan,棉花嶼,穿越線,Pilea peploides,species,齒葉矮冷水麻,,,WGS84,122.105349,25.484834,0.000001,400,研海生態顧問股份有限公司,,,,,,,,,,"{覆蓋度: null, 社會性: null}",2023-04-11
KL_Plant_0000059,2023-04-11_棉花嶼_植物_全島_0035,2023-04-11,2023,4,11,,HumanObservation,Asia,Taiwan,棉花嶼,穿越線,Commelina diffusa,species,竹仔菜,,,WGS84,122.105349,25.484834,0.000001,400,研海生態顧問股份有限公司,,,,,,,,,,"{覆蓋度: null, 社會性: null}",2023-04-11
KL_Plant_0000060,2023-04-11_棉花嶼_植物_全島_0036,2023-04-11,2023,4,11,,HumanObservation,Asia,Taiwan,棉花嶼,穿越線,Carex breviculmis,species,短莖宿柱薹,,,WGS84,122.105349,25.484834,0.000001,400,研海生態顧問股份有限公司,,,,,,,,,,"{覆蓋度: null, 社會性: null}",2023-04-11
KL_Plant_0000061,2023-04-11_棉花嶼_植物_全島_0037,2023-04-11,2023,4,11,,HumanObservation,Asia,Taiwan,棉花嶼,穿越線,Cyperus polystachyos,species,多柱扁莎,,,WGS84,122.105349,25.484834,0.000001,400,研海生態顧問股份有限公司,,,,,,,,,,"{覆蓋度: null, 社會性: null}",2023-04-11
KL_Plant_0000063,2023-04-11_棉花嶼_植物_全島_0038,2023-04-11,2023,4,11,,HumanObservation,Asia,Taiwan,棉花嶼,穿越線,Fimbristylis dichotoma,species,竹子飄拂草,,,WGS84,122.105349,25.484834,0.000001,400,研海生態顧問股份有限公司,,,,,,,,,,"{覆蓋度: null, 社會性: null}",2023-04-11
KL_Plant_0000066,2023-04-11_棉花嶼_植物_全島_0039,2023-04-11,2023,4,11,,HumanObservation,Asia,Taiwan,棉花嶼,穿越線,Brachiaria villosa,species,毛臂形草,,,WGS84,122.105349,25.484834,0.000001,400,研海生態顧問股份有限公司,,,,,,,,,,"{覆蓋度: null, 社會性: null}",2023-04-11
KL_Plant_0000069,2023-04-11_棉花嶼_植物_全島_0040,2023-04-11,2023,4,11,,HumanObservation,Asia,Taiwan,棉花嶼,穿越線,Digitaria ciliaris,species,升馬唐,,,WGS84,122.105349,25.484834,0.000001,400,研海生態顧問股份有限公司,,,,,,,,,,"{覆蓋度: null, 社會性: null}",2023-04-11
KL_Plant_0000070,2023-04-11_棉花嶼_植物_全島_0041,2023-04-11,2023,4,11,,HumanObservation,Asia,Taiwan,棉花嶼,穿越線,Digitaria henryi,species,亨利馬唐,,,WGS84,122.105349,25.484834,0.000001,400,研海生態顧問股份有限公司,,,,,,,,,,"{覆蓋度: null, 社會性: null}",2023-04-11
KL_Plant_0000072,2023-04-11_棉花嶼_植物_全島_0042,2023-04-11,2023,4,11,,HumanObservation,Asia,Taiwan,棉花嶼,穿越線,Digitaria mollicoma,species,絨馬唐,,,WGS84,122.105349,25.484834,0.000001,400,研海生態顧問股份有限公司,,,,,,,,,,"{覆蓋度: null, 社會性: null}",2023-04-11
KL_Plant_0000075,2023-04-11_棉花嶼_植物_全島_0043,2023-04-11,2023,4,11,,HumanObservation,Asia,Taiwan,棉花嶼,穿越線,Imperata cylindrica var. major,variety,白茅,,,WGS84,122.105349,25.484834,0.000001,400,研海生態顧問股份有限公司,,,,,,,,,,"{覆蓋度: null, 社會性: null}",2023-04-11
KL_Plant_0000078,2023-04-11_棉花嶼_植物_全島_0044,2023-04-11,2023,4,11,,HumanObservation,Asia,Taiwan,棉花嶼,穿越線,Paspalum orbiculare,species,圓果雀稗,,,WGS84,122.105349,25.484834,0.000001,400,研海生態顧問股份有限公司,,,,,,,,,,"{覆蓋度: null, 社會性: null}",2023-04-11
KL_Plant_0000080,2023-04-11_棉花嶼_植物_全島_0045,2023-04-11,2023,4,11,,HumanObservation,Asia,Taiwan,棉花嶼,穿越線,Paspalum vaginatum,species,海雀稗,,,WGS84,122.105349,25.484834,0.000001,400,研海生態顧問股份有限公司,,,,,,,,,,"{覆蓋度: null, 社會性: null}",2023-04-11
KL_Plant_0000083,2023-04-11_棉花嶼_植物_全島_0046,2023-04-11,2023,4,11,,HumanObservation,Asia,Taiwan,棉花嶼,穿越線,Setaria geniculata,species,莠狗尾草,,,WGS84,122.105349,25.484834,0.000001,400,研海生態顧問股份有限公司,,,,,,,,,,"{覆蓋度: null, 社會性: null}",2023-04-11
KL_Plant_0000087,2023-04-11_棉花嶼_植物_全島_0047,2023-04-11,2023,4,11,,HumanObservation,Asia,Taiwan,棉花嶼,穿越線,Zoysia sinica,species,中華結縷草,,,WGS84,122.105349,25.484834,0.000001,400,研海生態顧問股份有限公司,,,,,,,,,,"{覆蓋度: null, 社會性: null}",2023-04-11
KL_Plant_0000093,2023-04-11_棉花嶼_植物_全島_0048,2023-04-11,2023,4,11,,HumanObservation,Asia,Taiwan,棉花嶼,穿越線,Plantago virginica,species,毛車前草,,,WGS84,122.105349,25.484834,0.000001,400,研海生態顧問股份有限公司,,,,,,,,,,"{覆蓋度: null, 社會性: null}",2023-04-11
KL_Plant_0000094,2023-04-11_棉花嶼_植物_全島_0049,2023-04-11,2023,4,11,,HumanObservation,Asia,Taiwan,棉花嶼,穿越線,Smilax china,species,菝葜,,,WGS84,122.105349,25.484834,0.000001,400,研海生態顧問股份有限公司,,,,,,,,,,"{覆蓋度: null, 社會性: null}",2023-04-11
KL_Plant_0000040,2023-04-11_棉花嶼_植物_火災樣區_0001,2023-04-11,2023,4,11,,HumanObservation,Asia,Taiwan,棉花嶼_植物_火災樣區,樣區調查,Crossostephium chinense,species,蘄艾,,,WGS84,122.1043389,25.4850556,0.000001,20,研海生態顧問股份有限公司,,,,,,,,,,"{覆蓋度: 0.02, 社會性: 零星分散}",2023-04-11
KL_Plant_0000015,2023-04-11_棉花嶼_植物_火災樣區_0002,2023-04-11,2023,4,11,,HumanObservation,Asia,Taiwan,棉花嶼_植物_火災樣區,樣區調查,Portulaca pilosa,species,毛馬齒莧,,,WGS84,122.1043389,25.4850556,0.000001,20,研海生態顧問股份有限公司,,,,,,,,,,"{覆蓋度: 0.02, 社會性: 零星分散}",2023-04-11
KL_Plant_0000044,2023-04-11_棉花嶼_植物_火災樣區_0003,2023-04-11,2023,4,11,,HumanObservation,Asia,Taiwan,棉花嶼_植物_火災樣區,樣區調查,Gnaphalium calviceps,species,直莖鼠麴草,,,WGS84,122.1043389,25.4850556,0.000001,20,研海生態顧問股份有限公司,,,,,,,,,,"{覆蓋度: 0.02, 社會性: 零星分散}",2023-04-11
KL_Plant_0000023,2023-04-11_棉花嶼_植物_火災樣區_0004,2023-04-11,2023,4,11,,HumanObservation,Asia,Taiwan,棉花嶼_植物_火災樣區,樣區調查,Lysimachia mauritiana,species,茅毛珍珠菜,,,WGS84,122.1043389,25.4850556,0.000001,20,研海生態顧問股份有限公司,,,,,,,,,,"{覆蓋度: 0.02, 社會性: 零星分散}",2023-04-11
KL_Plant_0000052,2023-04-11_棉花嶼_植物_火災樣區_0005,2023-04-11,2023,4,11,,HumanObservation,Asia,Taiwan,棉花嶼_植物_火災樣區,樣區調查,Youngia japonica,species,黃鵪菜,,,WGS84,122.1043389,25.4850556,0.000001,20,研海生態顧問股份有限公司,,,,,,,,,,"{覆蓋度: 0.05, 社會性: 全面分布}",2023-04-11
KL_Plant_0000087,2023-04-11_棉花嶼_植物_火災樣區_0006,2023-04-11,2023,4,11,,HumanObservation,Asia,Taiwan,棉花嶼_植物_火災樣區,樣區調查,Zoysia sinica,species,中華結縷草,,,WGS84,122.1043389,25.4850556,0.000001,20,研海生態顧問股份有限公司,,,,,,,,,,"{覆蓋度: 0.9, 社會性: 全面分布}",2023-04-11
KL_Plant_0000041,2023-04-11_棉花嶼_植物_火災樣區_0007,2023-04-11,2023,4,11,,HumanObservation,Asia,Taiwan,棉花嶼_植物_火災樣區,樣區調查,Emilia sonchifolia,species,紫背草,,,WGS84,122.1043389,25.4850556,0.000001,20,研海生態顧問股份有限公司,,,,,,,,,,"{覆蓋度: 0.01, 社會性: 零星分散}",2023-04-11
KL_Plant_0000061,2023-04-11_棉花嶼_植物_火災樣區_0008,2023-04-11,2023,4,11,,HumanObservation,Asia,Taiwan,棉花嶼_植物_火災樣區,樣區調查,Cyperus polystachyos,species,多柱扁莎,,,WGS84,122.1043389,25.4850556,0.000001,20,研海生態顧問股份有限公司,,,,,,,,,,"{覆蓋度: <1%, 社會性: 零星分散}",2023-04-11
KL_Plant_0000021,2023-04-11_棉花嶼_植物_火災樣區_0009,2023-04-11,2023,4,11,,HumanObservation,Asia,Taiwan,棉花嶼_植物_火災樣區,樣區調查,Centella asiatica,species,雷公根,,,WGS84,122.1043389,25.4850556,0.000001,20,研海生態顧問股份有限公司,,,,,,,,,,"{覆蓋度: 0.02, 社會性: 普通分散或小塊群聚}",2023-04-11
KL_Plant_0000028,2023-04-11_棉花嶼_植物_火災樣區_0010,2023-04-11,2023,4,11,,HumanObservation,Asia,Taiwan,棉花嶼_植物_火災樣區,樣區調查,Ipomoea obscura,species,馬鞍藤,,,WGS84,122.1043389,25.4850556,0.000001,20,研海生態顧問股份有限公司,,,,,,,,,,"{覆蓋度: 0.03, 社會性: 普通分散或小塊群聚}",2023-04-11
KL_Plant_0000020,2023-04-11_棉花嶼_植物_火災樣區_0011,2023-04-11,2023,4,11,,HumanObservation,Asia,Taiwan,棉花嶼_植物_火災樣區,樣區調查,Oxalis corniculata,species,酢漿草,,,WGS84,122.1043389,25.4850556,0.000001,20,研海生態顧問股份有限公司,,,,,,,,,,"{覆蓋度: <1%, 社會性: 零星分散}",2023-04-11
KL_Plant_0000053,2023-04-11_棉花嶼_植物_火災樣區_0012,2023-04-11,2023,4,11,,HumanObservation,Asia,Taiwan,棉花嶼_植物_火災樣區,樣區調查,Oenothera laciniata,species,裂葉月見草,,,WGS84,122.1043389,25.4850556,0.000001,20,研海生態顧問股份有限公司,,,,,,,,,,"{覆蓋度: 0.01, 社會性: 零星分散}",2023-04-11
KL_Plant_0000048,2023-04-11_棉花嶼_植物_火災樣區_0013,2023-04-11,2023,4,11,,HumanObservation,Asia,Taiwan,棉花嶼_植物_火災樣區,樣區調查,Sonchus oleraceus,species,苦滇菜,,,WGS84,122.1043389,25.4850556,0.000001,20,研海生態顧問股份有限公司,,,,,,,,,,"{覆蓋度: <1%, 社會性: 1~2株}",2023-04-11
KL_Plant_0000069,2023-04-11_棉花嶼_植物_火災樣區_0014,2023-04-11,2023,4,11,,HumanObservation,Asia,Taiwan,棉花嶼_植物_火災樣區,樣區調查,Digitaria ciliaris,species,升馬唐,,,WGS84,122.1043389,25.4850556,0.000001,20,研海生態顧問股份有限公司,,,,,,,,,,"{覆蓋度: 0.01, 社會性: 零星分散}",2023-04-11
KL_Plant_0000043,2023-04-11_棉花嶼_植物_火災樣區_0015,2023-04-11,2023,4,11,,HumanObservation,Asia,Taiwan,棉花嶼_植物_火災樣區,樣區調查,Gnaphalium affine,species,鼠麴草,,,WGS84,122.1043389,25.4850556,0.000001,20,研海生態顧問股份有限公司,,,,,,,,,,"{覆蓋度: 0.03, 社會性: 普通分散或小塊群聚}",2023-04-11
KL_Plant_0000019,2023-04-11_棉花嶼_植物_火災樣區_0016,2023-04-11,2023,4,11,,HumanObservation,Asia,Taiwan,棉花嶼_植物_火災樣區,樣區調查,Sedum formosanum,species,台灣佛甲草（石板菜）,,,WGS84,122.1043389,25.4850556,0.000001,20,研海生態顧問股份有限公司,,,,,,,,,,"{覆蓋度: <1%, 社會性: 普通分散或小塊群聚}",2023-04-11
KL_Plant_0000039,2023-04-11_棉花嶼_植物_火災樣區_0017,2023-04-11,2023,4,11,,HumanObservation,Asia,Taiwan,棉花嶼_植物_火災樣區,樣區調查,Conyza sumatrensis,species,野茼蒿,,,WGS84,122.1043389,25.4850556,0.000001,20,研海生態顧問股份有限公司,,,,,,,,,,"{覆蓋度: <1%, 社會性: 零星分散}",2023-04-11
KL_Plant_0000002,2023-09-18_棉花嶼_植物_全島_0018,2023-09-18,2023,9,18,,HumanObservation,Asia,Taiwan,棉花嶼,穿越線,Pteris fauriei var. fauriei,variety,傅氏鳳尾蕨,,,WGS84,122.105349,25.484834,0.000001,400,研海生態顧問股份有限公司,,,,,,,,,,"{覆蓋度: null, 社會性: null}",2023-09-18
KL_Plant_0000008,2023-09-18_棉花嶼_植物_全島_0019,2023-09-18,2023,9,18,,HumanObservation,Asia,Taiwan,棉花嶼,穿越線,Morus australis,species,小葉桑,,,WGS84,122.105349,25.484834,0.000001,400,研海生態顧問股份有限公司,,,,,,,,,,"{覆蓋度: null, 社會性: null}",2023-09-18
KL_Plant_0000009,2023-09-18_棉花嶼_植物_全島_0020,2023-09-18,2023,9,18,,HumanObservation,Asia,Taiwan,棉花嶼,穿越線,Persicaria chinensis,species,火炭母草,,,WGS84,122.105349,25.484834,0.000001,400,研海生態顧問股份有限公司,,,,,,,,,,"{覆蓋度: null, 社會性: null}",2023-09-18
KL_Plant_0000010,2023-09-18_棉花嶼_植物_全島_0021,2023-09-18,2023,9,18,,HumanObservation,Asia,Taiwan,棉花嶼,穿越線,Rumex crispus,species,羊蹄,,,WGS84,122.105349,25.484834,0.000001,400,研海生態顧問股份有限公司,,,,,,,,,,"{覆蓋度: null, 社會性: null}",2023-09-18
KL_Plant_0000011,2023-09-18_棉花嶼_植物_全島_0022,2023-09-18,2023,9,18,,HumanObservation,Asia,Taiwan,棉花嶼,穿越線,Cocculus orbiculatus,species,木防己,,,WGS84,122.105349,25.484834,0.000001,400,研海生態顧問股份有限公司,,,,,,,,,,"{覆蓋度: null, 社會性: null}",2023-09-18
KL_Plant_0000013,2023-09-18_棉花嶼_植物_全島_0023,2023-09-18,2023,9,18,,HumanObservation,Asia,Taiwan,棉花嶼,穿越線,Boerhavia glabrata,species,光果黃細心,,,WGS84,122.105349,25.484834,0.000001,400,研海生態顧問股份有限公司,,,,,,,,,,"{覆蓋度: null, 社會性: null}",2023-09-18
KL_Plant_0000015,2023-09-18_棉花嶼_植物_全島_0024,2023-09-18,2023,9,18,,HumanObservation,Asia,Taiwan,棉花嶼,穿越線,Portulaca pilosa,species,毛馬齒莧,,,WGS84,122.105349,25.484834,0.000001,400,研海生態顧問股份有限公司,,,,,,,,,,"{覆蓋度: null, 社會性: null}",2023-09-18
KL_Plant_0000019,2023-09-18_棉花嶼_植物_全島_0025,2023-09-18,2023,9,18,,HumanObservation,Asia,Taiwan,棉花嶼,穿越線,Sedum formosanum,species,台灣佛甲草（石板菜）,,,WGS84,122.105349,25.484834,0.000001,400,研海生態顧問股份有限公司,,,,,,,,,,"{覆蓋度: null, 社會性: null}",2023-09-18
KL_Plant_0000020,2023-09-18_棉花嶼_植物_全島_0026,2023-09-18,2023,9,18,,HumanObservation,Asia,Taiwan,棉花嶼,穿越線,Oxalis corniculata,species,酢漿草,,,WGS84,122.105349,25.484834,0.000001,400,研海生態顧問股份有限公司,,,,,,,,,,"{覆蓋度: null, 社會性: null}",2023-09-18
KL_Plant_0000021,2023-09-18_棉花嶼_植物_全島_0027,2023-09-18,2023,9,18,,HumanObservation,Asia,Taiwan,棉花嶼,穿越線,Centella asiatica,species,雷公根,,,WGS84,122.105349,25.484834,0.000001,400,研海生態顧問股份有限公司,,,,,,,,,,"{覆蓋度: null, 社會性: null}",2023-09-18
KL_Plant_0000022,2023-09-18_棉花嶼_植物_全島_0028,2023-09-18,2023,9,18,,HumanObservation,Asia,Taiwan,棉花嶼,穿越線,Pittosporum tobira,species,海桐,,,WGS84,122.105349,25.484834,0.000001,400,研海生態顧問股份有限公司,,,,,,,,,,"{覆蓋度: null, 社會性: null}",2023-09-18
KL_Plant_0000023,2023-09-18_棉花嶼_植物_全島_0029,2023-09-18,2023,9,18,,HumanObservation,Asia,Taiwan,棉花嶼,穿越線,Lysimachia mauritiana,species,茅毛珍珠菜,,,WGS84,122.105349,25.484834,0.000001,400,研海生態顧問股份有限公司,,,,,,,,,,"{覆蓋度: null, 社會性: null}",2023-09-18
KL_Plant_0000028,2023-09-18_棉花嶼_植物_全島_0030,2023-09-18,2023,9,18,,HumanObservation,Asia,Taiwan,棉花嶼,穿越線,Ipomoea obscura,species,馬鞍藤,,,WGS84,122.105349,25.484834,0.000001,400,研海生態顧問股份有限公司,,,,,,,,,,"{覆蓋度: null, 社會性: null}",2023-09-18
KL_Plant_0000029,2023-09-18_棉花嶼_植物_全島_0031,2023-09-18,2023,9,18,,HumanObservation,Asia,Taiwan,棉花嶼,穿越線,Callicarpa japonica,species,朝鮮紫珠,,,WGS84,122.105349,25.484834,0.000001,400,研海生態顧問股份有限公司,,,,,,,,,,"{覆蓋度: null, 社會性: null}",2023-09-18
KL_Plant_0000030,2023-09-18_棉花嶼_植物_全島_0032,2023-09-18,2023,9,18,,HumanObservation,Asia,Taiwan,棉花嶼,穿越線,Leonurus japonicus,species,益母草,,,WGS84,122.105349,25.484834,0.000001,400,研海生態顧問股份有限公司,,,,,,,,,,"{覆蓋度: null, 社會性: null}",2023-09-18
KL_Plant_0000033,2023-09-18_棉花嶼_植物_全島_0033,2023-09-18,2023,9,18,,HumanObservation,Asia,Taiwan,棉花嶼,穿越線,Corydalis koidzumiana,species,密花黃堇,,,WGS84,122.105349,25.484834,0.000001,400,研海生態顧問股份有限公司,,,,,,,,,,"{覆蓋度: null, 社會性: null}",2023-09-18
KL_Plant_0000034,2023-09-18_棉花嶼_植物_全島_0034,2023-09-18,2023,9,18,,HumanObservation,Asia,Taiwan,棉花嶼,穿越線,Scaevola sericea,species,草海桐,,,WGS84,122.105349,25.484834,0.000001,400,研海生態顧問股份有限公司,,,,,,,,,,"{覆蓋度: null, 社會性: null}",2023-09-18
KL_Plant_0000036,2023-09-18_棉花嶼_植物_全島_0035,2023-09-18,2023,9,18,,HumanObservation,Asia,Taiwan,棉花嶼,穿越線,Bidens pilosa,species,大花咸豐草,,,WGS84,122.105349,25.484834,0.000001,400,研海生態顧問股份有限公司,,,,,,,,,,"{覆蓋度: null, 社會性: null}",2023-09-18
KL_Plant_0000039,2023-09-18_棉花嶼_植物_全島_0036,2023-09-18,2023,9,18,,HumanObservation,Asia,Taiwan,棉花嶼,穿越線,Conyza sumatrensis,species,野茼蒿,,,WGS84,122.105349,25.484834,0.000001,400,研海生態顧問股份有限公司,,,,,,,,,,"{覆蓋度: null, 社會性: null}",2023-09-18
KL_Plant_0000040,2023-09-18_棉花嶼_植物_全島_0037,2023-09-18,2023,9,18,,HumanObservation,Asia,Taiwan,棉花嶼,穿越線,Crossostephium chinense,species,蘄艾,,,WGS84,122.105349,25.484834,0.000001,400,研海生態顧問股份有限公司,,,,,,,,,,"{覆蓋度: null, 社會性: null}",2023-09-18
KL_Plant_0000041,2023-09-18_棉花嶼_植物_全島_0038,2023-09-18,2023,9,18,,HumanObservation,Asia,Taiwan,棉花嶼,穿越線,Emilia sonchifolia,species,紫背草,,,WGS84,122.105349,25.484834,0.000001,400,研海生態顧問股份有限公司,,,,,,,,,,"{覆蓋度: null, 社會性: null}",2023-09-18
KL_Plant_0000049,2023-09-18_棉花嶼_植物_全島_0039,2023-09-18,2023,9,18,,HumanObservation,Asia,Taiwan,棉花嶼,穿越線,Wedelia biflora,species,雙花蟛蜞菊,,,WGS84,122.105349,25.484834,0.000001,400,研海生態顧問股份有限公司,,,,,,,,,,"{覆蓋度: null, 社會性: null}",2023-09-18
KL_Plant_0000051,2023-09-18_棉花嶼_植物_全島_0040,2023-09-18,2023,9,18,,HumanObservation,Asia,Taiwan,棉花嶼,穿越線,Wedelia prostrata var. robusta Makino,variety,大天蓬草舅,,,WGS84,122.105349,25.484834,0.000001,400,研海生態顧問股份有限公司,,,,,,,,,,"{覆蓋度: null, 社會性: null}",2023-09-18
KL_Plant_0000053,2023-09-18_棉花嶼_植物_全島_0041,2023-09-18,2023,9,18,,HumanObservation,Asia,Taiwan,棉花嶼,穿越線,Oenothera laciniata,species,裂葉月見草,,,WGS84,122.105349,25.484834,0.000001,400,研海生態顧問股份有限公司,,,,,,,,,,"{覆蓋度: null, 社會性: null}",2023-09-18
KL_Plant_0000056,2023-09-18_棉花嶼_植物_全島_0042,2023-09-18,2023,9,18,,HumanObservation,Asia,Taiwan,棉花嶼,穿越線,Vigna marina,species,濱豇豆,,,WGS84,122.105349,25.484834,0.000001,400,研海生態顧問股份有限公司,,,,,,,,,,"{覆蓋度: null, 社會性: null}",2023-09-18
KL_Plant_0000059,2023-09-18_棉花嶼_植物_全島_0043,2023-09-18,2023,9,18,,HumanObservation,Asia,Taiwan,棉花嶼,穿越線,Commelina diffusa,species,竹仔菜,,,WGS84,122.105349,25.484834,0.000001,400,研海生態顧問股份有限公司,,,,,,,,,,"{覆蓋度: null, 社會性: null}",2023-09-18
KL_Plant_0000060,2023-09-18_棉花嶼_植物_全島_0044,2023-09-18,2023,9,18,,HumanObservation,Asia,Taiwan,棉花嶼,穿越線,Carex breviculmis,species,短莖宿柱薹,,,WGS84,122.105349,25.484834,0.000001,400,研海生態顧問股份有限公司,,,,,,,,,,"{覆蓋度: null, 社會性: null}",2023-09-18
KL_Plant_0000061,2023-09-18_棉花嶼_植物_全島_0045,2023-09-18,2023,9,18,,HumanObservation,Asia,Taiwan,棉花嶼,穿越線,Cyperus polystachyos,species,多柱扁莎,,,WGS84,122.105349,25.484834,0.000001,400,研海生態顧問股份有限公司,,,,,,,,,,"{覆蓋度: null, 社會性: null}",2023-09-18
KL_Plant_0000063,2023-09-18_棉花嶼_植物_全島_0046,2023-09-18,2023,9,18,,HumanObservation,Asia,Taiwan,棉花嶼,穿越線,Fimbristylis dichotoma,species,竹子飄拂草,,,WGS84,122.105349,25.484834,0.000001,400,研海生態顧問股份有限公司,,,,,,,,,,"{覆蓋度: null, 社會性: null}",2023-09-18
KL_Plant_0000069,2023-09-18_棉花嶼_植物_全島_0047,2023-09-18,2023,9,18,,HumanObservation,Asia,Taiwan,棉花嶼,穿越線,Digitaria ciliaris,species,升馬唐,,,WGS84,122.105349,25.484834,0.000001,400,研海生態顧問股份有限公司,,,,,,,,,,"{覆蓋度: null, 社會性: null}",2023-09-18
KL_Plant_0000070,2023-09-18_棉花嶼_植物_全島_0048,2023-09-18,2023,9,18,,HumanObservation,Asia,Taiwan,棉花嶼,穿越線,Digitaria henryi,species,亨利馬唐,,,WGS84,122.105349,25.484834,0.000001,400,研海生態顧問股份有限公司,,,,,,,,,,"{覆蓋度: null, 社會性: null}",2023-09-18
KL_Plant_0000072,2023-09-18_棉花嶼_植物_全島_0049,2023-09-18,2023,9,18,,HumanObservation,Asia,Taiwan,棉花嶼,穿越線,Digitaria mollicoma,species,絨馬唐,,,WGS84,122.105349,25.484834,0.000001,400,研海生態顧問股份有限公司,,,,,,,,,,"{覆蓋度: null, 社會性: null}",2023-09-18
KL_Plant_0000075,2023-09-18_棉花嶼_植物_全島_0050,2023-09-18,2023,9,18,,HumanObservation,Asia,Taiwan,棉花嶼,穿越線,Imperata cylindrica var. major,variety,白茅,,,WGS84,122.105349,25.484834,0.000001,400,研海生態顧問股份有限公司,,,,,,,,,,"{覆蓋度: null, 社會性: null}",2023-09-18
KL_Plant_0000078,2023-09-18_棉花嶼_植物_全島_0051,2023-09-18,2023,9,18,,HumanObservation,Asia,Taiwan,棉花嶼,穿越線,Paspalum orbiculare,species,圓果雀稗,,,WGS84,122.105349,25.484834,0.000001,400,研海生態顧問股份有限公司,,,,,,,,,,"{覆蓋度: null, 社會性: null}",2023-09-18
KL_Plant_0000080,2023-09-18_棉花嶼_植物_全島_0052,2023-09-18,2023,9,18,,HumanObservation,Asia,Taiwan,棉花嶼,穿越線,Paspalum vaginatum,species,海雀稗,,,WGS84,122.105349,25.484834,0.000001,400,研海生態顧問股份有限公司,,,,,,,,,,"{覆蓋度: null, 社會性: null}",2023-09-18
KL_Plant_0000087,2023-09-18_棉花嶼_植物_全島_0053,2023-09-18,2023,9,18,,HumanObservation,Asia,Taiwan,棉花嶼,穿越線,Zoysia sinica,species,中華結縷草,,,WGS84,122.105349,25.484834,0.000001,400,研海生態顧問股份有限公司,,,,,,,,,,"{覆蓋度: null, 社會性: null}",2023-09-18
KL_Plant_0000041,2023-09-18_棉花嶼_植物_火災樣區_0001,2023-09-18,2023,9,18,,HumanObservation,Asia,Taiwan,棉花嶼_植物_火災樣區,樣區調查,Emilia sonchifolia,species,紫背草,,,WGS84,122.1043389,25.4850556,0.000001,20,研海生態顧問股份有限公司,,,,,,,,,,"{覆蓋度: 0.01, 社會性: 零星分散}",2023-09-18
KL_Plant_0000028,2023-09-18_棉花嶼_植物_火災樣區_0002,2023-09-18,2023,9,18,,HumanObservation,Asia,Taiwan,棉花嶼_植物_火災樣區,樣區調查,Ipomoea obscura,species,馬鞍藤,,,WGS84,122.1043389,25.4850556,0.000001,20,研海生態顧問股份有限公司,,,,,,,,,,"{覆蓋度: 0.1, 社會性: 普通分散或小塊群聚}",2023-09-18
KL_Plant_0000040,2023-09-18_棉花嶼_植物_火災樣區_0003,2023-09-18,2023,9,18,,HumanObservation,Asia,Taiwan,棉花嶼_植物_火災樣區,樣區調查,Crossostephium chinense,species,蘄艾,,,WGS84,122.1043389,25.4850556,0.000001,20,研海生態顧問股份有限公司,,,,,,,,,,"{覆蓋度: 0.03, 社會性: 零星分散}",2023-09-18
KL_Plant_0000011,2023-09-18_棉花嶼_植物_火災樣區_0004,2023-09-18,2023,9,18,,HumanObservation,Asia,Taiwan,棉花嶼_植物_火災樣區,樣區調查,Cocculus orbiculatus,species,木防己,,,WGS84,122.1043389,25.4850556,0.000001,20,研海生態顧問股份有限公司,,,,,,,,,,"{覆蓋度: 0.01, 社會性: 1~2株}",2023-09-18
KL_Plant_0000056,2023-09-18_棉花嶼_植物_火災樣區_0005,2023-09-18,2023,9,18,,HumanObservation,Asia,Taiwan,棉花嶼_植物_火災樣區,樣區調查,Vigna marina,species,濱豇豆,,,WGS84,122.1043389,25.4850556,0.000001,20,研海生態顧問股份有限公司,,,,,,,,,,"{覆蓋度: 0.03, 社會性: 零星分散}",2023-09-18
KL_Plant_0000053,2023-09-18_棉花嶼_植物_火災樣區_0006,2023-09-18,2023,9,18,,HumanObservation,Asia,Taiwan,棉花嶼_植物_火災樣區,樣區調查,Oenothera laciniata,species,裂葉月見草,,,WGS84,122.1043389,25.4850556,0.000001,20,研海生態顧問股份有限公司,,,,,,,,,,"{覆蓋度: 0.03, 社會性: 零星分散}",2023-09-18
KL_Plant_0000023,2023-09-18_棉花嶼_植物_火災樣區_0007,2023-09-18,2023,9,18,,HumanObservation,Asia,Taiwan,棉花嶼_植物_火災樣區,樣區調查,Lysimachia mauritiana,species,茅毛珍珠菜,,,WGS84,122.1043389,25.4850556,0.000001,20,研海生態顧問股份有限公司,,,,,,,,,,"{覆蓋度: 0.03, 社會性: 零星分散}",2023-09-18
KL_Plant_0000021,2023-09-18_棉花嶼_植物_火災樣區_0008,2023-09-18,2023,9,18,,HumanObservation,Asia,Taiwan,棉花嶼_植物_火災樣區,樣區調查,Centella asiatica,species,雷公根,,,WGS84,122.1043389,25.4850556,0.000001,20,研海生態顧問股份有限公司,,,,,,,,,,"{覆蓋度: 0.05, 社會性: 普通分散或小塊群聚}",2023-09-18
KL_Plant_0000072,2023-09-18_棉花嶼_植物_火災樣區_0009,2023-09-18,2023,9,18,,HumanObservation,Asia,Taiwan,棉花嶼_植物_火災樣區,樣區調查,Digitaria mollicoma,species,絨馬唐,,,WGS84,122.1043389,25.4850556,0.000001,20,研海生態顧問股份有限公司,,,,,,,,,,"{覆蓋度: 0.01, 社會性: 1~2株}",2023-09-18
KL_Plant_0000080,2023-09-18_棉花嶼_植物_火災樣區_0010,2023-09-18,2023,9,18,,HumanObservation,Asia,Taiwan,棉花嶼_植物_火災樣區,樣區調查,Paspalum vaginatum,species,海雀稗,,,WGS84,122.1043389,25.4850556,0.000001,20,研海生態顧問股份有限公司,,,,,,,,,,"{覆蓋度: 0.01, 社會性: 零星分散}",2023-09-18
