taxonID,occurrenceID,eventDate,year,month,day,eventTime,basisOfRecord,continent,country,locality,samplingProtocol,scientificName,taxonRank,vernacularName,individualCount,georeferenceVerificationStatus,geodeticDatum,decimalLongitude,decimalLatitude,coordinatePrecision,coordinateUncertaintyInMeters,recordedBy,sex,lifeStage,reproductiveCondition,behavior,vitality,occurrenceStatus,occurrenceRemarks,associatedMedia,associatedReferences,dynamicProperties,verbatimEventDate
KL_Insect_0000002,1994-00-00_Insect_HumanObservation_000,1994,1994,,,,HumanObservation,Asia,Taiwan,棉花嶼,,Zizeeria maha okinawana,subspecies,藍灰蝶,,,WGS84,122.105349,25.484834,0.000001,400,社團法人基隆市野鳥學會,,,,,,,,,,,1994-00-00
KL_Insect_0000073,1994-00-00_Insect_HumanObservation_001,1994,1994,,,,HumanObservation,Asia,Taiwan,棉花嶼,,Nezara viridula,species,稻綠椿,,,WGS84,122.105349,25.484834,0.000001,400,社團法人基隆市野鳥學會,,,,,,,,,,,1994-00-00
KL_Insect_0000100,1994-00-00_Insect_HumanObservation_002,1994,1994,,,,HumanObservation,Asia,Taiwan,棉花嶼,,Necrobia rufipes,species,赤足郭公蟲,,,WGS84,122.105349,25.484834,0.000001,400,社團法人基隆市野鳥學會,,,,,,,,,,,1994-00-00
KL_Insect_0000101,1994-00-00_Insect_HumanObservation_003,1994,1994,,,,HumanObservation,Asia,Taiwan,棉花嶼,,Necrobia ruficollis,species,赤頸郭公蟲,,,WGS84,122.105349,25.484834,0.000001,400,社團法人基隆市野鳥學會,,,,,,,,,,,1994-00-00
KL_Insect_0000117,1994-00-00_Insect_HumanObservation_004,1994,1994,,,,HumanObservation,Asia,Taiwan,棉花嶼,,Tetramorium nipponense,species,日本皺家蟻,,,WGS84,122.105349,25.484834,0.000001,400,社團法人基隆市野鳥學會,,,,,,,,,,,1994-00-00
KL_Insect_0000001,2008-00-00_Insect_HumanObservation_005,2008,2008,,,,HumanObservation,Asia,Taiwan,棉花嶼,,Lampides boeticus,species,豆波灰蝶,,,WGS84,122.105349,25.484834,0.000001,400,中華民國珊瑚礁學會,,,,,,,,,,,2008-00-00
KL_Insect_0000002,2008-00-00_Insect_HumanObservation_006,2008,2008,,,,HumanObservation,Asia,Taiwan,棉花嶼,,Zizeeria maha okinawana,subspecies,藍灰蝶,,,WGS84,122.105349,25.484834,0.000001,400,中華民國珊瑚礁學會,,,,,,,,,,,2008-00-00
KL_Insect_0000008,2008-00-00_Insect_HumanObservation_007,2008,2008,,,,HumanObservation,Asia,Taiwan,棉花嶼,,Vanessa indica,species,大紅蛺蝶,,,WGS84,122.105349,25.484834,0.000001,400,中華民國珊瑚礁學會,,,,,,,,,,,2008-00-00
KL_Insect_0000020,2008-00-00_Insect_HumanObservation_008,2008,2008,,,,HumanObservation,Asia,Taiwan,棉花嶼,,Spoladea recurvalis,species,甜菜白帶野螟,,,WGS84,122.105349,25.484834,0.000001,400,中華民國珊瑚礁學會,,,,,,,,,,,2008-00-00
KL_Insect_0000021,2008-00-00_Insect_HumanObservation_009,2008,2008,,,,HumanObservation,Asia,Taiwan,棉花嶼,,Pleuroptya chlorophanta,species,三條肋野螟蛾,,,WGS84,122.105349,25.484834,0.000001,400,中華民國珊瑚礁學會,,,,,,,,,,,2008-00-00
KL_Insect_0000038,2008-00-00_Insect_HumanObservation_010,2008,2008,,,,HumanObservation,Asia,Taiwan,棉花嶼,,Sterrhinae,genus,姬尺蛾亞科,,,WGS84,122.105349,25.484834,0.000001,400,中華民國珊瑚礁學會,,,,,,,,,,,2008-00-00
KL_Insect_0000042,2008-00-00_Insect_HumanObservation_011,2008,2008,,,,HumanObservation,Asia,Taiwan,棉花嶼,,Earias cupreoviridis,species,鼎點鑽瘤蛾,,,WGS84,122.105349,25.484834,0.000001,400,中華民國珊瑚礁學會,,,,,,,,,,,2008-00-00
KL_Insect_0000048,2008-00-00_Insect_HumanObservation_012,2008,2008,,,,HumanObservation,Asia,Taiwan,棉花嶼,,Pantala flavescens,species,薄翅蜻蜓,,,WGS84,122.105349,25.484834,0.000001,400,中華民國珊瑚礁學會,,,,,,,,,,,2008-00-00
KL_Insect_0000051,2008-00-00_Insect_HumanObservation_013,2008,2008,,,,HumanObservation,Asia,Taiwan,棉花嶼,,Copera marginipes,species,脛蹼琵蟌,,,WGS84,122.105349,25.484834,0.000001,400,中華民國珊瑚礁學會,,,,,,,,,,,2008-00-00
KL_Insect_0000076,2008-00-00_Insect_HumanObservation_014,2008,2008,,,,HumanObservation,Asia,Taiwan,棉花嶼,,Oncocephalus assimilis,species,黑斑褐獵椿象,,,WGS84,122.105349,25.484834,0.000001,400,中華民國珊瑚礁學會,,,,,,,,,,,2008-00-00
KL_Insect_0000095,2008-00-00_Insect_HumanObservation_015,2008,2008,,,,HumanObservation,Asia,Taiwan,棉花嶼,,Chlorophorus graphus,species,圖紋虎天牛,,,WGS84,122.105349,25.484834,0.000001,400,中華民國珊瑚礁學會,,,,,,,,,,,2008-00-00
KL_Insect_0000131,2008-00-00_Insect_HumanObservation_016,2008,2008,,,,HumanObservation,Asia,Taiwan,棉花嶼,,Xysticus,genus,花蟹蛛,,,WGS84,122.105349,25.484834,0.000001,400,中華民國珊瑚礁學會,,,,,,,,,,,2008-00-00
KL_Insect_0000001,2009-00-00_Insect_HumanObservation_017,2009,2009,,,,HumanObservation,Asia,Taiwan,棉花嶼,,Lampides boeticus,species,豆波灰蝶,,,WGS84,122.105349,25.484834,0.000001,400,社團法人基隆市野鳥學會,,,,,,,,,,,2009-00-00
KL_Insect_0000002,2009-00-00_Insect_HumanObservation_018,2009,2009,,,,HumanObservation,Asia,Taiwan,棉花嶼,,Zizeeria maha okinawana,subspecies,藍灰蝶,,,WGS84,122.105349,25.484834,0.000001,400,社團法人基隆市野鳥學會,,,,,,,,,,,2009-00-00
KL_Insect_0000007,2009-00-00_Insect_HumanObservation_019,2009,2009,,,,HumanObservation,Asia,Taiwan,棉花嶼,,Vanessa cardui,species,小紅蛺蝶,,,WGS84,122.105349,25.484834,0.000001,400,社團法人基隆市野鳥學會,,,,,,,,,,,2009-00-00
KL_Insect_0000008,2009-00-00_Insect_HumanObservation_020,2009,2009,,,,HumanObservation,Asia,Taiwan,棉花嶼,,Vanessa indica,species,大紅蛺蝶,,,WGS84,122.105349,25.484834,0.000001,400,社團法人基隆市野鳥學會,,,,,,,,,,,2009-00-00
KL_Insect_0000013,2009-00-00_Insect_HumanObservation_021,2009,2009,,,,HumanObservation,Asia,Taiwan,棉花嶼,,Colias erate,species,紋黃蝶,,,WGS84,122.105349,25.484834,0.000001,400,社團法人基隆市野鳥學會,,,,,,,,,,,2009-00-00
KL_Insect_0000014,2009-00-00_Insect_HumanObservation_022,2009,2009,,,,HumanObservation,Asia,Taiwan,棉花嶼,,Pieris canidia,species,緣點白粉蝶,,,WGS84,122.105349,25.484834,0.000001,400,社團法人基隆市野鳥學會,,,,,,,,,,,2009-00-00
KL_Insect_0000020,2009-00-00_Insect_HumanObservation_023,2009,2009,,,,HumanObservation,Asia,Taiwan,棉花嶼,,Spoladea recurvalis,species,甜菜白帶野螟,,,WGS84,122.105349,25.484834,0.000001,400,社團法人基隆市野鳥學會,,,,,,,,,,,2009-00-00
KL_Insect_0000029,2009-00-00_Insect_HumanObservation_024,2009,2009,,,,HumanObservation,Asia,Taiwan,棉花嶼,,Nyctemera adversata,species,粉蝶燈蛾,,,WGS84,122.105349,25.484834,0.000001,400,社團法人基隆市野鳥學會,,,,,,,,,,,2009-00-00
KL_Insect_0000043,2009-00-00_Insect_HumanObservation_025,2009,2009,,,,HumanObservation,Asia,Taiwan,棉花嶼,,Anax parthenope julius,subspecies,綠胸晏蜓,,,WGS84,122.105349,25.484834,0.000001,400,社團法人基隆市野鳥學會,,,,,,,,,,,2009-00-00
KL_Insect_0000048,2009-00-00_Insect_HumanObservation_026,2009,2009,,,,HumanObservation,Asia,Taiwan,棉花嶼,,Pantala flavescens,species,薄翅蜻蜓,,,WGS84,122.105349,25.484834,0.000001,400,社團法人基隆市野鳥學會,,,,,,,,,,,2009-00-00
KL_Insect_0000073,2009-00-00_Insect_HumanObservation_027,2009,2009,,,,HumanObservation,Asia,Taiwan,棉花嶼,,Nezara viridula,species,稻綠椿,,,WGS84,122.105349,25.484834,0.000001,400,社團法人基隆市野鳥學會,,,,,,,,,,,2009-00-00
KL_Insect_0000081,2009-00-00_Insect_HumanObservation_028,2009,2009,,,,HumanObservation,Asia,Taiwan,棉花嶼,,Acrida cinerea,species,中華劍角蝗,,,WGS84,122.105349,25.484834,0.000001,400,社團法人基隆市野鳥學會,,,,,,,,,,,2009-00-00
KL_Insect_0000082,2009-00-00_Insect_HumanObservation_029,2009,2009,,,,HumanObservation,Asia,Taiwan,棉花嶼,,Aiolopus thalassinus,species,斑蝗,,,WGS84,122.105349,25.484834,0.000001,400,社團法人基隆市野鳥學會,,,,,,,,,,,2009-00-00
KL_Insect_0000085,2009-00-00_Insect_HumanObservation_030,2009,2009,,,,HumanObservation,Asia,Taiwan,棉花嶼,,Hieroglyphus annulicornis,species,斑腿蔗蝗,,,WGS84,122.105349,25.484834,0.000001,400,社團法人基隆市野鳥學會,,,,,,,,,,,2009-00-00
KL_Insect_0000086,2009-00-00_Insect_HumanObservation_031,2009,2009,,,,HumanObservation,Asia,Taiwan,棉花嶼,,Gastrimargus marmoratus,species,雲斑車蝗,,,WGS84,122.105349,25.484834,0.000001,400,社團法人基隆市野鳥學會,,,,,,,,,,,2009-00-00
KL_Insect_0000087,2009-00-00_Insect_HumanObservation_032,2009,2009,,,,HumanObservation,Asia,Taiwan,棉花嶼,,Teleogryllus mitratus,species,白緣眉紋蟋蟀,,,WGS84,122.105349,25.484834,0.000001,400,社團法人基隆市野鳥學會,,,,,,,,,,,2009-00-00
KL_Insect_0000108,2009-00-00_Insect_HumanObservation_033,2009,2009,,,,HumanObservation,Asia,Taiwan,棉花嶼,,Agrypnus sakaguchii,species,小褐鏽叩頭蟲,,,WGS84,122.105349,25.484834,0.000001,400,社團法人基隆市野鳥學會,,,,,,,,,,,2009-00-00
KL_Insect_0000001,2010-00-00_Insect_HumanObservation_034,2010,2010,,,,HumanObservation,Asia,Taiwan,棉花嶼,,Lampides boeticus,species,豆波灰蝶,,,WGS84,122.105349,25.484834,0.000001,400,社團法人基隆市野鳥學會,,,,,,,,,,,2010-00-00
KL_Insect_0000002,2010-00-00_Insect_HumanObservation_035,2010,2010,,,,HumanObservation,Asia,Taiwan,棉花嶼,,Zizeeria maha okinawana,subspecies,藍灰蝶,,,WGS84,122.105349,25.484834,0.000001,400,社團法人基隆市野鳥學會,,,,,,,,,,,2010-00-00
KL_Insect_0000006,2010-00-00_Insect_HumanObservation_036,2010,2010,,,,HumanObservation,Asia,Taiwan,棉花嶼,,Junonia orithya,species,青眼蛺蝶,,,WGS84,122.105349,25.484834,0.000001,400,社團法人基隆市野鳥學會,,,,,,,,,,,2010-00-00
KL_Insect_0000020,2010-00-00_Insect_HumanObservation_037,2010,2010,,,,HumanObservation,Asia,Taiwan,棉花嶼,,Spoladea recurvalis,species,甜菜白帶野螟,,,WGS84,122.105349,25.484834,0.000001,400,社團法人基隆市野鳥學會,,,,,,,,,,,2010-00-00
KL_Insect_0000023,2010-00-00_Insect_HumanObservation_038,2010,2010,,,,HumanObservation,Asia,Taiwan,棉花嶼,,Pleuroptya iopasalis,species,紫褐肋野螟蛾,,,WGS84,122.105349,25.484834,0.000001,400,社團法人基隆市野鳥學會,,,,,,,,,,,2010-00-00
KL_Insect_0000037,2010-00-00_Insect_HumanObservation_039,2010,2010,,,,HumanObservation,Asia,Taiwan,棉花嶼,,Hippotion rosetta,species,後紅斜線天蛾,,,WGS84,122.105349,25.484834,0.000001,400,社團法人基隆市野鳥學會,,,,,,,,,,,2010-00-00
KL_Insect_0000045,2010-00-00_Insect_HumanObservation_040,2010,2010,,,,HumanObservation,Asia,Taiwan,棉花嶼,,Agriocnemis pygmaea,species,橙尾細蟌,,,WGS84,122.105349,25.484834,0.000001,400,社團法人基隆市野鳥學會,,,,,,,,,,,2010-00-00
KL_Insect_0000048,2010-00-00_Insect_HumanObservation_041,2010,2010,,,,HumanObservation,Asia,Taiwan,棉花嶼,,Pantala flavescens,species,薄翅蜻蜓,,,WGS84,122.105349,25.484834,0.000001,400,社團法人基隆市野鳥學會,,,,,,,,,,,2010-00-00
KL_Insect_0000058,2010-00-00_Insect_HumanObservation_042,2010,2010,,,,HumanObservation,Asia,Taiwan,棉花嶼,,Spilostethus hospes,species,箭痕腺長?,,,WGS84,122.105349,25.484834,0.000001,400,社團法人基隆市野鳥學會,,,,,,,,,,,2010-00-00
KL_Insect_0000072,2010-00-00_Insect_HumanObservation_043,2010,2010,,,,HumanObservation,Asia,Taiwan,棉花嶼,,Agonoscelis nubilis,species,雲椿,,,WGS84,122.105349,25.484834,0.000001,400,社團法人基隆市野鳥學會,,,,,,,,,,,2010-00-00
KL_Insect_0000073,2010-00-00_Insect_HumanObservation_044,2010,2010,,,,HumanObservation,Asia,Taiwan,棉花嶼,,Nezara viridula,species,稻綠椿,,,WGS84,122.105349,25.484834,0.000001,400,社團法人基隆市野鳥學會,,,,,,,,,,,2010-00-00
KL_Insect_0000074,2010-00-00_Insect_HumanObservation_045,2010,2010,,,,HumanObservation,Asia,Taiwan,棉花嶼,,Piezodorus hybneri,species,璧椿,,,WGS84,122.105349,25.484834,0.000001,400,社團法人基隆市野鳥學會,,,,,,,,,,,2010-00-00
KL_Insect_0000075,2010-00-00_Insect_HumanObservation_046,2010,2010,,,,HumanObservation,Asia,Taiwan,棉花嶼,,Scotiphara scotii,species,短刺黑椿象,,,WGS84,122.105349,25.484834,0.000001,400,社團法人基隆市野鳥學會,,,,,,,,,,,2010-00-00
KL_Insect_0000077,2010-00-00_Insect_HumanObservation_047,2010,2010,,,,HumanObservation,Asia,Taiwan,棉花嶼,,Pycnoscelis surinamensis,species,穌里南潛蠊,,,WGS84,122.105349,25.484834,0.000001,400,社團法人基隆市野鳥學會,,,,,,,,,,,2010-00-00
KL_Insect_0000079,2010-00-00_Insect_HumanObservation_048,2010,2010,,,,HumanObservation,Asia,Taiwan,棉花嶼,,Periplaneta australasiae,species,澳洲家蠊,,,WGS84,122.105349,25.484834,0.000001,400,社團法人基隆市野鳥學會,,,,,,,,,,,2010-00-00
KL_Insect_0000080,2010-00-00_Insect_HumanObservation_049,2010,2010,,,,HumanObservation,Asia,Taiwan,棉花嶼,,Acrida turrita,species,長頭蝗,,,WGS84,122.105349,25.484834,0.000001,400,社團法人基隆市野鳥學會,,,,,,,,,,,2010-00-00
KL_Insect_0000082,2010-00-00_Insect_HumanObservation_050,2010,2010,,,,HumanObservation,Asia,Taiwan,棉花嶼,,Aiolopus thalassinus,species,斑蝗,,,WGS84,122.105349,25.484834,0.000001,400,社團法人基隆市野鳥學會,,,,,,,,,,,2010-00-00
KL_Insect_0000095,2010-00-00_Insect_HumanObservation_051,2010,2010,,,,HumanObservation,Asia,Taiwan,棉花嶼,,Chlorophorus graphus,species,圖紋虎天牛,,,WGS84,122.105349,25.484834,0.000001,400,社團法人基隆市野鳥學會,,,,,,,,,,,2010-00-00
KL_Insect_0000102,2010-00-00_Insect_HumanObservation_052,2010,2010,,,,HumanObservation,Asia,Taiwan,棉花嶼,,Coccinella septempunctata,species,七星瓢蟲,,,WGS84,122.105349,25.484834,0.000001,400,社團法人基隆市野鳥學會,,,,,,,,,,,2010-00-00
KL_Insect_0000103,2010-00-00_Insect_HumanObservation_053,2010,2010,,,,HumanObservation,Asia,Taiwan,棉花嶼,,Propylea japonica,species,龜紋瓢蟲,,,WGS84,122.105349,25.484834,0.000001,400,社團法人基隆市野鳥學會,,,,,,,,,,,2010-00-00
KL_Insect_0000106,2010-00-00_Insect_HumanObservation_054,2010,2010,,,,HumanObservation,Asia,Taiwan,棉花嶼,,Paederus fuscipes,species,紅胸隱翅蟲,,,WGS84,122.105349,25.484834,0.000001,400,社團法人基隆市野鳥學會,,,,,,,,,,,2010-00-00
KL_Insect_0000001,2011-00-00_Insect_HumanObservation_055,2011,2011,,,,HumanObservation,Asia,Taiwan,棉花嶼,,Lampides boeticus,species,豆波灰蝶,,,WGS84,122.105349,25.484834,0.000001,400,社團法人基隆市野鳥學會,,,,,,,,,,,2011-00-00
KL_Insect_0000002,2011-00-00_Insect_HumanObservation_056,2011,2011,,,,HumanObservation,Asia,Taiwan,棉花嶼,,Zizeeria maha okinawana,subspecies,藍灰蝶,,,WGS84,122.105349,25.484834,0.000001,400,社團法人基隆市野鳥學會,,,,,,,,,,,2011-00-00
KL_Insect_0000015,2011-00-00_Insect_HumanObservation_057,2011,2011,,,,HumanObservation,Asia,Taiwan,棉花嶼,,Catopsilia pomona,species,遷粉蝶,,,WGS84,122.105349,25.484834,0.000001,400,社團法人基隆市野鳥學會,,,,,,,,,,,2011-00-00
KL_Insect_0000016,2011-00-00_Insect_HumanObservation_058,2011,2011,,,,HumanObservation,Asia,Taiwan,棉花嶼,,Eurema mandarina,species,北黃蝶,,,WGS84,122.105349,25.484834,0.000001,400,社團法人基隆市野鳥學會,,,,,,,,,,,2011-00-00
KL_Insect_0000020,2011-00-00_Insect_HumanObservation_059,2011,2011,,,,HumanObservation,Asia,Taiwan,棉花嶼,,Spoladea recurvalis,species,甜菜白帶野螟,,,WGS84,122.105349,25.484834,0.000001,400,社團法人基隆市野鳥學會,,,,,,,,,,,2011-00-00
KL_Insect_0000022,2011-00-00_Insect_HumanObservation_060,2011,2011,,,,HumanObservation,Asia,Taiwan,棉花嶼,,Pygospila tyres,species,白斑黑翅野螟蛾,,,WGS84,122.105349,25.484834,0.000001,400,社團法人基隆市野鳥學會,,,,,,,,,,,2011-00-00
KL_Insect_0000035,2011-00-00_Insect_HumanObservation_061,2011,2011,,,,HumanObservation,Asia,Taiwan,棉花嶼,,Plutella xylostella,species,小菜蛾,,,WGS84,122.105349,25.484834,0.000001,400,社團法人基隆市野鳥學會,,,,,,,,,,,2011-00-00
KL_Insect_0000048,2011-00-00_Insect_HumanObservation_062,2011,2011,,,,HumanObservation,Asia,Taiwan,棉花嶼,,Pantala flavescens,species,薄翅蜻蜓,,,WGS84,122.105349,25.484834,0.000001,400,社團法人基隆市野鳥學會,,,,,,,,,,,2011-00-00
KL_Insect_0000053,2011-00-00_Insect_HumanObservation_063,2011,2011,,,,HumanObservation,Asia,Taiwan,棉花嶼,,Hishimonus sellatus,species,菱紋葉蟬,,,WGS84,122.105349,25.484834,0.000001,400,社團法人基隆市野鳥學會,,,,,,,,,,,2011-00-00
KL_Insect_0000057,2011-00-00_Insect_HumanObservation_064,2011,2011,,,,HumanObservation,Asia,Taiwan,棉花嶼,,Graptostethus servus servus,subspecies,紅腺長椿,,,WGS84,122.105349,25.484834,0.000001,400,社團法人基隆市野鳥學會,,,,,,,,,,,2011-00-00
KL_Insect_0000058,2011-00-00_Insect_HumanObservation_065,2011,2011,,,,HumanObservation,Asia,Taiwan,棉花嶼,,Spilostethus hospes,species,箭痕腺長?,,,WGS84,122.105349,25.484834,0.000001,400,社團法人基隆市野鳥學會,,,,,,,,,,,2011-00-00
KL_Insect_0000072,2011-00-00_Insect_HumanObservation_066,2011,2011,,,,HumanObservation,Asia,Taiwan,棉花嶼,,Agonoscelis nubilis,species,雲椿,,,WGS84,122.105349,25.484834,0.000001,400,社團法人基隆市野鳥學會,,,,,,,,,,,2011-00-00
KL_Insect_0000073,2011-00-00_Insect_HumanObservation_067,2011,2011,,,,HumanObservation,Asia,Taiwan,棉花嶼,,Nezara viridula,species,稻綠椿,,,WGS84,122.105349,25.484834,0.000001,400,社團法人基隆市野鳥學會,,,,,,,,,,,2011-00-00
KL_Insect_0000075,2011-00-00_Insect_HumanObservation_068,2011,2011,,,,HumanObservation,Asia,Taiwan,棉花嶼,,Scotiphara scotii,species,短刺黑椿象,,,WGS84,122.105349,25.484834,0.000001,400,社團法人基隆市野鳥學會,,,,,,,,,,,2011-00-00
KL_Insect_0000077,2011-00-00_Insect_HumanObservation_069,2011,2011,,,,HumanObservation,Asia,Taiwan,棉花嶼,,Pycnoscelis surinamensis,species,穌里南潛蠊,,,WGS84,122.105349,25.484834,0.000001,400,社團法人基隆市野鳥學會,,,,,,,,,,,2011-00-00
KL_Insect_0000079,2011-00-00_Insect_HumanObservation_070,2011,2011,,,,HumanObservation,Asia,Taiwan,棉花嶼,,Periplaneta australasiae,species,澳洲家蠊,,,WGS84,122.105349,25.484834,0.000001,400,社團法人基隆市野鳥學會,,,,,,,,,,,2011-00-00
KL_Insect_0000080,2011-00-00_Insect_HumanObservation_071,2011,2011,,,,HumanObservation,Asia,Taiwan,棉花嶼,,Acrida turrita,species,長頭蝗,,,WGS84,122.105349,25.484834,0.000001,400,社團法人基隆市野鳥學會,,,,,,,,,,,2011-00-00
KL_Insect_0000082,2011-00-00_Insect_HumanObservation_072,2011,2011,,,,HumanObservation,Asia,Taiwan,棉花嶼,,Aiolopus thalassinus,species,斑蝗,,,WGS84,122.105349,25.484834,0.000001,400,社團法人基隆市野鳥學會,,,,,,,,,,,2011-00-00
KL_Insect_0000083,2011-00-00_Insect_HumanObservation_073,2011,2011,,,,HumanObservation,Asia,Taiwan,棉花嶼,,Trilophidia annulata,species,疣蝗,,,WGS84,122.105349,25.484834,0.000001,400,社團法人基隆市野鳥學會,,,,,,,,,,,2011-00-00
KL_Insect_0000095,2011-00-00_Insect_HumanObservation_074,2011,2011,,,,HumanObservation,Asia,Taiwan,棉花嶼,,Chlorophorus graphus,species,圖紋虎天牛,,,WGS84,122.105349,25.484834,0.000001,400,社團法人基隆市野鳥學會,,,,,,,,,,,2011-00-00
KL_Insect_0000098,2011-00-00_Insect_HumanObservation_075,2011,2011,,,,HumanObservation,Asia,Taiwan,棉花嶼,,Colasposoma auripenne,species,甘藷猿金花蟲,,,WGS84,122.105349,25.484834,0.000001,400,社團法人基隆市野鳥學會,,,,,,,,,,,2011-00-00
KL_Insect_0000102,2011-00-00_Insect_HumanObservation_076,2011,2011,,,,HumanObservation,Asia,Taiwan,棉花嶼,,Coccinella septempunctata,species,七星瓢蟲,,,WGS84,122.105349,25.484834,0.000001,400,社團法人基隆市野鳥學會,,,,,,,,,,,2011-00-00
KL_Insect_0000105,2011-00-00_Insect_HumanObservation_077,2011,2011,,,,HumanObservation,Asia,Taiwan,棉花嶼,,Protaetia orientalis sakaii,subspecies,東方白點花金龜,,,WGS84,122.105349,25.484834,0.000001,400,社團法人基隆市野鳥學會,,,,,,,,,,,2011-00-00
KL_Insect_0000106,2011-00-00_Insect_HumanObservation_078,2011,2011,,,,HumanObservation,Asia,Taiwan,棉花嶼,,Paederus fuscipes,species,紅胸隱翅蟲,,,WGS84,122.105349,25.484834,0.000001,400,社團法人基隆市野鳥學會,,,,,,,,,,,2011-00-00
KL_Insect_0000001,2012-00-00_Insect_HumanObservation_079,2012,2012,,,,HumanObservation,Asia,Taiwan,棉花嶼,,Lampides boeticus,species,豆波灰蝶,,,WGS84,122.105349,25.484834,0.000001,400,社團法人基隆市野鳥學會,,,,,,,,,,,2012-00-00
KL_Insect_0000002,2012-00-00_Insect_HumanObservation_080,2012,2012,,,,HumanObservation,Asia,Taiwan,棉花嶼,,Zizeeria maha okinawana,subspecies,藍灰蝶,,,WGS84,122.105349,25.484834,0.000001,400,社團法人基隆市野鳥學會,,,,,,,,,,,2012-00-00
KL_Insect_0000008,2012-00-00_Insect_HumanObservation_081,2012,2012,,,,HumanObservation,Asia,Taiwan,棉花嶼,,Vanessa indica,species,大紅蛺蝶,,,WGS84,122.105349,25.484834,0.000001,400,社團法人基隆市野鳥學會,,,,,,,,,,,2012-00-00
KL_Insect_0000016,2012-00-00_Insect_HumanObservation_082,2012,2012,,,,HumanObservation,Asia,Taiwan,棉花嶼,,Eurema mandarina,species,北黃蝶,,,WGS84,122.105349,25.484834,0.000001,400,社團法人基隆市野鳥學會,,,,,,,,,,,2012-00-00
KL_Insect_0000020,2012-00-00_Insect_HumanObservation_083,2012,2012,,,,HumanObservation,Asia,Taiwan,棉花嶼,,Spoladea recurvalis,species,甜菜白帶野螟,,,WGS84,122.105349,25.484834,0.000001,400,社團法人基隆市野鳥學會,,,,,,,,,,,2012-00-00
KL_Insect_0000048,2012-00-00_Insect_HumanObservation_084,2012,2012,,,,HumanObservation,Asia,Taiwan,棉花嶼,,Pantala flavescens,species,薄翅蜻蜓,,,WGS84,122.105349,25.484834,0.000001,400,社團法人基隆市野鳥學會,,,,,,,,,,,2012-00-00
KL_Insect_0000052,2012-00-00_Insect_HumanObservation_085,2012,2012,,,,HumanObservation,Asia,Taiwan,棉花嶼,,Riptortus pedestris,species,點蜂緣椿,,,WGS84,122.105349,25.484834,0.000001,400,社團法人基隆市野鳥學會,,,,,,,,,,,2012-00-00
KL_Insect_0000054,2012-00-00_Insect_HumanObservation_086,2012,2012,,,,HumanObservation,Asia,Taiwan,棉花嶼,,Cletus trigonus,species,肩棘緣?,,,WGS84,122.105349,25.484834,0.000001,400,社團法人基隆市野鳥學會,,,,,,,,,,,2012-00-00
KL_Insect_0000055,2012-00-00_Insect_HumanObservation_087,2012,2012,,,,HumanObservation,Asia,Taiwan,棉花嶼,,Homoeocerus marginiventris,species,小點同緣?,,,WGS84,122.105349,25.484834,0.000001,400,社團法人基隆市野鳥學會,,,,,,,,,,,2012-00-00
KL_Insect_0000058,2012-00-00_Insect_HumanObservation_088,2012,2012,,,,HumanObservation,Asia,Taiwan,棉花嶼,,Spilostethus hospes,species,箭痕腺長?,,,WGS84,122.105349,25.484834,0.000001,400,社團法人基隆市野鳥學會,,,,,,,,,,,2012-00-00
KL_Insect_0000072,2012-00-00_Insect_HumanObservation_089,2012,2012,,,,HumanObservation,Asia,Taiwan,棉花嶼,,Agonoscelis nubilis,species,雲椿,,,WGS84,122.105349,25.484834,0.000001,400,社團法人基隆市野鳥學會,,,,,,,,,,,2012-00-00
KL_Insect_0000073,2012-00-00_Insect_HumanObservation_090,2012,2012,,,,HumanObservation,Asia,Taiwan,棉花嶼,,Nezara viridula,species,稻綠椿,,,WGS84,122.105349,25.484834,0.000001,400,社團法人基隆市野鳥學會,,,,,,,,,,,2012-00-00
KL_Insect_0000075,2012-00-00_Insect_HumanObservation_091,2012,2012,,,,HumanObservation,Asia,Taiwan,棉花嶼,,Scotiphara scotii,species,短刺黑椿象,,,WGS84,122.105349,25.484834,0.000001,400,社團法人基隆市野鳥學會,,,,,,,,,,,2012-00-00
KL_Insect_0000077,2012-00-00_Insect_HumanObservation_092,2012,2012,,,,HumanObservation,Asia,Taiwan,棉花嶼,,Pycnoscelis surinamensis,species,穌里南潛蠊,,,WGS84,122.105349,25.484834,0.000001,400,社團法人基隆市野鳥學會,,,,,,,,,,,2012-00-00
KL_Insect_0000079,2012-00-00_Insect_HumanObservation_093,2012,2012,,,,HumanObservation,Asia,Taiwan,棉花嶼,,Periplaneta australasiae,species,澳洲家蠊,,,WGS84,122.105349,25.484834,0.000001,400,社團法人基隆市野鳥學會,,,,,,,,,,,2012-00-00
KL_Insect_0000080,2012-00-00_Insect_HumanObservation_094,2012,2012,,,,HumanObservation,Asia,Taiwan,棉花嶼,,Acrida turrita,species,長頭蝗,,,WGS84,122.105349,25.484834,0.000001,400,社團法人基隆市野鳥學會,,,,,,,,,,,2012-00-00
KL_Insect_0000082,2012-00-00_Insect_HumanObservation_095,2012,2012,,,,HumanObservation,Asia,Taiwan,棉花嶼,,Aiolopus thalassinus,species,斑蝗,,,WGS84,122.105349,25.484834,0.000001,400,社團法人基隆市野鳥學會,,,,,,,,,,,2012-00-00
KL_Insect_0000083,2012-00-00_Insect_HumanObservation_096,2012,2012,,,,HumanObservation,Asia,Taiwan,棉花嶼,,Trilophidia annulata,species,疣蝗,,,WGS84,122.105349,25.484834,0.000001,400,社團法人基隆市野鳥學會,,,,,,,,,,,2012-00-00
KL_Insect_0000094,2012-00-00_Insect_HumanObservation_097,2012,2012,,,,HumanObservation,Asia,Taiwan,棉花嶼,,Chlorophorus annularis,species,竹虎天牛,,,WGS84,122.105349,25.484834,0.000001,400,社團法人基隆市野鳥學會,,,,,,,,,,,2012-00-00
KL_Insect_0000098,2012-00-00_Insect_HumanObservation_098,2012,2012,,,,HumanObservation,Asia,Taiwan,棉花嶼,,Colasposoma auripenne,species,甘藷猿金花蟲,,,WGS84,122.105349,25.484834,0.000001,400,社團法人基隆市野鳥學會,,,,,,,,,,,2012-00-00
KL_Insect_0000106,2012-00-00_Insect_HumanObservation_099,2012,2012,,,,HumanObservation,Asia,Taiwan,棉花嶼,,Paederus fuscipes,species,紅胸隱翅蟲,,,WGS84,122.105349,25.484834,0.000001,400,社團法人基隆市野鳥學會,,,,,,,,,,,2012-00-00
KL_Insect_0000001,2013-00-00_Insect_HumanObservation_100,2013,2013,,,,HumanObservation,Asia,Taiwan,棉花嶼,,Lampides boeticus,species,豆波灰蝶,,,WGS84,122.105349,25.484834,0.000001,400,社團法人基隆市野鳥學會,,,,,,,,,,,2013-00-00
KL_Insect_0000002,2013-00-00_Insect_HumanObservation_101,2013,2013,,,,HumanObservation,Asia,Taiwan,棉花嶼,,Zizeeria maha okinawana,subspecies,藍灰蝶,,,WGS84,122.105349,25.484834,0.000001,400,社團法人基隆市野鳥學會,,,,,,,,,,,2013-00-00
KL_Insect_0000007,2013-00-00_Insect_HumanObservation_102,2013,2013,,,,HumanObservation,Asia,Taiwan,棉花嶼,,Vanessa cardui,species,小紅蛺蝶,,,WGS84,122.105349,25.484834,0.000001,400,社團法人基隆市野鳥學會,,,,,,,,,,,2013-00-00
KL_Insect_0000020,2013-00-00_Insect_HumanObservation_103,2013,2013,,,,HumanObservation,Asia,Taiwan,棉花嶼,,Spoladea recurvalis,species,甜菜白帶野螟,,,WGS84,122.105349,25.484834,0.000001,400,社團法人基隆市野鳥學會,,,,,,,,,,,2013-00-00
KL_Insect_0000028,2013-00-00_Insect_HumanObservation_104,2013,2013,,,,HumanObservation,Asia,Taiwan,棉花嶼,,Eudocima phalonia,species,落葉夜蛾,,,WGS84,122.105349,25.484834,0.000001,400,社團法人基隆市野鳥學會,,,,,,,,,,,2013-00-00
KL_Insect_0000033,2013-00-00_Insect_HumanObservation_105,2013,2013,,,,HumanObservation,Asia,Taiwan,棉花嶼,,Asota plana lacteata,subspecies,長斑擬燈蛾,,,WGS84,122.105349,25.484834,0.000001,400,社團法人基隆市野鳥學會,,,,,,,,,,,2013-00-00
KL_Insect_0000034,2013-00-00_Insect_HumanObservation_106,2013,2013,,,,HumanObservation,Asia,Taiwan,棉花嶼,,Grammodes geometrica,species,象夜蛾,,,WGS84,122.105349,25.484834,0.000001,400,社團法人基隆市野鳥學會,,,,,,,,,,,2013-00-00
KL_Insect_0000048,2013-00-00_Insect_HumanObservation_107,2013,2013,,,,HumanObservation,Asia,Taiwan,棉花嶼,,Pantala flavescens,species,薄翅蜻蜓,,,WGS84,122.105349,25.484834,0.000001,400,社團法人基隆市野鳥學會,,,,,,,,,,,2013-00-00
KL_Insect_0000058,2013-00-00_Insect_HumanObservation_108,2013,2013,,,,HumanObservation,Asia,Taiwan,棉花嶼,,Spilostethus hospes,species,箭痕腺長?,,,WGS84,122.105349,25.484834,0.000001,400,社團法人基隆市野鳥學會,,,,,,,,,,,2013-00-00
KL_Insect_0000072,2013-00-00_Insect_HumanObservation_109,2013,2013,,,,HumanObservation,Asia,Taiwan,棉花嶼,,Agonoscelis nubilis,species,雲椿,,,WGS84,122.105349,25.484834,0.000001,400,社團法人基隆市野鳥學會,,,,,,,,,,,2013-00-00
KL_Insect_0000073,2013-00-00_Insect_HumanObservation_110,2013,2013,,,,HumanObservation,Asia,Taiwan,棉花嶼,,Nezara viridula,species,稻綠椿,,,WGS84,122.105349,25.484834,0.000001,400,社團法人基隆市野鳥學會,,,,,,,,,,,2013-00-00
KL_Insect_0000079,2013-00-00_Insect_HumanObservation_111,2013,2013,,,,HumanObservation,Asia,Taiwan,棉花嶼,,Periplaneta australasiae,species,澳洲家蠊,,,WGS84,122.105349,25.484834,0.000001,400,社團法人基隆市野鳥學會,,,,,,,,,,,2013-00-00
KL_Insect_0000082,2013-00-00_Insect_HumanObservation_112,2013,2013,,,,HumanObservation,Asia,Taiwan,棉花嶼,,Aiolopus thalassinus,species,斑蝗,,,WGS84,122.105349,25.484834,0.000001,400,社團法人基隆市野鳥學會,,,,,,,,,,,2013-00-00
KL_Insect_0000083,2013-00-00_Insect_HumanObservation_113,2013,2013,,,,HumanObservation,Asia,Taiwan,棉花嶼,,Trilophidia annulata,species,疣蝗,,,WGS84,122.105349,25.484834,0.000001,400,社團法人基隆市野鳥學會,,,,,,,,,,,2013-00-00
KL_Insect_0000095,2013-00-00_Insect_HumanObservation_114,2013,2013,,,,HumanObservation,Asia,Taiwan,棉花嶼,,Chlorophorus graphus,species,圖紋虎天牛,,,WGS84,122.105349,25.484834,0.000001,400,社團法人基隆市野鳥學會,,,,,,,,,,,2013-00-00
KL_Insect_0000098,2013-00-00_Insect_HumanObservation_115,2013,2013,,,,HumanObservation,Asia,Taiwan,棉花嶼,,Colasposoma auripenne,species,甘藷猿金花蟲,,,WGS84,122.105349,25.484834,0.000001,400,社團法人基隆市野鳥學會,,,,,,,,,,,2013-00-00
KL_Insect_0000105,2013-00-00_Insect_HumanObservation_116,2013,2013,,,,HumanObservation,Asia,Taiwan,棉花嶼,,Protaetia orientalis sakaii,subspecies,東方白點花金龜,,,WGS84,122.105349,25.484834,0.000001,400,社團法人基隆市野鳥學會,,,,,,,,,,,2013-00-00
KL_Insect_0000106,2013-00-00_Insect_HumanObservation_117,2013,2013,,,,HumanObservation,Asia,Taiwan,棉花嶼,,Paederus fuscipes,species,紅胸隱翅蟲,,,WGS84,122.105349,25.484834,0.000001,400,社團法人基隆市野鳥學會,,,,,,,,,,,2013-00-00
KL_Insect_0000001,2014-00-00_Insect_HumanObservation_118,2014,2014,,,,HumanObservation,Asia,Taiwan,棉花嶼,,Lampides boeticus,species,豆波灰蝶,,,WGS84,122.105349,25.484834,0.000001,400,社團法人基隆市野鳥學會,,,,,,,,,,,2014-00-00
KL_Insect_0000002,2014-00-00_Insect_HumanObservation_119,2014,2014,,,,HumanObservation,Asia,Taiwan,棉花嶼,,Zizeeria maha okinawana,subspecies,藍灰蝶,,,WGS84,122.105349,25.484834,0.000001,400,社團法人基隆市野鳥學會,,,,,,,,,,,2014-00-00
KL_Insect_0000007,2014-00-00_Insect_HumanObservation_120,2014,2014,,,,HumanObservation,Asia,Taiwan,棉花嶼,,Vanessa cardui,species,小紅蛺蝶,,,WGS84,122.105349,25.484834,0.000001,400,社團法人基隆市野鳥學會,,,,,,,,,,,2014-00-00
KL_Insect_0000020,2014-00-00_Insect_HumanObservation_121,2014,2014,,,,HumanObservation,Asia,Taiwan,棉花嶼,,Spoladea recurvalis,species,甜菜白帶野螟,,,WGS84,122.105349,25.484834,0.000001,400,社團法人基隆市野鳥學會,,,,,,,,,,,2014-00-00
KL_Insect_0000028,2014-00-00_Insect_HumanObservation_122,2014,2014,,,,HumanObservation,Asia,Taiwan,棉花嶼,,Eudocima phalonia,species,落葉夜蛾,,,WGS84,122.105349,25.484834,0.000001,400,社團法人基隆市野鳥學會,,,,,,,,,,,2014-00-00
KL_Insect_0000033,2014-00-00_Insect_HumanObservation_123,2014,2014,,,,HumanObservation,Asia,Taiwan,棉花嶼,,Asota plana lacteata,subspecies,長斑擬燈蛾,,,WGS84,122.105349,25.484834,0.000001,400,社團法人基隆市野鳥學會,,,,,,,,,,,2014-00-00
KL_Insect_0000034,2014-00-00_Insect_HumanObservation_124,2014,2014,,,,HumanObservation,Asia,Taiwan,棉花嶼,,Grammodes geometrica,species,象夜蛾,,,WGS84,122.105349,25.484834,0.000001,400,社團法人基隆市野鳥學會,,,,,,,,,,,2014-00-00
KL_Insect_0000048,2014-00-00_Insect_HumanObservation_125,2014,2014,,,,HumanObservation,Asia,Taiwan,棉花嶼,,Pantala flavescens,species,薄翅蜻蜓,,,WGS84,122.105349,25.484834,0.000001,400,社團法人基隆市野鳥學會,,,,,,,,,,,2014-00-00
KL_Insect_0000049,2014-00-00_Insect_HumanObservation_126,2014,2014,,,,HumanObservation,Asia,Taiwan,棉花嶼,,Sympetrum fonscolombii,species,紅脈蜻蜓,,,WGS84,122.105349,25.484834,0.000001,400,社團法人基隆市野鳥學會,,,,,,,,,,,2014-00-00
KL_Insect_0000058,2014-00-00_Insect_HumanObservation_127,2014,2014,,,,HumanObservation,Asia,Taiwan,棉花嶼,,Spilostethus hospes,species,箭痕腺長?,,,WGS84,122.105349,25.484834,0.000001,400,社團法人基隆市野鳥學會,,,,,,,,,,,2014-00-00
KL_Insect_0000072,2014-00-00_Insect_HumanObservation_128,2014,2014,,,,HumanObservation,Asia,Taiwan,棉花嶼,,Agonoscelis nubilis,species,雲椿,,,WGS84,122.105349,25.484834,0.000001,400,社團法人基隆市野鳥學會,,,,,,,,,,,2014-00-00
KL_Insect_0000073,2014-00-00_Insect_HumanObservation_129,2014,2014,,,,HumanObservation,Asia,Taiwan,棉花嶼,,Nezara viridula,species,稻綠椿,,,WGS84,122.105349,25.484834,0.000001,400,社團法人基隆市野鳥學會,,,,,,,,,,,2014-00-00
KL_Insect_0000079,2014-00-00_Insect_HumanObservation_130,2014,2014,,,,HumanObservation,Asia,Taiwan,棉花嶼,,Periplaneta australasiae,species,澳洲家蠊,,,WGS84,122.105349,25.484834,0.000001,400,社團法人基隆市野鳥學會,,,,,,,,,,,2014-00-00
KL_Insect_0000082,2014-00-00_Insect_HumanObservation_131,2014,2014,,,,HumanObservation,Asia,Taiwan,棉花嶼,,Aiolopus thalassinus,species,斑蝗,,,WGS84,122.105349,25.484834,0.000001,400,社團法人基隆市野鳥學會,,,,,,,,,,,2014-00-00
KL_Insect_0000083,2014-00-00_Insect_HumanObservation_132,2014,2014,,,,HumanObservation,Asia,Taiwan,棉花嶼,,Trilophidia annulata,species,疣蝗,,,WGS84,122.105349,25.484834,0.000001,400,社團法人基隆市野鳥學會,,,,,,,,,,,2014-00-00
KL_Insect_0000095,2014-00-00_Insect_HumanObservation_133,2014,2014,,,,HumanObservation,Asia,Taiwan,棉花嶼,,Chlorophorus graphus,species,圖紋虎天牛,,,WGS84,122.105349,25.484834,0.000001,400,社團法人基隆市野鳥學會,,,,,,,,,,,2014-00-00
KL_Insect_0000098,2014-00-00_Insect_HumanObservation_134,2014,2014,,,,HumanObservation,Asia,Taiwan,棉花嶼,,Colasposoma auripenne,species,甘藷猿金花蟲,,,WGS84,122.105349,25.484834,0.000001,400,社團法人基隆市野鳥學會,,,,,,,,,,,2014-00-00
KL_Insect_0000105,2014-00-00_Insect_HumanObservation_135,2014,2014,,,,HumanObservation,Asia,Taiwan,棉花嶼,,Protaetia orientalis sakaii,subspecies,東方白點花金龜,,,WGS84,122.105349,25.484834,0.000001,400,社團法人基隆市野鳥學會,,,,,,,,,,,2014-00-00
KL_Insect_0000106,2014-00-00_Insect_HumanObservation_136,2014,2014,,,,HumanObservation,Asia,Taiwan,棉花嶼,,Paederus fuscipes,species,紅胸隱翅蟲,,,WGS84,122.105349,25.484834,0.000001,400,社團法人基隆市野鳥學會,,,,,,,,,,,2014-00-00
KL_Insect_0000001,2015-00-00_Insect_HumanObservation_137,2015,2015,,,,HumanObservation,Asia,Taiwan,棉花嶼,,Lampides boeticus,species,豆波灰蝶,,,WGS84,122.105349,25.484834,0.000001,400,社團法人基隆市野鳥學會,,,,,,,,,,,2015-00-00
KL_Insect_0000002,2015-00-00_Insect_HumanObservation_138,2015,2015,,,,HumanObservation,Asia,Taiwan,棉花嶼,,Zizeeria maha okinawana,subspecies,藍灰蝶,,,WGS84,122.105349,25.484834,0.000001,400,社團法人基隆市野鳥學會,,,,,,,,,,,2015-00-00
KL_Insect_0000006,2015-00-00_Insect_HumanObservation_139,2015,2015,,,,HumanObservation,Asia,Taiwan,棉花嶼,,Junonia orithya,species,青眼蛺蝶,,,WGS84,122.105349,25.484834,0.000001,400,社團法人基隆市野鳥學會,,,,,,,,,,,2015-00-00
KL_Insect_0000007,2015-00-00_Insect_HumanObservation_140,2015,2015,,,,HumanObservation,Asia,Taiwan,棉花嶼,,Vanessa cardui,species,小紅蛺蝶,,,WGS84,122.105349,25.484834,0.000001,400,社團法人基隆市野鳥學會,,,,,,,,,,,2015-00-00
KL_Insect_0000020,2015-00-00_Insect_HumanObservation_141,2015,2015,,,,HumanObservation,Asia,Taiwan,棉花嶼,,Spoladea recurvalis,species,甜菜白帶野螟,,,WGS84,122.105349,25.484834,0.000001,400,社團法人基隆市野鳥學會,,,,,,,,,,,2015-00-00
KL_Insect_0000043,2015-00-00_Insect_HumanObservation_142,2015,2015,,,,HumanObservation,Asia,Taiwan,棉花嶼,,Anax parthenope julius,subspecies,綠胸晏蜓,,,WGS84,122.105349,25.484834,0.000001,400,社團法人基隆市野鳥學會,,,,,,,,,,,2015-00-00
KL_Insect_0000048,2015-00-00_Insect_HumanObservation_143,2015,2015,,,,HumanObservation,Asia,Taiwan,棉花嶼,,Pantala flavescens,species,薄翅蜻蜓,,,WGS84,122.105349,25.484834,0.000001,400,社團法人基隆市野鳥學會,,,,,,,,,,,2015-00-00
KL_Insect_0000049,2015-00-00_Insect_HumanObservation_144,2015,2015,,,,HumanObservation,Asia,Taiwan,棉花嶼,,Sympetrum fonscolombii,species,紅脈蜻蜓,,,WGS84,122.105349,25.484834,0.000001,400,社團法人基隆市野鳥學會,,,,,,,,,,,2015-00-00
KL_Insect_0000050,2015-00-00_Insect_HumanObservation_145,2015,2015,,,,HumanObservation,Asia,Taiwan,棉花嶼,,Tramea virginia,species,大華蜻蜓,,,WGS84,122.105349,25.484834,0.000001,400,社團法人基隆市野鳥學會,,,,,,,,,,,2015-00-00
KL_Insect_0000055,2015-00-00_Insect_HumanObservation_146,2015,2015,,,,HumanObservation,Asia,Taiwan,棉花嶼,,Homoeocerus marginiventris,species,小點同緣?,,,WGS84,122.105349,25.484834,0.000001,400,社團法人基隆市野鳥學會,,,,,,,,,,,2015-00-00
KL_Insect_0000058,2015-00-00_Insect_HumanObservation_147,2015,2015,,,,HumanObservation,Asia,Taiwan,棉花嶼,,Spilostethus hospes,species,箭痕腺長?,,,WGS84,122.105349,25.484834,0.000001,400,社團法人基隆市野鳥學會,,,,,,,,,,,2015-00-00
KL_Insect_0000072,2015-00-00_Insect_HumanObservation_148,2015,2015,,,,HumanObservation,Asia,Taiwan,棉花嶼,,Agonoscelis nubilis,species,雲椿,,,WGS84,122.105349,25.484834,0.000001,400,社團法人基隆市野鳥學會,,,,,,,,,,,2015-00-00
KL_Insect_0000077,2015-00-00_Insect_HumanObservation_149,2015,2015,,,,HumanObservation,Asia,Taiwan,棉花嶼,,Pycnoscelis surinamensis,species,穌里南潛蠊,,,WGS84,122.105349,25.484834,0.000001,400,社團法人基隆市野鳥學會,,,,,,,,,,,2015-00-00
KL_Insect_0000079,2015-00-00_Insect_HumanObservation_150,2015,2015,,,,HumanObservation,Asia,Taiwan,棉花嶼,,Periplaneta australasiae,species,澳洲家蠊,,,WGS84,122.105349,25.484834,0.000001,400,社團法人基隆市野鳥學會,,,,,,,,,,,2015-00-00
KL_Insect_0000082,2015-00-00_Insect_HumanObservation_151,2015,2015,,,,HumanObservation,Asia,Taiwan,棉花嶼,,Aiolopus thalassinus,species,斑蝗,,,WGS84,122.105349,25.484834,0.000001,400,社團法人基隆市野鳥學會,,,,,,,,,,,2015-00-00
KL_Insect_0000083,2015-00-00_Insect_HumanObservation_152,2015,2015,,,,HumanObservation,Asia,Taiwan,棉花嶼,,Trilophidia annulata,species,疣蝗,,,WGS84,122.105349,25.484834,0.000001,400,社團法人基隆市野鳥學會,,,,,,,,,,,2015-00-00
KL_Insect_0000091,2015-00-00_Insect_HumanObservation_153,2015,2015,,,,HumanObservation,Asia,Taiwan,棉花嶼,,Euconocephalus nasutus,species,鼻優草螽,,,WGS84,122.105349,25.484834,0.000001,400,社團法人基隆市野鳥學會,,,,,,,,,,,2015-00-00
KL_Insect_0000095,2015-00-00_Insect_HumanObservation_154,2015,2015,,,,HumanObservation,Asia,Taiwan,棉花嶼,,Chlorophorus graphus,species,圖紋虎天牛,,,WGS84,122.105349,25.484834,0.000001,400,社團法人基隆市野鳥學會,,,,,,,,,,,2015-00-00
KL_Insect_0000105,2015-00-00_Insect_HumanObservation_155,2015,2015,,,,HumanObservation,Asia,Taiwan,棉花嶼,,Protaetia orientalis sakaii,subspecies,東方白點花金龜,,,WGS84,122.105349,25.484834,0.000001,400,社團法人基隆市野鳥學會,,,,,,,,,,,2015-00-00
KL_Insect_0000001,2016-00-00_Insect_HumanObservation_156,2016,2016,,,,HumanObservation,Asia,Taiwan,棉花嶼,,Lampides boeticus,species,豆波灰蝶,,,WGS84,122.105349,25.484834,0.000001,400,社團法人基隆市野鳥學會,,,,,,,,,,,2016-00-00
KL_Insect_0000002,2016-00-00_Insect_HumanObservation_157,2016,2016,,,,HumanObservation,Asia,Taiwan,棉花嶼,,Zizeeria maha okinawana,subspecies,藍灰蝶,,,WGS84,122.105349,25.484834,0.000001,400,社團法人基隆市野鳥學會,,,,,,,,,,,2016-00-00
KL_Insect_0000015,2016-00-00_Insect_HumanObservation_158,2016,2016,,,,HumanObservation,Asia,Taiwan,棉花嶼,,Catopsilia pomona,species,遷粉蝶,,,WGS84,122.105349,25.484834,0.000001,400,社團法人基隆市野鳥學會,,,,,,,,,,,2016-00-00
KL_Insect_0000020,2016-00-00_Insect_HumanObservation_159,2016,2016,,,,HumanObservation,Asia,Taiwan,棉花嶼,,Spoladea recurvalis,species,甜菜白帶野螟,,,WGS84,122.105349,25.484834,0.000001,400,社團法人基隆市野鳥學會,,,,,,,,,,,2016-00-00
KL_Insect_0000043,2016-00-00_Insect_HumanObservation_160,2016,2016,,,,HumanObservation,Asia,Taiwan,棉花嶼,,Anax parthenope julius,subspecies,綠胸晏蜓,,,WGS84,122.105349,25.484834,0.000001,400,社團法人基隆市野鳥學會,,,,,,,,,,,2016-00-00
KL_Insect_0000048,2016-00-00_Insect_HumanObservation_161,2016,2016,,,,HumanObservation,Asia,Taiwan,棉花嶼,,Pantala flavescens,species,薄翅蜻蜓,,,WGS84,122.105349,25.484834,0.000001,400,社團法人基隆市野鳥學會,,,,,,,,,,,2016-00-00
KL_Insect_0000055,2016-00-00_Insect_HumanObservation_162,2016,2016,,,,HumanObservation,Asia,Taiwan,棉花嶼,,Homoeocerus marginiventris,species,小點同緣?,,,WGS84,122.105349,25.484834,0.000001,400,社團法人基隆市野鳥學會,,,,,,,,,,,2016-00-00
KL_Insect_0000058,2016-00-00_Insect_HumanObservation_163,2016,2016,,,,HumanObservation,Asia,Taiwan,棉花嶼,,Spilostethus hospes,species,箭痕腺長?,,,WGS84,122.105349,25.484834,0.000001,400,社團法人基隆市野鳥學會,,,,,,,,,,,2016-00-00
KL_Insect_0000072,2016-00-00_Insect_HumanObservation_164,2016,2016,,,,HumanObservation,Asia,Taiwan,棉花嶼,,Agonoscelis nubilis,species,雲椿,,,WGS84,122.105349,25.484834,0.000001,400,社團法人基隆市野鳥學會,,,,,,,,,,,2016-00-00
KL_Insect_0000077,2016-00-00_Insect_HumanObservation_165,2016,2016,,,,HumanObservation,Asia,Taiwan,棉花嶼,,Pycnoscelis surinamensis,species,穌里南潛蠊,,,WGS84,122.105349,25.484834,0.000001,400,社團法人基隆市野鳥學會,,,,,,,,,,,2016-00-00
KL_Insect_0000079,2016-00-00_Insect_HumanObservation_166,2016,2016,,,,HumanObservation,Asia,Taiwan,棉花嶼,,Periplaneta australasiae,species,澳洲家蠊,,,WGS84,122.105349,25.484834,0.000001,400,社團法人基隆市野鳥學會,,,,,,,,,,,2016-00-00
KL_Insect_0000080,2016-00-00_Insect_HumanObservation_167,2016,2016,,,,HumanObservation,Asia,Taiwan,棉花嶼,,Acrida turrita,species,長頭蝗,,,WGS84,122.105349,25.484834,0.000001,400,社團法人基隆市野鳥學會,,,,,,,,,,,2016-00-00
KL_Insect_0000082,2016-00-00_Insect_HumanObservation_168,2016,2016,,,,HumanObservation,Asia,Taiwan,棉花嶼,,Aiolopus thalassinus,species,斑蝗,,,WGS84,122.105349,25.484834,0.000001,400,社團法人基隆市野鳥學會,,,,,,,,,,,2016-00-00
KL_Insect_0000083,2016-00-00_Insect_HumanObservation_169,2016,2016,,,,HumanObservation,Asia,Taiwan,棉花嶼,,Trilophidia annulata,species,疣蝗,,,WGS84,122.105349,25.484834,0.000001,400,社團法人基隆市野鳥學會,,,,,,,,,,,2016-00-00
KL_Insect_0000088,2016-00-00_Insect_HumanObservation_170,2016,2016,,,,HumanObservation,Asia,Taiwan,棉花嶼,,Velarifictorus ornatus,species,麗鬥蟋,,,WGS84,122.105349,25.484834,0.000001,400,社團法人基隆市野鳥學會,,,,,,,,,,,2016-00-00
KL_Insect_0000095,2016-00-00_Insect_HumanObservation_171,2016,2016,,,,HumanObservation,Asia,Taiwan,棉花嶼,,Chlorophorus graphus,species,圖紋虎天牛,,,WGS84,122.105349,25.484834,0.000001,400,社團法人基隆市野鳥學會,,,,,,,,,,,2016-00-00
KL_Insect_0000105,2016-00-00_Insect_HumanObservation_172,2016,2016,,,,HumanObservation,Asia,Taiwan,棉花嶼,,Protaetia orientalis sakaii,subspecies,東方白點花金龜,,,WGS84,122.105349,25.484834,0.000001,400,社團法人基隆市野鳥學會,,,,,,,,,,,2016-00-00
KL_Insect_0000001,2017-00-00_Insect_HumanObservation_173,2017,2017,,,,HumanObservation,Asia,Taiwan,棉花嶼,,Lampides boeticus,species,豆波灰蝶,,,WGS84,122.105349,25.484834,0.000001,400,社團法人基隆市野鳥學會,,,,,,,,,,,2017-00-00
KL_Insect_0000002,2017-00-00_Insect_HumanObservation_174,2017,2017,,,,HumanObservation,Asia,Taiwan,棉花嶼,,Zizeeria maha okinawana,subspecies,藍灰蝶,,,WGS84,122.105349,25.484834,0.000001,400,社團法人基隆市野鳥學會,,,,,,,,,,,2017-00-00
KL_Insect_0000004,2017-00-00_Insect_HumanObservation_175,2017,2017,,,,HumanObservation,Asia,Taiwan,棉花嶼,,Zizina otis riukuensis,subspecies,折列藍灰蝶,,,WGS84,122.105349,25.484834,0.000001,400,社團法人基隆市野鳥學會,,,,,,,,,,,2017-00-00
KL_Insect_0000007,2017-00-00_Insect_HumanObservation_176,2017,2017,,,,HumanObservation,Asia,Taiwan,棉花嶼,,Vanessa cardui,species,小紅蛺蝶,,,WGS84,122.105349,25.484834,0.000001,400,社團法人基隆市野鳥學會,,,,,,,,,,,2017-00-00
KL_Insect_0000008,2017-00-00_Insect_HumanObservation_177,2017,2017,,,,HumanObservation,Asia,Taiwan,棉花嶼,,Vanessa indica,species,大紅蛺蝶,,,WGS84,122.105349,25.484834,0.000001,400,社團法人基隆市野鳥學會,,,,,,,,,,,2017-00-00
KL_Insect_0000017,2017-00-00_Insect_HumanObservation_178,2017,2017,,,,HumanObservation,Asia,Taiwan,棉花嶼,,Appias albina semperi,subspecies,尖粉蝶,,,WGS84,122.105349,25.484834,0.000001,400,社團法人基隆市野鳥學會,,,,,,,,,,,2017-00-00
KL_Insect_0000020,2017-00-00_Insect_HumanObservation_179,2017,2017,,,,HumanObservation,Asia,Taiwan,棉花嶼,,Spoladea recurvalis,species,甜菜白帶野螟,,,WGS84,122.105349,25.484834,0.000001,400,社團法人基隆市野鳥學會,,,,,,,,,,,2017-00-00
KL_Insect_0000039,2017-00-00_Insect_HumanObservation_180,2017,2017,,,,HumanObservation,Asia,Taiwan,棉花嶼,,Celenna festivaria formosensis,subspecies,綠紋尺蛾,,,WGS84,122.105349,25.484834,0.000001,400,社團法人基隆市野鳥學會,,,,,,,,,,,2017-00-00
KL_Insect_0000040,2017-00-00_Insect_HumanObservation_181,2017,2017,,,,HumanObservation,Asia,Taiwan,棉花嶼,,Eumelea ludovicata,species,雌黃粉尺蛾,,,WGS84,122.105349,25.484834,0.000001,400,社團法人基隆市野鳥學會,,,,,,,,,,,2017-00-00
KL_Insect_0000043,2017-00-00_Insect_HumanObservation_182,2017,2017,,,,HumanObservation,Asia,Taiwan,棉花嶼,,Anax parthenope julius,subspecies,綠胸晏蜓,,,WGS84,122.105349,25.484834,0.000001,400,社團法人基隆市野鳥學會,,,,,,,,,,,2017-00-00
KL_Insect_0000044,2017-00-00_Insect_HumanObservation_183,2017,2017,,,,HumanObservation,Asia,Taiwan,棉花嶼,,Anax guttatus,species,烏點晏蜓,,,WGS84,122.105349,25.484834,0.000001,400,社團法人基隆市野鳥學會,,,,,,,,,,,2017-00-00
KL_Insect_0000048,2017-00-00_Insect_HumanObservation_184,2017,2017,,,,HumanObservation,Asia,Taiwan,棉花嶼,,Pantala flavescens,species,薄翅蜻蜓,,,WGS84,122.105349,25.484834,0.000001,400,社團法人基隆市野鳥學會,,,,,,,,,,,2017-00-00
KL_Insect_0000049,2017-00-00_Insect_HumanObservation_185,2017,2017,,,,HumanObservation,Asia,Taiwan,棉花嶼,,Sympetrum fonscolombii,species,紅脈蜻蜓,,,WGS84,122.105349,25.484834,0.000001,400,社團法人基隆市野鳥學會,,,,,,,,,,,2017-00-00
KL_Insect_0000072,2017-00-00_Insect_HumanObservation_186,2017,2017,,,,HumanObservation,Asia,Taiwan,棉花嶼,,Agonoscelis nubilis,species,雲椿,,,WGS84,122.105349,25.484834,0.000001,400,社團法人基隆市野鳥學會,,,,,,,,,,,2017-00-00
KL_Insect_0000079,2017-00-00_Insect_HumanObservation_187,2017,2017,,,,HumanObservation,Asia,Taiwan,棉花嶼,,Periplaneta australasiae,species,澳洲家蠊,,,WGS84,122.105349,25.484834,0.000001,400,社團法人基隆市野鳥學會,,,,,,,,,,,2017-00-00
KL_Insect_0000082,2017-00-00_Insect_HumanObservation_188,2017,2017,,,,HumanObservation,Asia,Taiwan,棉花嶼,,Aiolopus thalassinus,species,斑蝗,,,WGS84,122.105349,25.484834,0.000001,400,社團法人基隆市野鳥學會,,,,,,,,,,,2017-00-00
KL_Insect_0000083,2017-00-00_Insect_HumanObservation_189,2017,2017,,,,HumanObservation,Asia,Taiwan,棉花嶼,,Trilophidia annulata,species,疣蝗,,,WGS84,122.105349,25.484834,0.000001,400,社團法人基隆市野鳥學會,,,,,,,,,,,2017-00-00
KL_Insect_0000088,2017-00-00_Insect_HumanObservation_190,2017,2017,,,,HumanObservation,Asia,Taiwan,棉花嶼,,Velarifictorus ornatus,species,麗鬥蟋,,,WGS84,122.105349,25.484834,0.000001,400,社團法人基隆市野鳥學會,,,,,,,,,,,2017-00-00
KL_Insect_0000096,2017-00-00_Insect_HumanObservation_191,2017,2017,,,,HumanObservation,Asia,Taiwan,棉花嶼,,Eobia chinensis,species,黑尾擬天牛,,,WGS84,122.105349,25.484834,0.000001,400,社團法人基隆市野鳥學會,,,,,,,,,,,2017-00-00
KL_Insect_0000104,2017-00-00_Insect_HumanObservation_192,2017,2017,,,,HumanObservation,Asia,Taiwan,棉花嶼,,Cheilomenes sexmaculata,species,六斑月瓢蟲,,,WGS84,122.105349,25.484834,0.000001,400,社團法人基隆市野鳥學會,,,,,,,,,,,2017-00-00
KL_Insect_0000105,2017-00-00_Insect_HumanObservation_193,2017,2017,,,,HumanObservation,Asia,Taiwan,棉花嶼,,Protaetia orientalis sakaii,subspecies,東方白點花金龜,,,WGS84,122.105349,25.484834,0.000001,400,社團法人基隆市野鳥學會,,,,,,,,,,,2017-00-00
KL_Insect_0000001,2018-00-00_Insect_HumanObservation_194,2018,2018,,,,HumanObservation,Asia,Taiwan,棉花嶼,,Lampides boeticus,species,豆波灰蝶,,,WGS84,122.105349,25.484834,0.000001,400,社團法人基隆市野鳥學會,,,,,,,,,,,2018-00-00
KL_Insect_0000002,2018-00-00_Insect_HumanObservation_195,2018,2018,,,,HumanObservation,Asia,Taiwan,棉花嶼,,Zizeeria maha okinawana,subspecies,藍灰蝶,,,WGS84,122.105349,25.484834,0.000001,400,社團法人基隆市野鳥學會,,,,,,,,,,,2018-00-00
KL_Insect_0000007,2018-00-00_Insect_HumanObservation_196,2018,2018,,,,HumanObservation,Asia,Taiwan,棉花嶼,,Vanessa cardui,species,小紅蛺蝶,,,WGS84,122.105349,25.484834,0.000001,400,社團法人基隆市野鳥學會,,,,,,,,,,,2018-00-00
KL_Insect_0000008,2018-00-00_Insect_HumanObservation_197,2018,2018,,,,HumanObservation,Asia,Taiwan,棉花嶼,,Vanessa indica,species,大紅蛺蝶,,,WGS84,122.105349,25.484834,0.000001,400,社團法人基隆市野鳥學會,,,,,,,,,,,2018-00-00
KL_Insect_0000009,2018-00-00_Insect_HumanObservation_198,2018,2018,,,,HumanObservation,Asia,Taiwan,棉花嶼,,Parantica sita,species,大絹斑蝶,,,WGS84,122.105349,25.484834,0.000001,400,社團法人基隆市野鳥學會,,,,,,,,,,,2018-00-00
KL_Insect_0000012,2018-00-00_Insect_HumanObservation_199,2018,2018,,,,HumanObservation,Asia,Taiwan,棉花嶼,,Pieris rapae crucivora,subspecies,白粉蝶,,,WGS84,122.105349,25.484834,0.000001,400,社團法人基隆市野鳥學會,,,,,,,,,,,2018-00-00
KL_Insect_0000018,2018-00-00_Insect_HumanObservation_200,2018,2018,,,,HumanObservation,Asia,Taiwan,棉花嶼,,Parnara guttata,species,稻弄蝶,,,WGS84,122.105349,25.484834,0.000001,400,社團法人基隆市野鳥學會,,,,,,,,,,,2018-00-00
KL_Insect_0000020,2018-00-00_Insect_HumanObservation_201,2018,2018,,,,HumanObservation,Asia,Taiwan,棉花嶼,,Spoladea recurvalis,species,甜菜白帶野螟,,,WGS84,122.105349,25.484834,0.000001,400,社團法人基隆市野鳥學會,,,,,,,,,,,2018-00-00
KL_Insect_0000035,2018-00-00_Insect_HumanObservation_202,2018,2018,,,,HumanObservation,Asia,Taiwan,棉花嶼,,Plutella xylostella,species,小菜蛾,,,WGS84,122.105349,25.484834,0.000001,400,社團法人基隆市野鳥學會,,,,,,,,,,,2018-00-00
KL_Insect_0000043,2018-00-00_Insect_HumanObservation_203,2018,2018,,,,HumanObservation,Asia,Taiwan,棉花嶼,,Anax parthenope julius,subspecies,綠胸晏蜓,,,WGS84,122.105349,25.484834,0.000001,400,社團法人基隆市野鳥學會,,,,,,,,,,,2018-00-00
KL_Insect_0000046,2018-00-00_Insect_HumanObservation_204,2018,2018,,,,HumanObservation,Asia,Taiwan,棉花嶼,,Ischnura senegalensis,species,青紋細蟌,,,WGS84,122.105349,25.484834,0.000001,400,社團法人基隆市野鳥學會,,,,,,,,,,,2018-00-00
KL_Insect_0000048,2018-00-00_Insect_HumanObservation_205,2018,2018,,,,HumanObservation,Asia,Taiwan,棉花嶼,,Pantala flavescens,species,薄翅蜻蜓,,,WGS84,122.105349,25.484834,0.000001,400,社團法人基隆市野鳥學會,,,,,,,,,,,2018-00-00
KL_Insect_0000049,2018-00-00_Insect_HumanObservation_206,2018,2018,,,,HumanObservation,Asia,Taiwan,棉花嶼,,Sympetrum fonscolombii,species,紅脈蜻蜓,,,WGS84,122.105349,25.484834,0.000001,400,社團法人基隆市野鳥學會,,,,,,,,,,,2018-00-00
KL_Insect_0000057,2018-00-00_Insect_HumanObservation_207,2018,2018,,,,HumanObservation,Asia,Taiwan,棉花嶼,,Graptostethus servus servus,subspecies,紅腺長椿,,,WGS84,122.105349,25.484834,0.000001,400,社團法人基隆市野鳥學會,,,,,,,,,,,2018-00-00
KL_Insect_0000077,2018-00-00_Insect_HumanObservation_208,2018,2018,,,,HumanObservation,Asia,Taiwan,棉花嶼,,Pycnoscelis surinamensis,species,穌里南潛蠊,,,WGS84,122.105349,25.484834,0.000001,400,社團法人基隆市野鳥學會,,,,,,,,,,,2018-00-00
KL_Insect_0000079,2018-00-00_Insect_HumanObservation_209,2018,2018,,,,HumanObservation,Asia,Taiwan,棉花嶼,,Periplaneta australasiae,species,澳洲家蠊,,,WGS84,122.105349,25.484834,0.000001,400,社團法人基隆市野鳥學會,,,,,,,,,,,2018-00-00
KL_Insect_0000082,2018-00-00_Insect_HumanObservation_210,2018,2018,,,,HumanObservation,Asia,Taiwan,棉花嶼,,Aiolopus thalassinus,species,斑蝗,,,WGS84,122.105349,25.484834,0.000001,400,社團法人基隆市野鳥學會,,,,,,,,,,,2018-00-00
KL_Insect_0000083,2018-00-00_Insect_HumanObservation_211,2018,2018,,,,HumanObservation,Asia,Taiwan,棉花嶼,,Trilophidia annulata,species,疣蝗,,,WGS84,122.105349,25.484834,0.000001,400,社團法人基隆市野鳥學會,,,,,,,,,,,2018-00-00
KL_Insect_0000088,2018-00-00_Insect_HumanObservation_212,2018,2018,,,,HumanObservation,Asia,Taiwan,棉花嶼,,Velarifictorus ornatus,species,麗鬥蟋,,,WGS84,122.105349,25.484834,0.000001,400,社團法人基隆市野鳥學會,,,,,,,,,,,2018-00-00
KL_Insect_0000089,2018-00-00_Insect_HumanObservation_213,2018,2018,,,,HumanObservation,Asia,Taiwan,棉花嶼,,Gryllus bimaculatus,species,黃斑黑蟋蟀,,,WGS84,122.105349,25.484834,0.000001,400,社團法人基隆市野鳥學會,,,,,,,,,,,2018-00-00
KL_Insect_0000095,2018-00-00_Insect_HumanObservation_214,2018,2018,,,,HumanObservation,Asia,Taiwan,棉花嶼,,Chlorophorus graphus,species,圖紋虎天牛,,,WGS84,122.105349,25.484834,0.000001,400,社團法人基隆市野鳥學會,,,,,,,,,,,2018-00-00
KL_Insect_0000104,2018-00-00_Insect_HumanObservation_215,2018,2018,,,,HumanObservation,Asia,Taiwan,棉花嶼,,Cheilomenes sexmaculata,species,六斑月瓢蟲,,,WGS84,122.105349,25.484834,0.000001,400,社團法人基隆市野鳥學會,,,,,,,,,,,2018-00-00
KL_Insect_0000001,2019-00-00_Insect_HumanObservation_216,2019,2019,,,,HumanObservation,Asia,Taiwan,棉花嶼,,Lampides boeticus,species,豆波灰蝶,,,WGS84,122.105349,25.484834,0.000001,400,台灣休閒漁業發展協會,,,,,,,,,,,2019-00-00
KL_Insect_0000002,2019-00-00_Insect_HumanObservation_217,2019,2019,,,,HumanObservation,Asia,Taiwan,棉花嶼,,Zizeeria maha okinawana,subspecies,藍灰蝶,,,WGS84,122.105349,25.484834,0.000001,400,台灣休閒漁業發展協會,,,,,,,,,,,2019-00-00
KL_Insect_0000012,2019-00-00_Insect_HumanObservation_218,2019,2019,,,,HumanObservation,Asia,Taiwan,棉花嶼,,Pieris rapae crucivora,subspecies,白粉蝶,,,WGS84,122.105349,25.484834,0.000001,400,台灣休閒漁業發展協會,,,,,,,,,,,2019-00-00
KL_Insect_0000016,2019-00-00_Insect_HumanObservation_219,2019,2019,,,,HumanObservation,Asia,Taiwan,棉花嶼,,Eurema mandarina,species,北黃蝶,,,WGS84,122.105349,25.484834,0.000001,400,台灣休閒漁業發展協會,,,,,,,,,,,2019-00-00
KL_Insect_0000020,2019-00-00_Insect_HumanObservation_220,2019,2019,,,,HumanObservation,Asia,Taiwan,棉花嶼,,Spoladea recurvalis,species,甜菜白帶野螟,,,WGS84,122.105349,25.484834,0.000001,400,台灣休閒漁業發展協會,,,,,,,,,,,2019-00-00
KL_Insect_0000043,2019-00-00_Insect_HumanObservation_221,2019,2019,,,,HumanObservation,Asia,Taiwan,棉花嶼,,Anax parthenope julius,subspecies,綠胸晏蜓,,,WGS84,122.105349,25.484834,0.000001,400,台灣休閒漁業發展協會,,,,,,,,,,,2019-00-00
KL_Insect_0000048,2019-00-00_Insect_HumanObservation_222,2019,2019,,,,HumanObservation,Asia,Taiwan,棉花嶼,,Pantala flavescens,species,薄翅蜻蜓,,,WGS84,122.105349,25.484834,0.000001,400,台灣休閒漁業發展協會,,,,,,,,,,,2019-00-00
KL_Insect_0000049,2019-00-00_Insect_HumanObservation_223,2019,2019,,,,HumanObservation,Asia,Taiwan,棉花嶼,,Sympetrum fonscolombii,species,紅脈蜻蜓,,,WGS84,122.105349,25.484834,0.000001,400,台灣休閒漁業發展協會,,,,,,,,,,,2019-00-00
KL_Insect_0000058,2019-00-00_Insect_HumanObservation_224,2019,2019,,,,HumanObservation,Asia,Taiwan,棉花嶼,,Spilostethus hospes,species,箭痕腺長?,,,WGS84,122.105349,25.484834,0.000001,400,台灣休閒漁業發展協會,,,,,,,,,,,2019-00-00
KL_Insect_0000077,2019-00-00_Insect_HumanObservation_225,2019,2019,,,,HumanObservation,Asia,Taiwan,棉花嶼,,Pycnoscelis surinamensis,species,穌里南潛蠊,,,WGS84,122.105349,25.484834,0.000001,400,台灣休閒漁業發展協會,,,,,,,,,,,2019-00-00
KL_Insect_0000079,2019-00-00_Insect_HumanObservation_226,2019,2019,,,,HumanObservation,Asia,Taiwan,棉花嶼,,Periplaneta australasiae,species,澳洲家蠊,,,WGS84,122.105349,25.484834,0.000001,400,台灣休閒漁業發展協會,,,,,,,,,,,2019-00-00
KL_Insect_0000082,2019-00-00_Insect_HumanObservation_227,2019,2019,,,,HumanObservation,Asia,Taiwan,棉花嶼,,Aiolopus thalassinus,species,斑蝗,,,WGS84,122.105349,25.484834,0.000001,400,台灣休閒漁業發展協會,,,,,,,,,,,2019-00-00
KL_Insect_0000083,2019-00-00_Insect_HumanObservation_228,2019,2019,,,,HumanObservation,Asia,Taiwan,棉花嶼,,Trilophidia annulata,species,疣蝗,,,WGS84,122.105349,25.484834,0.000001,400,台灣休閒漁業發展協會,,,,,,,,,,,2019-00-00
KL_Insect_0000104,2019-00-00_Insect_HumanObservation_229,2019,2019,,,,HumanObservation,Asia,Taiwan,棉花嶼,,Cheilomenes sexmaculata,species,六斑月瓢蟲,,,WGS84,122.105349,25.484834,0.000001,400,台灣休閒漁業發展協會,,,,,,,,,,,2019-00-00
KL_Insect_0000105,2019-00-00_Insect_HumanObservation_230,2019,2019,,,,HumanObservation,Asia,Taiwan,棉花嶼,,Protaetia orientalis sakaii,subspecies,東方白點花金龜,,,WGS84,122.105349,25.484834,0.000001,400,台灣休閒漁業發展協會,,,,,,,,,,,2019-00-00
KL_Insect_0000001,2020-00-00_Insect_HumanObservation_231,2020,2020,,,,HumanObservation,Asia,Taiwan,棉花嶼,,Lampides boeticus,species,豆波灰蝶,,,WGS84,122.105349,25.484834,0.000001,400,社團法人基隆市野鳥學會,,,,,,,,,,,2020-00-00
KL_Insect_0000002,2020-00-00_Insect_HumanObservation_232,2020,2020,,,,HumanObservation,Asia,Taiwan,棉花嶼,,Zizeeria maha okinawana,subspecies,藍灰蝶,,,WGS84,122.105349,25.484834,0.000001,400,社團法人基隆市野鳥學會,,,,,,,,,,,2020-00-00
KL_Insect_0000003,2020-00-00_Insect_HumanObservation_233,2020,2020,,,,HumanObservation,Asia,Taiwan,棉花嶼,,Prosotas nora formosana,subspecies,波灰蝶,,,WGS84,122.105349,25.484834,0.000001,400,社團法人基隆市野鳥學會,,,,,,,,,,,2020-00-00
KL_Insect_0000007,2020-00-00_Insect_HumanObservation_234,2020,2020,,,,HumanObservation,Asia,Taiwan,棉花嶼,,Vanessa cardui,species,小紅蛺蝶,,,WGS84,122.105349,25.484834,0.000001,400,社團法人基隆市野鳥學會,,,,,,,,,,,2020-00-00
KL_Insect_0000008,2020-00-00_Insect_HumanObservation_235,2020,2020,,,,HumanObservation,Asia,Taiwan,棉花嶼,,Vanessa indica,species,大紅蛺蝶,,,WGS84,122.105349,25.484834,0.000001,400,社團法人基隆市野鳥學會,,,,,,,,,,,2020-00-00
KL_Insect_0000010,2020-00-00_Insect_HumanObservation_236,2020,2020,,,,HumanObservation,Asia,Taiwan,棉花嶼,,Euploea eunice hobsoni,subspecies,圓翅紫斑蝶,,,WGS84,122.105349,25.484834,0.000001,400,社團法人基隆市野鳥學會,,,,,,,,,,,2020-00-00
KL_Insect_0000015,2020-00-00_Insect_HumanObservation_237,2020,2020,,,,HumanObservation,Asia,Taiwan,棉花嶼,,Catopsilia pomona,species,遷粉蝶,,,WGS84,122.105349,25.484834,0.000001,400,社團法人基隆市野鳥學會,,,,,,,,,,,2020-00-00
KL_Insect_0000019,2020-00-00_Insect_HumanObservation_238,2020,2020,,,,HumanObservation,Asia,Taiwan,棉花嶼,,Papilio protenor protenor,subspecies,黑鳳蝶,,,WGS84,122.105349,25.484834,0.000001,400,社團法人基隆市野鳥學會,,,,,,,,,,,2020-00-00
KL_Insect_0000020,2020-00-00_Insect_HumanObservation_239,2020,2020,,,,HumanObservation,Asia,Taiwan,棉花嶼,,Spoladea recurvalis,species,甜菜白帶野螟,,,WGS84,122.105349,25.484834,0.000001,400,社團法人基隆市野鳥學會,,,,,,,,,,,2020-00-00
KL_Insect_0000043,2020-00-00_Insect_HumanObservation_240,2020,2020,,,,HumanObservation,Asia,Taiwan,棉花嶼,,Anax parthenope julius,subspecies,綠胸晏蜓,,,WGS84,122.105349,25.484834,0.000001,400,社團法人基隆市野鳥學會,,,,,,,,,,,2020-00-00
KL_Insect_0000044,2020-00-00_Insect_HumanObservation_241,2020,2020,,,,HumanObservation,Asia,Taiwan,棉花嶼,,Anax guttatus,species,烏點晏蜓,,,WGS84,122.105349,25.484834,0.000001,400,社團法人基隆市野鳥學會,,,,,,,,,,,2020-00-00
KL_Insect_0000047,2020-00-00_Insect_HumanObservation_242,2020,2020,,,,HumanObservation,Asia,Taiwan,棉花嶼,,Ischnura asiatica,species,亞東細蟌,,,WGS84,122.105349,25.484834,0.000001,400,社團法人基隆市野鳥學會,,,,,,,,,,,2020-00-00
KL_Insect_0000048,2020-00-00_Insect_HumanObservation_243,2020,2020,,,,HumanObservation,Asia,Taiwan,棉花嶼,,Pantala flavescens,species,薄翅蜻蜓,,,WGS84,122.105349,25.484834,0.000001,400,社團法人基隆市野鳥學會,,,,,,,,,,,2020-00-00
KL_Insect_0000056,2020-00-00_Insect_HumanObservation_244,2020,2020,,,,HumanObservation,Asia,Taiwan,棉花嶼,,Acanthocoris scaber,species,瘤緣?,,,WGS84,122.105349,25.484834,0.000001,400,社團法人基隆市野鳥學會,,,,,,,,,,,2020-00-00
KL_Insect_0000058,2020-00-00_Insect_HumanObservation_245,2020,2020,,,,HumanObservation,Asia,Taiwan,棉花嶼,,Spilostethus hospes,species,箭痕腺長?,,,WGS84,122.105349,25.484834,0.000001,400,社團法人基隆市野鳥學會,,,,,,,,,,,2020-00-00
KL_Insect_0000072,2020-00-00_Insect_HumanObservation_246,2020,2020,,,,HumanObservation,Asia,Taiwan,棉花嶼,,Agonoscelis nubilis,species,雲椿,,,WGS84,122.105349,25.484834,0.000001,400,社團法人基隆市野鳥學會,,,,,,,,,,,2020-00-00
KL_Insect_0000077,2020-00-00_Insect_HumanObservation_247,2020,2020,,,,HumanObservation,Asia,Taiwan,棉花嶼,,Pycnoscelis surinamensis,species,穌里南潛蠊,,,WGS84,122.105349,25.484834,0.000001,400,社團法人基隆市野鳥學會,,,,,,,,,,,2020-00-00
KL_Insect_0000079,2020-00-00_Insect_HumanObservation_248,2020,2020,,,,HumanObservation,Asia,Taiwan,棉花嶼,,Periplaneta australasiae,species,澳洲家蠊,,,WGS84,122.105349,25.484834,0.000001,400,社團法人基隆市野鳥學會,,,,,,,,,,,2020-00-00
KL_Insect_0000082,2020-00-00_Insect_HumanObservation_249,2020,2020,,,,HumanObservation,Asia,Taiwan,棉花嶼,,Aiolopus thalassinus,species,斑蝗,,,WGS84,122.105349,25.484834,0.000001,400,社團法人基隆市野鳥學會,,,,,,,,,,,2020-00-00
KL_Insect_0000083,2020-00-00_Insect_HumanObservation_250,2020,2020,,,,HumanObservation,Asia,Taiwan,棉花嶼,,Trilophidia annulata,species,疣蝗,,,WGS84,122.105349,25.484834,0.000001,400,社團法人基隆市野鳥學會,,,,,,,,,,,2020-00-00
KL_Insect_0000096,2020-00-00_Insect_HumanObservation_251,2020,2020,,,,HumanObservation,Asia,Taiwan,棉花嶼,,Eobia chinensis,species,黑尾擬天牛,,,WGS84,122.105349,25.484834,0.000001,400,社團法人基隆市野鳥學會,,,,,,,,,,,2020-00-00
KL_Insect_0000102,2020-00-00_Insect_HumanObservation_252,2020,2020,,,,HumanObservation,Asia,Taiwan,棉花嶼,,Coccinella septempunctata,species,七星瓢蟲,,,WGS84,122.105349,25.484834,0.000001,400,社團法人基隆市野鳥學會,,,,,,,,,,,2020-00-00
KL_Insect_0000105,2020-00-00_Insect_HumanObservation_253,2020,2020,,,,HumanObservation,Asia,Taiwan,棉花嶼,,Protaetia orientalis sakaii,subspecies,東方白點花金龜,,,WGS84,122.105349,25.484834,0.000001,400,社團法人基隆市野鳥學會,,,,,,,,,,,2020-00-00
KL_Insect_0000109,2020-00-00_Insect_HumanObservation_254,2020,2020,,,,HumanObservation,Asia,Taiwan,棉花嶼,,Stomorhina discolor,species,黑色錐口蠅,,,WGS84,122.105349,25.484834,0.000001,400,社團法人基隆市野鳥學會,,,,,,,,,,,2020-00-00
KL_Insect_0000012,2021-03-30_Insect_HumanObservation_000,2021/3/30,2021,3,30,,HumanObservation,Asia,Taiwan,棉花嶼,,Pieris rapae crucivora,species,白粉蝶,,,WGS84,122.105349,25.484834,0.000001,400,研海生態顧問股份有限公司,,,,,,,,,,,2021/3/30
KL_Insect_0000002,2021-03-30_Insect_HumanObservation_001,2021/3/30,2021,3,30,,HumanObservation,Asia,Taiwan,棉花嶼,,Zizeeria maha okinawana,species,藍灰蝶,,,WGS84,122.105349,25.484834,0.000001,400,研海生態顧問股份有限公司,,,,,,,,,,,2021/3/30
KL_Insect_0000001,2021-03-30_Insect_HumanObservation_002,2021/3/30,2021,3,30,,HumanObservation,Asia,Taiwan,棉花嶼,,Lampides boeticus,species,豆波灰蝶,,,WGS84,122.105349,25.484834,0.000001,400,研海生態顧問股份有限公司,,,,,,,,,,,2021/3/30
KL_Insect_0000011,2021-03-30_Insect_HumanObservation_003,2021/3/30,2021,3,30,,HumanObservation,Asia,Taiwan,棉花嶼,,Kaniska canace drilon,species,琉璃蛺蝶,,,WGS84,122.105349,25.484834,0.000001,400,研海生態顧問股份有限公司,,,,,,,,,,,2021/3/30
KL_Insect_0000035,2021-03-30_Insect_HumanObservation_004,2021/3/30,2021,3,30,,HumanObservation,Asia,Taiwan,棉花嶼,,Plutella xylostella,species,小菜蛾,,,WGS84,122.105349,25.484834,0.000001,400,研海生態顧問股份有限公司,,,,,,,,,,,2021/3/30
KL_Insect_0000132,2021-03-30_Insect_HumanObservation_005,2021/3/30,2021,3,30,,HumanObservation,Asia,Taiwan,棉花嶼,,Stathmopoda auriferalla,species,展足蛾,,,WGS84,122.105349,25.484834,0.000001,400,研海生態顧問股份有限公司,,,,,,,,,,,2021/3/30
KL_Insect_0000024,2021-03-30_Insect_HumanObservation_006,2021/3/30,2021,3,30,,HumanObservation,Asia,Taiwan,棉花嶼,,Nomophila noctuella,species,麥牧野螟,,,WGS84,122.105349,25.484834,0.000001,400,研海生態顧問股份有限公司,,,,,,,,,,,2021/3/30
KL_Insect_0000025,2021-03-30_Insect_HumanObservation_007,2021/3/30,2021,3,30,,HumanObservation,Asia,Taiwan,棉花嶼,,Diasemia accalis,species,褐紋翅野螟,,,WGS84,122.105349,25.484834,0.000001,400,研海生態顧問股份有限公司,,,,,,,,,,,2021/3/30
KL_Insect_0000048,2021-03-30_Insect_HumanObservation_008,2021/3/30,2021,3,30,,HumanObservation,Asia,Taiwan,棉花嶼,,Pantala flavescens,species,薄翅蜻蜓,,,WGS84,122.105349,25.484834,0.000001,400,研海生態顧問股份有限公司,,,,,,,,,,,2021/3/30
KL_Insect_0000043,2021-03-30_Insect_HumanObservation_009,2021/3/30,2021,3,30,,HumanObservation,Asia,Taiwan,棉花嶼,,Anax parthenope julius,species,綠胸晏蜓,,,WGS84,122.105349,25.484834,0.000001,400,研海生態顧問股份有限公司,,,,,,,,,,,2021/3/30
KL_Insect_0000056,2021-03-30_Insect_HumanObservation_010,2021/3/30,2021,3,30,,HumanObservation,Asia,Taiwan,棉花嶼,,Acanthocoris scaber,species,瘤緣?,,,WGS84,122.105349,25.484834,0.000001,400,研海生態顧問股份有限公司,,,,,,,,,,,2021/3/30
KL_Insect_0000133,2021-03-30_Insect_HumanObservation_011,2021/3/30,2021,3,30,,HumanObservation,Asia,Taiwan,棉花嶼,,Largidae,family,大紅?科,,,WGS84,122.105349,25.484834,0.000001,400,研海生態顧問股份有限公司,,,,,,,,,,,2021/3/30
KL_Insect_0000072,2021-03-30_Insect_HumanObservation_012,2021/3/30,2021,3,30,,HumanObservation,Asia,Taiwan,棉花嶼,,Agonoscelis nubilis,species,雲?,,,WGS84,122.105349,25.484834,0.000001,400,研海生態顧問股份有限公司,,,,,,,,,,,2021/3/30
KL_Insect_0000134,2021-03-30_Insect_HumanObservation_013,2021/3/30,2021,3,30,,HumanObservation,Asia,Taiwan,棉花嶼,,Chrysopidae,family,草蛉科,,,WGS84,122.105349,25.484834,0.000001,400,研海生態顧問股份有限公司,,,,,,,,,,,2021/3/30
KL_Insect_0000135,2021-03-30_Insect_HumanObservation_014,2021/3/30,2021,3,30,,HumanObservation,Asia,Taiwan,棉花嶼,,Trilophidia japonica,species,疣蝗,,,WGS84,122.105349,25.484834,0.000001,400,研海生態顧問股份有限公司,,,,,,,,,,,2021/3/30
KL_Insect_0000084,2021-03-30_Insect_HumanObservation_015,2021/3/30,2021,3,30,,HumanObservation,Asia,Taiwan,棉花嶼,,Patanga succincta,species,條背土蝗,,,WGS84,122.105349,25.484834,0.000001,400,研海生態顧問股份有限公司,,,,,,,,,,,2021/3/30
KL_Insect_0000002,2021-07-11_Insect_HumanObservation_016,2021/7/11,2021,7,11,,HumanObservation,Asia,Taiwan,棉花嶼,,Zizeeria maha okinawana,species,藍灰蝶,,,WGS84,122.105349,25.484834,0.000001,400,研海生態顧問股份有限公司,,,,,,,,,,,2021/7/11
KL_Insect_0000001,2021-07-11_Insect_HumanObservation_017,2021/7/11,2021,7,11,,HumanObservation,Asia,Taiwan,棉花嶼,,Lampides boeticus,species,豆波灰蝶,,,WGS84,122.105349,25.484834,0.000001,400,研海生態顧問股份有限公司,,,,,,,,,,,2021/7/11
KL_Insect_0000030,2021-07-11_Insect_HumanObservation_018,2021/7/11,2021,7,11,,HumanObservation,Asia,Taiwan,棉花嶼,,Utetheisa,genus,,,,WGS84,122.105349,25.484834,0.000001,400,研海生態顧問股份有限公司,,,,,,,,,,,2021/7/11
KL_Insect_0000031,2021-07-11_Insect_HumanObservation_019,2021/7/11,2021,7,11,,HumanObservation,Asia,Taiwan,棉花嶼,,Hypocala subsatura,species,苹梢鷹裳蛾,,,WGS84,122.105349,25.484834,0.000001,400,研海生態顧問股份有限公司,,,,,,,,,,,2021/7/11
KL_Insect_0000032,2021-07-11_Insect_HumanObservation_020,2021/7/11,2021,7,11,,HumanObservation,Asia,Taiwan,棉花嶼,,Oraesia emarginata,species,鳥嘴壺裳蛾,,,WGS84,122.105349,25.484834,0.000001,400,研海生態顧問股份有限公司,,,,,,,防己科植物,,,,2021/7/11
KL_Insect_0000020,2021-07-11_Insect_HumanObservation_021,2021/7/11,2021,7,11,,HumanObservation,Asia,Taiwan,棉花嶼,,Spoladea recurvalis,species,甜菜白帶野螟,,,WGS84,122.105349,25.484834,0.000001,400,研海生態顧問股份有限公司,,,,,,,,,,,2021/7/11
KL_Insect_0000026,2021-07-11_Insect_HumanObservation_022,2021/7/11,2021,7,11,,HumanObservation,Asia,Taiwan,棉花嶼,,Talanga sexpunctalis,species,緗帶野螟,,,WGS84,122.105349,25.484834,0.000001,400,研海生態顧問股份有限公司,,,,,,,,,,,2021/7/11
KL_Insect_0000027,2021-07-11_Insect_HumanObservation_023,2021/7/11,2021,7,11,,HumanObservation,Asia,Taiwan,棉花嶼,,Patania plagiatalis,species,扇野螟蛾,,,WGS84,122.105349,25.484834,0.000001,400,研海生態顧問股份有限公司,,,,,,,,,,,2021/7/11
KL_Insect_0000136,2021-07-11_Insect_HumanObservation_024,2021/7/11,2021,7,11,,HumanObservation,Asia,Taiwan,棉花嶼,,Geometridae,genus,,,,WGS84,122.105349,25.484834,0.000001,400,研海生態顧問股份有限公司,,,,,,,,,,,2021/7/11
KL_Insect_0000056,2021-07-11_Insect_HumanObservation_025,2021/7/11,2021,7,11,,HumanObservation,Asia,Taiwan,棉花嶼,,Acanthocoris scaber,species,瘤緣?,,,WGS84,122.105349,25.484834,0.000001,400,研海生態顧問股份有限公司,,,,,,,數量多/馬鞍藤,,,,2021/7/11
KL_Insect_0000058,2021-07-11_Insect_HumanObservation_026,2021/7/11,2021,7,11,,HumanObservation,Asia,Taiwan,棉花嶼,,Spilostethus hospes,species,箭痕腺長?,,,WGS84,122.105349,25.484834,0.000001,400,研海生態顧問股份有限公司,,,,,,,,,,,2021/7/11
KL_Insect_0000138,2021-07-11_Insect_HumanObservation_027,2021/7/11,2021,7,11,,HumanObservation,Asia,Taiwan,棉花嶼,,Ischiodon,genus,短刺蚜蠅,,,WGS84,122.105349,25.484834,0.000001,400,研海生態顧問股份有限公司,,,,,,,,,,,2021/7/11
KL_Insect_0000139,2021-07-11_Insect_HumanObservation_028,2021/7/11,2021,7,11,,HumanObservation,Asia,Taiwan,棉花嶼,,Protaetia orientalis,species,東方白點花金龜,,,WGS84,122.105349,25.484834,0.000001,400,研海生態顧問股份有限公司,,,,,,,草海桐/訪花,,,,2021/7/11
KL_Insect_0000096,2021-07-11_Insect_HumanObservation_029,2021/7/11,2021,7,11,,HumanObservation,Asia,Taiwan,棉花嶼,,Eobia chinensis,species,,,,WGS84,122.105349,25.484834,0.000001,400,研海生態顧問股份有限公司,,,,,,,草海桐/數量多,,,,2021/7/11
KL_Insect_0000140,2021-07-11_Insect_HumanObservation_030,2021/7/11,2021,7,11,,HumanObservation,Asia,Taiwan,棉花嶼,,Staphylinidae,family,隱翅蟲科,,,WGS84,122.105349,25.484834,0.000001,400,研海生態顧問股份有限公司,,,,,,,,,,,2021/7/11
KL_Insect_0000141,2021-07-11_Insect_HumanObservation_031,2021/7/11,2021,7,11,,HumanObservation,Asia,Taiwan,棉花嶼,,Tenebrionidae,family,擬步行蟲科,,,WGS84,122.105349,25.484834,0.000001,400,研海生態顧問股份有限公司,,,,,,,,,,,2021/7/11
KL_Insect_0000142,2021-07-11_Insect_HumanObservation_032,2021/7/11,2021,7,11,,HumanObservation,Asia,Taiwan,棉花嶼,,Coccinellidae,family,瓢蟲科,,,WGS84,122.105349,25.484834,0.000001,400,研海生態顧問股份有限公司,,,,,,,,,,,2021/7/11
KL_Insect_0000143,2021-07-11_Insect_HumanObservation_033,2021/7/11,2021,7,11,,HumanObservation,Asia,Taiwan,棉花嶼,,Cleridae,family,郭公蟲科,,,WGS84,122.105349,25.484834,0.000001,400,研海生態顧問股份有限公司,,,,,,,廟內腐敗供品上,,,,2021/7/11
KL_Insect_0000135,2021-07-11_Insect_HumanObservation_034,2021/7/11,2021,7,11,,HumanObservation,Asia,Taiwan,棉花嶼,,Trilophidia japonica,species,疣蝗,,,WGS84,122.105349,25.484834,0.000001,400,研海生態顧問股份有限公司,,,,,,,,,,,2021/7/11
KL_Insect_0000144,2021-07-11_Insect_HumanObservation_035,2021/7/11,2021,7,11,,HumanObservation,Asia,Taiwan,棉花嶼,,Aiolopus thalassinus tamulus,species,斑蝗,,,WGS84,122.105349,25.484834,0.000001,400,研海生態顧問股份有限公司,,,,,,,,,,,2021/7/11
KL_Insect_0000145,2021-07-11_Insect_HumanObservation_036,2021/7/11,2021,7,11,,HumanObservation,Asia,Taiwan,棉花嶼,,Pycnoscelus surinamensis,species,蘇利南潛蠊,,,WGS84,122.105349,25.484834,0.000001,400,研海生態顧問股份有限公司,,,,,,,,,,,2021/7/11
KL_Insect_0000096,2021-08-26_Insect_HumanObservation_037,2021/8/26,2021,8,26,,HumanObservation,Asia,Taiwan,棉花嶼,,Eobia chinensis,species,黑尾擬天牛,,,WGS84,122.105349,25.484834,0.000001,400,研海生態顧問股份有限公司,,,,,,,,,,,2021/8/26
KL_Insect_0000106,2021-08-26_Insect_HumanObservation_038,2021/8/26,2021,8,26,,HumanObservation,Asia,Taiwan,棉花嶼,,Paederus fuscipes,species,紅胸隱翅蟲,,,WGS84,122.105349,25.484834,0.000001,400,研海生態顧問股份有限公司,,,,,,,,,,,2021/8/26
KL_Insect_0000108,2021-08-26_Insect_HumanObservation_039,2021/8/26,2021,8,26,,HumanObservation,Asia,Taiwan,棉花嶼,,Agrypnus sakaguchii,species,小褐鏽叩頭蟲,,,WGS84,122.105349,25.484834,0.000001,400,研海生態顧問股份有限公司,,,,,,,,,,,2021/8/26
KL_Insect_0000099,2021-08-26_Insect_HumanObservation_040,2021/8/26,2021,8,26,,HumanObservation,Asia,Taiwan,棉花嶼,,Cassida circumdata,species,甘藷龜金花蟲,,,WGS84,122.105349,25.484834,0.000001,400,研海生態顧問股份有限公司,,,,,,,食草：甘藷與旋花科植物,,,,2021/8/26
KL_Insect_0000146,2021-08-26_Insect_HumanObservation_041,2021/8/26,2021,8,26,,HumanObservation,Asia,Taiwan,棉花嶼,,Colasposoma viridicoeruleum,species,甘藷猿金花蟲,,,WGS84,122.105349,25.484834,0.000001,400,研海生態顧問股份有限公司,,,,,,,食草：甘藷與旋花科植物,,,,2021/8/26
KL_Insect_0000102,2021-08-26_Insect_HumanObservation_042,2021/8/26,2021,8,26,,HumanObservation,Asia,Taiwan,棉花嶼,,Coccinella septempunctata,species,七星瓢蟲,,,WGS84,122.105349,25.484834,0.000001,400,研海生態顧問股份有限公司,,,,,,,,,,,2021/8/26
KL_Insect_0000002,2021-08-26_Insect_HumanObservation_043,2021/8/26,2021,8,26,,HumanObservation,Asia,Taiwan,棉花嶼,,Zizeeria maha okinawana,species,藍灰蝶,,,WGS84,122.105349,25.484834,0.000001,400,研海生態顧問股份有限公司,,,,,,,食草：酢醬草,,,,2021/8/26
KL_Insect_0000025,2021-08-26_Insect_HumanObservation_044,2021/8/26,2021,8,26,,HumanObservation,Asia,Taiwan,棉花嶼,,Diasemia accalis,species,褐紋翅野螟,,,WGS84,122.105349,25.484834,0.000001,400,研海生態顧問股份有限公司,,,,,,,,,,,2021/8/26
KL_Insect_0000147,2021-08-26_Insect_HumanObservation_045,2021/8/26,2021,8,26,,HumanObservation,Asia,Taiwan,棉花嶼,,Pleuroptya,genus,,,,WGS84,122.105349,25.484834,0.000001,400,研海生態顧問股份有限公司,,,,,,,,,,,2021/8/26
KL_Insect_0000148,2021-08-26_Insect_HumanObservation_046,2021/8/26,2021,8,26,,HumanObservation,Asia,Taiwan,棉花嶼,,Erebidae,family,裳蛾科,,,WGS84,122.105349,25.484834,0.000001,400,研海生態顧問股份有限公司,,,,,,,,,,,2021/8/26
KL_Insect_0000136,2021-08-26_Insect_HumanObservation_047,2021/8/26,2021,8,26,,HumanObservation,Asia,Taiwan,棉花嶼,,Geometridae,family,尺蛾科,,,WGS84,122.105349,25.484834,0.000001,400,研海生態顧問股份有限公司,,,,,,,,,,,2021/8/26
KL_Insect_0000048,2021-08-26_Insect_HumanObservation_048,2021/8/26,2021,8,26,,HumanObservation,Asia,Taiwan,棉花嶼,,Pantala flavescens,species,薄翅蜻蜓,,,WGS84,122.105349,25.484834,0.000001,400,研海生態顧問股份有限公司,,,,,,,,,,,2021/8/26
KL_Insect_0000118,2021-08-26_Insect_HumanObservation_050,2021/8/26,2021,8,26,,HumanObservation,Asia,Taiwan,棉花嶼,,Tapinoma melanocephalum,species,黑頭慌蟻,,,WGS84,122.105349,25.484834,0.000001,400,研海生態顧問股份有限公司,,,,,,,,,,,2021/8/26
KL_Insect_0000119,2021-08-26_Insect_HumanObservation_051,2021/8/26,2021,8,26,,HumanObservation,Asia,Taiwan,棉花嶼,,Pheidole fervens,species,熱烈大頭家蟻,,,WGS84,122.105349,25.484834,0.000001,400,研海生態顧問股份有限公司,,,,,,,,,,,2021/8/26
KL_Insect_0000120,2021-08-26_Insect_HumanObservation_052,2021/8/26,2021,8,26,,HumanObservation,Asia,Taiwan,棉花嶼,,Cardiocondyla kagutsuchi,species,迦具土瘤突家蟻,,,WGS84,122.105349,25.484834,0.000001,400,研海生態顧問股份有限公司,,,,,,,,,,,2021/8/26
KL_Insect_0000121,2021-08-26_Insect_HumanObservation_053,2021/8/26,2021,8,26,,HumanObservation,Asia,Taiwan,棉花嶼,,Cardiocondyla minutior,species,小瘤突家蟻,,,WGS84,122.105349,25.484834,0.000001,400,研海生態顧問股份有限公司,,,,,,,,,,,2021/8/26
KL_Insect_0000122,2021-08-26_Insect_HumanObservation_054,2021/8/26,2021,8,26,,HumanObservation,Asia,Taiwan,棉花嶼,,Monomorium chinense,species,中華單家蟻,,,WGS84,122.105349,25.484834,0.000001,400,研海生態顧問股份有限公司,,,,,,,,,,,2021/8/26
KL_Insect_0000124,2021-08-26_Insect_HumanObservation_056,2021/8/26,2021,8,26,,HumanObservation,Asia,Taiwan,棉花嶼,,Nylanderia ryukyuensis,species,琉球尼蘭德山蟻,,,WGS84,122.105349,25.484834,0.000001,400,研海生態顧問股份有限公司,,,,,,,,,,,2021/8/26
KL_Insect_0000125,2021-08-26_Insect_HumanObservation_057,2021/8/26,2021,8,26,,HumanObservation,Asia,Taiwan,棉花嶼,,Camponotus albosparsus,species,白疏巨山蟻,,,WGS84,122.105349,25.484834,0.000001,400,研海生態顧問股份有限公司,,,,,,,,,,,2021/8/26
KL_Insect_0000126,2021-08-26_Insect_HumanObservation_058,2021/8/26,2021,8,26,,HumanObservation,Asia,Taiwan,棉花嶼,,Ochetellus glaber,species,光滑管琉璃蟻,,,WGS84,122.105349,25.484834,0.000001,400,研海生態顧問股份有限公司,,,,,,,,,,,2021/8/26
KL_Insect_0000144,2021-08-26_Insect_HumanObservation_059,2021/8/26,2021,8,26,,HumanObservation,Asia,Taiwan,棉花嶼,,Aiolopus thalassinus tamulus,species,斑蝗,,,WGS84,122.105349,25.484834,0.000001,400,研海生態顧問股份有限公司,,,,,,,,,,,2021/8/26
KL_Insect_0000135,2021-08-26_Insect_HumanObservation_060,2021/8/26,2021,8,26,,HumanObservation,Asia,Taiwan,棉花嶼,,Trilophidia japonica,species,疣蝗,,,WGS84,122.105349,25.484834,0.000001,400,研海生態顧問股份有限公司,,,,,,,,,,,2021/8/26
KL_Insect_0000150,2021-08-26_Insect_HumanObservation_061,2021/8/26,2021,8,26,,HumanObservation,Asia,Taiwan,棉花嶼,,Atractomorpha sinensis,species,紅后負蝗,,,WGS84,122.105349,25.484834,0.000001,400,研海生態顧問股份有限公司,,,,,,,,,,,2021/8/26
KL_Insect_0000090,2021-08-26_Insect_HumanObservation_062,2021/8/26,2021,8,26,,HumanObservation,Asia,Taiwan,棉花嶼,,Ornebius,genus,奧蟋,,,WGS84,122.105349,25.484834,0.000001,400,研海生態顧問股份有限公司,,,,,,,,,,,2021/8/26
KL_Insect_0000052,2021-08-26_Insect_HumanObservation_063,2021/8/26,2021,8,26,,HumanObservation,Asia,Taiwan,棉花嶼,,Riptortus pedestris,species,點蜂緣?,,,WGS84,122.105349,25.484834,0.000001,400,研海生態顧問股份有限公司,,,,,,,,,,,2021/8/26
KL_Insect_0000056,2021-08-26_Insect_HumanObservation_064,2021/8/26,2021,8,26,,HumanObservation,Asia,Taiwan,棉花嶼,,Acanthocoris scaber,species,瘤緣?,,,WGS84,122.105349,25.484834,0.000001,400,研海生態顧問股份有限公司,,,,,,,馬鞍藤上極多,,,,2021/8/26
KL_Insect_0000055,2021-08-26_Insect_HumanObservation_065,2021/8/26,2021,8,26,,HumanObservation,Asia,Taiwan,棉花嶼,,Homoeocerus marginiventris,species,斑腹同緣?,,,WGS84,122.105349,25.484834,0.000001,400,研海生態顧問股份有限公司,,,,,,,臺灣本島少見，棉花嶼上常見,,,,2021/8/26
KL_Insect_0000153,2021-08-26_Insect_HumanObservation_067,2021/8/26,2021,8,26,,HumanObservation,Asia,Taiwan,棉花嶼,,Graptostethus servus,species,黑帶紅腺長?,,,WGS84,122.105349,25.484834,0.000001,400,研海生態顧問股份有限公司,,,,,,,,,,,2021/8/26
KL_Insect_0000059,2021-08-26_Insect_HumanObservation_068,2021/8/26,2021,8,26,,HumanObservation,Asia,Taiwan,棉花嶼,,Nysius ericae,species,谷子小長?,,,WGS84,122.105349,25.484834,0.000001,400,研海生態顧問股份有限公司,,,,,,,,,,,2021/8/26
KL_Insect_0000058,2021-08-26_Insect_HumanObservation_069,2021/8/26,2021,8,26,,HumanObservation,Asia,Taiwan,棉花嶼,,Spilostethus hospes,species,箭痕腺長?,,,WGS84,122.105349,25.484834,0.000001,400,研海生態顧問股份有限公司,,,,,,,,,,,2021/8/26
KL_Insect_0000065,2021-08-26_Insect_HumanObservation_071,2021/8/26,2021,8,26,,HumanObservation,Asia,Taiwan,棉花嶼,,Taylorilygus apicalis,species,泛泰盲?,,,WGS84,122.105349,25.484834,0.000001,400,研海生態顧問股份有限公司,,,,,,,,,,,2021/8/26
KL_Insect_0000066,2021-08-26_Insect_HumanObservation_072,2021/8/26,2021,8,26,,HumanObservation,Asia,Taiwan,棉花嶼,,Trigonotylus tenuis,species,小赤鬚盲?,,,WGS84,122.105349,25.484834,0.000001,400,研海生態顧問股份有限公司,,,,,,,,,,,2021/8/26
KL_Insect_0000072,2021-08-26_Insect_HumanObservation_073,2021/8/26,2021,8,26,,HumanObservation,Asia,Taiwan,棉花嶼,,Agonoscelis nubilis,species,雲?,,,WGS84,122.105349,25.484834,0.000001,400,研海生態顧問股份有限公司,,,,,,,寄主植物：益母草,,,,2021/8/26
KL_Insect_0000155,2021-08-26_Insect_HumanObservation_075,2021/8/26,2021,8,26,,HumanObservation,Asia,Taiwan,棉花嶼,,Asopinae,subfamily,,,,WGS84,122.105349,25.484834,0.000001,400,研海生態顧問股份有限公司,,,,,,,,,,,2021/8/26
KL_Insect_0000062,2021-08-26_Insect_HumanObservation_076,2021/8/26,2021,8,26,,HumanObservation,Asia,Taiwan,棉花嶼,,Telocoris,genus,,,,WGS84,122.105349,25.484834,0.000001,400,研海生態顧問股份有限公司,,,,,,,,,,,2021/8/26
KL_Insect_0000079,2021-08-26_Insect_HumanObservation_077,2021/8/26,2021,8,26,,HumanObservation,Asia,Taiwan,棉花嶼,,Periplaneta australasiae,species,澳洲家蠊,,,WGS84,122.105349,25.484834,0.000001,400,研海生態顧問股份有限公司,,,,,,,,,,,2021/8/26
KL_Insect_0000077,2021-08-26_Insect_HumanObservation_078,2021/8/26,2021,8,26,,HumanObservation,Asia,Taiwan,棉花嶼,,Pycnoscelis surinamensis,species,蘇里南潛蠊,,,WGS84,122.105349,25.484834,0.000001,400,研海生態顧問股份有限公司,,,,,,,,,,,2021/8/26
KL_Insect_0000078,2021-08-26_Insect_HumanObservation_079,2021/8/26,2021,8,26,,HumanObservation,Asia,Taiwan,棉花嶼,,Blattella,genus,姬蠊,,,WGS84,122.105349,25.484834,0.000001,400,研海生態顧問股份有限公司,,,,,,,,,,,2021/8/26
KL_Insect_0000158,2021-08-26_Insect_HumanObservation_080,2021/8/26,2021,8,26,,HumanObservation,Asia,Taiwan,棉花嶼,,Lepismatidae,family,衣魚科,,,WGS84,122.105349,25.484834,0.000001,400,研海生態顧問股份有限公司,,,,,,,,,,,2021/8/26
KL_Insect_0000130,2021-08-27_Insect_HumanObservation_049,2021/8/27,2021,8,27,,HumanObservation,Asia,Taiwan,棉花嶼,,Bassus,genus,,,,WGS84,122.105349,25.484834,0.000001,400,研海生態顧問股份有限公司,,,,,,,,,,,2021/8/27
KL_Insect_0000123,2021-08-27_Insect_HumanObservation_055,2021/8/27,2021,8,27,,HumanObservation,Asia,Taiwan,棉花嶼,,Tetramorium bicarinatum,species,雙脊皺家蟻,,,WGS84,122.105349,25.484834,0.000001,400,研海生態顧問股份有限公司,,,,,,,,,,,2021/8/27
KL_Insect_0000063,2021-08-27_Insect_HumanObservation_066,2021/8/27,2021,8,27,,HumanObservation,Asia,Taiwan,棉花嶼,,Geotomus,genus,地土?,,,WGS84,122.105349,25.484834,0.000001,400,研海生態顧問股份有限公司,,,,,,,,,,,2021/8/27
KL_Insect_0000064,2021-08-27_Insect_HumanObservation_070,2021/8/27,2021,8,27,,HumanObservation,Asia,Taiwan,棉花嶼,,Pilophorus typicus,species,泛束盲?,,,WGS84,122.105349,25.484834,0.000001,400,研海生態顧問股份有限公司,,,,,,,前足腿節白,,,,2021/8/27
KL_Insect_0000154,2021-08-27_Insect_HumanObservation_074,2021/8/27,2021,8,27,,HumanObservation,Asia,Taiwan,棉花嶼,,Scotinophara scottii,species,短刺黑?,,,WGS84,122.105349,25.484834,0.000001,400,研海生態顧問股份有限公司,,,,,,,,,,,2021/8/27
KL_Insect_0000118,2021-09-21_Insect_HumanObservation_081,2021/9/21,2021,9,21,,HumanObservation,Asia,Taiwan,棉花嶼,,Tapinoma melanocephalum,species,黑頭慌蟻,,,WGS84,122.105349,25.484834,0.000001,400,研海生態顧問股份有限公司,,,,,,,,,,,2021/9/21
KL_Insect_0000119,2021-09-21_Insect_HumanObservation_082,2021/9/21,2021,9,21,,HumanObservation,Asia,Taiwan,棉花嶼,,Pheidole fervens,species,熱烈大頭家蟻,,,WGS84,122.105349,25.484834,0.000001,400,研海生態顧問股份有限公司,,,,,,,,,,,2021/9/21
KL_Insect_0000120,2021-09-21_Insect_HumanObservation_083,2021/9/21,2021,9,21,,HumanObservation,Asia,Taiwan,棉花嶼,,Cardiocondyla kagutsuchi,species,迦具土瘤突家蟻,,,WGS84,122.105349,25.484834,0.000001,400,研海生態顧問股份有限公司,,,,,,,,,,,2021/9/21
KL_Insect_0000121,2021-09-21_Insect_HumanObservation_084,2021/9/21,2021,9,21,,HumanObservation,Asia,Taiwan,棉花嶼,,Cardiocondyla minutior,species,小瘤突家蟻,,,WGS84,122.105349,25.484834,0.000001,400,研海生態顧問股份有限公司,,,,,,,,,,,2021/9/21
KL_Insect_0000122,2021-09-21_Insect_HumanObservation_085,2021/9/21,2021,9,21,,HumanObservation,Asia,Taiwan,棉花嶼,,Monomorium chinense,species,中華單家蟻,,,WGS84,122.105349,25.484834,0.000001,400,研海生態顧問股份有限公司,,,,,,,,,,,2021/9/21
KL_Insect_0000126,2021-09-21_Insect_HumanObservation_086,2021/9/21,2021,9,21,,HumanObservation,Asia,Taiwan,棉花嶼,,Ochetellus glaber,species,光滑管琉璃蟻,,,WGS84,122.105349,25.484834,0.000001,400,研海生態顧問股份有限公司,,,,,,,,,,,2021/9/21
KL_Insect_0000124,2021-09-21_Insect_HumanObservation_087,2021/9/21,2021,9,21,,HumanObservation,Asia,Taiwan,棉花嶼,,Nylanderia ryukyuensis,species,琉球尼蘭德山蟻,,,WGS84,122.105349,25.484834,0.000001,400,研海生態顧問股份有限公司,,,,,,,,,,,2021/9/21
KL_Insect_0000127,2021-09-21_Insect_HumanObservation_088,2021/9/21,2021,9,21,,HumanObservation,Asia,Taiwan,棉花嶼,,Strumigenys membranifera,species,節膜瘤顎家蟻,,,WGS84,122.105349,25.484834,0.000001,400,研海生態顧問股份有限公司,,,,,,,,,,,2021/9/21
KL_Insect_0000128,2021-09-21_Insect_HumanObservation_089,2021/9/21,2021,9,21,,HumanObservation,Asia,Taiwan,棉花嶼,,Hypoponera,genus,姬針蟻,,,WGS84,122.105349,25.484834,0.000001,400,研海生態顧問股份有限公司,,,,,,,,,,,2021/9/21
KL_Insect_0000028,2021-09-21_Insect_HumanObservation_090,2021/9/21,2021,9,21,,HumanObservation,Asia,Taiwan,棉花嶼,,Eudocima phalonia,species,落葉裳蛾,,,WGS84,122.105349,25.484834,0.000001,400,研海生態顧問股份有限公司,,,,,,,,,,,2021/9/21
KL_Insect_0000001,2021-09-21_Insect_HumanObservation_091,2021/9/21,2021,9,21,,HumanObservation,Asia,Taiwan,棉花嶼,,Lampides boeticus,species,豆波灰蝶,,,WGS84,122.105349,25.484834,0.000001,400,研海生態顧問股份有限公司,,,,,,,,,,,2021/9/21
KL_Insect_0000160,2021-09-21_Insect_HumanObservation_092,2021/9/21,2021,9,21,,HumanObservation,Asia,Taiwan,棉花嶼,,Crambidae,family,草螟科,,,WGS84,122.105349,25.484834,0.000001,400,研海生態顧問股份有限公司,,,,,,,,,,,2021/9/21
KL_Insect_0000048,2021-09-21_Insect_HumanObservation_093,2021/9/21,2021,9,21,,HumanObservation,Asia,Taiwan,棉花嶼,,Pantala flavescens,species,薄翅蜻蜓,,,WGS84,122.105349,25.484834,0.000001,400,研海生態顧問股份有限公司,,,,,,,,,,,2021/9/21
KL_Insect_0000058,2021-09-21_Insect_HumanObservation_094,2021/9/21,2021,9,21,,HumanObservation,Asia,Taiwan,棉花嶼,,Spilostethus hospes,species,箭痕腺長?,,,WGS84,122.105349,25.484834,0.000001,400,研海生態顧問股份有限公司,,,,,,,,,,,2021/9/21
KL_Insect_0000056,2021-09-21_Insect_HumanObservation_095,2021/9/21,2021,9,21,,HumanObservation,Asia,Taiwan,棉花嶼,,Acanthocoris scaber,species,瘤緣?,,,WGS84,122.105349,25.484834,0.000001,400,研海生態顧問股份有限公司,,,,,,,,,,,2021/9/21
KL_Insect_0000161,2021-09-21_Insect_HumanObservation_096,2021/9/21,2021,9,21,,HumanObservation,Asia,Taiwan,棉花嶼,,Cicadellidae,family,葉蟬科,,,WGS84,122.105349,25.484834,0.000001,400,研海生態顧問股份有限公司,,,,,,,,,,,2021/9/21
KL_Insect_0000066,2021-09-21_Insect_HumanObservation_097,2021/9/21,2021,9,21,,HumanObservation,Asia,Taiwan,棉花嶼,,Trigonotylus tenuis,species,小赤鬚盲?,,,WGS84,122.105349,25.484834,0.000001,400,研海生態顧問股份有限公司,,,,,,,,,,,2021/9/21
KL_Insect_0000059,2021-09-21_Insect_HumanObservation_098,2021/9/21,2021,9,21,,HumanObservation,Asia,Taiwan,棉花嶼,,Nysius ericae,species,小長?,,,WGS84,122.105349,25.484834,0.000001,400,研海生態顧問股份有限公司,,,,,,,,,,,2021/9/21
KL_Insect_0000162,2021-09-21_Insect_HumanObservation_099,2021/9/21,2021,9,21,,HumanObservation,Asia,Taiwan,棉花嶼,,Brachymeria,genus,大腿小蜂,,,WGS84,122.105349,25.484834,0.000001,400,研海生態顧問股份有限公司,,,,,,,,,,,2021/9/21
KL_Insect_0000116,2021-09-21_Insect_HumanObservation_100,2021/9/21,2021,9,21,,HumanObservation,Asia,Taiwan,棉花嶼,,Ceratina,genus,花蘆蜂,,,WGS84,122.105349,25.484834,0.000001,400,研海生態顧問股份有限公司,,,,,,,,,,,2021/9/21
KL_Insect_0000164,2021-09-21_Insect_HumanObservation_101,2021/9/21,2021,9,21,,HumanObservation,Asia,Taiwan,棉花嶼,,Eurytomidae,family,廣肩小蜂科,,,WGS84,122.105349,25.484834,0.000001,400,研海生態顧問股份有限公司,,,,,,,,,,,2021/9/21
KL_Insect_0000165,2021-09-21_Insect_HumanObservation_102,2021/9/21,2021,9,21,,HumanObservation,Asia,Taiwan,棉花嶼,,Braconidae,family,小繭蜂科,,,WGS84,122.105349,25.484834,0.000001,400,研海生態顧問股份有限公司,,,,,,,,,,,2021/9/21
KL_Insect_0000166,2021-09-21_Insect_HumanObservation_103,2021/9/21,2021,9,21,,HumanObservation,Asia,Taiwan,棉花嶼,,Dermestes,genus,鰹節蟲,,,WGS84,122.105349,25.484834,0.000001,400,研海生態顧問股份有限公司,,,,,,,老鼠屍體上,,,,2021/9/21
KL_Insect_0000084,2022-03-15_Insect_HumanObservation_104,2022/3/15,2022,3,15,,HumanObservation,Asia,Taiwan,棉花嶼,,Patanga succincta,species,條背土蝗,,,WGS84,122.105349,25.484834,0.000001,400,研海生態顧問股份有限公司,,,,,,,,,,,2022/3/15
KL_Insect_0000002,2022-03-15_Insect_HumanObservation_105,2022/3/15,2022,3,15,,HumanObservation,Asia,Taiwan,棉花嶼,,Zizeeria maha okinawana,species,藍灰蝶,,,WGS84,122.105349,25.484834,0.000001,400,研海生態顧問股份有限公司,,,,,,,,,,,2022/3/15
KL_Insect_0000012,2022-03-15_Insect_HumanObservation_106,2022/3/15,2022,3,15,,HumanObservation,Asia,Taiwan,棉花嶼,,Pieris rapae crucivora,species,白粉蝶,,,WGS84,122.105349,25.484834,0.000001,400,研海生態顧問股份有限公司,,,,,,,,,,,2022/3/15
KL_Insect_0000167,2022-03-15_Insect_HumanObservation_107,2022/3/15,2022,3,15,,HumanObservation,Asia,Taiwan,棉花嶼,,Aphididae,family,蚜蟲,,,WGS84,122.105349,25.484834,0.000001,400,研海生態顧問股份有限公司,,,,,,,,,,,2022/3/15
KL_Insect_0000025,2022-03-15_Insect_HumanObservation_108,2022/3/15,2022,3,15,,HumanObservation,Asia,Taiwan,棉花嶼,,Diasemia accalis,species,褐紋翅野螟,,,WGS84,122.105349,25.484834,0.000001,400,研海生態顧問股份有限公司,,,,,,,,,,,2022/3/15
KL_Insect_0000135,2022-03-15_Insect_HumanObservation_109,2022/3/15,2022,3,15,,HumanObservation,Asia,Taiwan,棉花嶼,,Trilophidia japonica,species,疣蝗,,,WGS84,122.105349,25.484834,0.000001,400,研海生態顧問股份有限公司,,,,,,,,,,,2022/3/15
KL_Insect_0000144,2022-03-15_Insect_HumanObservation_110,2022/3/15,2022,3,15,,HumanObservation,Asia,Taiwan,棉花嶼,,Aiolopus thalassinus tamulus,species,斑蝗,,,WGS84,122.105349,25.484834,0.000001,400,研海生態顧問股份有限公司,,,,,,,,,,,2022/3/15
KL_Insect_0000056,2022-03-15_Insect_HumanObservation_111,2022/3/15,2022,3,15,,HumanObservation,Asia,Taiwan,棉花嶼,,Acanthocoris scaber,species,瘤緣?,,,WGS84,122.105349,25.484834,0.000001,400,研海生態顧問股份有限公司,,,,,,,,,,,2022/3/15
KL_Insect_0000035,2022-03-15_Insect_HumanObservation_112,2022/3/15,2022,3,15,,HumanObservation,Asia,Taiwan,棉花嶼,,Plutella xylostella,species,小菜蛾,,,WGS84,122.105349,25.484834,0.000001,400,研海生態顧問股份有限公司,,,,,,,,,,,2022/3/15
KL_Insect_0000048,2022-03-15_Insect_HumanObservation_113,2022/3/15,2022,3,15,,HumanObservation,Asia,Taiwan,棉花嶼,,Pantala flavescens,species,薄翅蜻蜓,,,WGS84,122.105349,25.484834,0.000001,400,研海生態顧問股份有限公司,,,,,,,,,,,2022/3/15
KL_Insect_0000041,2022-03-15_Insect_HumanObservation_114,2022/3/15,2022,3,15,,HumanObservation,Asia,Taiwan,棉花嶼,,Scopula,genus,岩尺蛾,,,WGS84,122.105349,25.484834,0.000001,400,研海生態顧問股份有限公司,,,,,,,,,,,2022/3/15
KL_Insect_0000113,2022-03-15_Insect_HumanObservation_115,2022/3/15,2022,3,15,,HumanObservation,Asia,Taiwan,棉花嶼,,Ischiodon scutellaris,species,短刺蚜蠅,,,WGS84,122.105349,25.484834,0.000001,400,研海生態顧問股份有限公司,,,,,,,,,,,2022/3/15
KL_Insect_0000169,2022-03-15_Insect_HumanObservation_116,2022/3/15,2022,3,15,,HumanObservation,Asia,Taiwan,棉花嶼,,Muscidae,family,家蠅,,,WGS84,122.105349,25.484834,0.000001,400,研海生態顧問股份有限公司,,,,,,,,,,,2022/3/15
KL_Insect_0000165,2022-03-15_Insect_HumanObservation_117,2022/3/15,2022,3,15,,HumanObservation,Asia,Taiwan,棉花嶼,,Braconidae,family,繭蜂,,,WGS84,122.105349,25.484834,0.000001,400,研海生態顧問股份有限公司,,,,,,,,,,,2022/3/15
KL_Insect_0000161,2022-03-15_Insect_HumanObservation_118,2022/3/15,2022,3,15,,HumanObservation,Asia,Taiwan,棉花嶼,,Cicadellidae,family,葉蟬,,,WGS84,122.105349,25.484834,0.000001,400,研海生態顧問股份有限公司,,,,,,,,,,,2022/3/15
KL_Insect_0000059,2022-03-15_Insect_HumanObservation_119,2022/3/15,2022,3,15,,HumanObservation,Asia,Taiwan,棉花嶼,,Nysius ericae,species,小長椿象,,,WGS84,122.105349,25.484834,0.000001,400,研海生態顧問股份有限公司,,,,,,,,,,,2022/3/15
KL_Insect_0000170,2022-03-15_Insect_HumanObservation_120,2022/3/15,2022,3,15,,HumanObservation,Asia,Taiwan,棉花嶼,,Curculionidae,family,象鼻蟲,,,WGS84,122.105349,25.484834,0.000001,400,研海生態顧問股份有限公司,,,,,,,,,,,2022/3/15
KL_Insect_0000116,2022-03-15_Insect_HumanObservation_121,2022/3/15,2022,3,15,,HumanObservation,Asia,Taiwan,棉花嶼,,Ceratina,genus,花蘆蜂,,,WGS84,122.105349,25.484834,0.000001,400,研海生態顧問股份有限公司,,,,,,,,,,,2022/3/15
KL_Insect_0000171,2022-03-15_Insect_HumanObservation_122,2022/3/15,2022,3,15,,HumanObservation,Asia,Taiwan,棉花嶼,,Culicidae,family,蚊,,,WGS84,122.105349,25.484834,0.000001,400,研海生態顧問股份有限公司,,,,,,,,,,,2022/3/15
KL_Insect_0000172,2022-03-15_Insect_HumanObservation_123,2022/3/15,2022,3,15,,HumanObservation,Asia,Taiwan,棉花嶼,,Gryllidae,family,蟋蟀,,,WGS84,122.105349,25.484834,0.000001,400,研海生態顧問股份有限公司,,,,,,,,,,,2022/3/15
KL_Insect_0000173,2022-03-15_Insect_HumanObservation_124,2022/3/15,2022,3,15,,HumanObservation,Asia,Taiwan,棉花嶼,,Pheidole,genus,大頭家蟻,,,WGS84,122.105349,25.484834,0.000001,400,研海生態顧問股份有限公司,,,,,,,供品,,,,2022/3/15
KL_Insect_0000100,2022-03-15_Insect_HumanObservation_125,2022/3/15,2022,3,15,,HumanObservation,Asia,Taiwan,棉花嶼,,Necrobia rufipes,species,赤足郭公蟲,,,WGS84,122.105349,25.484834,0.000001,400,研海生態顧問股份有限公司,,,,,,,供品,,,,2022/3/15
KL_Insect_0000072,2022-03-15_Insect_HumanObservation_126,2022/3/15,2022,3,15,,HumanObservation,Asia,Taiwan,棉花嶼,,Agonoscelis nubilis,species,雲?,,,WGS84,122.105349,25.484834,0.000001,400,研海生態顧問股份有限公司,,,,,,,,,,,2022/3/15
KL_Insect_0000090,2022-03-15_Insect_HumanObservation_127,2022/3/15,2022,3,15,,HumanObservation,Asia,Taiwan,棉花嶼,,Ornebius,genus,奧蟋,,,WGS84,122.105349,25.484834,0.000001,400,研海生態顧問股份有限公司,,,,,,,,,,,2022/3/15
KL_Insect_0000174,2022-03-15_Insect_HumanObservation_128,2022/3/15,2022,3,15,,HumanObservation,Asia,Taiwan,棉花嶼,,Deltocephalidae,family,角頂葉蟬,,,WGS84,122.105349,25.484834,0.000001,400,研海生態顧問股份有限公司,,,,,,,,,,,2022/3/15
KL_Insect_0000175,2022-03-15_Insect_HumanObservation_129,2022/3/15,2022,3,15,,HumanObservation,Asia,Taiwan,棉花嶼,,Pipunculidae,family,頭蠅,,,WGS84,122.105349,25.484834,0.000001,400,研海生態顧問股份有限公司,,,,,,,,,,,2022/3/15
KL_Insect_0000176,2022-03-15_Insect_HumanObservation_130,2022/3/15,2022,3,15,,HumanObservation,Asia,Taiwan,棉花嶼,,Caeciliusidae,family,毛嚙蟲,,,WGS84,122.105349,25.484834,0.000001,400,研海生態顧問股份有限公司,,,,,,,,,,,2022/3/15
KL_Insect_0000177,2022-03-15_Insect_HumanObservation_131,2022/3/15,2022,3,15,,HumanObservation,Asia,Taiwan,棉花嶼,,Ceratopogonidae,family,蠓,,,WGS84,122.105349,25.484834,0.000001,400,研海生態顧問股份有限公司,,,,,,,,,,,2022/3/15
KL_Insect_0000178,2022-03-15_Insect_HumanObservation_132,2022/3/15,2022,3,15,,HumanObservation,Asia,Taiwan,棉花嶼,,Chloropidae,family,稈蠅,,,WGS84,122.105349,25.484834,0.000001,400,研海生態顧問股份有限公司,,,,,,,,,,,2022/3/15
KL_Insect_0000179,2022-03-15_Insect_HumanObservation_133,2022/3/15,2022,3,15,,HumanObservation,Asia,Taiwan,棉花嶼,,Agromyzidae,family,潛蠅,,,WGS84,122.105349,25.484834,0.000001,400,研海生態顧問股份有限公司,,,,,,,,,,,2022/3/15
KL_Insect_0000112,2022-03-15_Insect_HumanObservation_134,2022/3/15,2022,3,15,,HumanObservation,Asia,Taiwan,棉花嶼,,Dioxyna sororcula,species,長鞘寬頭實蠅,,,WGS84,122.105349,25.484834,0.000001,400,研海生態顧問股份有限公司,,,,,,,,,,,2022/3/15
KL_Insect_0000180,2022-03-15_Insect_HumanObservation_135,2022/3/15,2022,3,15,,HumanObservation,Asia,Taiwan,棉花嶼,,Malachiidae,family,耀夜螢,,,WGS84,122.105349,25.484834,0.000001,400,研海生態顧問股份有限公司,,,,,,,,,,,2022/3/15
KL_Insect_0000002,2022-06-04_Insect_HumanObservation_136,2022/6/4,2022,6,4,,HumanObservation,Asia,Taiwan,棉花嶼,,Zizeeria maha okinawana,species,藍灰蝶,,,WGS84,122.105349,25.484834,0.000001,400,研海生態顧問股份有限公司,,,,,,,,,,,2022/6/4
KL_Insect_0000001,2022-06-04_Insect_HumanObservation_137,2022/6/4,2022,6,4,,HumanObservation,Asia,Taiwan,棉花嶼,,Lampides boeticus,species,豆波灰蝶,,,WGS84,122.105349,25.484834,0.000001,400,研海生態顧問股份有限公司,,,,,,,,,,,2022/6/4
KL_Insect_0000004,2022-06-04_Insect_HumanObservation_138,2022/6/4,2022,6,4,,HumanObservation,Asia,Taiwan,棉花嶼,,Zizina otis riukuensis,species,折列藍灰蝶,,,WGS84,122.105349,25.484834,0.000001,400,研海生態顧問股份有限公司,,,,,,,,,,,2022/6/4
KL_Insect_0000181,2022-06-04_Insect_HumanObservation_139,2022/6/4,2022,6,4,,HumanObservation,Asia,Taiwan,棉花嶼,,Diasemia acalis,species,褐紋翅野螟蛾,,,WGS84,122.105349,25.484834,0.000001,400,研海生態顧問股份有限公司,,,,,,,,,,,2022/6/4
KL_Insect_0000136,2022-06-04_Insect_HumanObservation_140,2022/6/4,2022,6,4,,HumanObservation,Asia,Taiwan,棉花嶼,,Geometridae,family,尺蛾科,,,WGS84,122.105349,25.484834,0.000001,400,研海生態顧問股份有限公司,,,,,,,,,,,2022/6/4
KL_Insect_0000114,2022-06-04_Insect_HumanObservation_141,2022/6/4,2022,6,4,,HumanObservation,Asia,Taiwan,棉花嶼,,Allograpta javana,species,爪哇蚜蠅,,,WGS84,122.105349,25.484834,0.000001,400,研海生態顧問股份有限公司,,,,,,,,,,,2022/6/4
KL_Insect_0000182,2022-06-04_Insect_HumanObservation_142,2022/6/4,2022,6,4,,HumanObservation,Asia,Taiwan,棉花嶼,,Diptera,order,雙翅目,,,WGS84,122.105349,25.484834,0.000001,400,研海生態顧問股份有限公司,,,,,,,,,,,2022/6/4
KL_Insect_0000102,2022-06-04_Insect_HumanObservation_143,2022/6/4,2022,6,4,,HumanObservation,Asia,Taiwan,棉花嶼,,Coccinella septempunctata,species,七星瓢蟲,,,WGS84,122.105349,25.484834,0.000001,400,研海生態顧問股份有限公司,,,,,,,,,,,2022/6/4
KL_Insect_0000183,2022-06-04_Insect_HumanObservation_144,2022/6/4,2022,6,4,,HumanObservation,Asia,Taiwan,棉花嶼,,Cheilmenes sexmachlata,species,六斑月瓢蟲,,,WGS84,122.105349,25.484834,0.000001,400,研海生態顧問股份有限公司,,,,,,,,,,,2022/6/4
KL_Insect_0000046,2022-06-04_Insect_HumanObservation_145,2022/6/4,2022,6,4,,HumanObservation,Asia,Taiwan,棉花嶼,,Ischnura senegalensis,species,青紋細蟌,,,WGS84,122.105349,25.484834,0.000001,400,研海生態顧問股份有限公司,,,,,,,,,,,2022/6/4
KL_Insect_0000184,2022-06-04_Insect_HumanObservation_146,2022/6/4,2022,6,4,,HumanObservation,Asia,Taiwan,棉花嶼,,Eobia chinensis chinensis,species,黑尾擬天牛,,,WGS84,122.105349,25.484834,0.000001,400,研海生態顧問股份有限公司,,,,,,,,,,,2022/6/4
KL_Insect_0000048,2022-06-04_Insect_HumanObservation_148,2022/6/4,2022,6,4,,HumanObservation,Asia,Taiwan,棉花嶼,,Pantala flavescens,species,薄翅蜻蜓,,,WGS84,122.105349,25.484834,0.000001,400,研海生態顧問股份有限公司,,,,,,,,,,,2022/6/4
KL_Insect_0000185,2022-06-04_Insect_HumanObservation_149,2022/6/4,2022,6,4,,HumanObservation,Asia,Taiwan,棉花嶼,,Propylea japonoca,species,龜紋瓢蟲,,,WGS84,122.105349,25.484834,0.000001,400,研海生態顧問股份有限公司,,,,,,,,,,,2022/6/4
KL_Insect_0000186,2022-06-04_Insect_HumanObservation_150,2022/6/4,2022,6,4,,HumanObservation,Asia,Taiwan,棉花嶼,,Diasemia,genus,草螟蛾,,,WGS84,122.105349,25.484834,0.000001,400,研海生態顧問股份有限公司,,,,,,,,,,,2022/6/4
KL_Insect_0000097,2022-06-04_Insect_HumanObservation_151,2022/6/4,2022,6,4,,HumanObservation,Asia,Taiwan,棉花嶼,,Chaetocnema,genus,凹脛葉蚤屬,,,WGS84,122.105349,25.484834,0.000001,400,研海生態顧問股份有限公司,,,,,,,馬鞍藤,,,,2022/6/4
KL_Insect_0000188,2022-06-04_Insect_HumanObservation_152,2022/6/4,2022,6,4,,HumanObservation,Asia,Taiwan,棉花嶼,,Colasposoma cf. auripenne,species,甘藷猿金花蟲,,,WGS84,122.105349,25.484834,0.000001,400,研海生態顧問股份有限公司,,,,,,,,,,,2022/6/4
KL_Insect_0000106,2022-06-04_Insect_HumanObservation_153,2022/6/4,2022,6,4,,HumanObservation,Asia,Taiwan,棉花嶼,,Paederus fuscipes,species,紅胸隱翅蟲,,,WGS84,122.105349,25.484834,0.000001,400,研海生態顧問股份有限公司,,,,,,,,,,,2022/6/4
KL_Insect_0000107,2022-06-04_Insect_HumanObservation_154,2022/6/4,2022,6,4,,HumanObservation,Asia,Taiwan,棉花嶼,,Gonocephalum,genus,潛砂蟲屬,,,WGS84,122.105349,25.484834,0.000001,400,研海生態顧問股份有限公司,,,,,,,,,,,2022/6/4
KL_Insect_0000170,2022-06-04_Insect_HumanObservation_155,2022/6/4,2022,6,4,,HumanObservation,Asia,Taiwan,棉花嶼,,Curculionidae,family,象鼻蟲科,,,WGS84,122.105349,25.484834,0.000001,400,研海生態顧問股份有限公司,,,,,,,,,,,2022/6/4
KL_Insect_0000190,2022-06-04_Insect_HumanObservation_156,2022/6/4,2022,6,4,,HumanObservation,Asia,Taiwan,棉花嶼,,Cantharidae,family,菊虎科,,,WGS84,122.105349,25.484834,0.000001,400,研海生態顧問股份有限公司,,,,,,,,,,,2022/6/4
KL_Insect_0000191,2022-06-04_Insect_HumanObservation_157,2022/6/4,2022,6,4,,HumanObservation,Asia,Taiwan,棉花嶼,,Scymninae,subfamily,小毛瓢蟲亞科,,,WGS84,122.105349,25.484834,0.000001,400,研海生態顧問股份有限公司,,,,,,,,,,,2022/6/4
KL_Insect_0000192,2022-06-04_Insect_HumanObservation_158,2022/6/4,2022,6,4,,HumanObservation,Asia,Taiwan,棉花嶼,,Pyralidae,family,螟蛾科,,,WGS84,122.105349,25.484834,0.000001,400,研海生態顧問股份有限公司,,,,,,,,,,,2022/6/4
KL_Insect_0000136,2022-06-04_Insect_HumanObservation_159,2022/6/4,2022,6,4,,HumanObservation,Asia,Taiwan,棉花嶼,,Geometridae,family,尺蛾科,,,WGS84,122.105349,25.484834,0.000001,400,研海生態顧問股份有限公司,,,,,,,幼蟲,,,,2022/6/4
KL_Insect_0000193,2022-06-04_Insect_HumanObservation_160,2022/6/4,2022,6,4,,HumanObservation,Asia,Taiwan,棉花嶼,,Deudorix,genus,玳灰蝶屬,,,WGS84,122.105349,25.484834,0.000001,400,研海生態顧問股份有限公司,,,,,,,,,,,2022/6/4
KL_Insect_0000194,2022-06-04_Insect_HumanObservation_161,2022/6/4,2022,6,4,,HumanObservation,Asia,Taiwan,棉花嶼,,Dolichopodidae,family,長足虻科,,,WGS84,122.105349,25.484834,0.000001,400,研海生態顧問股份有限公司,,,,,,,,,,,2022/6/4
KL_Insect_0000171,2022-06-04_Insect_HumanObservation_162,2022/6/4,2022,6,4,,HumanObservation,Asia,Taiwan,棉花嶼,,Culicidae,family,蚊科,,,WGS84,122.105349,25.484834,0.000001,400,研海生態顧問股份有限公司,,,,,,,被叮咬,,,,2022/6/4
KL_Insect_0000195,2022-06-04_Insect_HumanObservation_163,2022/6/4,2022,6,4,,HumanObservation,Asia,Taiwan,棉花嶼,,Lauxaniidae,family,縞蠅科,,,WGS84,122.105349,25.484834,0.000001,400,研海生態顧問股份有限公司,,,,,,,,,,,2022/6/4
KL_Insect_0000111,2022-06-04_Insect_HumanObservation_164,2022/6/4,2022,6,4,,HumanObservation,Asia,Taiwan,棉花嶼,,Pollenia,genus,粉蠅屬,,,WGS84,122.105349,25.484834,0.000001,400,研海生態顧問股份有限公司,,,,,,,,,,,2022/6/4
KL_Insect_0000178,2022-06-04_Insect_HumanObservation_165,2022/6/4,2022,6,4,,HumanObservation,Asia,Taiwan,棉花嶼,,Chloropidae,family,稈蠅科,,,WGS84,122.105349,25.484834,0.000001,400,研海生態顧問股份有限公司,,,,,,,,,,,2022/6/4
KL_Insect_0000197,2022-06-04_Insect_HumanObservation_166,2022/6/4,2022,6,4,,HumanObservation,Asia,Taiwan,棉花嶼,,Ephydridae,family,水蠅科,,,WGS84,122.105349,25.484834,0.000001,400,研海生態顧問股份有限公司,,,,,,,,,,,2022/6/4
KL_Insect_0000198,2022-06-04_Insect_HumanObservation_167,2022/6/4,2022,6,4,,HumanObservation,Asia,Taiwan,棉花嶼,,Eulophidae,family,姬小蜂科,,,WGS84,122.105349,25.484834,0.000001,400,研海生態顧問股份有限公司,,,,,,,,,,,2022/6/4
KL_Insect_0000116,2022-06-04_Insect_HumanObservation_168,2022/6/4,2022,6,4,,HumanObservation,Asia,Taiwan,棉花嶼,,Ceratina,genus,蘆蜂屬,,,WGS84,122.105349,25.484834,0.000001,400,研海生態顧問股份有限公司,,,,,,,,,,,2022/6/4
KL_Insect_0000199,2022-06-04_Insect_HumanObservation_169,2022/6/4,2022,6,4,,HumanObservation,Asia,Taiwan,棉花嶼,,Campopleginae,subfamily,縫姬蜂亞科,,,WGS84,122.105349,25.484834,0.000001,400,研海生態顧問股份有限公司,,,,,,,,,,,2022/6/4
KL_Insect_0000200,2022-06-04_Insect_HumanObservation_170,2022/6/4,2022,6,4,,HumanObservation,Asia,Taiwan,棉花嶼,,Cremastinae,subfamily,分距姬蜂亞科,,,WGS84,122.105349,25.484834,0.000001,400,研海生態顧問股份有限公司,,,,,,,,,,,2022/6/4
KL_Insect_0000165,2022-06-04_Insect_HumanObservation_171,2022/6/4,2022,6,4,,HumanObservation,Asia,Taiwan,棉花嶼,,Braconidae,family,繭蜂科,,,WGS84,122.105349,25.484834,0.000001,400,研海生態顧問股份有限公司,,,,,,,,,,,2022/6/4
KL_Insect_0000201,2022-06-04_Insect_HumanObservation_172,2022/6/4,2022,6,4,,HumanObservation,Asia,Taiwan,棉花嶼,,Chalcididae,family,小蜂科,,,WGS84,122.105349,25.484834,0.000001,400,研海生態顧問股份有限公司,,,,,,,,,,,2022/6/4
KL_Insect_0000202,2022-06-04_Insect_HumanObservation_173,2022/6/4,2022,6,4,,HumanObservation,Asia,Taiwan,棉花嶼,,Formicidae,family,蟻科,,,WGS84,122.105349,25.484834,0.000001,400,研海生態顧問股份有限公司,,,,,,,很多種,,,,2022/6/4
KL_Insect_0000067,2022-06-04_Insect_HumanObservation_174,2022/6/4,2022,6,4,,HumanObservation,Asia,Taiwan,棉花嶼,,Creontiades,genus,淡盲?屬,,,WGS84,122.105349,25.484834,0.000001,400,研海生態顧問股份有限公司,,,,,,,,,,,2022/6/4
KL_Insect_0000068,2022-06-04_Insect_HumanObservation_175,2022/6/4,2022,6,4,,HumanObservation,Asia,Taiwan,棉花嶼,,Tytthus,genus,淡翅盲?屬,,,WGS84,122.105349,25.484834,0.000001,400,研海生態顧問股份有限公司,,,,,,,,,,,2022/6/4
KL_Insect_0000069,2022-06-04_Insect_HumanObservation_176,2022/6/4,2022,6,4,,HumanObservation,Asia,Taiwan,棉花嶼,,Sejanus,genus,楔盲?屬,,,WGS84,122.105349,25.484834,0.000001,400,研海生態顧問股份有限公司,,,,,,,,,,,2022/6/4
KL_Insect_0000206,2022-06-04_Insect_HumanObservation_177,2022/6/4,2022,6,4,,HumanObservation,Asia,Taiwan,棉花嶼,,Miridae,family,盲?科,,,WGS84,122.105349,25.484834,0.000001,400,研海生態顧問股份有限公司,,,,,,,盲?科_目擊A,,,,2022/6/4
KL_Insect_0000206,2022-06-04_Insect_HumanObservation_178,2022/6/4,2022,6,4,,HumanObservation,Asia,Taiwan,棉花嶼,,Miridae,family,盲?科,,,WGS84,122.105349,25.484834,0.000001,400,研海生態顧問股份有限公司,,,,,,,盲?科_目擊B,,,,2022/6/4
KL_Insect_0000206,2022-06-04_Insect_HumanObservation_179,2022/6/4,2022,6,4,,HumanObservation,Asia,Taiwan,棉花嶼,,Miridae,family,盲?科,,,WGS84,122.105349,25.484834,0.000001,400,研海生態顧問股份有限公司,,,,,,,盲?科_目擊C,,,,2022/6/4
KL_Insect_0000061,2022-06-04_Insect_HumanObservation_180,2022/6/4,2022,6,4,,HumanObservation,Asia,Taiwan,棉花嶼,,Pseudopachybrachius guttus,species,圓眼長?,,,WGS84,122.105349,25.484834,0.000001,400,研海生態顧問股份有限公司,,,,,,,,,,,2022/6/4
KL_Insect_0000056,2022-06-04_Insect_HumanObservation_181,2022/6/4,2022,6,4,,HumanObservation,Asia,Taiwan,棉花嶼,,Acanthocoris scaber,species,瘤緣?,,,WGS84,122.105349,25.484834,0.000001,400,研海生態顧問股份有限公司,,,,,,,,,,,2022/6/4
KL_Insect_0000207,2022-06-04_Insect_HumanObservation_182,2022/6/4,2022,6,4,,HumanObservation,Asia,Taiwan,棉花嶼,,Nysius,genus,小長?屬,,,WGS84,122.105349,25.484834,0.000001,400,研海生態顧問股份有限公司,,,,,,,,,,,2022/6/4
KL_Insect_0000070,2022-06-04_Insect_HumanObservation_183,2022/6/4,2022,6,4,,HumanObservation,Asia,Taiwan,棉花嶼,,Orius,genus,小花?屬,,,WGS84,122.105349,25.484834,0.000001,400,研海生態顧問股份有限公司,,,,,,,,,,,2022/6/4
KL_Insect_0000052,2022-06-04_Insect_HumanObservation_184,2022/6/4,2022,6,4,,HumanObservation,Asia,Taiwan,棉花嶼,,Riptortus pedestris,species,點蜂緣?,,,WGS84,122.105349,25.484834,0.000001,400,研海生態顧問股份有限公司,,,,,,,,,,,2022/6/4
KL_Insect_0000167,2022-06-04_Insect_HumanObservation_185,2022/6/4,2022,6,4,,HumanObservation,Asia,Taiwan,棉花嶼,,Aphididae,family,蚜科,,,WGS84,122.105349,25.484834,0.000001,400,研海生態顧問股份有限公司,,,,,,,,,,,2022/6/4
KL_Insect_0000209,2022-06-04_Insect_HumanObservation_186,2022/6/4,2022,6,4,,HumanObservation,Asia,Taiwan,棉花嶼,,Tropiduchidae,family,軍配飛蝨,,,WGS84,122.105349,25.484834,0.000001,400,研海生態顧問股份有限公司,,,,,,,,,,,2022/6/4
KL_Insect_0000161,2022-06-04_Insect_HumanObservation_187,2022/6/4,2022,6,4,,HumanObservation,Asia,Taiwan,棉花嶼,,Cicadellidae,family,葉蟬科,,,WGS84,122.105349,25.484834,0.000001,400,研海生態顧問股份有限公司,,,,,,,很多種,,,,2022/6/4
KL_Insect_0000144,2022-06-04_Insect_HumanObservation_188,2022/6/4,2022,6,4,,HumanObservation,Asia,Taiwan,棉花嶼,,Aiolopus thalassinus tamulus,species,斑蝗,,,WGS84,122.105349,25.484834,0.000001,400,研海生態顧問股份有限公司,,,,,,,,,,,2022/6/4
KL_Insect_0000135,2022-06-04_Insect_HumanObservation_189,2022/6/4,2022,6,4,,HumanObservation,Asia,Taiwan,棉花嶼,,Trilophidia japonica,species,疣蝗,,,WGS84,122.105349,25.484834,0.000001,400,研海生態顧問股份有限公司,,,,,,,,,,,2022/6/4
KL_Insect_0000056,2022-06-05_Insect_HumanObservation_147,2022/6/4,2022,6,4,,HumanObservation,Asia,Taiwan,棉花嶼,,Acanthocoris scaber,species,瘤緣椿象,,,WGS84,122.105349,25.484834,0.000001,400,研海生態顧問股份有限公司,,,,,,,,,,,2022/6/4
KL_Insect_0000048,2022-07-26_Insect_HumanObservation_190,2022/7/26,2022,7,26,,HumanObservation,Asia,Taiwan,棉花嶼,,Pantala flavescens,species,薄翅蜻蜓,,,WGS84,122.105349,25.484834,0.000001,400,研海生態顧問股份有限公司,,,,,,,,,,,2022/7/26
KL_Insect_0000002,2022-07-26_Insect_HumanObservation_191,2022/7/26,2022,7,26,,HumanObservation,Asia,Taiwan,棉花嶼,,Zizeeria maha okinawana,species,藍灰蝶,,,WGS84,122.105349,25.484834,0.000001,400,研海生態顧問股份有限公司,,,,,,,,,,,2022/7/26
KL_Insect_0000001,2022-07-26_Insect_HumanObservation_192,2022/7/26,2022,7,26,,HumanObservation,Asia,Taiwan,棉花嶼,,Lampides boeticus,species,豆波灰蝶,,,WGS84,122.105349,25.484834,0.000001,400,研海生態顧問股份有限公司,,,,,,,,,,,2022/7/26
KL_Insect_0000210,2022-07-26_Insect_HumanObservation_193,2022/7/26,2022,7,26,,HumanObservation,Asia,Taiwan,棉花嶼,,Catopsilia pomona pomona,species,遷粉蝶,,,WGS84,122.105349,25.484834,0.000001,400,研海生態顧問股份有限公司,,,,,,,,,,,2022/7/26
KL_Insect_0000020,2022-07-26_Insect_HumanObservation_194,2022/7/26,2022,7,26,,HumanObservation,Asia,Taiwan,棉花嶼,,Spoladea recurvalis,species,甜菜白帶野螟,,,WGS84,122.105349,25.484834,0.000001,400,研海生態顧問股份有限公司,,,,,,,,,,,2022/7/26
KL_Insect_0000041,2022-07-26_Insect_HumanObservation_195,2022/7/26,2022,7,26,,HumanObservation,Asia,Taiwan,棉花嶼,,Scopula,genus,岩尺蛾屬,,,WGS84,122.105349,25.484834,0.000001,400,研海生態顧問股份有限公司,,,,,,,,,,,2022/7/26
KL_Insect_0000139,2022-07-26_Insect_HumanObservation_196,2022/7/26,2022,7,26,,HumanObservation,Asia,Taiwan,棉花嶼,,Protaetia orientalis,species,東方白點花金龜,,,WGS84,122.105349,25.484834,0.000001,400,研海生態顧問股份有限公司,,,,,,,,,,,2022/7/26
KL_Insect_0000102,2022-07-26_Insect_HumanObservation_197,2022/7/26,2022,7,26,,HumanObservation,Asia,Taiwan,棉花嶼,,Coccinella septempunctata,species,七星瓢蟲,,,WGS84,122.105349,25.484834,0.000001,400,研海生態顧問股份有限公司,,,,,,,,,,,2022/7/26
KL_Insect_0000104,2022-07-26_Insect_HumanObservation_198,2022/7/26,2022,7,26,,HumanObservation,Asia,Taiwan,棉花嶼,,Cheilomenes sexmaculata,species,六條瓢蟲,,,WGS84,122.105349,25.484834,0.000001,400,研海生態顧問股份有限公司,,,,,,,,,,,2022/7/26
KL_Insect_0000096,2022-07-26_Insect_HumanObservation_199,2022/7/26,2022,7,26,,HumanObservation,Asia,Taiwan,棉花嶼,,Eobia chinensis,species,黑尾擬天牛,,,WGS84,122.105349,25.484834,0.000001,400,研海生態顧問股份有限公司,,,,,,,數量很多、草海桐訪花、夜間趨光,,,,2022/7/26
KL_Insect_0000106,2022-07-26_Insect_HumanObservation_200,2022/7/26,2022,7,26,,HumanObservation,Asia,Taiwan,棉花嶼,,Paederus fuscipes,species,紅胸隱翅蟲,,,WGS84,122.105349,25.484834,0.000001,400,研海生態顧問股份有限公司,,,,,,,,,,,2022/7/26
KL_Insect_0000099,2022-07-26_Insect_HumanObservation_201,2022/7/26,2022,7,26,,HumanObservation,Asia,Taiwan,棉花嶼,,Cassida circumdata,species,甘藷龜金花蟲,,,WGS84,122.105349,25.484834,0.000001,400,研海生態顧問股份有限公司,,,,,,,,,,,2022/7/26
KL_Insect_0000144,2022-07-26_Insect_HumanObservation_202,2022/7/26,2022,7,26,,HumanObservation,Asia,Taiwan,棉花嶼,,Aiolopus thalassinus tamulus,species,斑蝗,,,WGS84,122.105349,25.484834,0.000001,400,研海生態顧問股份有限公司,,,,,,,,,,,2022/7/26
KL_Insect_0000135,2022-07-26_Insect_HumanObservation_203,2022/7/26,2022,7,26,,HumanObservation,Asia,Taiwan,棉花嶼,,Trilophidia japonica,species,疣蝗,,,WGS84,122.105349,25.484834,0.000001,400,研海生態顧問股份有限公司,,,,,,,,,,,2022/7/26
KL_Insect_0000090,2022-07-26_Insect_HumanObservation_204,2022/7/26,2022,7,26,,HumanObservation,Asia,Taiwan,棉花嶼,,Ornebius,genus,奧蟋屬,,,WGS84,122.105349,25.484834,0.000001,400,研海生態顧問股份有限公司,,,,,,,,,,,2022/7/26
KL_Insect_0000056,2022-07-26_Insect_HumanObservation_205,2022/7/26,2022,7,26,,HumanObservation,Asia,Taiwan,棉花嶼,,Acanthocoris scaber,species,瘤緣?,,,WGS84,122.105349,25.484834,0.000001,400,研海生態顧問股份有限公司,,,,,,,馬鞍藤上數量多,,,,2022/7/26
KL_Insect_0000055,2022-07-26_Insect_HumanObservation_206,2022/7/26,2022,7,26,,HumanObservation,Asia,Taiwan,棉花嶼,,Homoeocerus marginiventris,species,斑腹同緣?,,,WGS84,122.105349,25.484834,0.000001,400,研海生態顧問股份有限公司,,,,,,,,,,,2022/7/26
KL_Insect_0000154,2022-07-26_Insect_HumanObservation_207,2022/7/26,2022,7,26,,HumanObservation,Asia,Taiwan,棉花嶼,,Scotinophara scottii,species,短刺黑?,,,WGS84,122.105349,25.484834,0.000001,400,研海生態顧問股份有限公司,,,,,,,,,,,2022/7/26
KL_Insect_0000072,2022-07-26_Insect_HumanObservation_208,2022/7/26,2022,7,26,,HumanObservation,Asia,Taiwan,棉花嶼,,Agonoscelis nubilis,species,雲?,,,WGS84,122.105349,25.484834,0.000001,400,研海生態顧問股份有限公司,,,,,,,多處群聚,,,,2022/7/26
KL_Insect_0000073,2022-07-26_Insect_HumanObservation_209,2022/7/26,2022,7,26,,HumanObservation,Asia,Taiwan,棉花嶼,,Nezara viridula,species,稻綠椿象,,,WGS84,122.105349,25.484834,0.000001,400,研海生態顧問股份有限公司,,,,,,,,,,,2022/7/26
KL_Insect_0000071,2022-07-26_Insect_HumanObservation_210,2022/7/26,2022,7,26,,HumanObservation,Asia,Taiwan,棉花嶼,,Corythucha,genus,方翅網?屬,,,WGS84,122.105349,25.484834,0.000001,400,研海生態顧問股份有限公司,,,,,,,,,,,2022/7/26
KL_Insect_0000112,2022-07-26_Insect_HumanObservation_211,2022/7/26,2022,7,26,,HumanObservation,Asia,Taiwan,棉花嶼,,Dioxyna sororcula,species,長鞘寬頭實蠅,,,WGS84,122.105349,25.484834,0.000001,400,研海生態顧問股份有限公司,,,,,,,草海桐,,,,2022/7/26
KL_Insect_0000110,2022-07-26_Insect_HumanObservation_212,2022/7/26,2022,7,26,,HumanObservation,Asia,Taiwan,棉花嶼,,Chrysomya,genus,金蠅屬,,,WGS84,122.105349,25.484834,0.000001,400,研海生態顧問股份有限公司,,,,,,,,,,,2022/7/26
KL_Insect_0000121,2022-07-26_Insect_HumanObservation_213,2022/7/26,2022,7,26,,HumanObservation,Asia,Taiwan,棉花嶼,,Cardiocondyla minutior,species,小瘤突家蟻,,,WGS84,122.105349,25.484834,0.000001,400,研海生態顧問股份有限公司,,,,,,,,,,,2022/7/26
KL_Insect_0000122,2022-07-26_Insect_HumanObservation_214,2022/7/26,2022,7,26,,HumanObservation,Asia,Taiwan,棉花嶼,,Monomorium chinense,species,中華單家蟻,,,WGS84,122.105349,25.484834,0.000001,400,研海生態顧問股份有限公司,,,,,,,,,,,2022/7/26
KL_Insect_0000126,2022-07-26_Insect_HumanObservation_215,2022/7/26,2022,7,26,,HumanObservation,Asia,Taiwan,棉花嶼,,Ochetellus glaber,species,光滑管琉璃蟻,,,WGS84,122.105349,25.484834,0.000001,400,研海生態顧問股份有限公司,,,,,,,,,,,2022/7/26
KL_Insect_0000123,2022-07-26_Insect_HumanObservation_216,2022/7/26,2022,7,26,,HumanObservation,Asia,Taiwan,棉花嶼,,Tetramorium bicarinatum,species,雙脊皺家蟻,,,WGS84,122.105349,25.484834,0.000001,400,研海生態顧問股份有限公司,,,,,,,,,,,2022/7/26
KL_Insect_0000213,2022-07-26_Insect_HumanObservation_217,2022/7/26,2022,7,26,,HumanObservation,Asia,Taiwan,棉花嶼,,Ichneumonidae,genus,,,,WGS84,122.105349,25.484834,0.000001,400,研海生態顧問股份有限公司,,,,,,,草海桐訪花,,,,2022/7/26
KL_Insect_0000078,2022-07-26_Insect_HumanObservation_218,2022/7/26,2022,7,26,,HumanObservation,Asia,Taiwan,棉花嶼,,Blattella,genus,姬蠊屬,,,WGS84,122.105349,25.484834,0.000001,400,研海生態顧問股份有限公司,,,,,,,,,,,2022/7/26
KL_Insect_0000077,2022-07-26_Insect_HumanObservation_219,2022/7/26,2022,7,26,,HumanObservation,Asia,Taiwan,棉花嶼,,Pycnoscelis surinamensis,species,蘇里南潛蠊,,,WGS84,122.105349,25.484834,0.000001,400,研海生態顧問股份有限公司,,,,,,,,,,,2022/7/26
KL_Insect_0000028,2022-07-26_Insect_HumanObservation_220,2022/7/26,2022,7,26,,HumanObservation,Asia,Taiwan,棉花嶼,,Eudocima phalonia,species,落葉裳蛾,,,WGS84,122.105349,25.484834,0.000001,400,研海生態顧問股份有限公司,,,,,,,夜間,,,,2022/7/26
KL_Insect_0000214,2022-07-26_Insect_HumanObservation_221,2022/7/26,2022,7,26,,HumanObservation,Asia,Taiwan,棉花嶼,,Oraesia excavata,species,鳥嘴壺裳蛾,,,WGS84,122.105349,25.484834,0.000001,400,研海生態顧問股份有限公司,,,,,,,夜間,,,,2022/7/26
KL_Insect_0000125,2022-07-26_Insect_HumanObservation_222,2022/7/26,2022,7,26,,HumanObservation,Asia,Taiwan,棉花嶼,,Camponotus albosparsus,species,白疏巨山蟻,,,WGS84,122.105349,25.484834,0.000001,400,研海生態顧問股份有限公司,,,,,,,夜間,,,,2022/7/26
KL_Insect_0000146,2022-07-26_Insect_HumanObservation_223,2022/7/26,2022,7,26,,HumanObservation,Asia,Taiwan,棉花嶼,,Colasposoma viridicoeruleum,species,甘藷猿金花蟲,,,WGS84,122.105349,25.484834,0.000001,400,研海生態顧問股份有限公司,,,,,,,夜間,,,,2022/7/26
KL_Insect_0000107,2022-07-26_Insect_HumanObservation_224,2022/7/26,2022,7,26,,HumanObservation,Asia,Taiwan,棉花嶼,,Gonocephalum,genus,潛砂蟲屬,,,WGS84,122.105349,25.484834,0.000001,400,研海生態顧問股份有限公司,,,,,,,夜間,,,,2022/7/26
KL_Insect_0000108,2022-07-26_Insect_HumanObservation_225,2022/7/26,2022,7,26,,HumanObservation,Asia,Taiwan,棉花嶼,,Agrypnus sakaguchii,species,小褐鏽叩頭蟲,,,WGS84,122.105349,25.484834,0.000001,400,研海生態顧問股份有限公司,,,,,,,夜間,,,,2022/7/26
KL_Insect_0000063,2022-07-26_Insect_HumanObservation_226,2022/7/26,2022,7,26,,HumanObservation,Asia,Taiwan,棉花嶼,,Geotomus,genus,地土?屬,,,WGS84,122.105349,25.484834,0.000001,400,研海生態顧問股份有限公司,,,,,,,夜間,,,,2022/7/26
KL_Insect_0000060,2022-07-26_Insect_HumanObservation_227,2022/7/26,2022,7,26,,HumanObservation,Asia,Taiwan,棉花嶼,,Geocoris pallidipennis scissilis,species,大眼長?,,,WGS84,122.105349,25.484834,0.000001,400,研海生態顧問股份有限公司,,,,,,,夜間,,,,2022/7/26
KL_Insect_0000079,2022-07-26_Insect_HumanObservation_228,2022/7/26,2022,7,26,,HumanObservation,Asia,Taiwan,棉花嶼,,Periplaneta australasiae,species,澳洲家蠊,,,WGS84,122.105349,25.484834,0.000001,400,研海生態顧問股份有限公司,,,,,,,夜間,,,,2022/7/26
KL_Insect_0000093,2022-07-26_Insect_HumanObservation_229,2022/7/26,2022,7,26,,HumanObservation,Asia,Taiwan,棉花嶼,,Myrmecophilus,genus,蟻蟋屬,,,WGS84,122.105349,25.484834,0.000001,400,研海生態顧問股份有限公司,,,,,,,夜間、寄主為大頭家蟻,,,,2022/7/26
KL_Insect_0000092,2022-07-26_Insect_HumanObservation_230,2022/7/26,2022,7,26,,HumanObservation,Asia,Taiwan,棉花嶼,,Conocephalus maculatus,species,褐背細斯,,,WGS84,122.105349,25.484834,0.000001,400,研海生態顧問股份有限公司,,,,,,,夜間,,,,2022/7/26
KL_Insect_0000091,2022-07-26_Insect_HumanObservation_231,2022/7/26,2022,7,26,,HumanObservation,Asia,Taiwan,棉花嶼,,Euconocephalus nasutus,species,鼻優草螽,,,WGS84,122.105349,25.484834,0.000001,400,研海生態顧問股份有限公司,,,,,,,夜間、在高草叢中鳴叫,,,,2022/7/26
KL_Insect_0000158,2022-07-26_Insect_HumanObservation_232,2022/7/26,2022,7,26,,HumanObservation,Asia,Taiwan,棉花嶼,,Lepismatidae,genus,,,,WGS84,122.105349,25.484834,0.000001,400,研海生態顧問股份有限公司,,,,,,,夜間,,,,2022/7/26
KL_Insect_0000124,2022-07-27_Insect_HumanObservation_233,2022/7/27,2022,7,27,,HumanObservation,Asia,Taiwan,棉花嶼,,Nylanderia ryukyuensis,species,琉球尼蘭德山蟻,,,WGS84,122.105349,25.484834,0.000001,400,研海生態顧問股份有限公司,,,,,,,,,,,2022/7/27
KL_Insect_0000115,2022-07-27_Insect_HumanObservation_234,2022/7/27,2022,7,27,,HumanObservation,Asia,Taiwan,棉花嶼,,Eristalinus,genus,斑眼蚜蠅屬,,,WGS84,122.105349,25.484834,0.000001,400,研海生態顧問股份有限公司,,,,,,,,,,,2022/7/27
KL_Insect_0000119,2022-07-27_Insect_HumanObservation_235,2022/7/27,2022,7,27,,HumanObservation,Asia,Taiwan,棉花嶼,,Pheidole fervens,species,熱烈大頭家蟻,,,WGS84,122.105349,25.484834,0.000001,400,研海生態顧問股份有限公司,,,,,,,鼠籠誘餌上很多,,,,2022/7/27
KL_Insect_0000048,2022-09-30_Insect_HumanObservation_236,2022/9/30,2022,9,30,,HumanObservation,Asia,Taiwan,棉花嶼,,Pantala flavescens,species,薄翅蜻蜓,,,WGS84,122.105349,25.484834,0.000001,400,研海生態顧問股份有限公司,,,,,,,,,,,2022/9/30
KL_Insect_0000055,2022-09-30_Insect_HumanObservation_237,2022/9/30,2022,9,30,,HumanObservation,Asia,Taiwan,棉花嶼,,Homoeocerus marginiventris,species,斑腹同緣?,,,WGS84,122.105349,25.484834,0.000001,400,研海生態顧問股份有限公司,,,,,,,,,,,2022/9/30
KL_Insect_0000056,2022-09-30_Insect_HumanObservation_238,2022/9/30,2022,9,30,,HumanObservation,Asia,Taiwan,棉花嶼,,Acanthocoris scaber,species,瘤緣?,,,WGS84,122.105349,25.484834,0.000001,400,研海生態顧問股份有限公司,,,,,,,,,,,2022/9/30
KL_Insect_0000002,2022-09-30_Insect_HumanObservation_239,2022/9/30,2022,9,30,,HumanObservation,Asia,Taiwan,棉花嶼,,Zizeeria maha okinawana,species,藍灰蝶,,,WGS84,122.105349,25.484834,0.000001,400,研海生態顧問股份有限公司,,,,,,,,,,,2022/9/30
KL_Insect_0000144,2022-09-30_Insect_HumanObservation_240,2022/9/30,2022,9,30,,HumanObservation,Asia,Taiwan,棉花嶼,,Aiolopus thalassinus tamulus,species,斑蝗,,,WGS84,122.105349,25.484834,0.000001,400,研海生態顧問股份有限公司,,,,,,,,,,,2022/9/30
KL_Insect_0000135,2022-09-30_Insect_HumanObservation_241,2022/9/30,2022,9,30,,HumanObservation,Asia,Taiwan,棉花嶼,,Trilophidia japonica,species,疣蝗,,,WGS84,122.105349,25.484834,0.000001,400,研海生態顧問股份有限公司,,,,,,,,,,,2022/9/30
KL_Insect_0000102,2022-09-30_Insect_HumanObservation_242,2022/9/30,2022,9,30,,HumanObservation,Asia,Taiwan,棉花嶼,,Coccinella septempunctata,species,七星瓢蟲,,,WGS84,122.105349,25.484834,0.000001,400,研海生態顧問股份有限公司,,,,,,,,,,,2022/9/30
KL_Insect_0000129,2022-09-30_Insect_HumanObservation_243,2022/9/30,2022,9,30,,HumanObservation,Asia,Taiwan,棉花嶼,,Solenopsis,genus,火家蟻屬,,,WGS84,122.105349,25.484834,0.000001,400,研海生態顧問股份有限公司,,,,,,,,,,,2022/9/30
KL_Insect_0000288,2022-09-30_Insect_HumanObservation_244,2022/9/30,2022,9,30,,HumanObservation,Asia,Taiwan,棉花嶼,,Tapinoma melanogaster,species,黑頭慌蟻,,,WGS84,122.105349,25.484834,0.000001,400,研海生態顧問股份有限公司,,,,,,,,,,,2022/9/30
KL_Insect_0000110,2022-09-30_Insect_HumanObservation_245,2022/9/30,2022,9,30,,HumanObservation,Asia,Taiwan,棉花嶼,,Chrysomya,genus,金蠅屬,,,WGS84,122.105349,25.484834,0.000001,400,研海生態顧問股份有限公司,,,,,,,,,,,2022/9/30
KL_Insect_0000059,2023-04-11_Insect_HumanObservation_001,2023/4/11,2023,4,11,,HumanObservation,Asia,Taiwan,棉花嶼,,Nysius ericae,species,谷子小長?,,,WGS84,122.105349,25.484834,0.000001,400,研海生態顧問股份有限公司,,,,,,,,,,,2023/4/11
KL_Insect_0000071,2023-04-11_Insect_HumanObservation_002,2023/4/11,2023,4,11,,HumanObservation,Asia,Taiwan,棉花嶼,,Corythucha,genus,方翅網?,,,WGS84,122.105349,25.484834,0.000001,400,研海生態顧問股份有限公司,,,,,,,,,,,2023/4/11
KL_Insect_0000289,2023-04-11_Insect_HumanObservation_003,2023/4/11,2023,4,11,,HumanObservation,Asia,Taiwan,棉花嶼,,Xyphon,genus,尖頭葉蟬,,,WGS84,122.105349,25.484834,0.000001,400,研海生態顧問股份有限公司,,,,,,,,,,,2023/4/11
KL_Insect_0000290,2023-04-11_Insect_HumanObservation_004,2023/4/11,2023,4,11,,HumanObservation,Asia,Taiwan,棉花嶼,,Popillia taiwana,species,台灣豆金龜,,,WGS84,122.105349,25.484834,0.000001,400,研海生態顧問股份有限公司,,,,,,,,,,,2023/4/11
KL_Insect_0000119,2023-04-11_Insect_HumanObservation_005,2023/4/11,2023,4,11,,HumanObservation,Asia,Taiwan,棉花嶼,,Pheidole fervens,species,熱烈大頭家蟻,,,WGS84,122.105349,25.484834,0.000001,400,研海生態顧問股份有限公司,,,,,,,,,,,2023/4/11
KL_Insect_0000122,2023-04-11_Insect_HumanObservation_006,2023/4/11,2023,4,11,,HumanObservation,Asia,Taiwan,棉花嶼,,Monomorium chinense,species,中華單家蟻,,,WGS84,122.105349,25.484834,0.000001,400,研海生態顧問股份有限公司,,,,,,,,,,,2023/4/11
KL_Insect_0000291,2023-04-11_Insect_HumanObservation_007,2023/4/11,2023,4,11,,HumanObservation,Asia,Taiwan,棉花嶼,,Schizaspidia,genus,角胸蟻小蜂,,,WGS84,122.105349,25.484834,0.000001,400,研海生態顧問股份有限公司,,,,,,,,,,,2023/4/11
KL_Insect_0000240,2023-04-11_Insect_HumanObservation_008,2023/4/11,2023,4,11,,HumanObservation,Asia,Taiwan,棉花嶼,,Drosophila,genus,果蠅,,,WGS84,122.105349,25.484834,0.000001,400,研海生態顧問股份有限公司,,,,,,,,,,,2023/4/11
KL_Insect_0000292,2023-04-11_Insect_HumanObservation_009,2023/4/11,2023,4,11,,HumanObservation,Asia,Taiwan,棉花嶼,,Discomyza,genus,渚蠅,,,WGS84,122.105349,25.484834,0.000001,400,研海生態顧問股份有限公司,,,,,,,,,,,2023/4/11
KL_Insect_0000293,2023-04-11_Insect_HumanObservation_010,2023/4/11,2023,4,11,,HumanObservation,Asia,Taiwan,棉花嶼,,Pieris rapae,species,白粉蝶,,,WGS84,122.105349,25.484834,0.000001,400,研海生態顧問股份有限公司,,,,,,,,,,,2023/4/11
KL_Insect_0000294,2023-04-11_Insect_HumanObservation_011,2023/4/11,2023,4,11,,HumanObservation,Asia,Taiwan,棉花嶼,,Pseudozizeeria maha,species,藍灰蝶,,,WGS84,122.105349,25.484834,0.000001,400,研海生態顧問股份有限公司,,,,,,,,,,,2023/4/11
KL_Insect_0000041,2023-04-11_Insect_HumanObservation_012,2023/4/11,2023,4,11,,HumanObservation,Asia,Taiwan,棉花嶼,,Scopula,genus,姬尺蛾,,,WGS84,122.105349,25.484834,0.000001,400,研海生態顧問股份有限公司,,,,,,,,,,,2023/4/11
KL_Insect_0000295,2023-04-11_Insect_HumanObservation_013,2023/4/11,2023,4,11,,HumanObservation,Asia,Taiwan,棉花嶼,,Gigantothrips,genus,瘦管薊馬,,,WGS84,122.105349,25.484834,0.000001,400,研海生態顧問股份有限公司,,,,,,,,,,,2023/4/11
KL_Insect_0000161,2023-07-11_Insect_HumanObservation_014,2023/7/11,2023,7,11,,HumanObservation,Asia,Taiwan,棉花嶼,,Cicadellidae,family,葉蟬科,,,WGS84,122.105349,25.484834,0.000001,400,研海生態顧問股份有限公司,,,,,,,,,,,2023/7/11
KL_Insect_0000072,2023-07-11_Insect_HumanObservation_015,2023/7/11,2023,7,11,,HumanObservation,Asia,Taiwan,棉花嶼,,Agonoscelis nubilis,species,雲?,,,WGS84,122.105349,25.484834,0.000001,400,研海生態顧問股份有限公司,,,,,,,,,,,2023/7/11
KL_Insect_0000073,2023-07-11_Insect_HumanObservation_016,2023/7/11,2023,7,11,,HumanObservation,Asia,Taiwan,棉花嶼,,Nezara viridula,species,稻綠椿象,,,WGS84,122.105349,25.484834,0.000001,400,研海生態顧問股份有限公司,,,,,,,,,,,2023/7/11
KL_Insect_0000052,2023-07-11_Insect_HumanObservation_017,2023/7/11,2023,7,11,,HumanObservation,Asia,Taiwan,棉花嶼,,Riptortus pedestris,species,點蜂緣?,,,WGS84,122.105349,25.484834,0.000001,400,研海生態顧問股份有限公司,,,,,,,,,,,2023/7/11
KL_Insect_0000056,2023-07-11_Insect_HumanObservation_018,2023/7/11,2023,7,11,,HumanObservation,Asia,Taiwan,棉花嶼,,Acanthocoris scaber,species,瘤緣?,,,WGS84,122.105349,25.484834,0.000001,400,研海生態顧問股份有限公司,,,,,,,,,,,2023/7/11
KL_Insect_0000062,2023-07-11_Insect_HumanObservation_019,2023/7/11,2023,7,11,,HumanObservation,Asia,Taiwan,棉花嶼,,Telocoris,genus,,,,WGS84,122.105349,25.484834,0.000001,400,研海生態顧問股份有限公司,,,,,,,,,,,2023/7/11
KL_Insect_0000063,2023-07-11_Insect_HumanObservation_020,2023/7/11,2023,7,11,,HumanObservation,Asia,Taiwan,棉花嶼,,Geotomus,genus,地土?,,,WGS84,122.105349,25.484834,0.000001,400,研海生態顧問股份有限公司,,,,,,,,,,,2023/7/11
KL_Insect_0000144,2023-07-11_Insect_HumanObservation_021,2023/7/11,2023,7,11,,HumanObservation,Asia,Taiwan,棉花嶼,,Aiolopus thalassinus tamulus,subspecies,斑蝗,,,WGS84,122.105349,25.484834,0.000001,400,研海生態顧問股份有限公司,,,,,,,,,,,2023/7/11
KL_Insect_0000135,2023-07-11_Insect_HumanObservation_022,2023/7/11,2023,7,11,,HumanObservation,Asia,Taiwan,棉花嶼,,Trilophidia japonica,species,疣蝗,,,WGS84,122.105349,25.484834,0.000001,400,研海生態顧問股份有限公司,,,,,,,,,,,2023/7/11
KL_Insect_0000275,2023-07-11_Insect_HumanObservation_023,2023/7/11,2023,7,11,,HumanObservation,Asia,Taiwan,棉花嶼,,Acrida,genus,劍角蝗,,,WGS84,122.105349,25.484834,0.000001,400,研海生態顧問股份有限公司,,,,,,,,,,,2023/7/11
KL_Insect_0000257,2023-07-11_Insect_HumanObservation_024,2023/7/11,2023,7,11,,HumanObservation,Asia,Taiwan,棉花嶼,,Ornebius bimaculatus,genus,二斑奧蟋,,,WGS84,122.105349,25.484834,0.000001,400,研海生態顧問股份有限公司,,,,,,,,,,,2023/7/11
KL_Insect_0000172,2023-07-11_Insect_HumanObservation_025,2023/7/11,2023,7,11,,HumanObservation,Asia,Taiwan,棉花嶼,,Gryllidae,family,蟋蟀科,,,WGS84,122.105349,25.484834,0.000001,400,研海生態顧問股份有限公司,,,,,,,,,,,2023/7/11
KL_Insect_0000096,2023-07-11_Insect_HumanObservation_026,2023/7/11,2023,7,11,,HumanObservation,Asia,Taiwan,棉花嶼,,Eobia chinensis,species,黑尾擬天牛,,,WGS84,122.105349,25.484834,0.000001,400,研海生態顧問股份有限公司,,,,,,,,,,,2023/7/11
KL_Insect_0000139,2023-07-11_Insect_HumanObservation_027,2023/7/11,2023,7,11,,HumanObservation,Asia,Taiwan,棉花嶼,,Protaetia orientalis,species,東方白點花金龜,,,WGS84,122.105349,25.484834,0.000001,400,研海生態顧問股份有限公司,,,,,,,,,,,2023/7/11
KL_Insect_0000107,2023-07-11_Insect_HumanObservation_028,2023/7/11,2023,7,11,,HumanObservation,Asia,Taiwan,棉花嶼,,Gonocephalum,genus,潛砂蟲屬,,,WGS84,122.105349,25.484834,0.000001,400,研海生態顧問股份有限公司,,,,,,,,,,,2023/7/11
KL_Insect_0000108,2023-07-11_Insect_HumanObservation_029,2023/7/11,2023,7,11,,HumanObservation,Asia,Taiwan,棉花嶼,,Agrypnus sakaguchii,species,小褐鏽叩頭蟲,,,WGS84,122.105349,25.484834,0.000001,400,研海生態顧問股份有限公司,,,,,,,,,,,2023/7/11
KL_Insect_0000296,2023-07-11_Insect_HumanObservation_030,2023/7/11,2023,7,11,,HumanObservation,Asia,Taiwan,棉花嶼,,Megachile,genus,切葉蜂屬,,,WGS84,122.105349,25.484834,0.000001,400,研海生態顧問股份有限公司,,,,,,,,,,,2023/7/11
KL_Insect_0000222,2023-07-11_Insect_HumanObservation_031,2023/7/11,2023,7,11,,HumanObservation,Asia,Taiwan,棉花嶼,,Braunsapis,genus,小蘆蜂,,,WGS84,122.105349,25.484834,0.000001,400,研海生態顧問股份有限公司,,,,,,,,,,,2023/7/11
KL_Insect_0000223,2023-07-11_Insect_HumanObservation_032,2023/7/11,2023,7,11,,HumanObservation,Asia,Taiwan,棉花嶼,,Hylaeus,genus,面具蜂,,,WGS84,122.105349,25.484834,0.000001,400,研海生態顧問股份有限公司,,,,,,,,,,,2023/7/11
KL_Insect_0000123,2023-07-11_Insect_HumanObservation_033,2023/7/11,2023,7,11,,HumanObservation,Asia,Taiwan,棉花嶼,,Tetramorium bicarinatum,species,雙脊皺家蟻,,,WGS84,122.105349,25.484834,0.000001,400,研海生態顧問股份有限公司,,,,,,,,,,,2023/7/11
KL_Insect_0000121,2023-07-11_Insect_HumanObservation_034,2023/7/11,2023,7,11,,HumanObservation,Asia,Taiwan,棉花嶼,,Cardiocondyla minutior,species,小瘤突家蟻,,,WGS84,122.105349,25.484834,0.000001,400,研海生態顧問股份有限公司,,,,,,,,,,,2023/7/11
KL_Insect_0000122,2023-07-11_Insect_HumanObservation_035,2023/7/11,2023,7,11,,HumanObservation,Asia,Taiwan,棉花嶼,,Monomorium chinense,species,中華單家蟻,,,WGS84,122.105349,25.484834,0.000001,400,研海生態顧問股份有限公司,,,,,,,,,,,2023/7/11
KL_Insect_0000126,2023-07-11_Insect_HumanObservation_036,2023/7/11,2023,7,11,,HumanObservation,Asia,Taiwan,棉花嶼,,Ochetellus glaber,species,光滑管琉璃蟻,,,WGS84,122.105349,25.484834,0.000001,400,研海生態顧問股份有限公司,,,,,,,,,,,2023/7/11
KL_Insect_0000119,2023-07-11_Insect_HumanObservation_037,2023/7/11,2023,7,11,,HumanObservation,Asia,Taiwan,棉花嶼,,Pheidole fervens,species,熱烈大頭家蟻,,,WGS84,122.105349,25.484834,0.000001,400,研海生態顧問股份有限公司,,,,,,,,,,,2023/7/11
KL_Insect_0000124,2023-07-11_Insect_HumanObservation_038,2023/7/11,2023,7,11,,HumanObservation,Asia,Taiwan,棉花嶼,,Nylanderia ryukyuensis,species,琉球尼蘭德山蟻,,,WGS84,122.105349,25.484834,0.000001,400,研海生態顧問股份有限公司,,,,,,,,,,,2023/7/11
KL_Insect_0000077,2023-07-11_Insect_HumanObservation_039,2023/7/11,2023,7,11,,HumanObservation,Asia,Taiwan,棉花嶼,,Pycnoscelis surinamensis,species,蘇里南潛蠊,,,WGS84,122.105349,25.484834,0.000001,400,研海生態顧問股份有限公司,,,,,,,,,,,2023/7/11
KL_Insect_0000079,2023-07-11_Insect_HumanObservation_040,2023/7/11,2023,7,11,,HumanObservation,Asia,Taiwan,棉花嶼,,Periplaneta australasiae,species,澳洲家蠊,,,WGS84,122.105349,25.484834,0.000001,400,研海生態顧問股份有限公司,,,,,,,,,,,2023/7/11
KL_Insect_0000158,2023-07-11_Insect_HumanObservation_041,2023/7/11,2023,7,11,,HumanObservation,Asia,Taiwan,棉花嶼,,Lepismatidae,family,衣魚科,,,WGS84,122.105349,25.484834,0.000001,400,研海生態顧問股份有限公司,,,,,,,,,,,2023/7/11
KL_Insect_0000297,2023-07-11_Insect_HumanObservation_042,2023/7/11,2023,7,11,,HumanObservation,Asia,Taiwan,棉花嶼,,Paragus crenulatus,species,澳亞蚜蠅,,,WGS84,122.105349,25.484834,0.000001,400,研海生態顧問股份有限公司,,,,,,,,,,,2023/7/11
KL_Insect_0000113,2023-07-11_Insect_HumanObservation_043,2023/7/11,2023,7,11,,HumanObservation,Asia,Taiwan,棉花嶼,,Ischiodon scutellaris,species,短刺蚜蠅,,,WGS84,122.105349,25.484834,0.000001,400,研海生態顧問股份有限公司,,,,,,,,,,,2023/7/11
KL_Insect_0000112,2023-07-11_Insect_HumanObservation_044,2023/7/11,2023,7,11,,HumanObservation,Asia,Taiwan,棉花嶼,,Dioxyna sororcula,species,長鞘寬頭實蠅,,,WGS84,122.105349,25.484834,0.000001,400,研海生態顧問股份有限公司,,,,,,,,,,,2023/7/11
KL_Insect_0000048,2023-07-11_Insect_HumanObservation_045,2023/7/11,2023,7,11,,HumanObservation,Asia,Taiwan,棉花嶼,,Pantala flavescens,species,薄翅蜻蜓,,,WGS84,122.105349,25.484834,0.000001,400,研海生態顧問股份有限公司,,,,,,,,,,,2023/7/11
KL_Insect_0000002,2023-07-11_Insect_HumanObservation_046,2023/7/11,2023,7,11,,HumanObservation,Asia,Taiwan,棉花嶼,,Zizeeria maha okinawana,subspecies,藍灰蝶,,,WGS84,122.105349,25.484834,0.000001,400,研海生態顧問股份有限公司,,,,,,,,,,,2023/7/11
KL_Insect_0000001,2023-07-11_Insect_HumanObservation_047,2023/7/11,2023,7,11,,HumanObservation,Asia,Taiwan,棉花嶼,,Lampides boeticus,species,豆波灰蝶,,,WGS84,122.105349,25.484834,0.000001,400,研海生態顧問股份有限公司,,,,,,,,,,,2023/7/11
KL_Insect_0000210,2023-07-11_Insect_HumanObservation_048,2023/7/11,2023,7,11,,HumanObservation,Asia,Taiwan,棉花嶼,,Catopsilia pomona pomona,species,遷粉蝶,,,WGS84,122.105349,25.484834,0.000001,400,研海生態顧問股份有限公司,,,,,,,,,,,2023/7/11
KL_Insect_0000020,2023-07-11_Insect_HumanObservation_049,2023/7/11,2023,7,11,,HumanObservation,Asia,Taiwan,棉花嶼,,Spoladea recurvalis,species,甜菜白帶野螟,,,WGS84,122.105349,25.484834,0.000001,400,研海生態顧問股份有限公司,,,,,,,,,,,2023/7/11
KL_Insect_0000041,2023-07-11_Insect_HumanObservation_050,2023/7/11,2023,7,11,,HumanObservation,Asia,Taiwan,棉花嶼,,Scopula,genus,岩尺蛾屬,,,WGS84,122.105349,25.484834,0.000001,400,研海生態顧問股份有限公司,,,,,,,,,,,2023/7/11
KL_Insect_0000048,2023-08-21_Insect_HumanObservation_051,2023/8/21,2023,8,21,,HumanObservation,Asia,Taiwan,棉花嶼,,Pantala flavescens,species,薄翅蜻蜓,,,WGS84,122.105349,25.484834,0.000001,400,研海生態顧問股份有限公司,,,,,,,,,,,2023/8/21
KL_Insect_0000002,2023-08-21_Insect_HumanObservation_052,2023/8/21,2023,8,21,,HumanObservation,Asia,Taiwan,棉花嶼,,Zizeeria maha okinawana,subspecies,藍灰蝶,,,WGS84,122.105349,25.484834,0.000001,400,研海生態顧問股份有限公司,,,,,,,,,,,2023/8/21
KL_Insect_0000108,2023-08-21_Insect_HumanObservation_053,2023/8/21,2023,8,21,,HumanObservation,Asia,Taiwan,棉花嶼,,Agrypnus sakaguchii,species,小褐鏽叩頭蟲,,,WGS84,122.105349,25.484834,0.000001,400,研海生態顧問股份有限公司,,,,,,,,,,,2023/8/21
KL_Insect_0000096,2023-08-21_Insect_HumanObservation_054,2023/8/21,2023,8,21,,HumanObservation,Asia,Taiwan,棉花嶼,,Eobia chinensis,species,黑尾擬天牛,,,WGS84,122.105349,25.484834,0.000001,400,研海生態顧問股份有限公司,,,,,,,,,,,2023/8/21
KL_Insect_0000107,2023-08-21_Insect_HumanObservation_055,2023/8/21,2023,8,21,,HumanObservation,Asia,Taiwan,棉花嶼,,Gonocephalum,genus,潛砂蟲屬,,,WGS84,122.105349,25.484834,0.000001,400,研海生態顧問股份有限公司,,,,,,,,,,,2023/8/21
KL_Insect_0000298,2023-08-21_Insect_HumanObservation_056,2023/8/21,2023,8,21,,HumanObservation,Asia,Taiwan,棉花嶼,,Scymnus fuscatus,genus,棕色毛瓢蟲,,,WGS84,122.105349,25.484834,0.000001,400,研海生態顧問股份有限公司,,,,,,,,,,,2023/8/21
KL_Insect_0000299,2023-08-21_Insect_HumanObservation_057,2023/8/21,2023,8,21,,HumanObservation,Asia,Taiwan,棉花嶼,,Nitidulidae,family,出尾蟲科,,,WGS84,122.105349,25.484834,0.000001,400,研海生態顧問股份有限公司,,,,,,,,,,,2023/8/21
KL_Insect_0000113,2023-08-21_Insect_HumanObservation_058,2023/8/21,2023,8,21,,HumanObservation,Asia,Taiwan,棉花嶼,,Ischiodon scutellaris,species,短刺蚜蠅,,,WGS84,122.105349,25.484834,0.000001,400,研海生態顧問股份有限公司,,,,,,,,,,,2023/8/21
KL_Insect_0000115,2023-08-21_Insect_HumanObservation_059,2023/8/21,2023,8,21,,HumanObservation,Asia,Taiwan,棉花嶼,,Eristalinus,genus,斑眼蚜蠅屬,,,WGS84,122.105349,25.484834,0.000001,400,研海生態顧問股份有限公司,,,,,,,,,,,2023/8/21
KL_Insect_0000144,2023-08-21_Insect_HumanObservation_060,2023/8/21,2023,8,21,,HumanObservation,Asia,Taiwan,棉花嶼,,Aiolopus thalassinus tamulus,subspecies,斑蝗,,,WGS84,122.105349,25.484834,0.000001,400,研海生態顧問股份有限公司,,,,,,,,,,,2023/8/21
KL_Insect_0000135,2023-08-21_Insect_HumanObservation_061,2023/8/21,2023,8,21,,HumanObservation,Asia,Taiwan,棉花嶼,,Trilophidia japonica,species,疣蝗,,,WGS84,122.105349,25.484834,0.000001,400,研海生態顧問股份有限公司,,,,,,,,,,,2023/8/21
KL_Insect_0000248,2023-08-21_Insect_HumanObservation_062,2023/8/21,2023,8,21,,HumanObservation,Asia,Taiwan,棉花嶼,,Myrmecophilus quadrispinus,species,蓬萊蟻蟋,,,WGS84,122.105349,25.484834,0.000001,400,研海生態顧問股份有限公司,,,,,,,,,,,2023/8/21
KL_Insect_0000257,2023-08-21_Insect_HumanObservation_063,2023/8/21,2023,8,21,,HumanObservation,Asia,Taiwan,棉花嶼,,Ornebius bimaculatus,genus,二斑奧蟋,,,WGS84,122.105349,25.484834,0.000001,400,研海生態顧問股份有限公司,,,,,,,,,,,2023/8/21
KL_Insect_0000079,2023-08-21_Insect_HumanObservation_064,2023/8/21,2023,8,21,,HumanObservation,Asia,Taiwan,棉花嶼,,Periplaneta australasiae,species,澳洲家蠊,,,WGS84,122.105349,25.484834,0.000001,400,研海生態顧問股份有限公司,,,,,,,,,,,2023/8/21
KL_Insect_0000078,2023-08-21_Insect_HumanObservation_065,2023/8/21,2023,8,21,,HumanObservation,Asia,Taiwan,棉花嶼,,Blattella,genus,姬蠊屬,,,WGS84,122.105349,25.484834,0.000001,400,研海生態顧問股份有限公司,,,,,,,,,,,2023/8/21
KL_Insect_0000077,2023-08-21_Insect_HumanObservation_066,2023/8/21,2023,8,21,,HumanObservation,Asia,Taiwan,棉花嶼,,Pycnoscelis surinamensis,species,蘇里南潛蠊,,,WGS84,122.105349,25.484834,0.000001,400,研海生態顧問股份有限公司,,,,,,,,,,,2023/8/21
KL_Insect_0000072,2023-08-21_Insect_HumanObservation_067,2023/8/21,2023,8,21,,HumanObservation,Asia,Taiwan,棉花嶼,,Agonoscelis nubilis,species,雲?,,,WGS84,122.105349,25.484834,0.000001,400,研海生態顧問股份有限公司,,,,,,,,,,,2023/8/21
KL_Insect_0000056,2023-08-21_Insect_HumanObservation_068,2023/8/21,2023,8,21,,HumanObservation,Asia,Taiwan,棉花嶼,,Acanthocoris scaber,species,瘤緣?,,,WGS84,122.105349,25.484834,0.000001,400,研海生態顧問股份有限公司,,,,,,,,,,,2023/8/21
KL_Insect_0000054,2023-08-21_Insect_HumanObservation_069,2023/8/21,2023,8,21,,HumanObservation,Asia,Taiwan,棉花嶼,,Cletus trigonus,species,長肩棘緣椿象,,,WGS84,122.105349,25.484834,0.000001,400,研海生態顧問股份有限公司,,,,,,,,,,,2023/8/21
KL_Insect_0000052,2023-08-21_Insect_HumanObservation_070,2023/8/21,2023,8,21,,HumanObservation,Asia,Taiwan,棉花嶼,,Riptortus pedestris,species,點蜂緣?,,,WGS84,122.105349,25.484834,0.000001,400,研海生態顧問股份有限公司,,,,,,,,,,,2023/8/21
KL_Insect_0000124,2023-08-21_Insect_HumanObservation_071,2023/8/21,2023,8,21,,HumanObservation,Asia,Taiwan,棉花嶼,,Nylanderia ryukyuensis,species,琉球尼蘭德山蟻,,,WGS84,122.105349,25.484834,0.000001,400,研海生態顧問股份有限公司,,,,,,,,,,,2023/8/21
KL_Insect_0000120,2023-08-21_Insect_HumanObservation_072,2023/8/21,2023,8,21,,HumanObservation,Asia,Taiwan,棉花嶼,,Cardiocondyla kagutsuchi,species,迦具土瘤突家蟻,,,WGS84,122.105349,25.484834,0.000001,400,研海生態顧問股份有限公司,,,,,,,,,,,2023/8/21
KL_Insect_0000122,2023-08-21_Insect_HumanObservation_073,2023/8/21,2023,8,21,,HumanObservation,Asia,Taiwan,棉花嶼,,Monomorium chinense,species,中華單家蟻,,,WGS84,122.105349,25.484834,0.000001,400,研海生態顧問股份有限公司,,,,,,,,,,,2023/8/21
KL_Insect_0000119,2023-08-21_Insect_HumanObservation_074,2023/8/21,2023,8,21,,HumanObservation,Asia,Taiwan,棉花嶼,,Pheidole fervens,species,熱烈大頭家蟻,,,WGS84,122.105349,25.484834,0.000001,400,研海生態顧問股份有限公司,,,,,,,,,,,2023/8/21
KL_Insect_0000226,2023-08-21_Insect_HumanObservation_075,2023/8/21,2023,8,21,,HumanObservation,Asia,Taiwan,棉花嶼,,Tetramorium lanuginosum,species,絨毛皺家蟻,,,WGS84,122.105349,25.484834,0.000001,400,研海生態顧問股份有限公司,,,,,,,,,,,2023/8/21
KL_Insect_0000123,2023-08-21_Insect_HumanObservation_076,2023/8/21,2023,8,21,,HumanObservation,Asia,Taiwan,棉花嶼,,Tetramorium bicarinatum,species,雙脊皺家蟻,,,WGS84,122.105349,25.484834,0.000001,400,研海生態顧問股份有限公司,,,,,,,,,,,2023/8/21
KL_Insect_0000300,2023-08-21_Insect_HumanObservation_077,2023/8/21,2023,8,21,,HumanObservation,Asia,Taiwan,棉花嶼,,Synclisis kawaii,species,三齒蟻蛉,,,WGS84,122.105349,25.484834,0.000001,400,研海生態顧問股份有限公司,,,,,,,,,,,2023/8/21
KL_Insect_0000241,2023-08-21_Insect_HumanObservation_078,2023/8/21,2023,8,21,,HumanObservation,Asia,Taiwan,棉花嶼,,Valenzuela,genus,梵嚙蟲,,,WGS84,122.105349,25.484834,0.000001,400,研海生態顧問股份有限公司,,,,,,,,,,,2023/8/21
KL_Insect_0000048,2024-04-01_Insect_HumanObservation_001,2024/4/1,2024,4,1,,HumanObservation,Asia,Taiwan,棉花嶼,,Pantala flavescens,species,薄翅蜻蜓,,,WGS84,122.105349,25.484834,0.000001,400,研海生態顧問股份有限公司,,,,,,,,,,,2024/4/1
KL_Insect_0000043,2024-04-01_Insect_HumanObservation_002,2024/4/1,2024,4,1,,HumanObservation,Asia,Taiwan,棉花嶼,,Anax parthenope julius,subspecies,綠胸晏蜓,,,WGS84,122.105349,25.484834,0.000001,400,研海生態顧問股份有限公司,,,,,,,,,,,2024/4/1
KL_Insect_0000002,2024-04-01_Insect_HumanObservation_003,2024/4/1,2024,4,1,,HumanObservation,Asia,Taiwan,棉花嶼,,Zizeeria maha okinawana,subspecies,藍灰蝶,,,WGS84,122.105349,25.484834,0.000001,400,研海生態顧問股份有限公司,,,,,,,,,,,2024/4/1
KL_Insect_0000012,2024-04-01_Insect_HumanObservation_004,2024/4/1,2024,4,1,,HumanObservation,Asia,Taiwan,棉花嶼,,Pieris rapae crucivora,subspecies,白粉蝶,,,WGS84,122.105349,25.484834,0.000001,400,研海生態顧問股份有限公司,,,,,,,,,,,2024/4/1
KL_Insect_0000001,2024-04-01_Insect_HumanObservation_005,2024/4/1,2024,4,1,,HumanObservation,Asia,Taiwan,棉花嶼,,Lampides boeticus,species,豆波灰蝶,,,WGS84,122.105349,25.484834,0.000001,400,研海生態顧問股份有限公司,,,,,,,,,,,2024/4/1
KL_Insect_0000041,2024-04-01_Insect_HumanObservation_006,2024/4/1,2024,4,1,,HumanObservation,Asia,Taiwan,棉花嶼,,Scopula,genus,岩尺蛾,,,WGS84,122.105349,25.484834,0.000001,400,研海生態顧問股份有限公司,,,,,,,,,,,2024/4/1
KL_Insect_0000025,2024-04-01_Insect_HumanObservation_007,2024/4/1,2024,4,1,,HumanObservation,Asia,Taiwan,棉花嶼,,Diasemia accalis,species,褐紋翅野螟,,,WGS84,122.105349,25.484834,0.000001,400,研海生態顧問股份有限公司,,,,,,,,,,,2024/4/1
KL_Insect_0000221,2024-04-01_Insect_HumanObservation_008,2024/4/1,2024,4,1,,HumanObservation,Asia,Taiwan,棉花嶼,,Diaphania indica,species,瓜絹野螟,,,WGS84,122.105349,25.484834,0.000001,400,研海生態顧問股份有限公司,,,,,,,,,,,2024/4/1
KL_Insect_0000132,2024-04-01_Insect_HumanObservation_009,2024/4/1,2024,4,1,,HumanObservation,Asia,Taiwan,棉花嶼,,Stathmopoda auriferalla,species,桃展足蛾,,,WGS84,122.105349,25.484834,0.000001,400,研海生態顧問股份有限公司,,,,,,,,,,,2024/4/1
KL_Insect_0000035,2024-04-01_Insect_HumanObservation_010,2024/4/1,2024,4,1,,HumanObservation,Asia,Taiwan,棉花嶼,,Plutella xylostella,species,小菜蛾,,,WGS84,122.105349,25.484834,0.000001,400,研海生態顧問股份有限公司,,,,,,,,,,,2024/4/1
KL_Insect_0000222,2024-04-01_Insect_HumanObservation_011,2024/4/1,2024,4,1,,HumanObservation,Asia,Taiwan,棉花嶼,,Braunsapis,genus,小蘆蜂屬,,,WGS84,122.105349,25.484834,0.000001,400,研海生態顧問股份有限公司,,,,,,,,,,,2024/4/1
KL_Insect_0000223,2024-04-01_Insect_HumanObservation_012,2024/4/1,2024,4,1,,HumanObservation,Asia,Taiwan,棉花嶼,,Hylaeus,genus,面具蜂屬,,,WGS84,122.105349,25.484834,0.000001,400,研海生態顧問股份有限公司,,,,,,,,,,,2024/4/1
KL_Insect_0000224,2024-04-01_Insect_HumanObservation_013,2024/4/1,2024,4,1,,HumanObservation,Asia,Taiwan,棉花嶼,,Aphidius gifuensis,species,岐阜小繭蜂,,,WGS84,122.105349,25.484834,0.000001,400,研海生態顧問股份有限公司,,,,,,,,,,,2024/4/1
KL_Insect_0000126,2024-04-01_Insect_HumanObservation_014,2024/4/1,2024,4,1,,HumanObservation,Asia,Taiwan,棉花嶼,,Ochetellus glaber,species,光滑管琉璃蟻,,,WGS84,122.105349,25.484834,0.000001,400,研海生態顧問股份有限公司,,,,,,,,,,,2024/4/1
KL_Insect_0000122,2024-04-01_Insect_HumanObservation_015,2024/4/1,2024,4,1,,HumanObservation,Asia,Taiwan,棉花嶼,,Monomorium chinense,species,中華單家蟻,,,WGS84,122.105349,25.484834,0.000001,400,研海生態顧問股份有限公司,,,,,,,,,,,2024/4/1
KL_Insect_0000119,2024-04-01_Insect_HumanObservation_016,2024/4/1,2024,4,1,,HumanObservation,Asia,Taiwan,棉花嶼,,Pheidole fervens,species,熱烈大頭家蟻,,,WGS84,122.105349,25.484834,0.000001,400,研海生態顧問股份有限公司,,,,,,,,,,,2024/4/1
KL_Insect_0000124,2024-04-01_Insect_HumanObservation_017,2024/4/1,2024,4,1,,HumanObservation,Asia,Taiwan,棉花嶼,,Nylanderia ryukyuensis,species,琉球尼蘭德山蟻,,,WGS84,122.105349,25.484834,0.000001,400,研海生態顧問股份有限公司,,,,,,,,,,,2024/4/1
KL_Insect_0000225,2024-04-01_Insect_HumanObservation_018,2024/4/1,2024,4,1,,HumanObservation,Asia,Taiwan,棉花嶼,,Tetramorium simillimum,species,相似皺家蟻,,,WGS84,122.105349,25.484834,0.000001,400,研海生態顧問股份有限公司,,,,,,,,,,,2024/4/1
KL_Insect_0000226,2024-04-01_Insect_HumanObservation_019,2024/4/1,2024,4,1,,HumanObservation,Asia,Taiwan,棉花嶼,,Tetramorium lanuginosum,species,絨毛皺家蟻,,,WGS84,122.105349,25.484834,0.000001,400,研海生態顧問股份有限公司,,,,,,,,,,,2024/4/1
KL_Insect_0000288,2024-04-01_Insect_HumanObservation_020,2024/4/1,2024,4,1,,HumanObservation,Asia,Taiwan,棉花嶼,,Tapinoma melanogaster,species,黑頭慌蟻,,,WGS84,122.105349,25.484834,0.000001,400,研海生態顧問股份有限公司,,,,,,,,,,,2024/4/1
KL_Insect_0000227,2024-04-01_Insect_HumanObservation_021,2024/4/1,2024,4,1,,HumanObservation,Asia,Taiwan,棉花嶼,,Austragallia,genus,,,,WGS84,122.105349,25.484834,0.000001,400,研海生態顧問股份有限公司,,,,,,,,,,,2024/4/1
KL_Insect_0000228,2024-04-01_Insect_HumanObservation_022,2024/4/1,2024,4,1,,HumanObservation,Asia,Taiwan,棉花嶼,,Stirellus indrus,species,二點矛葉蟬,,,WGS84,122.105349,25.484834,0.000001,400,研海生態顧問股份有限公司,,,,,,,,,,,2024/4/1
KL_Insect_0000229,2024-04-01_Insect_HumanObservation_023,2024/4/1,2024,4,1,,HumanObservation,Asia,Taiwan,棉花嶼,,Orosius orientalis,species,南斑葉蟬,,,WGS84,122.105349,25.484834,0.000001,400,研海生態顧問股份有限公司,,,,,,,,,,,2024/4/1
KL_Insect_0000230,2024-04-01_Insect_HumanObservation_024,2024/4/1,2024,4,1,,HumanObservation,Asia,Taiwan,棉花嶼,,Lipaphis erysimi,species,偽菜蚜,,,WGS84,122.105349,25.484834,0.000001,400,研海生態顧問股份有限公司,,,,,,,,,,,2024/4/1
KL_Insect_0000072,2024-04-01_Insect_HumanObservation_025,2024/4/1,2024,4,1,,HumanObservation,Asia,Taiwan,棉花嶼,,Agonoscelis nubilis,species,雲?,,,WGS84,122.105349,25.484834,0.000001,400,研海生態顧問股份有限公司,,,,,,,,,,,2024/4/1
KL_Insect_0000063,2024-04-01_Insect_HumanObservation_026,2024/4/1,2024,4,1,,HumanObservation,Asia,Taiwan,棉花嶼,,Geotomus,genus,地土?屬,,,WGS84,122.105349,25.484834,0.000001,400,研海生態顧問股份有限公司,,,,,,,,,,,2024/4/1
KL_Insect_0000059,2024-04-01_Insect_HumanObservation_027,2024/4/1,2024,4,1,,HumanObservation,Asia,Taiwan,棉花嶼,,Nysius ericae,species,小長椿象,,,WGS84,122.105349,25.484834,0.000001,400,研海生態顧問股份有限公司,,,,,,,,,,,2024/4/1
KL_Insect_0000069,2024-04-01_Insect_HumanObservation_028,2024/4/1,2024,4,1,,HumanObservation,Asia,Taiwan,棉花嶼,,Sejanus,genus,楔盲?屬,,,WGS84,122.105349,25.484834,0.000001,400,研海生態顧問股份有限公司,,,,,,,,,,,2024/4/1
KL_Insect_0000058,2024-04-01_Insect_HumanObservation_029,2024/4/1,2024,4,1,,HumanObservation,Asia,Taiwan,棉花嶼,,Spilostethus hospes,species,黑斑腺長?,,,WGS84,122.105349,25.484834,0.000001,400,研海生態顧問股份有限公司,,,,,,,,,,,2024/4/1
KL_Insect_0000056,2024-04-01_Insect_HumanObservation_030,2024/4/1,2024,4,1,,HumanObservation,Asia,Taiwan,棉花嶼,,Acanthocoris scaber,species,瘤緣?,,,WGS84,122.105349,25.484834,0.000001,400,研海生態顧問股份有限公司,,,,,,,,,,,2024/4/1
KL_Insect_0000235,2024-04-01_Insect_HumanObservation_031,2024/4/1,2024,4,1,,HumanObservation,Asia,Taiwan,棉花嶼,,Episyrphus,genus,黑帶蚜蠅屬,,,WGS84,122.105349,25.484834,0.000001,400,研海生態顧問股份有限公司,,,,,,,,,,,2024/4/1
KL_Insect_0000236,2024-04-01_Insect_HumanObservation_032,2024/4/1,2024,4,1,,HumanObservation,Asia,Taiwan,棉花嶼,,Steganopsis,genus,防水縞蠅屬,,,WGS84,122.105349,25.484834,0.000001,400,研海生態顧問股份有限公司,,,,,,,,,,,2024/4/1
KL_Insect_0000237,2024-04-01_Insect_HumanObservation_033,2024/4/1,2024,4,1,,HumanObservation,Asia,Taiwan,棉花嶼,,Sphenella,genus,雙帶斑實蠅屬,,,WGS84,122.105349,25.484834,0.000001,400,研海生態顧問股份有限公司,,,,,,,,,,,2024/4/1
KL_Insect_0000238,2024-04-01_Insect_HumanObservation_034,2024/4/1,2024,4,1,,HumanObservation,Asia,Taiwan,棉花嶼,,Lispe,genus,溜蠅屬,,,WGS84,122.105349,25.484834,0.000001,400,研海生態顧問股份有限公司,,,,,,,,,,,2024/4/1
KL_Insect_0000239,2024-04-01_Insect_HumanObservation_035,2024/4/1,2024,4,1,,HumanObservation,Asia,Taiwan,棉花嶼,,Liriomyza,genus,斑潛蠅屬,,,WGS84,122.105349,25.484834,0.000001,400,研海生態顧問股份有限公司,,,,,,,,,,,2024/4/1
KL_Insect_0000240,2024-04-01_Insect_HumanObservation_036,2024/4/1,2024,4,1,,HumanObservation,Asia,Taiwan,棉花嶼,,Drosophila,genus,果蠅屬,,,WGS84,122.105349,25.484834,0.000001,400,研海生態顧問股份有限公司,,,,,,,,,,,2024/4/1
KL_Insect_0000241,2024-04-01_Insect_HumanObservation_037,2024/4/1,2024,4,1,,HumanObservation,Asia,Taiwan,棉花嶼,,Valenzuela,genus,梵嚙蟲屬,,,WGS84,122.105349,25.484834,0.000001,400,研海生態顧問股份有限公司,,,,,,,,,,,2024/4/1
KL_Insect_0000242,2024-04-01_Insect_HumanObservation_038,2024/4/1,2024,4,1,,HumanObservation,Asia,Taiwan,棉花嶼,,Hemerobius,genus,褐蛉屬,,,WGS84,122.105349,25.484834,0.000001,400,研海生態顧問股份有限公司,,,,,,,,,,,2024/4/1
KL_Insect_0000243,2024-04-01_Insect_HumanObservation_039,2024/4/1,2024,4,1,,HumanObservation,Asia,Taiwan,棉花嶼,,Phlaeothripidae,family,管薊馬科,,,WGS84,122.105349,25.484834,0.000001,400,研海生態顧問股份有限公司,,,,,,,,,,,2024/4/1
KL_Insect_0000244,2024-04-01_Insect_HumanObservation_040,2024/4/1,2024,4,1,,HumanObservation,Asia,Taiwan,棉花嶼,,Thripidae,family,薊馬科,,,WGS84,122.105349,25.484834,0.000001,400,研海生態顧問股份有限公司,,,,,,,,,,,2024/4/1
KL_Insect_0000158,2024-04-01_Insect_HumanObservation_041,2024/4/1,2024,4,1,,HumanObservation,Asia,Taiwan,棉花嶼,,Lepismatidae,family,衣魚科,,,WGS84,122.105349,25.484834,0.000001,400,研海生態顧問股份有限公司,,,,,,,,,,,2024/4/1
KL_Insect_0000079,2024-04-01_Insect_HumanObservation_042,2024/4/1,2024,4,1,,HumanObservation,Asia,Taiwan,棉花嶼,,Periplaneta australasiae,species,澳洲家蠊,,,WGS84,122.105349,25.484834,0.000001,400,研海生態顧問股份有限公司,,,,,,,,,,,2024/4/1
KL_Insect_0000078,2024-04-01_Insect_HumanObservation_043,2024/4/1,2024,4,1,,HumanObservation,Asia,Taiwan,棉花嶼,,Blattella,genus,姬蠊屬,,,WGS84,122.105349,25.484834,0.000001,400,研海生態顧問股份有限公司,,,,,,,,,,,2024/4/1
KL_Insect_0000077,2024-04-01_Insect_HumanObservation_044,2024/4/1,2024,4,1,,HumanObservation,Asia,Taiwan,棉花嶼,,Pycnoscelis surinamensis,species,蘇里南潛蠊,,,WGS84,122.105349,25.484834,0.000001,400,研海生態顧問股份有限公司,,,,,,,,,,,2024/4/1
KL_Insect_0000108,2024-04-01_Insect_HumanObservation_045,2024/4/1,2024,4,1,,HumanObservation,Asia,Taiwan,棉花嶼,,Agrypnus sakaguchii,species,小褐鏽叩頭蟲,,,WGS84,122.105349,25.484834,0.000001,400,研海生態顧問股份有限公司,,,,,,,,,,,2024/4/1
KL_Insect_0000107,2024-04-01_Insect_HumanObservation_046,2024/4/1,2024,4,1,,HumanObservation,Asia,Taiwan,棉花嶼,,Gonocephalum,genus,潛砂蟲屬,,,WGS84,122.105349,25.484834,0.000001,400,研海生態顧問股份有限公司,,,,,,,,,,,2024/4/1
KL_Insect_0000099,2024-04-01_Insect_HumanObservation_047,2024/4/1,2024,4,1,,HumanObservation,Asia,Taiwan,棉花嶼,,Cassida circumdata,species,甘藷龜金花蟲,,,WGS84,122.105349,25.484834,0.000001,400,研海生態顧問股份有限公司,,,,,,,,,,,2024/4/1
KL_Insect_0000104,2024-04-01_Insect_HumanObservation_048,2024/4/1,2024,4,1,,HumanObservation,Asia,Taiwan,棉花嶼,,Cheilomenes sexmaculata,species,六條瓢蟲,,,WGS84,122.105349,25.484834,0.000001,400,研海生態顧問股份有限公司,,,,,,,,,,,2024/4/1
KL_Insect_0000135,2024-04-01_Insect_HumanObservation_049,2024/4/1,2024,4,1,,HumanObservation,Asia,Taiwan,棉花嶼,,Trilophidia japonica,species,疣蝗,,,WGS84,122.105349,25.484834,0.000001,400,研海生態顧問股份有限公司,,,,,,,,,,,2024/4/1
KL_Insect_0000248,2024-04-01_Insect_HumanObservation_050,2024/4/1,2024,4,1,,HumanObservation,Asia,Taiwan,棉花嶼,,Myrmecophilus quadrispinus,species,蓬萊蟻蟋,,,WGS84,122.105349,25.484834,0.000001,400,研海生態顧問股份有限公司,,,,,,,,,,,2024/4/1
KL_Insect_0000084,2024-04-01_Insect_HumanObservation_051,2024/4/1,2024,4,1,,HumanObservation,Asia,Taiwan,棉花嶼,,Patanga succincta,species,條背土蝗,,,WGS84,122.105349,25.484834,0.000001,400,研海生態顧問股份有限公司,,,,,,,,,,,2024/4/1
KL_Insect_0000161,2024-07-31_Insect_HumanObservation_052,2024/7/31,2024,7,31,,HumanObservation,Asia,Taiwan,棉花嶼,,Cicadellidae,family,葉蟬科,,,WGS84,122.105349,25.484834,0.000001,400,研海生態顧問股份有限公司,,,,,,,,,,,2024/7/31
KL_Insect_0000249,2024-07-31_Insect_HumanObservation_053,2024/7/31,2024,7,31,,HumanObservation,Asia,Taiwan,棉花嶼,,Tropidocephala,genus,匙頂飛蝨屬,,,WGS84,122.105349,25.484834,0.000001,400,研海生態顧問股份有限公司,,,,,,,,,,,2024/7/31
KL_Insect_0000250,2024-07-31_Insect_HumanObservation_054,2024/7/31,2024,7,31,,HumanObservation,Asia,Taiwan,棉花嶼,,Geocoris ochropterus,species,南亞大眼長?,,,WGS84,122.105349,25.484834,0.000001,400,研海生態顧問股份有限公司,,,,,,,,,,,2024/7/31
KL_Insect_0000072,2024-07-31_Insect_HumanObservation_055,2024/7/31,2024,7,31,,HumanObservation,Asia,Taiwan,棉花嶼,,Agonoscelis nubilis,species,雲?,,,WGS84,122.105349,25.484834,0.000001,400,研海生態顧問股份有限公司,,,,,,,,,,,2024/7/31
KL_Insect_0000063,2024-07-31_Insect_HumanObservation_056,2024/7/31,2024,7,31,,HumanObservation,Asia,Taiwan,棉花嶼,,Geotomus,genus,地土?屬,,,WGS84,122.105349,25.484834,0.000001,400,研海生態顧問股份有限公司,,,,,,,,,,,2024/7/31
KL_Insect_0000056,2024-07-31_Insect_HumanObservation_057,2024/7/31,2024,7,31,,HumanObservation,Asia,Taiwan,棉花嶼,,Acanthocoris scaber,species,瘤緣?,,,WGS84,122.105349,25.484834,0.000001,400,研海生態顧問股份有限公司,,,,,,,,,,,2024/7/31
KL_Insect_0000253,2024-07-31_Insect_HumanObservation_058,2024/7/31,2024,7,31,,HumanObservation,Asia,Taiwan,棉花嶼,,Pilophorus,genus,束盲?屬,,,WGS84,122.105349,25.484834,0.000001,400,研海生態顧問股份有限公司,,,,,,,,,,,2024/7/31
KL_Insect_0000059,2024-07-31_Insect_HumanObservation_059,2024/7/31,2024,7,31,,HumanObservation,Asia,Taiwan,棉花嶼,,Nysius ericae,species,小長?,,,WGS84,122.105349,25.484834,0.000001,400,研海生態顧問股份有限公司,,,,,,,,,,,2024/7/31
KL_Insect_0000058,2024-07-31_Insect_HumanObservation_060,2024/7/31,2024,7,31,,HumanObservation,Asia,Taiwan,棉花嶼,,Spilostethus hospes,species,黑斑腺長?,,,WGS84,122.105349,25.484834,0.000001,400,研海生態顧問股份有限公司,,,,,,,,,,,2024/7/31
KL_Insect_0000054,2024-07-31_Insect_HumanObservation_061,2024/7/31,2024,7,31,,HumanObservation,Asia,Taiwan,棉花嶼,,Cletus trigonus,species,長肩棘緣椿象,,,WGS84,122.105349,25.484834,0.000001,400,研海生態顧問股份有限公司,,,,,,,,,,,2024/7/31
KL_Insect_0000144,2024-07-31_Insect_HumanObservation_062,2024/7/31,2024,7,31,,HumanObservation,Asia,Taiwan,棉花嶼,,Aiolopus thalassinus tamulus,subspecies,斑蝗,,,WGS84,122.105349,25.484834,0.000001,400,研海生態顧問股份有限公司,,,,,,,,,,,2024/7/31
KL_Insect_0000135,2024-07-31_Insect_HumanObservation_063,2024/7/31,2024,7,31,,HumanObservation,Asia,Taiwan,棉花嶼,,Trilophidia japonica,species,疣蝗,,,WGS84,122.105349,25.484834,0.000001,400,研海生態顧問股份有限公司,,,,,,,,,,,2024/7/31
KL_Insect_0000257,2024-07-31_Insect_HumanObservation_064,2024/7/31,2024,7,31,,HumanObservation,Asia,Taiwan,棉花嶼,,Ornebius bimaculatus,species,二斑奧蟋,,,WGS84,122.105349,25.484834,0.000001,400,研海生態顧問股份有限公司,,,,,,,,,,,2024/7/31
KL_Insect_0000258,2024-07-31_Insect_HumanObservation_065,2024/7/31,2024,7,31,,HumanObservation,Asia,Taiwan,棉花嶼,,Velarifictorus,genus,鬥蟋屬,,,WGS84,122.105349,25.484834,0.000001,400,研海生態顧問股份有限公司,,,,,,,,,,,2024/7/31
KL_Insect_0000096,2024-07-31_Insect_HumanObservation_066,2024/7/31,2024,7,31,,HumanObservation,Asia,Taiwan,棉花嶼,,Eobia chinensis,species,黑尾擬天牛,,,WGS84,122.105349,25.484834,0.000001,400,研海生態顧問股份有限公司,,,,,,,,,,,2024/7/31
KL_Insect_0000139,2024-07-31_Insect_HumanObservation_067,2024/7/31,2024,7,31,,HumanObservation,Asia,Taiwan,棉花嶼,,Protaetia orientalis,species,東方白點花金龜,,,WGS84,122.105349,25.484834,0.000001,400,研海生態顧問股份有限公司,,,,,,,,,,,2024/7/31
KL_Insect_0000099,2024-07-31_Insect_HumanObservation_068,2024/7/31,2024,7,31,,HumanObservation,Asia,Taiwan,棉花嶼,,Cassida circumdata,species,甘藷龜金花蟲,,,WGS84,122.105349,25.484834,0.000001,400,研海生態顧問股份有限公司,,,,,,,,,,,2024/7/31
KL_Insect_0000107,2024-07-31_Insect_HumanObservation_069,2024/7/31,2024,7,31,,HumanObservation,Asia,Taiwan,棉花嶼,,Gonocephalum,genus,潛砂蟲屬,,,WGS84,122.105349,25.484834,0.000001,400,研海生態顧問股份有限公司,,,,,,,,,,,2024/7/31
KL_Insect_0000108,2024-07-31_Insect_HumanObservation_070,2024/7/31,2024,7,31,,HumanObservation,Asia,Taiwan,棉花嶼,,Agrypnus sakaguchii,species,小褐鏽叩頭蟲,,,WGS84,122.105349,25.484834,0.000001,400,研海生態顧問股份有限公司,,,,,,,,,,,2024/7/31
KL_Insect_0000142,2024-07-31_Insect_HumanObservation_071,2024/7/31,2024,7,31,,HumanObservation,Asia,Taiwan,棉花嶼,,Coccinellidae,family,瓢蟲科,,,WGS84,122.105349,25.484834,0.000001,400,研海生態顧問股份有限公司,,,,,,,,,,,2024/7/31
KL_Insect_0000223,2024-07-31_Insect_HumanObservation_072,2024/7/31,2024,7,31,,HumanObservation,Asia,Taiwan,棉花嶼,,Hylaeus,genus,面具蜂屬,,,WGS84,122.105349,25.484834,0.000001,400,研海生態顧問股份有限公司,,,,,,,,,,,2024/7/31
KL_Insect_0000222,2024-07-31_Insect_HumanObservation_073,2024/7/31,2024,7,31,,HumanObservation,Asia,Taiwan,棉花嶼,,Braunsapis,genus,小蘆蜂屬,,,WGS84,122.105349,25.484834,0.000001,400,研海生態顧問股份有限公司,,,,,,,,,,,2024/7/31
KL_Insect_0000261,2024-07-31_Insect_HumanObservation_074,2024/7/31,2024,7,31,,HumanObservation,Asia,Taiwan,棉花嶼,,Plagiolepis,genus,斜山蟻屬,,,WGS84,122.105349,25.484834,0.000001,400,研海生態顧問股份有限公司,,,,,,,,,,,2024/7/31
KL_Insect_0000123,2024-07-31_Insect_HumanObservation_075,2024/7/31,2024,7,31,,HumanObservation,Asia,Taiwan,棉花嶼,,Tetramorium bicarinatum,species,雙脊皺家蟻,,,WGS84,122.105349,25.484834,0.000001,400,研海生態顧問股份有限公司,,,,,,,,,,,2024/7/31
KL_Insect_0000121,2024-07-31_Insect_HumanObservation_076,2024/7/31,2024,7,31,,HumanObservation,Asia,Taiwan,棉花嶼,,Cardiocondyla minutior,species,小瘤突家蟻,,,WGS84,122.105349,25.484834,0.000001,400,研海生態顧問股份有限公司,,,,,,,,,,,2024/7/31
KL_Insect_0000122,2024-07-31_Insect_HumanObservation_077,2024/7/31,2024,7,31,,HumanObservation,Asia,Taiwan,棉花嶼,,Monomorium chinense,species,中華單家蟻,,,WGS84,122.105349,25.484834,0.000001,400,研海生態顧問股份有限公司,,,,,,,,,,,2024/7/31
KL_Insect_0000126,2024-07-31_Insect_HumanObservation_078,2024/7/31,2024,7,31,,HumanObservation,Asia,Taiwan,棉花嶼,,Ochetellus glaber,species,光滑管琉璃蟻,,,WGS84,122.105349,25.484834,0.000001,400,研海生態顧問股份有限公司,,,,,,,,,,,2024/7/31
KL_Insect_0000119,2024-07-31_Insect_HumanObservation_079,2024/7/31,2024,7,31,,HumanObservation,Asia,Taiwan,棉花嶼,,Pheidole fervens,species,熱烈大頭家蟻,,,WGS84,122.105349,25.484834,0.000001,400,研海生態顧問股份有限公司,,,,,,,,,,,2024/7/31
KL_Insect_0000124,2024-07-31_Insect_HumanObservation_080,2024/7/31,2024,7,31,,HumanObservation,Asia,Taiwan,棉花嶼,,Nylanderia ryukyuensis,species,琉球尼蘭德山蟻,,,WGS84,122.105349,25.484834,0.000001,400,研海生態顧問股份有限公司,,,,,,,,,,,2024/7/31
KL_Insect_0000125,2024-07-31_Insect_HumanObservation_081,2024/7/31,2024,7,31,,HumanObservation,Asia,Taiwan,棉花嶼,,Camponotus albosparsus,species,白疏巨山蟻,,,WGS84,122.105349,25.484834,0.000001,400,研海生態顧問股份有限公司,,,,,,,,,,,2024/7/31
KL_Insect_0000243,2024-07-31_Insect_HumanObservation_082,2024/7/31,2024,7,31,,HumanObservation,Asia,Taiwan,棉花嶼,,Phlaeothripidae,family,管薊馬科,,,WGS84,122.105349,25.484834,0.000001,400,研海生態顧問股份有限公司,,,,,,,,,,,2024/7/31
KL_Insect_0000241,2024-07-31_Insect_HumanObservation_083,2024/7/31,2024,7,31,,HumanObservation,Asia,Taiwan,棉花嶼,,Valenzuela,genus,梵嚙蟲屬,,,WGS84,122.105349,25.484834,0.000001,400,研海生態顧問股份有限公司,,,,,,,,,,,2024/7/31
KL_Insect_0000264,2024-07-31_Insect_HumanObservation_084,2024/7/31,2024,7,31,,HumanObservation,Asia,Taiwan,棉花嶼,,Tomosvaryella,genus,刀蠅屬,,,WGS84,122.105349,25.484834,0.000001,400,研海生態顧問股份有限公司,,,,,,,,,,,2024/7/31
KL_Insect_0000265,2024-07-31_Insect_HumanObservation_085,2024/7/31,2024,7,31,,HumanObservation,Asia,Taiwan,棉花嶼,,Muscidae,family,家蠅科,,,WGS84,122.105349,25.484834,0.000001,400,研海生態顧問股份有限公司,,,,,,,,,,,2024/7/31
KL_Insect_0000266,2024-07-31_Insect_HumanObservation_086,2024/7/31,2024,7,31,,HumanObservation,Asia,Taiwan,棉花嶼,,Chironomidae,family,搖蚊科,,,WGS84,122.105349,25.484834,0.000001,400,研海生態顧問股份有限公司,,,,,,,,,,,2024/7/31
KL_Insect_0000236,2024-07-31_Insect_HumanObservation_087,2024/7/31,2024,7,31,,HumanObservation,Asia,Taiwan,棉花嶼,,Steganopsis,genus,防水縞蠅屬,,,WGS84,122.105349,25.484834,0.000001,400,研海生態顧問股份有限公司,,,,,,,,,,,2024/7/31
KL_Insect_0000112,2024-07-31_Insect_HumanObservation_088,2024/7/31,2024,7,31,,HumanObservation,Asia,Taiwan,棉花嶼,,Dioxyna sororcula,species,長鞘寬頭實蠅,,,WGS84,122.105349,25.484834,0.000001,400,研海生態顧問股份有限公司,,,,,,,,,,,2024/7/31
KL_Insect_0000048,2024-07-31_Insect_HumanObservation_089,2024/7/31,2024,7,31,,HumanObservation,Asia,Taiwan,棉花嶼,,Pantala flavescens,species,薄翅蜻蜓,,,WGS84,122.105349,25.484834,0.000001,400,研海生態顧問股份有限公司,,,,,,,,,,,2024/7/31
KL_Insect_0000002,2024-07-31_Insect_HumanObservation_090,2024/7/31,2024,7,31,,HumanObservation,Asia,Taiwan,棉花嶼,,Zizeeria maha okinawana,subspecies,藍灰蝶,,,WGS84,122.105349,25.484834,0.000001,400,研海生態顧問股份有限公司,,,,,,,,,,,2024/7/31
KL_Insect_0000001,2024-07-31_Insect_HumanObservation_091,2024/7/31,2024,7,31,,HumanObservation,Asia,Taiwan,棉花嶼,,Lampides boeticus,species,豆波灰蝶,,,WGS84,122.105349,25.484834,0.000001,400,研海生態顧問股份有限公司,,,,,,,,,,,2024/7/31
KL_Insect_0000210,2024-07-31_Insect_HumanObservation_092,2024/7/31,2024,7,31,,HumanObservation,Asia,Taiwan,棉花嶼,,Catopsilia pomona pomona,subspecies,遷粉蝶,,,WGS84,122.105349,25.484834,0.000001,400,研海生態顧問股份有限公司,,,,,,,,,,,2024/7/31
KL_Insect_0000041,2024-07-31_Insect_HumanObservation_093,2024/7/31,2024,7,31,,HumanObservation,Asia,Taiwan,棉花嶼,,Scopula,genus,岩尺蛾屬,,,WGS84,122.105349,25.484834,0.000001,400,研海生態顧問股份有限公司,,,,,,,,,,,2024/7/31
KL_Insect_0000269,2024-07-31_Insect_HumanObservation_094,2024/7/31,2024,7,31,,HumanObservation,Asia,Taiwan,棉花嶼,,Melapia kishidai,species,三角斑裳蛾,,,WGS84,122.105349,25.484834,0.000001,400,研海生態顧問股份有限公司,,,,,,,,,,,2024/7/31
KL_Insect_0000270,2024-07-31_Insect_HumanObservation_095,2024/7/31,2024,7,31,,HumanObservation,Asia,Taiwan,棉花嶼,,Mocis undata,species,毛脛裳蛾,,,WGS84,122.105349,25.484834,0.000001,400,研海生態顧問股份有限公司,,,,,,,,,,,2024/7/31
KL_Insect_0000027,2024-07-31_Insect_HumanObservation_096,2024/7/31,2024,7,31,,HumanObservation,Asia,Taiwan,棉花嶼,,Patania plagiatalis,species,扇野螟蛾,,,WGS84,122.105349,25.484834,0.000001,400,研海生態顧問股份有限公司,,,,,,,,,,,2024/7/31
KL_Insect_0000048,2024-09-12_Insect_HumanObservation_097,2024/9/12,2024,9,12,,HumanObservation,Asia,Taiwan,棉花嶼,,Pantala flavescens,species,薄翅蜻蜓,,,WGS84,122.105349,25.484834,0.000001,400,研海生態顧問股份有限公司,,,,,,,,,,,2024/9/12
KL_Insect_0000002,2024-09-12_Insect_HumanObservation_098,2024/9/12,2024,9,12,,HumanObservation,Asia,Taiwan,棉花嶼,,Zizeeria maha okinawana,subspecies,藍灰蝶,,,WGS84,122.105349,25.484834,0.000001,400,研海生態顧問股份有限公司,,,,,,,,,,,2024/9/12
KL_Insect_0000001,2024-09-12_Insect_HumanObservation_099,2024/9/12,2024,9,12,,HumanObservation,Asia,Taiwan,棉花嶼,,Lampides boeticus,species,豆波灰蝶,,,WGS84,122.105349,25.484834,0.000001,400,研海生態顧問股份有限公司,,,,,,,,,,,2024/9/12
KL_Insect_0000271,2024-09-12_Insect_HumanObservation_100,2024/9/12,2024,9,12,,HumanObservation,Asia,Taiwan,棉花嶼,,Asota caricae,species,一點擬燈蛾,,,WGS84,122.105349,25.484834,0.000001,400,研海生態顧問股份有限公司,,,,,,,,,,,2024/9/12
KL_Insect_0000020,2024-09-12_Insect_HumanObservation_101,2024/9/12,2024,9,12,,HumanObservation,Asia,Taiwan,棉花嶼,,Spoladea recurvalis,species,甜菜白帶野螟,,,WGS84,122.105349,25.484834,0.000001,400,研海生態顧問股份有限公司,,,,,,,,,,,2024/9/12
KL_Insect_0000272,2024-09-12_Insect_HumanObservation_102,2024/9/12,2024,9,12,,HumanObservation,Asia,Taiwan,棉花嶼,,Cnaphalocrocis medinalis,species,瘤野螟,,,WGS84,122.105349,25.484834,0.000001,400,研海生態顧問股份有限公司,,,,,,,,,,,2024/9/12
KL_Insect_0000108,2024-09-12_Insect_HumanObservation_103,2024/9/12,2024,9,12,,HumanObservation,Asia,Taiwan,棉花嶼,,Agrypnus sakaguchii,species,小褐鏽叩頭蟲,,,WGS84,122.105349,25.484834,0.000001,400,研海生態顧問股份有限公司,,,,,,,,,,,2024/9/12
KL_Insect_0000107,2024-09-12_Insect_HumanObservation_104,2024/9/12,2024,9,12,,HumanObservation,Asia,Taiwan,棉花嶼,,Gonocephalum,genus,潛砂蟲屬,,,WGS84,122.105349,25.484834,0.000001,400,研海生態顧問股份有限公司,,,,,,,,,,,2024/9/12
KL_Insect_0000099,2024-09-12_Insect_HumanObservation_105,2024/9/12,2024,9,12,,HumanObservation,Asia,Taiwan,棉花嶼,,Cassida circumdata,species,甘藷龜金花蟲,,,WGS84,122.105349,25.484834,0.000001,400,研海生態顧問股份有限公司,,,,,,,,,,,2024/9/12
KL_Insect_0000273,2024-09-12_Insect_HumanObservation_106,2024/9/12,2024,9,12,,HumanObservation,Asia,Taiwan,棉花嶼,,Harpalus,genus,婪步甲屬,,,WGS84,122.105349,25.484834,0.000001,400,研海生態顧問股份有限公司,,,,,,,,,,,2024/9/12
KL_Insect_0000265,2024-09-12_Insect_HumanObservation_107,2024/9/12,2024,9,12,,HumanObservation,Asia,Taiwan,棉花嶼,,Muscidae,family,家蠅科,,,WGS84,122.105349,25.484834,0.000001,400,研海生態顧問股份有限公司,,,,,,,,,,,2024/9/12
KL_Insect_0000275,2024-09-12_Insect_HumanObservation_108,2024/9/12,2024,9,12,,HumanObservation,Asia,Taiwan,棉花嶼,,Acrida,genus,劍角蝗屬,,,WGS84,122.105349,25.484834,0.000001,400,研海生態顧問股份有限公司,,,,,,,,,,,2024/9/12
KL_Insect_0000144,2024-09-12_Insect_HumanObservation_109,2024/9/12,2024,9,12,,HumanObservation,Asia,Taiwan,棉花嶼,,Aiolopus thalassinus tamulus,subspecies,斑蝗,,,WGS84,122.105349,25.484834,0.000001,400,研海生態顧問股份有限公司,,,,,,,,,,,2024/9/12
KL_Insect_0000172,2024-09-12_Insect_HumanObservation_110,2024/9/12,2024,9,12,,HumanObservation,Asia,Taiwan,棉花嶼,,Gryllidae,family,蟋蟀科,,,WGS84,122.105349,25.484834,0.000001,400,研海生態顧問股份有限公司,,,,,,,,,,,2024/9/12
KL_Insect_0000158,2024-09-12_Insect_HumanObservation_111,2024/9/12,2024,9,12,,HumanObservation,Asia,Taiwan,棉花嶼,,Lepismatidae,family,衣魚科,,,WGS84,122.105349,25.484834,0.000001,400,研海生態顧問股份有限公司,,,,,,,,,,,2024/9/12
KL_Insect_0000243,2024-09-12_Insect_HumanObservation_112,2024/9/12,2024,9,12,,HumanObservation,Asia,Taiwan,棉花嶼,,Phlaeothripidae,family,管薊馬科,,,WGS84,122.105349,25.484834,0.000001,400,研海生態顧問股份有限公司,,,,,,,,,,,2024/9/12
KL_Insect_0000079,2024-09-12_Insect_HumanObservation_113,2024/9/12,2024,9,12,,HumanObservation,Asia,Taiwan,棉花嶼,,Periplaneta australasiae,species,澳洲家蠊,,,WGS84,122.105349,25.484834,0.000001,400,研海生態顧問股份有限公司,,,,,,,,,,,2024/9/12
KL_Insect_0000054,2024-09-12_Insect_HumanObservation_114,2024/9/12,2024,9,12,,HumanObservation,Asia,Taiwan,棉花嶼,,Cletus trigonus,species,長肩棘緣椿象,,,WGS84,122.105349,25.484834,0.000001,400,研海生態顧問股份有限公司,,,,,,,,,,,2024/9/12
KL_Insect_0000250,2024-09-12_Insect_HumanObservation_115,2024/9/12,2024,9,12,,HumanObservation,Asia,Taiwan,棉花嶼,,Geocoris ochropterus,species,南亞大眼長?,,,WGS84,122.105349,25.484834,0.000001,400,研海生態顧問股份有限公司,,,,,,,,,,,2024/9/12
KL_Insect_0000055,2024-09-12_Insect_HumanObservation_116,2024/9/12,2024,9,12,,HumanObservation,Asia,Taiwan,棉花嶼,,Homoeocerus marginiventris,species,斑腹同緣?,,,WGS84,122.105349,25.484834,0.000001,400,研海生態顧問股份有限公司,,,,,,,,,,,2024/9/12
KL_Insect_0000154,2024-09-12_Insect_HumanObservation_117,2024/9/12,2024,9,12,,HumanObservation,Asia,Taiwan,棉花嶼,,Scotinophara scottii,species,短刺黑?,,,WGS84,122.105349,25.484834,0.000001,400,研海生態顧問股份有限公司,,,,,,,,,,,2024/9/12
KL_Insect_0000059,2024-09-12_Insect_HumanObservation_118,2024/9/12,2024,9,12,,HumanObservation,Asia,Taiwan,棉花嶼,,Nysius ericae,species,小長?,,,WGS84,122.105349,25.484834,0.000001,400,研海生態顧問股份有限公司,,,,,,,,,,,2024/9/12
KL_Insect_0000058,2024-09-12_Insect_HumanObservation_119,2024/9/12,2024,9,12,,HumanObservation,Asia,Taiwan,棉花嶼,,Spilostethus hospes,species,黑斑腺長?,,,WGS84,122.105349,25.484834,0.000001,400,研海生態顧問股份有限公司,,,,,,,,,,,2024/9/12
KL_Insect_0000283,2024-09-12_Insect_HumanObservation_120,2024/9/12,2024,9,12,,HumanObservation,Asia,Taiwan,棉花嶼,,Diniella,genus,赤喉長?屬,,,WGS84,122.105349,25.484834,0.000001,400,研海生態顧問股份有限公司,,,,,,,,,,,2024/9/12
KL_Insect_0000284,2024-09-12_Insect_HumanObservation_121,2024/9/12,2024,9,12,,HumanObservation,Asia,Taiwan,棉花嶼,,Stirellus,genus,矛葉蟬屬,,,WGS84,122.105349,25.484834,0.000001,400,研海生態顧問股份有限公司,,,,,,,,,,,2024/9/12
KL_Insect_0000222,2024-09-12_Insect_HumanObservation_122,2024/9/12,2024,9,12,,HumanObservation,Asia,Taiwan,棉花嶼,,Braunsapis,genus,小蘆蜂屬,,,WGS84,122.105349,25.484834,0.000001,400,研海生態顧問股份有限公司,,,,,,,,,,,2024/9/12
KL_Insect_0000286,2024-09-12_Insect_HumanObservation_123,2024/9/12,2024,9,12,,HumanObservation,Asia,Taiwan,棉花嶼,,Pompilidae,family,蛛蜂科,,,WGS84,122.105349,25.484834,0.000001,400,研海生態顧問股份有限公司,,,,,,,,,,,2024/9/12
KL_Insect_0000124,2024-09-12_Insect_HumanObservation_124,2024/9/12,2024,9,12,,HumanObservation,Asia,Taiwan,棉花嶼,,Nylanderia ryukyuensis,species,琉球尼蘭德山蟻,,,WGS84,122.105349,25.484834,0.000001,400,研海生態顧問股份有限公司,,,,,,,,,,,2024/9/12
KL_Insect_0000126,2024-09-12_Insect_HumanObservation_125,2024/9/12,2024,9,12,,HumanObservation,Asia,Taiwan,棉花嶼,,Ochetellus glaber,species,光滑管琉璃蟻,,,WGS84,122.105349,25.484834,0.000001,400,研海生態顧問股份有限公司,,,,,,,,,,,2024/9/12
KL_Insect_0000122,2024-09-12_Insect_HumanObservation_126,2024/9/12,2024,9,12,,HumanObservation,Asia,Taiwan,棉花嶼,,Monomorium chinense,species,中華單家蟻,,,WGS84,122.105349,25.484834,0.000001,400,研海生態顧問股份有限公司,,,,,,,,,,,2024/9/12
KL_Insect_0000119,2024-09-12_Insect_HumanObservation_127,2024/9/12,2024,9,12,,HumanObservation,Asia,Taiwan,棉花嶼,,Pheidole fervens,species,熱烈大頭家蟻,,,WGS84,122.105349,25.484834,0.000001,400,研海生態顧問股份有限公司,,,,,,,,,,,2024/9/12
KL_Insect_0000121,2024-09-12_Insect_HumanObservation_128,2024/9/12,2024,9,12,,HumanObservation,Asia,Taiwan,棉花嶼,,Cardiocondyla minutior,species,小瘤突家蟻,,,WGS84,122.105349,25.484834,0.000001,400,研海生態顧問股份有限公司,,,,,,,,,,,2024/9/12
KL_Insect_0000123,2024-09-12_Insect_HumanObservation_129,2024/9/12,2024,9,12,,HumanObservation,Asia,Taiwan,棉花嶼,,Tetramorium bicarinatum,species,雙脊皺家蟻,,,WGS84,122.105349,25.484834,0.000001,400,研海生態顧問股份有限公司,,,,,,,,,,,2024/9/12
KL_Insect_0000241,2024-09-12_Insect_HumanObservation_130,2024/9/12,2024,9,12,,HumanObservation,Asia,Taiwan,棉花嶼,,Valenzuela,genus,梵嚙蟲屬,,,WGS84,122.105349,25.484834,0.000001,400,研海生態顧問股份有限公司,,,,,,,,,,,2024/9/12
KL_Insect_0000048,2025-08-19_Insect_HumanObservation_001,2025/8/19,2025,8,19,,HumanObservation,Asia,Taiwan,棉花嶼,,Pantala flavescens,species,薄翅蜻蜓,,,WGS84,122.105349,25.484834,0.000001,400,研海生態顧問股份有限公司,,,,,,,,,,,2025/8/19
KL_Insect_0000301,2025-08-19_Insect_HumanObservation_002,2025/8/19,2025,8,19,,HumanObservation,Asia,Taiwan,棉花嶼,,Anax,genus,偉蜓屬,,,WGS84,122.105349,25.484834,0.000001,400,研海生態顧問股份有限公司,,,,,,,,,,,2025/8/19
KL_Insect_0000002,2025-08-19_Insect_HumanObservation_003,2025/8/19,2025,8,19,,HumanObservation,Asia,Taiwan,棉花嶼,,Zizeeria maha okinawana,species,藍灰蝶,,,WGS84,122.105349,25.484834,0.000001,400,研海生態顧問股份有限公司,,,,,,,,,,,2025/8/19
KL_Insect_0000001,2025-08-19_Insect_HumanObservation_004,2025/8/19,2025,8,19,,HumanObservation,Asia,Taiwan,棉花嶼,,Lampides boeticus,species,豆波灰蝶,,,WGS84,122.105349,25.484834,0.000001,400,研海生態顧問股份有限公司,,,,,,,,,,,2025/8/19
KL_Insect_0000302,2025-08-19_Insect_HumanObservation_005,2025/8/19,2025,8,19,,HumanObservation,Asia,Taiwan,棉花嶼,,Agrius convolvuli,species,白薯天蛾,,,WGS84,122.105349,25.484834,0.000001,400,研海生態顧問股份有限公司,,,,,,,,,,,2025/8/19
KL_Insect_0000096,2025-08-19_Insect_HumanObservation_006,2025/8/19,2025,8,19,,HumanObservation,Asia,Taiwan,棉花嶼,,Eobia chinensis,species,黑尾擬天牛,,,WGS84,122.105349,25.484834,0.000001,400,研海生態顧問股份有限公司,,,,,,,,,,,2025/8/19
KL_Insect_0000099,2025-08-19_Insect_HumanObservation_007,2025/8/19,2025,8,19,,HumanObservation,Asia,Taiwan,棉花嶼,,Cassida circumdata,species,甘藷龜金花蟲,,,WGS84,122.105349,25.484834,0.000001,400,研海生態顧問股份有限公司,,,,,,,,,,,2025/8/19
KL_Insect_0000108,2025-08-19_Insect_HumanObservation_008,2025/8/19,2025,8,19,,HumanObservation,Asia,Taiwan,棉花嶼,,Agrypnus sakaguchii,species,小褐鏽叩頭蟲,,,WGS84,122.105349,25.484834,0.000001,400,研海生態顧問股份有限公司,,,,,,,,,,,2025/8/19
KL_Insect_0000303,2025-08-19_Insect_HumanObservation_009,2025/8/19,2025,8,19,,HumanObservation,Asia,Taiwan,棉花嶼,,Hydrophilidae,family,牙蟲科,,,WGS84,122.105349,25.484834,0.000001,400,研海生態顧問股份有限公司,,,,,,,,,,,2025/8/19
KL_Insect_0000115,2025-08-19_Insect_HumanObservation_010,2025/8/19,2025,8,19,,HumanObservation,Asia,Taiwan,棉花嶼,,Eristalinus,genus,斑眼蚜蠅屬,,,WGS84,122.105349,25.484834,0.000001,400,研海生態顧問股份有限公司,,,,,,,,,,,2025/8/19
KL_Insect_0000144,2025-08-19_Insect_HumanObservation_011,2025/8/19,2025,8,19,,HumanObservation,Asia,Taiwan,棉花嶼,,Aiolopus thalassinus tamulus,species,斑蝗,,,WGS84,122.105349,25.484834,0.000001,400,研海生態顧問股份有限公司,,,,,,,,,,,2025/8/19
KL_Insect_0000229,2025-08-19_Insect_HumanObservation_012,2025/8/19,2025,8,19,,HumanObservation,Asia,Taiwan,棉花嶼,,Orosius orientalis,species,南斑葉蟬,,,WGS84,122.105349,25.484834,0.000001,400,研海生態顧問股份有限公司,,,,,,,,,,,2025/8/19
KL_Insect_0000055,2025-08-19_Insect_HumanObservation_013,2025/8/19,2025,8,19,,HumanObservation,Asia,Taiwan,棉花嶼,,Homoeocerus marginiventris,species,斑腹同緣?,,,WGS84,122.105349,25.484834,0.000001,400,研海生態顧問股份有限公司,,,,,,,,,,,2025/8/19
KL_Insect_0000304,2025-08-19_Insect_HumanObservation_014,2025/8/19,2025,8,19,,HumanObservation,Asia,Taiwan,棉花嶼,,Xanthopimpla,genus,黑點瘤姬蜂屬,,,WGS84,122.105349,25.484834,0.000001,400,研海生態顧問股份有限公司,,,,,,,,,,,2025/8/19
KL_Insect_0000124,2025-08-19_Insect_HumanObservation_015,2025/8/19,2025,8,19,,HumanObservation,Asia,Taiwan,棉花嶼,,Nylanderia ryukyuensis,species,琉球尼蘭德山蟻,,,WGS84,122.105349,25.484834,0.000001,400,研海生態顧問股份有限公司,,,,,,,,,,,2025/8/19
KL_Insect_0000123,2025-08-19_Insect_HumanObservation_016,2025/8/19,2025,8,19,,HumanObservation,Asia,Taiwan,棉花嶼,,Tetramorium bicarinatum,species,雙脊皺家蟻,,,WGS84,122.105349,25.484834,0.000001,400,研海生態顧問股份有限公司,,,,,,,,,,,2025/8/19
KL_Insect_0000119,2025-08-19_Insect_HumanObservation_017,2025/8/19,2025,8,19,,HumanObservation,Asia,Taiwan,棉花嶼,,Pheidole fervens,species,熱烈大頭家蟻,,,WGS84,122.105349,25.484834,0.000001,400,研海生態顧問股份有限公司,,,,,,,,,,,2025/8/19
KL_Insect_0000121,2025-08-19_Insect_HumanObservation_018,2025/8/19,2025,8,19,,HumanObservation,Asia,Taiwan,棉花嶼,,Cardiocondyla minutior,species,小瘤突家蟻,,,WGS84,122.105349,25.484834,0.000001,400,研海生態顧問股份有限公司,,,,,,,,,,,2025/8/19
KL_Insect_0000241,2025-08-19_Insect_HumanObservation_019,2025/8/19,2025,8,19,,HumanObservation,Asia,Taiwan,棉花嶼,,Valenzuela,genus,梵嚙蟲屬,,,WGS84,122.105349,25.484834,0.000001,400,研海生態顧問股份有限公司,,,,,,,,,,,2025/8/19
KL_Insect_0000244,2025-08-19_Insect_HumanObservation_020,2025/8/19,2025,8,19,,HumanObservation,Asia,Taiwan,棉花嶼,,Thripidae,family,薊馬科,,,WGS84,122.105349,25.484834,0.000001,400,研海生態顧問股份有限公司,,,,,,,,,,,2025/8/19
KL_Insect_0000158,2025-08-19_Insect_HumanObservation_021,2025/8/19,2025,8,19,,HumanObservation,Asia,Taiwan,棉花嶼,,Lepismatidae,family,衣魚科,,,WGS84,122.105349,25.484834,0.000001,400,研海生態顧問股份有限公司,,,,,,,,,,,2025/8/19
KL_Insect_0000305,2025-08-19_Insect_HumanObservation_022,2025/8/19,2025,8,19,,HumanObservation,Asia,Taiwan,棉花嶼,,Mesovelia horvathi,species,日本水椿象,,,WGS84,122.105349,25.484834,0.000001,400,研海生態顧問股份有限公司,,,,,,,,,,,2025/8/19
KL_Insect_0000306,2025-08-19_Insect_HumanObservation_023,2025/8/19,2025,8,19,,HumanObservation,Asia,Taiwan,棉花嶼,,Paraplea frontalis,species,高額鄰固?,,,WGS84,122.105349,25.484834,0.000001,400,研海生態顧問股份有限公司,,,,,,,,,,,2025/8/19
KL_Insect_0000073,2025-08-19_Insect_HumanObservation_024,2025/8/19,2025,8,19,,HumanObservation,Asia,Taiwan,棉花嶼,,Nezara viridula,species,南方綠椿象,,,WGS84,122.105349,25.484834,0.000001,400,研海生態顧問股份有限公司,,,,,,,,,,,2025/8/19
KL_Insect_0000072,2025-08-19_Insect_HumanObservation_025,2025/8/19,2025,8,19,,HumanObservation,Asia,Taiwan,棉花嶼,,Agonoscelis nubilis,species,雲?,,,WGS84,122.105349,25.484834,0.000001,400,研海生態顧問股份有限公司,,,,,,,,,,,2025/8/19
KL_Insect_0000309,2025-08-19_Insect_HumanObservation_026,2025/8/19,2025,8,19,,HumanObservation,Asia,Taiwan,棉花嶼,,Cletus punctiger,species,稻棘緣?,,,WGS84,122.105349,25.484834,0.000001,400,研海生態顧問股份有限公司,,,,,,,,,,,2025/8/19
KL_Insect_0000056,2025-08-19_Insect_HumanObservation_027,2025/8/19,2025,8,19,,HumanObservation,Asia,Taiwan,棉花嶼,,Acanthocoris scaber,species,瘤緣?,,,WGS84,122.105349,25.484834,0.000001,400,研海生態顧問股份有限公司,,,,,,,,,,,2025/8/19
KL_Insect_0000134,2025-08-19_Insect_HumanObservation_028,2025/8/19,2025,8,19,,HumanObservation,Asia,Taiwan,棉花嶼,,Chrysopidae,family,草蛉科,,,WGS84,122.105349,25.484834,0.000001,400,研海生態顧問股份有限公司,,,,,,,,,,,2025/8/19
KL_Insect_0000307,2025-08-19_Insect_HumanObservation_029,2025/8/19,2025,8,19,,HumanObservation,Asia,Taiwan,棉花嶼,,Syrphidae,family,食蚜蠅科,,,WGS84,122.105349,25.484834,0.000001,400,研海生態顧問股份有限公司,,,,,,,,,,,2025/8/19
KL_Insect_0000083,2025-08-19_Insect_HumanObservation_030,2025/8/19,2025,8,19,,HumanObservation,Asia,Taiwan,棉花嶼,,Trilophidia annulata,species,疣蝗,,,WGS84,122.105349,25.484834,0.000001,400,研海生態顧問股份有限公司,,,,,,,,,,,2025/8/19
KL_Insect_0000257,2025-08-19_Insect_HumanObservation_031,2025/8/19,2025,8,19,,HumanObservation,Asia,Taiwan,棉花嶼,,Ornebius bimaculatus,species,二斑奧蟋,,,WGS84,122.105349,25.484834,0.000001,400,研海生態顧問股份有限公司,,,,,,,,,,,2025/8/19
KL_Insect_0000144,2025-09-30_Insect_HumanObservation_032,2025/9/30,2025,9,30,,HumanObservation,Asia,Taiwan,棉花嶼,,Aiolopus thalassinus tamulus,species,斑蝗,,,WGS84,122.105349,25.484834,0.000001,400,研海生態顧問股份有限公司,,,,,,,,,,,2025/9/30
KL_Insect_0000083,2025-09-30_Insect_HumanObservation_033,2025/9/30,2025,9,30,,HumanObservation,Asia,Taiwan,棉花嶼,,Trilophidia annulata,species,疣蝗,,,WGS84,122.105349,25.484834,0.000001,400,研海生態顧問股份有限公司,,,,,,,,,,,2025/9/30
KL_Insect_0000123,2025-09-30_Insect_HumanObservation_034,2025/9/30,2025,9,30,,HumanObservation,Asia,Taiwan,棉花嶼,,Tetramorium bicarinatum,species,雙脊皺家蟻,,,WGS84,122.105349,25.484834,0.000001,400,研海生態顧問股份有限公司,,,,,,,,,,,2025/9/30
KL_Insect_0000119,2025-09-30_Insect_HumanObservation_035,2025/9/30,2025,9,30,,HumanObservation,Asia,Taiwan,棉花嶼,,Pheidole fervens,species,熱烈大頭家蟻,,,WGS84,122.105349,25.484834,0.000001,400,研海生態顧問股份有限公司,,,,,,,,,,,2025/9/30
KL_Insect_0000077,2025-09-30_Insect_HumanObservation_036,2025/9/30,2025,9,30,,HumanObservation,Asia,Taiwan,棉花嶼,,Pycnoscelis surinamensis,species,蘇里南潛蠊,,,WGS84,122.105349,25.484834,0.000001,400,研海生態顧問股份有限公司,,,,,,,,,,,2025/9/30
KL_Insect_0000001,2025-09-30_Insect_HumanObservation_037,2025/9/30,2025,9,30,,HumanObservation,Asia,Taiwan,棉花嶼,,Lampides boeticus,species,豆波灰蝶,,,WGS84,122.105349,25.484834,0.000001,400,研海生態顧問股份有限公司,,,,,,,,,,,2025/9/30
KL_Insect_0000041,2025-09-30_Insect_HumanObservation_038,2025/9/30,2025,9,30,,HumanObservation,Asia,Taiwan,棉花嶼,,Scopula,genus,岩尺蛾屬,,,WGS84,122.105349,25.484834,0.000001,400,研海生態顧問股份有限公司,,,,,,,,,,,2025/9/30
KL_Insect_0000308,2025-09-30_Insect_HumanObservation_039,2025/9/30,2025,9,30,,HumanObservation,Asia,Taiwan,棉花嶼,,Eublemma cochylioides,species,涓獵裳蛾,,,WGS84,122.105349,25.484834,0.000001,400,研海生態顧問股份有限公司,,,,,,,,,,,2025/9/30
KL_Insect_0000154,2025-09-30_Insect_HumanObservation_040,2025/9/30,2025,9,30,,HumanObservation,Asia,Taiwan,棉花嶼,,Scotinophara scottii,species,短刺黑?,,,WGS84,122.105349,25.484834,0.000001,400,研海生態顧問股份有限公司,,,,,,,,,,,2025/9/30
KL_Insect_0000241,2025-09-30_Insect_HumanObservation_041,2025/9/30,2025,9,30,,HumanObservation,Asia,Taiwan,棉花嶼,,Valenzuela,genus,梵嚙蟲屬,,,WGS84,122.105349,25.484834,0.000001,400,研海生態顧問股份有限公司,,,,,,,,,,,2025/9/30
KL_Insect_0000303,2025-09-30_Insect_HumanObservation_042,2025/9/30,2025,9,30,,HumanObservation,Asia,Taiwan,棉花嶼,,Hydrophilidae,family,牙蟲科,,,WGS84,122.105349,25.484834,0.000001,400,研海生態顧問股份有限公司,,,,,,,,,,,2025/9/30
KL_Insect_0000048,2025-09-30_Insect_HumanObservation_043,2025/9/30,2025,9,30,,HumanObservation,Asia,Taiwan,棉花嶼,,Pantala flavescens,species,薄翅蜻蜓,,,WGS84,122.105349,25.484834,0.000001,400,研海生態顧問股份有限公司,,,,,,,,,,,2025/9/30
KL_Insect_0000305,2025-09-30_Insect_HumanObservation_044,2025/9/30,2025,9,30,,HumanObservation,Asia,Taiwan,棉花嶼,,Mesovelia horvathi,species,日本水椿象,,,WGS84,122.105349,25.484834,0.000001,400,研海生態顧問股份有限公司,,,,,,,,,,,2025/9/30
KL_Insect_0000306,2025-09-30_Insect_HumanObservation_045,2025/9/30,2025,9,30,,HumanObservation,Asia,Taiwan,棉花嶼,,Paraplea frontalis,species,高額鄰固?,,,WGS84,122.105349,25.484834,0.000001,400,研海生態顧問股份有限公司,,,,,,,,,,,2025/9/30
KL_Insect_0000056,2025-09-30_Insect_HumanObservation_046,2025/9/30,2025,9,30,,HumanObservation,Asia,Taiwan,棉花嶼,,Acanthocoris scaber,species,瘤緣?,,,WGS84,122.105349,25.484834,0.000001,400,研海生態顧問股份有限公司,,,,,,,,,,,2025/9/30
KL_Insect_0000002,2025-09-30_Insect_HumanObservation_047,2025/9/30,2025,9,30,,HumanObservation,Asia,Taiwan,棉花嶼,,Zizeeria maha okinawana,species,藍灰蝶,,,WGS84,122.105349,25.484834,0.000001,400,研海生態顧問股份有限公司,,,,,,,,,,,2025/9/30
KL_Insect_0000020,2025-09-30_Insect_HumanObservation_048,2025/9/30,2025,9,30,,HumanObservation,Asia,Taiwan,棉花嶼,,Spoladea recurvalis,species,甜菜白帶野螟,,,WGS84,122.105349,25.484834,0.000001,400,研海生態顧問股份有限公司,,,,,,,,,,,2025/9/30
KL_Insect_0000108,2025-09-30_Insect_HumanObservation_049,2025/9/30,2025,9,30,,HumanObservation,Asia,Taiwan,棉花嶼,,Agrypnus sakaguchii,species,小褐鏽叩頭蟲,,,WGS84,122.105349,25.484834,0.000001,400,研海生態顧問股份有限公司,,,,,,,,,,,2025/9/30
KL_Insect_0000310,2025-09-30_Insect_HumanObservation_050,2025/9/30,2025,9,30,,HumanObservation,Asia,Taiwan,棉花嶼,,Gonocephalum coenosum,species,角肩潛砂蟲,,,WGS84,122.105349,25.484834,0.000001,400,研海生態顧問股份有限公司,,,,,,,,,,,2025/9/30
