id,basisOfRecord,dynamicProperties,occurrenceID,recordedBy,individualCount,organismQuantity,organismQuantityType,reproductiveCondition,behavior,georeferenceVerificationStatus,associatedReferences,occurrenceRemarks,eventDate,eventTime,year,month,day,samplingProtocol,continent,country,countryCode,locality,minimumDepthInMeters,maximumDepthInMeters,decimalLatitude,decimalLongitude,geodeticDatum,coordinateUncertaintyInMeters,coordinatePrecision,verbatimIdentification,identificationQualifier,taxonID,scientificNameID,taxonConceptID,scientificName,kingdom,taxonRank,vernacularName,taxonomicStatus,taxonRemarks
2014-00-00_BenthicInvertebrate_01,HumanObservation,,2014-00-00_BenthicInvertebrate_01,陳淯茜 (Chen Yu-Chien),1,,,,,,台灣生態學會電子報,,2014,,2014,,,Intertidal Visual Encounter Survey,Asia,Taiwan,TW,Mianhua Islet,,,25.48483,122.10272,EPSG:4326,800,1e-05,Coenobita rugosus,,KL_BenthicInvertebrate_0000034,68321,t0078926,Coenobita rugosus,Animalia,species,皺紋陸寄居蟹,accepted,
2014-00-00_BenthicInvertebrate_02,HumanObservation,,2014-00-00_BenthicInvertebrate_02,陳淯茜 (Chen Yu-Chien),1,,,,,,台灣生態學會電子報,,2014,,2014,,,Intertidal Visual Encounter Survey,Asia,Taiwan,TW,Mianhua Islet,,,25.48483,122.10272,EPSG:4326,800,1e-05,Grapsus tenuicrustatus,,KL_BenthicInvertebrate_0000036,74013,t0064842,Grapsus tenuicrustatus,Animalia,species,細紋方蟹,accepted,
2014-00-00_BenthicInvertebrate_03,HumanObservation,,2014-00-00_BenthicInvertebrate_03,陳淯茜 (Chen Yu-Chien),1,,,,,,台灣生態學會電子報,,2014,,2014,,,Intertidal Visual Encounter Survey,Asia,Taiwan,TW,Mianhua Islet,,,25.48483,122.10272,EPSG:4326,800,1e-05,Grapsus albolineatus,,KL_BenthicInvertebrate_0000037,74010,t0029403,Grapsus albolineatus,Animalia,species,白紋方蟹,accepted,
2014-00-00_BenthicInvertebrate_04,HumanObservation,,2014-00-00_BenthicInvertebrate_04,陳淯茜 (Chen Yu-Chien),1,,,,,,台灣生態學會電子報,,2014,,2014,,,Intertidal Visual Encounter Survey,Asia,Taiwan,TW,Mianhua Islet,,,25.48483,122.10272,EPSG:4326,800,1e-05,Epixanthus frontalis,,KL_BenthicInvertebrate_0000039,71968,t0062989,Epixanthus frontalis,Animalia,species,平額石扇蟹,accepted,
2014-00-00_BenthicInvertebrate_05,HumanObservation,,2014-00-00_BenthicInvertebrate_05,陳淯茜 (Chen Yu-Chien),1,,,,,,台灣生態學會電子報,,2014,,2014,,,Intertidal Visual Encounter Survey,Asia,Taiwan,TW,Mianhua Islet,,,25.48483,122.10272,EPSG:4326,800,1e-05,Metopograpsus thukuhar,,KL_BenthicInvertebrate_0000040,79073,t0027966,Metopograpsus thukuhar,Animalia,species,方形大額蟹,accepted,土夸大額蟹 | 平分大額蟹
2014-00-00_BenthicInvertebrate_06,HumanObservation,,2014-00-00_BenthicInvertebrate_06,陳淯茜 (Chen Yu-Chien),1,,,,,,台灣生態學會電子報,,2014,,2014,,,Intertidal Visual Encounter Survey,Asia,Taiwan,TW,Mianhua Islet,,,25.48483,122.10272,EPSG:4326,800,1e-05,Pachygrapsus minutus,,KL_BenthicInvertebrate_0000041,82139,t0082709,Pachygrapsus minutus,Animalia,species,小厚紋蟹,accepted,
2014-00-00_BenthicInvertebrate_07,HumanObservation,,2014-00-00_BenthicInvertebrate_07,陳淯茜 (Chen Yu-Chien),1,,,,,,台灣生態學會電子報,,2014,,2014,,,Intertidal Visual Encounter Survey,Asia,Taiwan,TW,Mianhua Islet,,,25.48483,122.10272,EPSG:4326,800,1e-05,Cyclograpsus intermedius,,KL_BenthicInvertebrate_0000043,69459,t0079952,Cyclograpsus intermedius,Animalia,species,中型圓方蟹,accepted,
2014-00-00_BenthicInvertebrate_08,HumanObservation,,2014-00-00_BenthicInvertebrate_08,陳淯茜 (Chen Yu-Chien),1,,,,,,台灣生態學會電子報,,2014,,2014,,,Intertidal Visual Encounter Survey,Asia,Taiwan,TW,Mianhua Islet,,,25.48483,122.10272,EPSG:4326,800,1e-05,Plagusia squamosa,,KL_BenthicInvertebrate_0000044,84278,t0031945,Plagusia squamosa,Animalia,species,鱗形斜紋蟹,accepted,瘤突斜紋蟹 | 礁扁 | 白底仔
2014-00-00_BenthicInvertebrate_09,HumanObservation,,2014-00-00_BenthicInvertebrate_09,陳淯茜 (Chen Yu-Chien),1,,,,,,台灣生態學會電子報,,2014,,2014,,,Intertidal Visual Encounter Survey,Asia,Taiwan,TW,Mianhua Islet,,,25.48483,122.10272,EPSG:4326,800,1e-05,Eriphia ferox,,KL_BenthicInvertebrate_0000047,72089,t0063105,Eriphia ferox,Animalia,species,兇猛酋婦蟹,accepted,凶猛酋婦蟹 | 司氏酋婦蟹
2014-00-00_BenthicInvertebrate_10,HumanObservation,,2014-00-00_BenthicInvertebrate_10,陳淯茜 (Chen Yu-Chien),1,,,,,,台灣生態學會電子報,,2014,,2014,,,Intertidal Visual Encounter Survey,Asia,Taiwan,TW,Mianhua Islet,,,25.48483,122.10272,EPSG:4326,800,1e-05,Eriphia sebana,,KL_BenthicInvertebrate_0000048,72091,t0029012,Eriphia sebana,Animalia,species,光手酋婦蟹,accepted,
2014-00-00_BenthicInvertebrate_11,HumanObservation,,2014-00-00_BenthicInvertebrate_11,陳淯茜 (Chen Yu-Chien),1,,,,,,台灣生態學會電子報,,2014,,2014,,,Intertidal Visual Encounter Survey,Asia,Taiwan,TW,Mianhua Islet,,,25.48483,122.10272,EPSG:4326,800,1e-05,Leptodius sanguineus,,KL_BenthicInvertebrate_0000059,76752,t0067194,Leptodius sanguineus,Animalia,species,肉球皺蟹,accepted,
2014-00-00_BenthicInvertebrate_12,HumanObservation,,2014-00-00_BenthicInvertebrate_12,陳淯茜 (Chen Yu-Chien),1,,,,,,台灣生態學會電子報,,2014,,2014,,,Intertidal Visual Encounter Survey,Asia,Taiwan,TW,Mianhua Islet,,,25.48483,122.10272,EPSG:4326,800,1e-05,Ozius tuberculosus,,KL_BenthicInvertebrate_0000064,82099,t0082670,Ozius tuberculosus,Animalia,species,疣粒團扇蟹,accepted,
2014-00-00_BenthicInvertebrate_13,HumanObservation,,2014-00-00_BenthicInvertebrate_13,陳淯茜 (Chen Yu-Chien),1,,,,,,台灣生態學會電子報,,2014,,2014,,,Intertidal Visual Encounter Survey,Asia,Taiwan,TW,Mianhua Islet,,,25.48483,122.10272,EPSG:4326,800,1e-05,Epigrapsus notatus,,KL_BenthicInvertebrate_0000065,71825,t0062861,Epigrapsus notatus,Animalia,species,橙螯隱蟹,accepted,顯赫表方蟹 | 黃螯隱蟹
2014-00-00_BenthicInvertebrate_14,HumanObservation,,2014-00-00_BenthicInvertebrate_14,陳淯茜 (Chen Yu-Chien),1,,,,,,台灣生態學會電子報,,2014,,2014,,,Intertidal Visual Encounter Survey,Asia,Taiwan,TW,Mianhua Islet,,,25.48483,122.10272,EPSG:4326,800,1e-05,Gecarcoidea lalandii,,KL_BenthicInvertebrate_0000066,73479,t0029292,Gecarcoidea lalandii,Animalia,species,紫地蟹,accepted,
2014-00-00_BenthicInvertebrate_15,HumanObservation,,2014-00-00_BenthicInvertebrate_15,陳淯茜 (Chen Yu-Chien),1,,,,,,台灣生態學會電子報,,2014,,2014,,,Intertidal Visual Encounter Survey,Asia,Taiwan,TW,Mianhua Islet,,,25.48483,122.10272,EPSG:4326,800,1e-05,Metasesarma obesum,,KL_BenthicInvertebrate_0000067,79023,t0069152,Metasesarma obesum,Animalia,species,肥胖後相手蟹,accepted,
2017-00-00_BenthicInvertebrate_01,HumanObservation,,2017-00-00_BenthicInvertebrate_01,社團法人基隆市野鳥學會 (Wild Bird Society of Keelung),1,,,,,,,,2017,,2017,,,Intertidal Visual Encounter Survey,Asia,Taiwan,TW,Mianhua Islet,,,25.48483,122.10272,EPSG:4326,800,1e-05,Coenobita rugosus,,KL_BenthicInvertebrate_0000034,68321,t0078926,Coenobita rugosus,Animalia,species,皺紋陸寄居蟹,accepted,
2017-00-00_BenthicInvertebrate_02,HumanObservation,,2017-00-00_BenthicInvertebrate_02,社團法人基隆市野鳥學會 (Wild Bird Society of Keelung),1,,,,,,,,2017,,2017,,,Intertidal Visual Encounter Survey,Asia,Taiwan,TW,Mianhua Islet,,,25.48483,122.10272,EPSG:4326,800,1e-05,Calcinus elegans,,KL_BenthicInvertebrate_0000035,66171,t0077042,Calcinus elegans,Animalia,species,秀麗硬殼寄居蟹,accepted,
2017-00-00_BenthicInvertebrate_03,HumanObservation,,2017-00-00_BenthicInvertebrate_03,社團法人基隆市野鳥學會 (Wild Bird Society of Keelung),1,,,,,,,,2017,,2017,,,Intertidal Visual Encounter Survey,Asia,Taiwan,TW,Mianhua Islet,,,25.48483,122.10272,EPSG:4326,800,1e-05,Grapsus tenuicrustatus,,KL_BenthicInvertebrate_0000036,74013,t0064842,Grapsus tenuicrustatus,Animalia,species,細紋方蟹,accepted,
2017-00-00_BenthicInvertebrate_04,HumanObservation,,2017-00-00_BenthicInvertebrate_04,社團法人基隆市野鳥學會 (Wild Bird Society of Keelung),1,,,,,,,,2017,,2017,,,Intertidal Visual Encounter Survey,Asia,Taiwan,TW,Mianhua Islet,,,25.48483,122.10272,EPSG:4326,800,1e-05,Grapsus albolineatus,,KL_BenthicInvertebrate_0000037,74010,t0029403,Grapsus albolineatus,Animalia,species,白紋方蟹,accepted,
2017-00-00_BenthicInvertebrate_05,HumanObservation,,2017-00-00_BenthicInvertebrate_05,社團法人基隆市野鳥學會 (Wild Bird Society of Keelung),1,,,,,,,,2017,,2017,,,Intertidal Visual Encounter Survey,Asia,Taiwan,TW,Mianhua Islet,,,25.48483,122.10272,EPSG:4326,800,1e-05,Epixanthus frontalis,,KL_BenthicInvertebrate_0000039,71968,t0062989,Epixanthus frontalis,Animalia,species,平額石扇蟹,accepted,
2017-00-00_BenthicInvertebrate_06,HumanObservation,,2017-00-00_BenthicInvertebrate_06,社團法人基隆市野鳥學會 (Wild Bird Society of Keelung),1,,,,,,,,2017,,2017,,,Intertidal Visual Encounter Survey,Asia,Taiwan,TW,Mianhua Islet,,,25.48483,122.10272,EPSG:4326,800,1e-05,Pachygrapsus minutus,,KL_BenthicInvertebrate_0000041,82139,t0082709,Pachygrapsus minutus,Animalia,species,小厚紋蟹,accepted,
2017-00-00_BenthicInvertebrate_07,HumanObservation,,2017-00-00_BenthicInvertebrate_07,社團法人基隆市野鳥學會 (Wild Bird Society of Keelung),1,,,,,,,,2017,,2017,,,Intertidal Visual Encounter Survey,Asia,Taiwan,TW,Mianhua Islet,,,25.48483,122.10272,EPSG:4326,800,1e-05,Cyclograpsus intermedius,,KL_BenthicInvertebrate_0000043,69459,t0079952,Cyclograpsus intermedius,Animalia,species,中型圓方蟹,accepted,
2017-00-00_BenthicInvertebrate_08,HumanObservation,,2017-00-00_BenthicInvertebrate_08,社團法人基隆市野鳥學會 (Wild Bird Society of Keelung),1,,,,,,,,2017,,2017,,,Intertidal Visual Encounter Survey,Asia,Taiwan,TW,Mianhua Islet,,,25.48483,122.10272,EPSG:4326,800,1e-05,Plagusia squamosa,,KL_BenthicInvertebrate_0000044,84278,t0031945,Plagusia squamosa,Animalia,species,鱗形斜紋蟹,accepted,瘤突斜紋蟹 | 礁扁 | 白底仔
2017-00-00_BenthicInvertebrate_09,HumanObservation,,2017-00-00_BenthicInvertebrate_09,社團法人基隆市野鳥學會 (Wild Bird Society of Keelung),1,,,,,,,,2017,,2017,,,Intertidal Visual Encounter Survey,Asia,Taiwan,TW,Mianhua Islet,,,25.48483,122.10272,EPSG:4326,800,1e-05,Pachygrapsus plicatus,,KL_BenthicInvertebrate_0000045,82141,t0031430,Pachygrapsus plicatus,Animalia,species,褶痕厚紋蟹,accepted,
2017-00-00_BenthicInvertebrate_10,HumanObservation,,2017-00-00_BenthicInvertebrate_10,社團法人基隆市野鳥學會 (Wild Bird Society of Keelung),1,,,,,,,,2017,,2017,,,Intertidal Visual Encounter Survey,Asia,Taiwan,TW,Mianhua Islet,,,25.48483,122.10272,EPSG:4326,800,1e-05,Percnon planissimum,,KL_BenthicInvertebrate_0000046,83301,t0031715,Percnon planissimum,Animalia,species,裸掌盾牌蟹,accepted,
2017-00-00_BenthicInvertebrate_11,HumanObservation,,2017-00-00_BenthicInvertebrate_11,社團法人基隆市野鳥學會 (Wild Bird Society of Keelung),1,,,,,,,,2017,,2017,,,Intertidal Visual Encounter Survey,Asia,Taiwan,TW,Mianhua Islet,,,25.48483,122.10272,EPSG:4326,800,1e-05,Eriphia ferox,,KL_BenthicInvertebrate_0000047,72089,t0063105,Eriphia ferox,Animalia,species,兇猛酋婦蟹,accepted,凶猛酋婦蟹 | 司氏酋婦蟹
2017-00-00_BenthicInvertebrate_12,HumanObservation,,2017-00-00_BenthicInvertebrate_12,社團法人基隆市野鳥學會 (Wild Bird Society of Keelung),1,,,,,,,,2017,,2017,,,Intertidal Visual Encounter Survey,Asia,Taiwan,TW,Mianhua Islet,,,25.48483,122.10272,EPSG:4326,800,1e-05,Eriphia sebana,,KL_BenthicInvertebrate_0000048,72091,t0029012,Eriphia sebana,Animalia,species,光手酋婦蟹,accepted,
2017-00-00_BenthicInvertebrate_13,HumanObservation,,2017-00-00_BenthicInvertebrate_13,社團法人基隆市野鳥學會 (Wild Bird Society of Keelung),1,,,,,,,,2017,,2017,,,Intertidal Visual Encounter Survey,Asia,Taiwan,TW,Mianhua Islet,,,25.48483,122.10272,EPSG:4326,800,1e-05,Leptodius sanguineus,,KL_BenthicInvertebrate_0000059,76752,t0067194,Leptodius sanguineus,Animalia,species,肉球皺蟹,accepted,
2017-00-00_BenthicInvertebrate_14,HumanObservation,,2017-00-00_BenthicInvertebrate_14,社團法人基隆市野鳥學會 (Wild Bird Society of Keelung),1,,,,,,,,2017,,2017,,,Intertidal Visual Encounter Survey,Asia,Taiwan,TW,Mianhua Islet,,,25.48483,122.10272,EPSG:4326,800,1e-05,Leptodius gracilis,,KL_BenthicInvertebrate_0000060,76749,t0067191,Leptodius gracilis,Animalia,species,細巧皺蟹,accepted,
2017-00-00_BenthicInvertebrate_15,HumanObservation,,2017-00-00_BenthicInvertebrate_15,社團法人基隆市野鳥學會 (Wild Bird Society of Keelung),1,,,,,,,,2017,,2017,,,Intertidal Visual Encounter Survey,Asia,Taiwan,TW,Mianhua Islet,,,25.48483,122.10272,EPSG:4326,800,1e-05,Pseudozius caystrus,,KL_BenthicInvertebrate_0000062,85650,t0032308,Pseudozius caystrus,Animalia,species,礁石假團扇蟹,accepted,
2017-00-00_BenthicInvertebrate_16,HumanObservation,,2017-00-00_BenthicInvertebrate_16,社團法人基隆市野鳥學會 (Wild Bird Society of Keelung),1,,,,,,,,2017,,2017,,,Intertidal Visual Encounter Survey,Asia,Taiwan,TW,Mianhua Islet,,,25.48483,122.10272,EPSG:4326,800,1e-05,Lachnopodus rodgersi,,KL_BenthicInvertebrate_0000063,76192,t0066718,Lachnopodus rodgersi,Animalia,species,羅氏毛足蟹,accepted,
2017-00-00_BenthicInvertebrate_17,HumanObservation,,2017-00-00_BenthicInvertebrate_17,社團法人基隆市野鳥學會 (Wild Bird Society of Keelung),1,,,,,,,,2017,,2017,,,Intertidal Visual Encounter Survey,Asia,Taiwan,TW,Mianhua Islet,,,25.48483,122.10272,EPSG:4326,800,1e-05,Ozius tuberculosus,,KL_BenthicInvertebrate_0000064,82099,t0082670,Ozius tuberculosus,Animalia,species,疣粒團扇蟹,accepted,
2017-00-00_BenthicInvertebrate_18,HumanObservation,,2017-00-00_BenthicInvertebrate_18,社團法人基隆市野鳥學會 (Wild Bird Society of Keelung),1,,,,,,,,2017,,2017,,,Intertidal Visual Encounter Survey,Asia,Taiwan,TW,Mianhua Islet,,,25.48483,122.10272,EPSG:4326,800,1e-05,Epigrapsus notatus,,KL_BenthicInvertebrate_0000065,71825,t0062861,Epigrapsus notatus,Animalia,species,橙螯隱蟹,accepted,顯赫表方蟹 | 黃螯隱蟹
2017-00-00_BenthicInvertebrate_19,HumanObservation,,2017-00-00_BenthicInvertebrate_19,社團法人基隆市野鳥學會 (Wild Bird Society of Keelung),1,,,,,,,,2017,,2017,,,Intertidal Visual Encounter Survey,Asia,Taiwan,TW,Mianhua Islet,,,25.48483,122.10272,EPSG:4326,800,1e-05,Gecarcoidea lalandii,,KL_BenthicInvertebrate_0000066,73479,t0029292,Gecarcoidea lalandii,Animalia,species,紫地蟹,accepted,
2017-00-00_BenthicInvertebrate_20,HumanObservation,,2017-00-00_BenthicInvertebrate_20,社團法人基隆市野鳥學會 (Wild Bird Society of Keelung),1,,,,,,,,2017,,2017,,,Intertidal Visual Encounter Survey,Asia,Taiwan,TW,Mianhua Islet,,,25.48483,122.10272,EPSG:4326,800,1e-05,Metasesarma obesum,,KL_BenthicInvertebrate_0000067,79023,t0069152,Metasesarma obesum,Animalia,species,肥胖後相手蟹,accepted,
2017-00-00_BenthicInvertebrate_21,HumanObservation,,2017-00-00_BenthicInvertebrate_21,社團法人基隆市野鳥學會 (Wild Bird Society of Keelung),1,,,,,,,,2017,,2017,,,Intertidal Visual Encounter Survey,Asia,Taiwan,TW,Mianhua Islet,,,25.48483,122.10272,EPSG:4326,800,1e-05,Parasesarma pictum,,KL_BenthicInvertebrate_0000068,82859,t0031588,Parasesarma pictum,Animalia,species,斑點擬相手蟹,accepted,
2018-00-00_BenthicInvertebrate_01,HumanObservation,,2018-00-00_BenthicInvertebrate_01,社團法人基隆市野鳥學會 (Wild Bird Society of Keelung),1,,,,,,,,2018,,2018,,,Intertidal Visual Encounter Survey,Asia,Taiwan,TW,Mianhua Islet,,,25.48483,122.10272,EPSG:4326,800,1e-05,Aplysia oculifera,,KL_BenthicInvertebrate_0000007,64161,t0072019,Aplysia oculifera,Animalia,species,眼斑海兔,accepted,眼斑海鹿
2018-00-00_BenthicInvertebrate_02,HumanObservation,,2018-00-00_BenthicInvertebrate_02,社團法人基隆市野鳥學會 (Wild Bird Society of Keelung),1,,,,,,,,2018,,2018,,,Intertidal Visual Encounter Survey,Asia,Taiwan,TW,Mianhua Islet,,,25.48483,122.10272,EPSG:4326,800,1e-05,Grapsus tenuicrustatus,,KL_BenthicInvertebrate_0000036,74013,t0064842,Grapsus tenuicrustatus,Animalia,species,細紋方蟹,accepted,
2018-00-00_BenthicInvertebrate_03,HumanObservation,,2018-00-00_BenthicInvertebrate_03,社團法人基隆市野鳥學會 (Wild Bird Society of Keelung),1,,,,,,,,2018,,2018,,,Intertidal Visual Encounter Survey,Asia,Taiwan,TW,Mianhua Islet,,,25.48483,122.10272,EPSG:4326,800,1e-05,Plagusia squamosa,,KL_BenthicInvertebrate_0000044,84278,t0031945,Plagusia squamosa,Animalia,species,鱗形斜紋蟹,accepted,瘤突斜紋蟹 | 礁扁 | 白底仔
2018-00-00_BenthicInvertebrate_04,HumanObservation,,2018-00-00_BenthicInvertebrate_04,社團法人基隆市野鳥學會 (Wild Bird Society of Keelung),1,,,,,,,,2018,,2018,,,Intertidal Visual Encounter Survey,Asia,Taiwan,TW,Mianhua Islet,,,25.48483,122.10272,EPSG:4326,800,1e-05,Eriphia sebana,,KL_BenthicInvertebrate_0000048,72091,t0029012,Eriphia sebana,Animalia,species,光手酋婦蟹,accepted,
2018-00-00_BenthicInvertebrate_05,HumanObservation,,2018-00-00_BenthicInvertebrate_05,社團法人基隆市野鳥學會 (Wild Bird Society of Keelung),1,,,,,,,,2018,,2018,,,Intertidal Visual Encounter Survey,Asia,Taiwan,TW,Mianhua Islet,,,25.48483,122.10272,EPSG:4326,800,1e-05,Gecarcoidea lalandii,,KL_BenthicInvertebrate_0000066,73479,t0029292,Gecarcoidea lalandii,Animalia,species,紫地蟹,accepted,
2020-00-00_BenthicInvertebrate_01,HumanObservation,,2020-00-00_BenthicInvertebrate_01,社團法人基隆市野鳥學會 (Wild Bird Society of Keelung),1,,,,,,,,2020,,2020,,,Snorkeling | Intertidal Visual Encounter Survey,Asia,Taiwan,TW,Mianhua Islet,,,25.48483,122.10272,EPSG:4326,800,1e-05,Isognomon,,KL_BenthicInvertebrate_0000001,12245,t0021206,Isognomon,Animalia,genus,障泥蛤屬,accepted,
2020-00-00_BenthicInvertebrate_02,HumanObservation,,2020-00-00_BenthicInvertebrate_02,社團法人基隆市野鳥學會 (Wild Bird Society of Keelung),1,,,,,,,,2020,,2020,,,Snorkeling | Intertidal Visual Encounter Survey,Asia,Taiwan,TW,Mianhua Islet,,,25.48483,122.10272,EPSG:4326,800,1e-05,Tridacna noae,,KL_BenthicInvertebrate_0000002,90783,t0047884,Tridacna noae,Animalia,species,諾亞硨磲蛤,accepted,
2020-00-00_BenthicInvertebrate_03,HumanObservation,,2020-00-00_BenthicInvertebrate_03,社團法人基隆市野鳥學會 (Wild Bird Society of Keelung),1,,,,,,,,2020,,2020,,,Snorkeling | Intertidal Visual Encounter Survey,Asia,Taiwan,TW,Mianhua Islet,,,25.48483,122.10272,EPSG:4326,800,1e-05,Crassostrea angulata,,KL_BenthicInvertebrate_0000004,68981,t0079523,Crassostrea angulata,Animalia,species,葡萄牙牡蠣,accepted,
2020-00-00_BenthicInvertebrate_04,HumanObservation,,2020-00-00_BenthicInvertebrate_04,社團法人基隆市野鳥學會 (Wild Bird Society of Keelung),1,,,,,,,,2020,,2020,,,Snorkeling | Intertidal Visual Encounter Survey,Asia,Taiwan,TW,Mianhua Islet,,,25.48483,122.10272,EPSG:4326,800,1e-05,Aplysia argus,,KL_BenthicInvertebrate_0000006,64158,t0072017,Aplysia argus,Animalia,species,環眼海兔,accepted,黑指紋海兔
2020-00-00_BenthicInvertebrate_05,HumanObservation,,2020-00-00_BenthicInvertebrate_05,社團法人基隆市野鳥學會 (Wild Bird Society of Keelung),1,,,,,,,,2020,,2020,,,Snorkeling | Intertidal Visual Encounter Survey,Asia,Taiwan,TW,Mianhua Islet,,,25.48483,122.10272,EPSG:4326,800,1e-05,Stylocheilus striatus,,KL_BenthicInvertebrate_0000008,88997,t0040118,Stylocheilus striatus,Animalia,species,條紋柱唇海兔,accepted,柱唇海兔
2020-00-00_BenthicInvertebrate_06,HumanObservation,,2020-00-00_BenthicInvertebrate_06,社團法人基隆市野鳥學會 (Wild Bird Society of Keelung),1,,,,,,,,2020,,2020,,,Snorkeling | Intertidal Visual Encounter Survey,Asia,Taiwan,TW,Mianhua Islet,,,25.48483,122.10272,EPSG:4326,800,1e-05,Hexabranchus sanguineus,,KL_BenthicInvertebrate_0000012,74847,t0029675,Hexabranchus sanguineus,Animalia,species,血紅六鰓海蛞蝓,accepted,血紅六鰓海牛 | 血紅六鰓海麒麟
2020-00-00_BenthicInvertebrate_07,HumanObservation,,2020-00-00_BenthicInvertebrate_07,社團法人基隆市野鳥學會 (Wild Bird Society of Keelung),1,,,,,,,,2020,,2020,,,Snorkeling | Intertidal Visual Encounter Survey,Asia,Taiwan,TW,Mianhua Islet,,,25.48483,122.10272,EPSG:4326,800,1e-05,Monetaria caputserpentis,,KL_BenthicInvertebrate_0000013,79538,t0028078,Monetaria caputserpentis,Animalia,species,雪山寶螺,accepted,
2020-00-00_BenthicInvertebrate_08,HumanObservation,,2020-00-00_BenthicInvertebrate_08,社團法人基隆市野鳥學會 (Wild Bird Society of Keelung),1,,,,,,,,2020,,2020,,,Snorkeling | Intertidal Visual Encounter Survey,Asia,Taiwan,TW,Mianhua Islet,,,25.48483,122.10272,EPSG:4326,800,1e-05,Purpura panama,,KL_BenthicInvertebrate_0000016,85929,t0037430,Purpura panama,Animalia,species,羅螺,accepted,
2020-00-00_BenthicInvertebrate_09,HumanObservation,,2020-00-00_BenthicInvertebrate_09,社團法人基隆市野鳥學會 (Wild Bird Society of Keelung),1,,,,,,,,2020,,2020,,,Snorkeling | Intertidal Visual Encounter Survey,Asia,Taiwan,TW,Mianhua Islet,,,25.48483,122.10272,EPSG:4326,800,1e-05,Thais armigera,,KL_BenthicInvertebrate_0000017,89979,t0047172,Thais armigera,Animalia,species,大岩螺,accepted,
2020-00-00_BenthicInvertebrate_10,HumanObservation,,2020-00-00_BenthicInvertebrate_10,社團法人基隆市野鳥學會 (Wild Bird Society of Keelung),1,,,,,,,,2020,,2020,,,Snorkeling | Intertidal Visual Encounter Survey,Asia,Taiwan,TW,Mianhua Islet,,,25.48483,122.10272,EPSG:4326,800,1e-05,Reishia clavigera,,KL_BenthicInvertebrate_0000018,86194,t0037655,Reishia clavigera,Animalia,species,蚵岩螺,accepted,
2020-00-00_BenthicInvertebrate_11,HumanObservation,,2020-00-00_BenthicInvertebrate_11,社團法人基隆市野鳥學會 (Wild Bird Society of Keelung),1,,,,,,,,2020,,2020,,,Snorkeling | Intertidal Visual Encounter Survey,Asia,Taiwan,TW,Mianhua Islet,,,25.48483,122.10272,EPSG:4326,800,1e-05,Nerita costata,,KL_BenthicInvertebrate_0000024,80774,t0081500,Nerita costata,Animalia,species,黑肋蜑螺,accepted,
2020-00-00_BenthicInvertebrate_12,HumanObservation,,2020-00-00_BenthicInvertebrate_12,社團法人基隆市野鳥學會 (Wild Bird Society of Keelung),1,,,,,,,,2020,,2020,,,Snorkeling | Intertidal Visual Encounter Survey,Asia,Taiwan,TW,Mianhua Islet,,,25.48483,122.10272,EPSG:4326,800,1e-05,Nerita plicata,,KL_BenthicInvertebrate_0000025,80782,t0081507,Nerita plicata,Animalia,species,白肋蜑螺,accepted,
2020-00-00_BenthicInvertebrate_13,HumanObservation,,2020-00-00_BenthicInvertebrate_13,社團法人基隆市野鳥學會 (Wild Bird Society of Keelung),1,,,,,,,,2020,,2020,,,Snorkeling | Intertidal Visual Encounter Survey,Asia,Taiwan,TW,Mianhua Islet,,,25.48483,122.10272,EPSG:4326,800,1e-05,Trochus,,KL_BenthicInvertebrate_0000027,19410,t0017815,Trochus,Animalia,genus,鐘螺屬,accepted,
2020-00-00_BenthicInvertebrate_14,HumanObservation,,2020-00-00_BenthicInvertebrate_14,社團法人基隆市野鳥學會 (Wild Bird Society of Keelung),1,,,,,,,,2020,,2020,,,Snorkeling | Intertidal Visual Encounter Survey,Asia,Taiwan,TW,Mianhua Islet,,,25.48483,122.10272,EPSG:4326,800,1e-05,Palaemon pacificus,,KL_BenthicInvertebrate_0000033,82268,t0031446,Palaemon pacificus,Animalia,species,太平洋長臂蝦,accepted,
2020-00-00_BenthicInvertebrate_15,HumanObservation,,2020-00-00_BenthicInvertebrate_15,社團法人基隆市野鳥學會 (Wild Bird Society of Keelung),1,,,,,,,,2020,,2020,,,Snorkeling | Intertidal Visual Encounter Survey,Asia,Taiwan,TW,Mianhua Islet,,,25.48483,122.10272,EPSG:4326,800,1e-05,Grapsus albolineatus,,KL_BenthicInvertebrate_0000037,74010,t0029403,Grapsus albolineatus,Animalia,species,白紋方蟹,accepted,
2020-00-00_BenthicInvertebrate_16,HumanObservation,,2020-00-00_BenthicInvertebrate_16,社團法人基隆市野鳥學會 (Wild Bird Society of Keelung),1,,,,,,,,2020,,2020,,,Snorkeling | Intertidal Visual Encounter Survey,Asia,Taiwan,TW,Mianhua Islet,,,25.48483,122.10272,EPSG:4326,800,1e-05,Geograpsus crinipes,,KL_BenthicInvertebrate_0000038,73522,t0029306,Geograpsus crinipes,Animalia,species,毛足陸方蟹,accepted,
2020-00-00_BenthicInvertebrate_17,HumanObservation,,2020-00-00_BenthicInvertebrate_17,社團法人基隆市野鳥學會 (Wild Bird Society of Keelung),1,,,,,,,,2020,,2020,,,Snorkeling | Intertidal Visual Encounter Survey,Asia,Taiwan,TW,Mianhua Islet,,,25.48483,122.10272,EPSG:4326,800,1e-05,Eriphia ferox,,KL_BenthicInvertebrate_0000047,72089,t0063105,Eriphia ferox,Animalia,species,兇猛酋婦蟹,accepted,凶猛酋婦蟹 | 司氏酋婦蟹
2020-00-00_BenthicInvertebrate_18,HumanObservation,,2020-00-00_BenthicInvertebrate_18,社團法人基隆市野鳥學會 (Wild Bird Society of Keelung),1,,,,,,,,2020,,2020,,,Snorkeling | Intertidal Visual Encounter Survey,Asia,Taiwan,TW,Mianhua Islet,,,25.48483,122.10272,EPSG:4326,800,1e-05,Eriphia sebana,,KL_BenthicInvertebrate_0000048,72091,t0029012,Eriphia sebana,Animalia,species,光手酋婦蟹,accepted,
2020-00-00_BenthicInvertebrate_19,HumanObservation,,2020-00-00_BenthicInvertebrate_19,社團法人基隆市野鳥學會 (Wild Bird Society of Keelung),1,,,,,,,,2020,,2020,,,Snorkeling | Intertidal Visual Encounter Survey,Asia,Taiwan,TW,Mianhua Islet,,,25.48483,122.10272,EPSG:4326,800,1e-05,Calcinus laevimanus,,KL_BenthicInvertebrate_0000049,66174,t0077045,Calcinus laevimanus,Animalia,species,光掌硬殼寄居蟹,accepted,光掌硬指寄居蟹 | 光螯硬殼寄居蟹
2020-00-00_BenthicInvertebrate_20,HumanObservation,,2020-00-00_BenthicInvertebrate_20,社團法人基隆市野鳥學會 (Wild Bird Society of Keelung),1,,,,,,,,2020,,2020,,,Snorkeling | Intertidal Visual Encounter Survey,Asia,Taiwan,TW,Mianhua Islet,,,25.48483,122.10272,EPSG:4326,800,1e-05,Dardanus guttatus,,KL_BenthicInvertebrate_0000050,69902,t0061140,Dardanus guttatus,Animalia,species,線斑真寄居蟹,accepted,
2020-00-00_BenthicInvertebrate_21,HumanObservation,,2020-00-00_BenthicInvertebrate_21,社團法人基隆市野鳥學會 (Wild Bird Society of Keelung),1,,,,,,,,2020,,2020,,,Snorkeling | Intertidal Visual Encounter Survey,Asia,Taiwan,TW,Mianhua Islet,,,25.48483,122.10272,EPSG:4326,800,1e-05,Panulirus japonicus,,KL_BenthicInvertebrate_0000053,82392,t0082937,Panulirus japonicus,Animalia,species,日本龍蝦,accepted,
2020-00-00_BenthicInvertebrate_22,HumanObservation,,2020-00-00_BenthicInvertebrate_22,社團法人基隆市野鳥學會 (Wild Bird Society of Keelung),1,,,,,,,,2020,,2020,,,Snorkeling | Intertidal Visual Encounter Survey,Asia,Taiwan,TW,Mianhua Islet,,,25.48483,122.10272,EPSG:4326,800,1e-05,Percnon planissimum,,KL_BenthicInvertebrate_0000046,83301,t0031715,Percnon planissimum,Animalia,species,裸掌盾牌蟹,accepted,
2020-00-00_BenthicInvertebrate_23,HumanObservation,,2020-00-00_BenthicInvertebrate_23,社團法人基隆市野鳥學會 (Wild Bird Society of Keelung),1,,,,,,,,2020,,2020,,,Snorkeling | Intertidal Visual Encounter Survey,Asia,Taiwan,TW,Mianhua Islet,,,25.48483,122.10272,EPSG:4326,800,1e-05,Plagusia immaculata,,KL_BenthicInvertebrate_0000056,84276,t0035945,Plagusia immaculata,Animalia,species,無斑斜紋蟹,accepted,
2020-00-00_BenthicInvertebrate_24,HumanObservation,,2020-00-00_BenthicInvertebrate_24,社團法人基隆市野鳥學會 (Wild Bird Society of Keelung),1,,,,,,,,2020,,2020,,,Snorkeling | Intertidal Visual Encounter Survey,Asia,Taiwan,TW,Mianhua Islet,,,25.48483,122.10272,EPSG:4326,800,1e-05,Anthopleura dixoniana,,KL_BenthicInvertebrate_0000070,287254,t0126171,Anthopleura dixoniana,Animalia,species,狄氏襟疣海葵,accepted,
2020-00-00_BenthicInvertebrate_25,HumanObservation,,2020-00-00_BenthicInvertebrate_25,社團法人基隆市野鳥學會 (Wild Bird Society of Keelung),1,,,,,,,,2020,,2020,,,Snorkeling | Intertidal Visual Encounter Survey,Asia,Taiwan,TW,Mianhua Islet,,,25.48483,122.10272,EPSG:4326,800,1e-05,Acropora,,KL_BenthicInvertebrate_0000071,6007,t0009393,Acropora,Animalia,genus,軸孔珊瑚屬,accepted,
2020-00-00_BenthicInvertebrate_26,HumanObservation,,2020-00-00_BenthicInvertebrate_26,社團法人基隆市野鳥學會 (Wild Bird Society of Keelung),1,,,,,,,,2020,,2020,,,Snorkeling | Intertidal Visual Encounter Survey,Asia,Taiwan,TW,Mianhua Islet,,,25.48483,122.10272,EPSG:4326,800,1e-05,Montipora,,KL_BenthicInvertebrate_0000072,14051,t0022964,Montipora,Animalia,genus,表孔珊瑚屬,accepted,
2020-00-00_BenthicInvertebrate_27,HumanObservation,,2020-00-00_BenthicInvertebrate_27,社團法人基隆市野鳥學會 (Wild Bird Society of Keelung),1,,,,,,,,2020,,2020,,,Snorkeling | Intertidal Visual Encounter Survey,Asia,Taiwan,TW,Mianhua Islet,,,25.48483,122.10272,EPSG:4326,800,1e-05,Lobophytum crassum,,KL_BenthicInvertebrate_0000074,77442,t0027537,Lobophytum crassum,Animalia,species,隔板葉形軟珊瑚,accepted,
2020-00-00_BenthicInvertebrate_28,HumanObservation,,2020-00-00_BenthicInvertebrate_28,社團法人基隆市野鳥學會 (Wild Bird Society of Keelung),1,,,,,,,,2020,,2020,,,Snorkeling | Intertidal Visual Encounter Survey,Asia,Taiwan,TW,Mianhua Islet,,,25.48483,122.10272,EPSG:4326,800,1e-05,Diadema savignyi,,KL_BenthicInvertebrate_0000075,70236,t0030959,Diadema savignyi,Animalia,species,沙氏冠海膽,accepted,
2020-00-00_BenthicInvertebrate_29,HumanObservation,,2020-00-00_BenthicInvertebrate_29,社團法人基隆市野鳥學會 (Wild Bird Society of Keelung),1,,,,,,,,2020,,2020,,,Snorkeling | Intertidal Visual Encounter Survey,Asia,Taiwan,TW,Mianhua Islet,,,25.48483,122.10272,EPSG:4326,800,1e-05,Diadema setosum,,KL_BenthicInvertebrate_0000076,70237,t0030960,Diadema setosum,Animalia,species,刺冠海膽,accepted,
2020-00-00_BenthicInvertebrate_30,HumanObservation,,2020-00-00_BenthicInvertebrate_30,社團法人基隆市野鳥學會 (Wild Bird Society of Keelung),1,,,,,,,,2020,,2020,,,Snorkeling | Intertidal Visual Encounter Survey,Asia,Taiwan,TW,Mianhua Islet,,,25.48483,122.10272,EPSG:4326,800,1e-05,Echinometra mathaei,,KL_BenthicInvertebrate_0000077,71149,t0028792,Echinometra mathaei,Animalia,species,梅氏長海膽,accepted,
2020-00-00_BenthicInvertebrate_31,HumanObservation,,2020-00-00_BenthicInvertebrate_31,社團法人基隆市野鳥學會 (Wild Bird Society of Keelung),1,,,,,,,,2020,,2020,,,Snorkeling | Intertidal Visual Encounter Survey,Asia,Taiwan,TW,Mianhua Islet,,,25.48483,122.10272,EPSG:4326,800,1e-05,Colobocentrotus mertensii,,KL_BenthicInvertebrate_0000078,258089,t0078997,Colobocentrotus mertensii,Animalia,species,默氏笠海膽,accepted,陣笠海膽
2020-00-00_BenthicInvertebrate_32,HumanObservation,,2020-00-00_BenthicInvertebrate_32,社團法人基隆市野鳥學會 (Wild Bird Society of Keelung),1,,,,,,,,2020,,2020,,,Snorkeling | Intertidal Visual Encounter Survey,Asia,Taiwan,TW,Mianhua Islet,,,25.48483,122.10272,EPSG:4326,800,1e-05,Stomopneustes variolaris,,KL_BenthicInvertebrate_0000079,88787,t0033079,Stomopneustes variolaris,Animalia,species,口鰓海膽,accepted,
2020-00-00_BenthicInvertebrate_33,HumanObservation,,2020-00-00_BenthicInvertebrate_33,社團法人基隆市野鳥學會 (Wild Bird Society of Keelung),1,,,,,,,,2020,,2020,,,Snorkeling | Intertidal Visual Encounter Survey,Asia,Taiwan,TW,Mianhua Islet,,,25.48483,122.10272,EPSG:4326,800,1e-05,Holothuria atra,,KL_BenthicInvertebrate_0000081,75004,t0029725,Holothuria atra,Animalia,species,黑海參,accepted,
2020-00-00_BenthicInvertebrate_34,HumanObservation,,2020-00-00_BenthicInvertebrate_34,社團法人基隆市野鳥學會 (Wild Bird Society of Keelung),1,,,,,,,,2020,,2020,,,Snorkeling | Intertidal Visual Encounter Survey,Asia,Taiwan,TW,Mianhua Islet,,,25.48483,122.10272,EPSG:4326,800,1e-05,Holothuria cinerascens,,KL_BenthicInvertebrate_0000082,75005,t0065694,Holothuria cinerascens,Animalia,species,黑赤星海參,accepted,黑刺星海參
2020-00-00_BenthicInvertebrate_35,HumanObservation,,2020-00-00_BenthicInvertebrate_35,社團法人基隆市野鳥學會 (Wild Bird Society of Keelung),1,,,,,,,,2020,,2020,,,Snorkeling | Intertidal Visual Encounter Survey,Asia,Taiwan,TW,Mianhua Islet,,,25.48483,122.10272,EPSG:4326,800,1e-05,Holothuria leucospilota,,KL_BenthicInvertebrate_0000083,75010,t0065697,Holothuria leucospilota,Animalia,species,蕩皮參,accepted,
2020-00-00_BenthicInvertebrate_36,HumanObservation,,2020-00-00_BenthicInvertebrate_36,社團法人基隆市野鳥學會 (Wild Bird Society of Keelung),1,,,,,,,,2020,,2020,,,Snorkeling | Intertidal Visual Encounter Survey,Asia,Taiwan,TW,Mianhua Islet,,,25.48483,122.10272,EPSG:4326,800,1e-05,Actinopyga echinites,,KL_BenthicInvertebrate_0000084,62261,t0070291,Actinopyga echinites,Animalia,species,棘輻肛參,accepted,
2020-00-00_BenthicInvertebrate_37,HumanObservation,,2020-00-00_BenthicInvertebrate_37,社團法人基隆市野鳥學會 (Wild Bird Society of Keelung),1,,,,,,,,2020,,2020,,,Snorkeling | Intertidal Visual Encounter Survey,Asia,Taiwan,TW,Mianhua Islet,,,25.48483,122.10272,EPSG:4326,800,1e-05,Actinopyga mauritiana,,KL_BenthicInvertebrate_0000085,62262,t0057564,Actinopyga mauritiana,Animalia,species,白底輻肛參,accepted,
2020-00-00_BenthicInvertebrate_38,HumanObservation,,2020-00-00_BenthicInvertebrate_38,社團法人基隆市野鳥學會 (Wild Bird Society of Keelung),1,,,,,,,,2020,,2020,,,Snorkeling | Intertidal Visual Encounter Survey,Asia,Taiwan,TW,Mianhua Islet,,,25.48483,122.10272,EPSG:4326,800,1e-05,Culcita novaeguineae,,KL_BenthicInvertebrate_0000086,69261,t0030795,Culcita novaeguineae,Animalia,species,麵包海星,accepted,
2022-07-26_BenthicInvertebrate_Intertidal Quadrat Sampling_01,HumanObservation,,2022-07-26_BenthicInvertebrate_Intertidal Quadrat Sampling_01,研海生態顧問股份有限公司 (Ceta explorers Company Limited),1,,,,,,,,2022-07-26,,2022,7,26,Intertidal Quadrat Sampling,Asia,Taiwan,TW,Mianhua Islet,,,25.48552,122.1037,EPSG:4326,65,1e-05,Muricidae,,KL_BenthicInvertebrate_0000096,4571,t0006484,Muricidae,Animalia,family,骨螺科,accepted,
2022-07-26_BenthicInvertebrate_Intertidal Quadrat Sampling_02,HumanObservation,,2022-07-26_BenthicInvertebrate_Intertidal Quadrat Sampling_02,研海生態顧問股份有限公司 (Ceta explorers Company Limited),1,,,,,,,,2022-07-26,,2022,7,26,Intertidal Quadrat Sampling,Asia,Taiwan,TW,Mianhua Islet,,,25.48552,122.1037,EPSG:4326,65,1e-05,Eriphia ferox,,KL_BenthicInvertebrate_0000047,72089,t0063105,Eriphia ferox,Animalia,species,兇猛酋婦蟹,accepted,凶猛酋婦蟹 | 司氏酋婦蟹
2022-07-26_BenthicInvertebrate_Intertidal Quadrat Sampling_03,HumanObservation,,2022-07-26_BenthicInvertebrate_Intertidal Quadrat Sampling_03,研海生態顧問股份有限公司 (Ceta explorers Company Limited),1,,,,,,,,2022-07-26,,2022,7,26,Intertidal Quadrat Sampling,Asia,Taiwan,TW,Mianhua Islet,,,25.48552,122.1037,EPSG:4326,65,1e-05,Eriphia,,KL_BenthicInvertebrate_0000097,10395,t0019405,Eriphia,Animalia,genus,酋蟹屬,accepted,
2022-07-26_BenthicInvertebrate_Intertidal Quadrat Sampling_04,HumanObservation,,2022-07-26_BenthicInvertebrate_Intertidal Quadrat Sampling_04,研海生態顧問股份有限公司 (Ceta explorers Company Limited),1,,,,,,,,2022-07-26,,2022,7,26,Intertidal Quadrat Sampling,Asia,Taiwan,TW,Mianhua Islet,,,25.48552,122.1037,EPSG:4326,65,1e-05,Grapsus albolineatus,,KL_BenthicInvertebrate_0000037,74010,t0029403,Grapsus albolineatus,Animalia,species,白紋方蟹,accepted,
2022-07-26_BenthicInvertebrate_Intertidal Quadrat Sampling_05,HumanObservation,,2022-07-26_BenthicInvertebrate_Intertidal Quadrat Sampling_05,研海生態顧問股份有限公司 (Ceta explorers Company Limited),1,,,,,,,,2022-07-26,,2022,7,26,Intertidal Quadrat Sampling,Asia,Taiwan,TW,Mianhua Islet,,,25.48552,122.1037,EPSG:4326,65,1e-05,Grapsus tenuicrustatus,,KL_BenthicInvertebrate_0000036,74013,t0064842,Grapsus tenuicrustatus,Animalia,species,細紋方蟹,accepted,
2022-07-26_BenthicInvertebrate_Intertidal Quadrat Sampling_06,HumanObservation,,2022-07-26_BenthicInvertebrate_Intertidal Quadrat Sampling_06,研海生態顧問股份有限公司 (Ceta explorers Company Limited),1,,,,,,,juvenile,2022-07-26,,2022,7,26,Intertidal Quadrat Sampling,Asia,Taiwan,TW,Mianhua Islet,,,25.48552,122.1037,EPSG:4326,65,1e-05,Grapsus,,KL_BenthicInvertebrate_0000098,11295,t0020282,Grapsus,Animalia,genus,方蟹屬,accepted,
2022-07-26_BenthicInvertebrate_Intertidal Quadrat Sampling_07,HumanObservation,,2022-07-26_BenthicInvertebrate_Intertidal Quadrat Sampling_07,研海生態顧問股份有限公司 (Ceta explorers Company Limited),1,,,,,,,,2022-07-26,,2022,7,26,Intertidal Quadrat Sampling,Asia,Taiwan,TW,Mianhua Islet,,,25.48552,122.1037,EPSG:4326,65,1e-05,Leptodius,,KL_BenthicInvertebrate_0000099,12745,t0021689,Leptodius,Animalia,genus,皺蟹屬,accepted,
2022-07-26_BenthicInvertebrate_Intertidal Quadrat Sampling_08,HumanObservation,,2022-07-26_BenthicInvertebrate_Intertidal Quadrat Sampling_08,研海生態顧問股份有限公司 (Ceta explorers Company Limited),1,,,,,,,,2022-07-26,,2022,7,26,Intertidal Quadrat Sampling,Asia,Taiwan,TW,Mianhua Islet,,,25.48552,122.1037,EPSG:4326,65,1e-05,Ligia,,KL_BenthicInvertebrate_0000069,12855,t0021798,Ligia,Animalia,genus,海蟑螂屬,accepted,
2022-07-26_BenthicInvertebrate_Intertidal Quadrat Sampling_09,HumanObservation,,2022-07-26_BenthicInvertebrate_Intertidal Quadrat Sampling_09,研海生態顧問股份有限公司 (Ceta explorers Company Limited),1,,,,,,,,2022-07-26,,2022,7,26,Intertidal Quadrat Sampling,Asia,Taiwan,TW,Mianhua Islet,,,25.48552,122.1037,EPSG:4326,65,1e-05,Megabalanus,,KL_BenthicInvertebrate_0000032,13463,t0022389,Megabalanus,Animalia,genus,巨藤壺屬,accepted,
2022-07-26_BenthicInvertebrate_Intertidal Quadrat Sampling_10,HumanObservation,,2022-07-26_BenthicInvertebrate_Intertidal Quadrat Sampling_10,研海生態顧問股份有限公司 (Ceta explorers Company Limited),1,,,,,,,,2022-07-26,,2022,7,26,Intertidal Quadrat Sampling,Asia,Taiwan,TW,Mianhua Islet,,,25.48552,122.1037,EPSG:4326,65,1e-05,Echinometra mathaei,,KL_BenthicInvertebrate_0000077,71149,t0028792,Echinometra mathaei,Animalia,species,梅氏長海膽,accepted,
2022-07-26_BenthicInvertebrate_Intertidal Quadrat Sampling_11,HumanObservation,,2022-07-26_BenthicInvertebrate_Intertidal Quadrat Sampling_11,研海生態顧問股份有限公司 (Ceta explorers Company Limited),1,,,,,,,,2022-07-26,,2022,7,26,Intertidal Quadrat Sampling,Asia,Taiwan,TW,Mianhua Islet,,,25.48552,122.1037,EPSG:4326,65,1e-05,Stomopneustes variolaris,,KL_BenthicInvertebrate_0000079,88787,t0033079,Stomopneustes variolaris,Animalia,species,口鰓海膽,accepted,
2022-07-26_BenthicInvertebrate_Intertidal Quadrat Sampling_12,HumanObservation,,2022-07-26_BenthicInvertebrate_Intertidal Quadrat Sampling_12,研海生態顧問股份有限公司 (Ceta explorers Company Limited),1,,,,,,,,2022-07-26,,2022,7,26,Intertidal Quadrat Sampling,Asia,Taiwan,TW,Mianhua Islet,,,25.48552,122.1037,EPSG:4326,65,1e-05,Ophiocoma,,KL_BenthicInvertebrate_0000089,14982,t0013492,Ophiocoma,Animalia,genus,櫛蛇尾屬,accepted,
2022-07-26_BenthicInvertebrate_Intertidal Quadrat Sampling_13,HumanObservation,,2022-07-26_BenthicInvertebrate_Intertidal Quadrat Sampling_13,研海生態顧問股份有限公司 (Ceta explorers Company Limited),1,,,,,,,,2022-07-26,,2022,7,26,Intertidal Quadrat Sampling,Asia,Taiwan,TW,Mianhua Islet,,,25.48552,122.1037,EPSG:4326,65,1e-05,Ostreidae,,KL_BenthicInvertebrate_0000100,4728,t0004247,Ostreidae,Animalia,family,牡蠣科,accepted,
2022-07-27_BenthicInvertebrate_Roving Diver Method_01,HumanObservation,,2022-07-27_BenthicInvertebrate_Roving Diver Method_01,研海生態顧問股份有限公司 (Ceta explorers Company Limited),1,,,,,,,,2022-07-27,,2022,7,27,Roving Diver Method,Asia,Taiwan,TW,Mianhua Islet,3,10,25.48562,122.10321,EPSG:4326,100,1e-05,Tridacna crocea,,KL_BenthicInvertebrate_0000003,90779,t0047883,Tridacna crocea,Animalia,species,圓硨磲,accepted,圓硨磲蛤
2022-07-27_BenthicInvertebrate_Roving Diver Method_02,HumanObservation,,2022-07-27_BenthicInvertebrate_Roving Diver Method_02,研海生態顧問股份有限公司 (Ceta explorers Company Limited),1,,,,,,,,2022-07-27,,2022,7,27,Roving Diver Method,Asia,Taiwan,TW,Mianhua Islet,3,10,25.48562,122.10321,EPSG:4326,100,1e-05,Spondylidae,,KL_BenthicInvertebrate_0000005,5211,t0004715,Spondylidae,Animalia,family,海菊蛤科,accepted,
2022-07-27_BenthicInvertebrate_Roving Diver Method_03,HumanObservation,,2022-07-27_BenthicInvertebrate_Roving Diver Method_03,研海生態顧問股份有限公司 (Ceta explorers Company Limited),1,,,,,,,,2022-07-27,,2022,7,27,Roving Diver Method,Asia,Taiwan,TW,Mianhua Islet,3,10,25.48562,122.10321,EPSG:4326,100,1e-05,Phyllidiopsis xishaensis,,KL_BenthicInvertebrate_0000009,83919,t0084272,Phyllidiopsis xishaensis,Animalia,species,縱紋葉海蛞蝓,accepted,
2022-07-27_BenthicInvertebrate_Roving Diver Method_04,HumanObservation,,2022-07-27_BenthicInvertebrate_Roving Diver Method_04,研海生態顧問股份有限公司 (Ceta explorers Company Limited),1,,,,,,,,2022-07-27,,2022,7,27,Roving Diver Method,Asia,Taiwan,TW,Mianhua Islet,3,10,25.48562,122.10321,EPSG:4326,100,1e-05,Phyllidia varicosa,,KL_BenthicInvertebrate_0000010,83903,t0031865,Phyllidia varicosa,Animalia,species,葉海蛞蝓,accepted,腫紋葉海牛 | 腫紋葉海蛞蝓 | 葉海麒麟 | 多變葉海蛞蝓
2022-07-27_BenthicInvertebrate_Roving Diver Method_05,HumanObservation,,2022-07-27_BenthicInvertebrate_Roving Diver Method_05,研海生態顧問股份有限公司 (Ceta explorers Company Limited),1,,,,,,,,2022-07-27,,2022,7,27,Roving Diver Method,Asia,Taiwan,TW,Mianhua Islet,3,10,25.48562,122.10321,EPSG:4326,100,1e-05,Phyllidiella pustulosa,,KL_BenthicInvertebrate_0000011,83909,t0031867,Phyllidiella pustulosa,Animalia,species,突丘葉海蛞蝓,accepted,突丘葉海牛
2022-07-27_BenthicInvertebrate_Roving Diver Method_06,HumanObservation,,2022-07-27_BenthicInvertebrate_Roving Diver Method_06,研海生態顧問股份有限公司 (Ceta explorers Company Limited),1,,,,,,,,2022-07-27,,2022,7,27,Roving Diver Method,Asia,Taiwan,TW,Mianhua Islet,3,10,25.48562,122.10321,EPSG:4326,100,1e-05,Monetaria caputserpentis,,KL_BenthicInvertebrate_0000013,79538,t0028078,Monetaria caputserpentis,Animalia,species,雪山寶螺,accepted,
2022-07-27_BenthicInvertebrate_Roving Diver Method_07,HumanObservation,,2022-07-27_BenthicInvertebrate_Roving Diver Method_07,研海生態顧問股份有限公司 (Ceta explorers Company Limited),1,,,,,,,,2022-07-27,,2022,7,27,Roving Diver Method,Asia,Taiwan,TW,Mianhua Islet,3,10,25.48562,122.10321,EPSG:4326,100,1e-05,Mauritia arabica,,KL_BenthicInvertebrate_0000014,78360,t0027802,Mauritia arabica,Animalia,species,阿拉伯寶螺,accepted,
2022-07-27_BenthicInvertebrate_Roving Diver Method_08,HumanObservation,,2022-07-27_BenthicInvertebrate_Roving Diver Method_08,研海生態顧問股份有限公司 (Ceta explorers Company Limited),1,,,,,,,,2022-07-27,,2022,7,27,Roving Diver Method,Asia,Taiwan,TW,Mianhua Islet,3,10,25.48562,122.10321,EPSG:4326,100,1e-05,Cypraea tigris,,KL_BenthicInvertebrate_0000015,69715,t0080184,Cypraea tigris,Animalia,species,黑星寶螺,accepted,
2022-07-27_BenthicInvertebrate_Roving Diver Method_09,HumanObservation,,2022-07-27_BenthicInvertebrate_Roving Diver Method_09,研海生態顧問股份有限公司 (Ceta explorers Company Limited),1,,,,,,,,2022-07-27,,2022,7,27,Roving Diver Method,Asia,Taiwan,TW,Mianhua Islet,3,10,25.48562,122.10321,EPSG:4326,100,1e-05,Calpurnus verrucosus,,KL_BenthicInvertebrate_0000031,66396,t0030089,Calpurnus verrucosus,Animalia,species,玉兔螺,accepted,
2022-07-27_BenthicInvertebrate_Roving Diver Method_10,HumanObservation,,2022-07-27_BenthicInvertebrate_Roving Diver Method_10,研海生態顧問股份有限公司 (Ceta explorers Company Limited),1,,,,,,,,2022-07-27,,2022,7,27,Roving Diver Method,Asia,Taiwan,TW,Mianhua Islet,3,10,25.48562,122.10321,EPSG:4326,100,1e-05,Conidae,,KL_BenthicInvertebrate_0000095,3753,t0005685,Conidae,Animalia,family,芋螺科,accepted,
2022-07-27_BenthicInvertebrate_Roving Diver Method_11,HumanObservation,,2022-07-27_BenthicInvertebrate_Roving Diver Method_11,研海生態顧問股份有限公司 (Ceta explorers Company Limited),1,,,,,,,,2022-07-27,,2022,7,27,Roving Diver Method,Asia,Taiwan,TW,Mianhua Islet,3,10,25.48562,122.10321,EPSG:4326,100,1e-05,Panulirus japonicus,,KL_BenthicInvertebrate_0000053,82392,t0082937,Panulirus japonicus,Animalia,species,日本龍蝦,accepted,
2022-07-27_BenthicInvertebrate_Roving Diver Method_12,HumanObservation,,2022-07-27_BenthicInvertebrate_Roving Diver Method_12,研海生態顧問股份有限公司 (Ceta explorers Company Limited),1,,,,,,,,2022-07-27,,2022,7,27,Roving Diver Method,Asia,Taiwan,TW,Mianhua Islet,3,10,25.48562,122.10321,EPSG:4326,100,1e-05,Palythoa mutuki,,KL_BenthicInvertebrate_0000073,285469,t0125383,Palythoa mutuki,Animalia,species,沙群海葵,accepted,睦月瘤砂葵
2022-07-27_BenthicInvertebrate_Roving Diver Method_13,HumanObservation,,2022-07-27_BenthicInvertebrate_Roving Diver Method_13,研海生態顧問股份有限公司 (Ceta explorers Company Limited),1,,,,,,,,2022-07-27,,2022,7,27,Roving Diver Method,Asia,Taiwan,TW,Mianhua Islet,3,10,25.48562,122.10321,EPSG:4326,100,1e-05,Echinometra mathaei,,KL_BenthicInvertebrate_0000077,71149,t0028792,Echinometra mathaei,Animalia,species,梅氏長海膽,accepted,
2022-07-27_BenthicInvertebrate_Roving Diver Method_14,HumanObservation,,2022-07-27_BenthicInvertebrate_Roving Diver Method_14,研海生態顧問股份有限公司 (Ceta explorers Company Limited),1,,,,,,,,2022-07-27,,2022,7,27,Roving Diver Method,Asia,Taiwan,TW,Mianhua Islet,3,10,25.48562,122.10321,EPSG:4326,100,1e-05,Stomopneustes variolaris,,KL_BenthicInvertebrate_0000079,88787,t0033079,Stomopneustes variolaris,Animalia,species,口鰓海膽,accepted,
2022-07-27_BenthicInvertebrate_Roving Diver Method_15,HumanObservation,,2022-07-27_BenthicInvertebrate_Roving Diver Method_15,研海生態顧問股份有限公司 (Ceta explorers Company Limited),1,,,,,,,,2022-07-27,,2022,7,27,Roving Diver Method,Asia,Taiwan,TW,Mianhua Islet,3,10,25.48562,122.10321,EPSG:4326,100,1e-05,Tripneustes gratilla,,KL_BenthicInvertebrate_0000080,90922,t0028360,Tripneustes gratilla,Animalia,species,白棘三列海膽,accepted,
2022-07-27_BenthicInvertebrate_Roving Diver Method_16,HumanObservation,,2022-07-27_BenthicInvertebrate_Roving Diver Method_16,研海生態顧問股份有限公司 (Ceta explorers Company Limited),1,,,,,,,,2022-07-27,,2022,7,27,Roving Diver Method,Asia,Taiwan,TW,Mianhua Islet,3,10,25.48562,122.10321,EPSG:4326,100,1e-05,Holothuria leucospilota,,KL_BenthicInvertebrate_0000083,75010,t0065697,Holothuria leucospilota,Animalia,species,蕩皮參,accepted,
2022-07-27_BenthicInvertebrate_Roving Diver Method_17,HumanObservation,,2022-07-27_BenthicInvertebrate_Roving Diver Method_17,研海生態顧問股份有限公司 (Ceta explorers Company Limited),1,,,,,,,,2022-07-27,,2022,7,27,Roving Diver Method,Asia,Taiwan,TW,Mianhua Islet,3,10,25.48562,122.10321,EPSG:4326,100,1e-05,Actinopyga mauritiana,,KL_BenthicInvertebrate_0000085,62262,t0057564,Actinopyga mauritiana,Animalia,species,白底輻肛參,accepted,
2022-07-27_BenthicInvertebrate_Roving Diver Method_18,HumanObservation,,2022-07-27_BenthicInvertebrate_Roving Diver Method_18,研海生態顧問股份有限公司 (Ceta explorers Company Limited),1,,,,,,,,2022-07-27,,2022,7,27,Roving Diver Method,Asia,Taiwan,TW,Mianhua Islet,3,10,25.48562,122.10321,EPSG:4326,100,1e-05,Culcita novaeguineae,,KL_BenthicInvertebrate_0000086,69261,t0030795,Culcita novaeguineae,Animalia,species,麵包海星,accepted,
2022-07-27_BenthicInvertebrate_Roving Diver Method_19,HumanObservation,,2022-07-27_BenthicInvertebrate_Roving Diver Method_19,研海生態顧問股份有限公司 (Ceta explorers Company Limited),1,,,,,,,,2022-07-27,,2022,7,27,Roving Diver Method,Asia,Taiwan,TW,Mianhua Islet,3,10,25.48562,122.10321,EPSG:4326,100,1e-05,Echinaster luzonicus,,KL_BenthicInvertebrate_0000087,71122,t0028788,Echinaster luzonicus,Animalia,species,呂宋棘海星,accepted,
2022-07-27_BenthicInvertebrate_Roving Diver Method_20,HumanObservation,,2022-07-27_BenthicInvertebrate_Roving Diver Method_20,研海生態顧問股份有限公司 (Ceta explorers Company Limited),1,,,,,,,,2022-07-27,,2022,7,27,Roving Diver Method,Asia,Taiwan,TW,Mianhua Islet,3,10,25.48562,122.10321,EPSG:4326,100,1e-05,Linckia laevigata,,KL_BenthicInvertebrate_0000088,77138,t0027469,Linckia laevigata,Animalia,species,藍指海星,accepted,
2022-07-27_BenthicInvertebrate_Roving Diver Method_21,HumanObservation,,2022-07-27_BenthicInvertebrate_Roving Diver Method_21,研海生態顧問股份有限公司 (Ceta explorers Company Limited),1,,,,,,,,2022-07-27,,2022,7,27,Roving Diver Method,Asia,Taiwan,TW,Mianhua Islet,3,10,25.48562,122.10321,EPSG:4326,100,1e-05,Comanthina schlegeli,,KL_BenthicInvertebrate_0000090,68450,t0079040,Comanthina schlegeli,Animalia,species,許氏大羽花,accepted,
2022-07-27_BenthicInvertebrate_Roving Diver Method_22,HumanObservation,,2022-07-27_BenthicInvertebrate_Roving Diver Method_22,研海生態顧問股份有限公司 (Ceta explorers Company Limited),1,,,,,,,,2022-07-27,,2022,7,27,Roving Diver Method,Asia,Taiwan,TW,Mianhua Islet,3,10,25.48562,122.10321,EPSG:4326,100,1e-05,Spirobranchus giganteus,,KL_BenthicInvertebrate_0000091,88296,t0033002,Spirobranchus giganteus,Animalia,species,大旋鰓蟲,accepted,
2022-07-27_BenthicInvertebrate_Roving Diver Method_23,HumanObservation,,2022-07-27_BenthicInvertebrate_Roving Diver Method_23,研海生態顧問股份有限公司 (Ceta explorers Company Limited),1,,,,,,,,2022-07-27,,2022,7,27,Roving Diver Method,Asia,Taiwan,TW,Mianhua Islet,3,10,25.48562,122.10321,EPSG:4326,100,1e-05,Styelidae,,KL_BenthicInvertebrate_0000092,287190,t0135306,Styelidae,Animalia,family,柄海鞘科,accepted,
2022-07-27_BenthicInvertebrate_Roving Diver Method_24,HumanObservation,,2022-07-27_BenthicInvertebrate_Roving Diver Method_24,研海生態顧問股份有限公司 (Ceta explorers Company Limited),1,,,,,,,,2022-07-27,,2022,7,27,Roving Diver Method,Asia,Taiwan,TW,Mianhua Islet,3,10,25.48562,122.10321,EPSG:4326,100,1e-05,Octopus cyanea,,KL_BenthicInvertebrate_0000093,81310,t0031223,Octopus cyanea,Animalia,species,藍蛸,accepted,藍章
2022-09-30_BenthicInvertebrate_Intertidal Qualitative Survey by Visual or Hand collection_01,HumanObservation,,2022-09-30_BenthicInvertebrate_Intertidal Qualitative Survey by Visual or Hand collection_01,研海生態顧問股份有限公司 (Ceta explorers Company Limited),1,,,,,,,,2022-09-30,,2022,9,30,Intertidal Qualitative Survey by Visual or Hand collection,Asia,Taiwan,TW,Mianhua Islet,,,25.48609,122.10466,EPSG:4326,100,1e-05,Tenguella granulata,,KL_BenthicInvertebrate_0000019,89702,t0033291,Tenguella granulata,Animalia,species,結螺,accepted,
2022-09-30_BenthicInvertebrate_Intertidal Qualitative Survey by Visual or Hand collection_02,HumanObservation,,2022-09-30_BenthicInvertebrate_Intertidal Qualitative Survey by Visual or Hand collection_02,研海生態顧問股份有限公司 (Ceta explorers Company Limited),1,,,,,,,,2022-09-30,,2022,9,30,Intertidal Qualitative Survey by Visual or Hand collection,Asia,Taiwan,TW,Mianhua Islet,,,25.48609,122.10466,EPSG:4326,100,1e-05,Mancinella aculeata,,KL_BenthicInvertebrate_0000020,78202,t0068441,Mancinella aculeata,Animalia,species,鐵斑岩螺,accepted,
2022-09-30_BenthicInvertebrate_Intertidal Qualitative Survey by Visual or Hand collection_03,HumanObservation,,2022-09-30_BenthicInvertebrate_Intertidal Qualitative Survey by Visual or Hand collection_03,研海生態顧問股份有限公司 (Ceta explorers Company Limited),1,,,,,,,,2022-09-30,,2022,9,30,Intertidal Qualitative Survey by Visual or Hand collection,Asia,Taiwan,TW,Mianhua Islet,,,25.48609,122.10466,EPSG:4326,100,1e-05,Drupella margariticola,,KL_BenthicInvertebrate_0000021,71006,t0062126,Drupella margariticola,Animalia,species,稜結螺,accepted,
2022-09-30_BenthicInvertebrate_Intertidal Qualitative Survey by Visual or Hand collection_04,HumanObservation,,2022-09-30_BenthicInvertebrate_Intertidal Qualitative Survey by Visual or Hand collection_04,研海生態顧問股份有限公司 (Ceta explorers Company Limited),1,,,,,,,,2022-09-30,,2022,9,30,Intertidal Qualitative Survey by Visual or Hand collection,Asia,Taiwan,TW,Mianhua Islet,,,25.48609,122.10466,EPSG:4326,100,1e-05,Muricodrupa anaxares,,KL_BenthicInvertebrate_0000022,258202,t0080577,Muricodrupa anaxares,Animalia,species,白瘤結螺,accepted,
2022-09-30_BenthicInvertebrate_Intertidal Qualitative Survey by Visual or Hand collection_05,HumanObservation,,2022-09-30_BenthicInvertebrate_Intertidal Qualitative Survey by Visual or Hand collection_05,研海生態顧問股份有限公司 (Ceta explorers Company Limited),1,,,,,,,,2022-09-30,,2022,9,30,Intertidal Qualitative Survey by Visual or Hand collection,Asia,Taiwan,TW,Mianhua Islet,,,25.48609,122.10466,EPSG:4326,100,1e-05,Reishia clavigera,,KL_BenthicInvertebrate_0000018,86194,t0037655,Reishia clavigera,Animalia,species,蚵岩螺,accepted,
2022-09-30_BenthicInvertebrate_Intertidal Qualitative Survey by Visual or Hand collection_06,HumanObservation,,2022-09-30_BenthicInvertebrate_Intertidal Qualitative Survey by Visual or Hand collection_06,研海生態顧問股份有限公司 (Ceta explorers Company Limited),1,,,,,,,,2022-09-30,,2022,9,30,Intertidal Qualitative Survey by Visual or Hand collection,Asia,Taiwan,TW,Mianhua Islet,,,25.48609,122.10466,EPSG:4326,100,1e-05,Strigatella zebra,,KL_BenthicInvertebrate_0000023,88869,t0040009,Strigatella zebra,Animalia,species,小焰筆螺,accepted,
2022-09-30_BenthicInvertebrate_Intertidal Qualitative Survey by Visual or Hand collection_07,HumanObservation,,2022-09-30_BenthicInvertebrate_Intertidal Qualitative Survey by Visual or Hand collection_07,研海生態顧問股份有限公司 (Ceta explorers Company Limited),1,,,,,,,,2022-09-30,,2022,9,30,Intertidal Qualitative Survey by Visual or Hand collection,Asia,Taiwan,TW,Mianhua Islet,,,25.48609,122.10466,EPSG:4326,100,1e-05,Trochus stellatus,,KL_BenthicInvertebrate_0000028,90993,t0048078,Trochus stellatus,Animalia,species,血斑鐘螺,accepted,
2022-09-30_BenthicInvertebrate_Intertidal Qualitative Survey by Visual or Hand collection_08,HumanObservation,,2022-09-30_BenthicInvertebrate_Intertidal Qualitative Survey by Visual or Hand collection_08,研海生態顧問股份有限公司 (Ceta explorers Company Limited),1,,,,,,,,2022-09-30,,2022,9,30,Intertidal Qualitative Survey by Visual or Hand collection,Asia,Taiwan,TW,Mianhua Islet,,,25.48609,122.10466,EPSG:4326,100,1e-05,Nerita albicilla,,KL_BenthicInvertebrate_0000026,80770,t0081496,Nerita albicilla,Animalia,species,漁舟蜑螺,accepted,
2022-09-30_BenthicInvertebrate_Intertidal Qualitative Survey by Visual or Hand collection_09,HumanObservation,,2022-09-30_BenthicInvertebrate_Intertidal Qualitative Survey by Visual or Hand collection_09,研海生態顧問股份有限公司 (Ceta explorers Company Limited),1,,,,,,,,2022-09-30,,2022,9,30,Intertidal Qualitative Survey by Visual or Hand collection,Asia,Taiwan,TW,Mianhua Islet,,,25.48609,122.10466,EPSG:4326,100,1e-05,Nodilittorina pyramidalis,,KL_BenthicInvertebrate_0000029,81032,t0081720,Nodilittorina pyramidalis,Animalia,species,塔結節濱螺,accepted,顆粒玉黍螺
2022-09-30_BenthicInvertebrate_Intertidal Qualitative Survey by Visual or Hand collection_10,HumanObservation,,2022-09-30_BenthicInvertebrate_Intertidal Qualitative Survey by Visual or Hand collection_10,研海生態顧問股份有限公司 (Ceta explorers Company Limited),1,,,,,,,,2022-09-30,,2022,9,30,Intertidal Qualitative Survey by Visual or Hand collection,Asia,Taiwan,TW,Mianhua Islet,,,25.48609,122.10466,EPSG:4326,100,1e-05,Echinolittorina vidua,,KL_BenthicInvertebrate_0000030,71148,t0062248,Echinolittorina vidua,Animalia,species,台灣玉黍螺,accepted,
2022-09-30_BenthicInvertebrate_Intertidal Qualitative Survey by Visual or Hand collection_11,HumanObservation,,2022-09-30_BenthicInvertebrate_Intertidal Qualitative Survey by Visual or Hand collection_11,研海生態顧問股份有限公司 (Ceta explorers Company Limited),1,,,,,,,,2022-09-30,,2022,9,30,Intertidal Qualitative Survey by Visual or Hand collection,Asia,Taiwan,TW,Mianhua Islet,,,25.48609,122.10466,EPSG:4326,100,1e-05,Grapsus albolineatus,,KL_BenthicInvertebrate_0000037,74010,t0029403,Grapsus albolineatus,Animalia,species,白紋方蟹,accepted,
2022-09-30_BenthicInvertebrate_Intertidal Qualitative Survey by Visual or Hand collection_12,HumanObservation,,2022-09-30_BenthicInvertebrate_Intertidal Qualitative Survey by Visual or Hand collection_12,研海生態顧問股份有限公司 (Ceta explorers Company Limited),1,,,,,,,,2022-09-30,,2022,9,30,Intertidal Qualitative Survey by Visual or Hand collection,Asia,Taiwan,TW,Mianhua Islet,,,25.48609,122.10466,EPSG:4326,100,1e-05,Grapsus tenuicrustatus,,KL_BenthicInvertebrate_0000036,74013,t0064842,Grapsus tenuicrustatus,Animalia,species,細紋方蟹,accepted,
2022-09-30_BenthicInvertebrate_Intertidal Qualitative Survey by Visual or Hand collection_13,HumanObservation,,2022-09-30_BenthicInvertebrate_Intertidal Qualitative Survey by Visual or Hand collection_13,研海生態顧問股份有限公司 (Ceta explorers Company Limited),1,,,,,,,,2022-09-30,,2022,9,30,Intertidal Qualitative Survey by Visual or Hand collection,Asia,Taiwan,TW,Mianhua Islet,,,25.48609,122.10466,EPSG:4326,100,1e-05,Plagusia squamosa,,KL_BenthicInvertebrate_0000044,84278,t0031945,Plagusia squamosa,Animalia,species,鱗形斜紋蟹,accepted,瘤突斜紋蟹 | 礁扁 | 白底仔
2022-09-30_BenthicInvertebrate_Intertidal Qualitative Survey by Visual or Hand collection_14,HumanObservation,,2022-09-30_BenthicInvertebrate_Intertidal Qualitative Survey by Visual or Hand collection_14,研海生態顧問股份有限公司 (Ceta explorers Company Limited),1,,,,,,,,2022-09-30,,2022,9,30,Intertidal Qualitative Survey by Visual or Hand collection,Asia,Taiwan,TW,Mianhua Islet,,,25.48609,122.10466,EPSG:4326,100,1e-05,Percnon sinense,,KL_BenthicInvertebrate_0000055,83302,t0083744,Percnon sinense,Animalia,species,中華盾牌蟹,accepted,
2022-09-30_BenthicInvertebrate_Intertidal Qualitative Survey by Visual or Hand collection_15,HumanObservation,,2022-09-30_BenthicInvertebrate_Intertidal Qualitative Survey by Visual or Hand collection_15,研海生態顧問股份有限公司 (Ceta explorers Company Limited),1,,,,,,,,2022-09-30,,2022,9,30,Intertidal Qualitative Survey by Visual or Hand collection,Asia,Taiwan,TW,Mianhua Islet,,,25.48609,122.10466,EPSG:4326,100,1e-05,Leptodius gracilis,,KL_BenthicInvertebrate_0000060,76749,t0067191,Leptodius gracilis,Animalia,species,細巧皺蟹,accepted,
2022-09-30_BenthicInvertebrate_Intertidal Qualitative Survey by Visual or Hand collection_16,HumanObservation,,2022-09-30_BenthicInvertebrate_Intertidal Qualitative Survey by Visual or Hand collection_16,研海生態顧問股份有限公司 (Ceta explorers Company Limited),1,,,,,,,,2022-09-30,,2022,9,30,Intertidal Qualitative Survey by Visual or Hand collection,Asia,Taiwan,TW,Mianhua Islet,,,25.48609,122.10466,EPSG:4326,100,1e-05,Euxanthus exsculptus,,KL_BenthicInvertebrate_0000061,72727,t0029147,Euxanthus exsculptus,Animalia,species,雕刻真扇蟹,accepted,
2022-09-30_BenthicInvertebrate_Intertidal Qualitative Survey by Visual or Hand collection_17,HumanObservation,,2022-09-30_BenthicInvertebrate_Intertidal Qualitative Survey by Visual or Hand collection_17,研海生態顧問股份有限公司 (Ceta explorers Company Limited),1,,,,,,,,2022-09-30,,2022,9,30,Intertidal Qualitative Survey by Visual or Hand collection,Asia,Taiwan,TW,Mianhua Islet,,,25.48609,122.10466,EPSG:4326,100,1e-05,Calcinus laevimanus,,KL_BenthicInvertebrate_0000049,66174,t0077045,Calcinus laevimanus,Animalia,species,光掌硬殼寄居蟹,accepted,光掌硬指寄居蟹 | 光螯硬殼寄居蟹
2022-09-30_BenthicInvertebrate_Intertidal Qualitative Survey by Visual or Hand collection_18,HumanObservation,,2022-09-30_BenthicInvertebrate_Intertidal Qualitative Survey by Visual or Hand collection_18,研海生態顧問股份有限公司 (Ceta explorers Company Limited),1,,,,,,,,2022-09-30,,2022,9,30,Intertidal Qualitative Survey by Visual or Hand collection,Asia,Taiwan,TW,Mianhua Islet,,,25.48609,122.10466,EPSG:4326,100,1e-05,Calcinus latens,,KL_BenthicInvertebrate_0000051,66175,t0030023,Calcinus latens,Animalia,species,隱伏硬殼寄居蟹,accepted,隱伏硬指寄居蟹
2022-09-30_BenthicInvertebrate_Intertidal Qualitative Survey by Visual or Hand collection_19,HumanObservation,,2022-09-30_BenthicInvertebrate_Intertidal Qualitative Survey by Visual or Hand collection_19,研海生態顧問股份有限公司 (Ceta explorers Company Limited),1,,,,,,,,2022-09-30,,2022,9,30,Intertidal Qualitative Survey by Visual or Hand collection,Asia,Taiwan,TW,Mianhua Islet,,,25.48609,122.10466,EPSG:4326,100,1e-05,Clibanarius englaucus,,KL_BenthicInvertebrate_0000052,68080,t0078719,Clibanarius englaucus,Animalia,species,藍指細螯寄居蟹,accepted,
2022-09-30_BenthicInvertebrate_Intertidal Qualitative Survey by Visual or Hand collection_20,HumanObservation,,2022-09-30_BenthicInvertebrate_Intertidal Qualitative Survey by Visual or Hand collection_20,研海生態顧問股份有限公司 (Ceta explorers Company Limited),1,,,,,,,,2022-09-30,,2022,9,30,Intertidal Qualitative Survey by Visual or Hand collection,Asia,Taiwan,TW,Mianhua Islet,,,25.48609,122.10466,EPSG:4326,100,1e-05,Petrolisthes hastatus,,KL_BenthicInvertebrate_0000058,83464,t0083884,Petrolisthes hastatus,Animalia,species,矛形岩瓷蟹,accepted,
2023-04-11_BenthicInvertebrate__0000001,HumanObservation,,2023-04-11_BenthicInvertebrate__0000001,研海生態顧問股份有限公司 (Ceta explorers Company Limited),1,,,,,,,,2023-04-11,,2023,4,11,Intertidal Qualitative Survey | Roving Diver Method,Asia,Taiwan,TW,Mianhua Islet,,,25.48598,122.10369,EPSG:4326,250,1e-05,Crassostrea angulata,,KL_BenthicInvertebrate_0000004,68981,t0079523,Crassostrea angulata,Animalia,species,葡萄牙牡蠣,accepted,
2023-04-11_BenthicInvertebrate__0000002,HumanObservation,,2023-04-11_BenthicInvertebrate__0000002,研海生態顧問股份有限公司 (Ceta explorers Company Limited),1,,,,,,,,2023-04-11,,2023,4,11,Intertidal Qualitative Survey | Roving Diver Method,Asia,Taiwan,TW,Mianhua Islet,,,25.48598,122.10369,EPSG:4326,250,1e-05,Tenguella granulata,,KL_BenthicInvertebrate_0000019,89702,t0033291,Tenguella granulata,Animalia,species,結螺,accepted,
2023-04-11_BenthicInvertebrate__0000003,HumanObservation,,2023-04-11_BenthicInvertebrate__0000003,研海生態顧問股份有限公司 (Ceta explorers Company Limited),1,,,,,,,,2023-04-11,,2023,4,11,Intertidal Qualitative Survey | Roving Diver Method,Asia,Taiwan,TW,Mianhua Islet,,,25.48598,122.10369,EPSG:4326,250,1e-05,Mancinella aculeata,,KL_BenthicInvertebrate_0000020,78202,t0068441,Mancinella aculeata,Animalia,species,鐵斑岩螺,accepted,
2023-04-11_BenthicInvertebrate__0000004,HumanObservation,,2023-04-11_BenthicInvertebrate__0000004,研海生態顧問股份有限公司 (Ceta explorers Company Limited),1,,,,,,,,2023-04-11,,2023,4,11,Intertidal Qualitative Survey | Roving Diver Method,Asia,Taiwan,TW,Mianhua Islet,,,25.48598,122.10369,EPSG:4326,250,1e-05,Purpura persica,,KL_BenthicInvertebrate_0000102,85930,t0032371,Purpura persica,Animalia,species,桃羅螺,accepted,
2023-04-11_BenthicInvertebrate__0000005,HumanObservation,,2023-04-11_BenthicInvertebrate__0000005,研海生態顧問股份有限公司 (Ceta explorers Company Limited),1,,,,,,,,2023-04-11,,2023,4,11,Intertidal Qualitative Survey | Roving Diver Method,Asia,Taiwan,TW,Mianhua Islet,,,25.48598,122.10369,EPSG:4326,250,1e-05,Echinolittorina vidua,,KL_BenthicInvertebrate_0000030,71148,t0062248,Echinolittorina vidua,Animalia,species,台灣玉黍螺,accepted,
2023-04-11_BenthicInvertebrate__0000006,HumanObservation,,2023-04-11_BenthicInvertebrate__0000006,研海生態顧問股份有限公司 (Ceta explorers Company Limited),1,,,,,,,,2023-04-11,,2023,4,11,Intertidal Qualitative Survey | Roving Diver Method,Asia,Taiwan,TW,Mianhua Islet,,,25.48598,122.10369,EPSG:4326,250,1e-05,Nerita plicata,,KL_BenthicInvertebrate_0000025,80782,t0081507,Nerita plicata,Animalia,species,白肋蜑螺,accepted,
2023-04-11_BenthicInvertebrate__0000007,HumanObservation,,2023-04-11_BenthicInvertebrate__0000007,研海生態顧問股份有限公司 (Ceta explorers Company Limited),1,,,,,,,,2023-04-11,,2023,4,11,Intertidal Qualitative Survey | Roving Diver Method,Asia,Taiwan,TW,Mianhua Islet,,,25.48598,122.10369,EPSG:4326,250,1e-05,Tetraclita,,KL_BenthicInvertebrate_0000101,18919,t0017340,Tetraclita,Animalia,genus,笠藤壺屬,accepted,
2023-04-11_BenthicInvertebrate__0000008,HumanObservation,,2023-04-11_BenthicInvertebrate__0000008,研海生態顧問股份有限公司 (Ceta explorers Company Limited),1,,,,,,,,2023-04-11,,2023,4,11,Intertidal Qualitative Survey | Roving Diver Method,Asia,Taiwan,TW,Mianhua Islet,,,25.48598,122.10369,EPSG:4326,250,1e-05,Grapsus albolineatus,,KL_BenthicInvertebrate_0000037,74010,t0029403,Grapsus albolineatus,Animalia,species,白紋方蟹,accepted,
2023-04-11_BenthicInvertebrate__0000009,HumanObservation,,2023-04-11_BenthicInvertebrate__0000009,研海生態顧問股份有限公司 (Ceta explorers Company Limited),1,,,,,,,,2023-04-11,,2023,4,11,Intertidal Qualitative Survey | Roving Diver Method,Asia,Taiwan,TW,Mianhua Islet,,,25.48598,122.10369,EPSG:4326,250,1e-05,Ligia exotica,,KL_BenthicInvertebrate_0000103,76968,t0067381,Ligia exotica,Animalia,species,奇異海蟑螂,accepted,
2023-04-11_BenthicInvertebrate__0000010,HumanObservation,,2023-04-11_BenthicInvertebrate__0000010,研海生態顧問股份有限公司 (Ceta explorers Company Limited),1,,,,,,,,2023-04-11,,2023,4,11,Intertidal Qualitative Survey | Roving Diver Method,Asia,Taiwan,TW,Mianhua Islet,,,25.48598,122.10369,EPSG:4326,250,1e-05,Ozius tuberculosus,,KL_BenthicInvertebrate_0000064,82099,t0082670,Ozius tuberculosus,Animalia,species,疣粒團扇蟹,accepted,
2023-04-11_BenthicInvertebrate__0000011,HumanObservation,,2023-04-11_BenthicInvertebrate__0000011,研海生態顧問股份有限公司 (Ceta explorers Company Limited),1,,,,,,,,2023-04-11,,2023,4,11,Intertidal Qualitative Survey | Roving Diver Method,Asia,Taiwan,TW,Mianhua Islet,,,25.48598,122.10369,EPSG:4326,250,1e-05,Percnon sinense,,KL_BenthicInvertebrate_0000055,83302,t0083744,Percnon sinense,Animalia,species,中華盾牌蟹,accepted,
2023-07-11_BenthicInvertebrate__0000029,HumanObservation,,2023-07-11_BenthicInvertebrate__0000029,研海生態顧問股份有限公司 (Ceta explorers Company Limited),1,,,,,,,,2023-07-11,,2023,7,11,Intertidal Qualitative Survey | Roving Diver Method,Asia,Taiwan,TW,Mianhua Islet,,,25.48741,122.10278,EPSG:4326,100,1e-05,Culcita novaeguineae,,KL_BenthicInvertebrate_0000086,69261,t0030795,Culcita novaeguineae,Animalia,species,麵包海星,accepted,
2023-07-11_BenthicInvertebrate__0000030,HumanObservation,,2023-07-11_BenthicInvertebrate__0000030,研海生態顧問股份有限公司 (Ceta explorers Company Limited),1,,,,,,,,2023-07-11,,2023,7,11,Intertidal Qualitative Survey | Roving Diver Method,Asia,Taiwan,TW,Mianhua Islet,,,25.48741,122.10278,EPSG:4326,100,1e-05,Actinopyga mauritiana,,KL_BenthicInvertebrate_0000085,62262,t0057564,Actinopyga mauritiana,Animalia,species,白底輻肛參,accepted,
2023-07-11_BenthicInvertebrate__0000031,HumanObservation,,2023-07-11_BenthicInvertebrate__0000031,研海生態顧問股份有限公司 (Ceta explorers Company Limited),1,,,,,,,,2023-07-11,,2023,7,11,Intertidal Qualitative Survey | Roving Diver Method,Asia,Taiwan,TW,Mianhua Islet,,,25.48741,122.10278,EPSG:4326,100,1e-05,Echinometra mathaei,,KL_BenthicInvertebrate_0000077,71149,t0028792,Echinometra mathaei,Animalia,species,梅氏長海膽,accepted,
2023-07-11_BenthicInvertebrate__0000032,HumanObservation,,2023-07-11_BenthicInvertebrate__0000032,研海生態顧問股份有限公司 (Ceta explorers Company Limited),1,,,,,,,,2023-07-11,,2023,7,11,Intertidal Qualitative Survey | Roving Diver Method,Asia,Taiwan,TW,Mianhua Islet,,,25.48741,122.10278,EPSG:4326,100,1e-05,Phyllidia exquisita,,KL_BenthicInvertebrate_0000110,83896,t0084254,Phyllidia exquisita,Animalia,species,優美葉海蛞蝓,accepted,優美葉海牛 | 媚眼葉海蛞蝓
2023-07-11_BenthicInvertebrate__0000033,HumanObservation,,2023-07-11_BenthicInvertebrate__0000033,研海生態顧問股份有限公司 (Ceta explorers Company Limited),1,,,,,,,,2023-07-11,,2023,7,11,Intertidal Qualitative Survey | Roving Diver Method,Asia,Taiwan,TW,Mianhua Islet,,,25.48741,122.10278,EPSG:4326,100,1e-05,Echinothrix calamaris,,KL_BenthicInvertebrate_0000111,71179,t0028797,Echinothrix calamaris,Animalia,species,環刺棘海膽,accepted,
2023-07-11_BenthicInvertebrate__0000034,HumanObservation,,2023-07-11_BenthicInvertebrate__0000034,研海生態顧問股份有限公司 (Ceta explorers Company Limited),1,,,,,,,,2023-07-11,,2023,7,11,Intertidal Qualitative Survey | Roving Diver Method,Asia,Taiwan,TW,Mianhua Islet,,,25.48741,122.10278,EPSG:4326,100,1e-05,Holothuria nobilis,,KL_BenthicInvertebrate_0000112,75012,t0065698,Holothuria nobilis,Animalia,species,黑乳參,accepted,
2023-07-11_BenthicInvertebrate__0000035,HumanObservation,,2023-07-11_BenthicInvertebrate__0000035,研海生態顧問股份有限公司 (Ceta explorers Company Limited),1,,,,,,,,2023-07-11,,2023,7,11,Intertidal Qualitative Survey | Roving Diver Method,Asia,Taiwan,TW,Mianhua Islet,,,25.48741,122.10278,EPSG:4326,100,1e-05,Toxocidaris crassispina,,KL_BenthicInvertebrate_0000113,110565,t0099212,Toxocidaris crassispina,Animalia,species,紫海膽,accepted,
2023-07-11_BenthicInvertebrate__0000036,HumanObservation,,2023-07-11_BenthicInvertebrate__0000036,研海生態顧問股份有限公司 (Ceta explorers Company Limited),1,,,,,,,,2023-07-11,,2023,7,11,Intertidal Qualitative Survey | Roving Diver Method,Asia,Taiwan,TW,Mianhua Islet,,,25.48741,122.10278,EPSG:4326,100,1e-05,Stomopneustes variolaris,,KL_BenthicInvertebrate_0000079,88787,t0033079,Stomopneustes variolaris,Animalia,species,口鰓海膽,accepted,
2023-07-11_BenthicInvertebrate__0000037,HumanObservation,,2023-07-11_BenthicInvertebrate__0000037,研海生態顧問股份有限公司 (Ceta explorers Company Limited),1,,,,,,,,2023-07-11,,2023,7,11,Intertidal Qualitative Survey | Roving Diver Method,Asia,Taiwan,TW,Mianhua Islet,,,25.48741,122.10278,EPSG:4326,100,1e-05,Holothuria cinerascens,,KL_BenthicInvertebrate_0000082,75005,t0065694,Holothuria cinerascens,Animalia,species,黑赤星海參,accepted,黑刺星海參
2023-07-11_BenthicInvertebrate__0000038,HumanObservation,,2023-07-11_BenthicInvertebrate__0000038,研海生態顧問股份有限公司 (Ceta explorers Company Limited),1,,,,,,,,2023-07-11,,2023,7,11,Intertidal Qualitative Survey | Roving Diver Method,Asia,Taiwan,TW,Mianhua Islet,,,25.48741,122.10278,EPSG:4326,100,1e-05,Afrocucumis africana,,KL_BenthicInvertebrate_0000114,62435,t0057578,Afrocucumis africana,Animalia,species,非洲異瓜參,accepted,
2023-07-11_BenthicInvertebrate__0000039,HumanObservation,,2023-07-11_BenthicInvertebrate__0000039,研海生態顧問股份有限公司 (Ceta explorers Company Limited),1,,,,,,,,2023-07-11,,2023,7,11,Intertidal Qualitative Survey | Roving Diver Method,Asia,Taiwan,TW,Mianhua Islet,,,25.48741,122.10278,EPSG:4326,100,1e-05,Colochirus robustus,,KL_BenthicInvertebrate_0000115,68409,t0079002,Colochirus robustus,Animalia,species,強壯翼手參,accepted,
2023-07-11_BenthicInvertebrate__0000040,HumanObservation,,2023-07-11_BenthicInvertebrate__0000040,研海生態顧問股份有限公司 (Ceta explorers Company Limited),1,,,,,,,,2023-07-11,,2023,7,11,Intertidal Qualitative Survey | Roving Diver Method,Asia,Taiwan,TW,Mianhua Islet,,,25.48741,122.10278,EPSG:4326,100,1e-05,Echinaster luzonicus,,KL_BenthicInvertebrate_0000087,71122,t0028788,Echinaster luzonicus,Animalia,species,呂宋棘海星,accepted,
2023-07-11_BenthicInvertebrate__0000041,HumanObservation,,2023-07-11_BenthicInvertebrate__0000041,研海生態顧問股份有限公司 (Ceta explorers Company Limited),1,,,,,,,,2023-07-11,,2023,7,11,Intertidal Qualitative Survey | Roving Diver Method,Asia,Taiwan,TW,Mianhua Islet,,,25.48741,122.10278,EPSG:4326,100,1e-05,Actinopyga echinites,,KL_BenthicInvertebrate_0000084,62261,t0070291,Actinopyga echinites,Animalia,species,棘輻肛參,accepted,
2023-07-11_BenthicInvertebrate__0000042,HumanObservation,,2023-07-11_BenthicInvertebrate__0000042,研海生態顧問股份有限公司 (Ceta explorers Company Limited),1,,,,,,,,2023-07-11,,2023,7,11,Intertidal Qualitative Survey | Roving Diver Method,Asia,Taiwan,TW,Mianhua Islet,,,25.48741,122.10278,EPSG:4326,100,1e-05,Holothuria leucospilota,,KL_BenthicInvertebrate_0000083,75010,t0065697,Holothuria leucospilota,Animalia,species,蕩皮參,accepted,
2023-08-21_BenthicInvertebrate__0000043,HumanObservation,,2023-08-21_BenthicInvertebrate__0000043,研海生態顧問股份有限公司 (Ceta explorers Company Limited),1,,,,,,,,2023-08-21,,2023,8,21,Intertidal Qualitative Survey | Roving Diver Method,Asia,Taiwan,TW,Mianhua Islet,,,25.48771,122.10396,EPSG:4326,50,1e-05,Culcita novaeguineae,,KL_BenthicInvertebrate_0000086,69261,t0030795,Culcita novaeguineae,Animalia,species,麵包海星,accepted,
2023-08-21_BenthicInvertebrate__0000044,HumanObservation,,2023-08-21_BenthicInvertebrate__0000044,研海生態顧問股份有限公司 (Ceta explorers Company Limited),1,,,,,,,,2023-08-21,,2023,8,21,Intertidal Qualitative Survey | Roving Diver Method,Asia,Taiwan,TW,Mianhua Islet,,,25.48771,122.10396,EPSG:4326,50,1e-05,Actinopyga mauritiana,,KL_BenthicInvertebrate_0000085,62262,t0057564,Actinopyga mauritiana,Animalia,species,白底輻肛參,accepted,
2023-08-21_BenthicInvertebrate__0000045,HumanObservation,,2023-08-21_BenthicInvertebrate__0000045,研海生態顧問股份有限公司 (Ceta explorers Company Limited),1,,,,,,,,2023-08-21,,2023,8,21,Intertidal Qualitative Survey | Roving Diver Method,Asia,Taiwan,TW,Mianhua Islet,,,25.48771,122.10396,EPSG:4326,50,1e-05,Echinometra mathaei,,KL_BenthicInvertebrate_0000077,71149,t0028792,Echinometra mathaei,Animalia,species,梅氏長海膽,accepted,
2023-08-21_BenthicInvertebrate__0000046,HumanObservation,,2023-08-21_BenthicInvertebrate__0000046,研海生態顧問股份有限公司 (Ceta explorers Company Limited),1,,,,,,,,2023-08-21,,2023,8,21,Intertidal Qualitative Survey | Roving Diver Method,Asia,Taiwan,TW,Mianhua Islet,,,25.48771,122.10396,EPSG:4326,50,1e-05,Echinothrix calamaris,,KL_BenthicInvertebrate_0000111,71179,t0028797,Echinothrix calamaris,Animalia,species,環刺棘海膽,accepted,
2023-08-21_BenthicInvertebrate__0000047,HumanObservation,,2023-08-21_BenthicInvertebrate__0000047,研海生態顧問股份有限公司 (Ceta explorers Company Limited),1,,,,,,,,2023-08-21,,2023,8,21,Intertidal Qualitative Survey | Roving Diver Method,Asia,Taiwan,TW,Mianhua Islet,,,25.48771,122.10396,EPSG:4326,50,1e-05,Holothuria nobilis,,KL_BenthicInvertebrate_0000112,75012,t0065698,Holothuria nobilis,Animalia,species,黑乳參,accepted,
2023-08-21_BenthicInvertebrate__0000048,HumanObservation,,2023-08-21_BenthicInvertebrate__0000048,研海生態顧問股份有限公司 (Ceta explorers Company Limited),1,,,,,,,,2023-08-21,,2023,8,21,Intertidal Qualitative Survey | Roving Diver Method,Asia,Taiwan,TW,Mianhua Islet,,,25.48771,122.10396,EPSG:4326,50,1e-05,Toxocidaris crassispina,,KL_BenthicInvertebrate_0000113,110565,t0099212,Toxocidaris crassispina,Animalia,species,紫海膽,accepted,
2023-08-21_BenthicInvertebrate__0000049,HumanObservation,,2023-08-21_BenthicInvertebrate__0000049,研海生態顧問股份有限公司 (Ceta explorers Company Limited),1,,,,,,,,2023-08-21,,2023,8,21,Intertidal Qualitative Survey | Roving Diver Method,Asia,Taiwan,TW,Mianhua Islet,,,25.48771,122.10396,EPSG:4326,50,1e-05,Stomopneustes variolaris,,KL_BenthicInvertebrate_0000079,88787,t0033079,Stomopneustes variolaris,Animalia,species,口鰓海膽,accepted,
2023-08-21_BenthicInvertebrate__0000050,HumanObservation,,2023-08-21_BenthicInvertebrate__0000050,研海生態顧問股份有限公司 (Ceta explorers Company Limited),1,,,,,,,,2023-08-21,,2023,8,21,Intertidal Qualitative Survey | Roving Diver Method,Asia,Taiwan,TW,Mianhua Islet,,,25.48771,122.10396,EPSG:4326,50,1e-05,Holothuria cinerascens,,KL_BenthicInvertebrate_0000082,75005,t0065694,Holothuria cinerascens,Animalia,species,黑赤星海參,accepted,黑刺星海參
2023-08-21_BenthicInvertebrate__0000051,HumanObservation,,2023-08-21_BenthicInvertebrate__0000051,研海生態顧問股份有限公司 (Ceta explorers Company Limited),1,,,,,,,,2023-08-21,,2023,8,21,Intertidal Qualitative Survey | Roving Diver Method,Asia,Taiwan,TW,Mianhua Islet,,,25.48771,122.10396,EPSG:4326,50,1e-05,Colochirus robustus,,KL_BenthicInvertebrate_0000115,68409,t0079002,Colochirus robustus,Animalia,species,強壯翼手參,accepted,
2023-08-21_BenthicInvertebrate__0000052,HumanObservation,,2023-08-21_BenthicInvertebrate__0000052,研海生態顧問股份有限公司 (Ceta explorers Company Limited),1,,,,,,,,2023-08-21,,2023,8,21,Intertidal Qualitative Survey | Roving Diver Method,Asia,Taiwan,TW,Mianhua Islet,,,25.48771,122.10396,EPSG:4326,50,1e-05,Linckia guildingi,,KL_BenthicInvertebrate_0000116,77137,t0027468,Linckia guildingi,Animalia,species,蓋丁指海星,accepted,
2023-08-21_BenthicInvertebrate__0000053,HumanObservation,,2023-08-21_BenthicInvertebrate__0000053,研海生態顧問股份有限公司 (Ceta explorers Company Limited),1,,,,,,,,2023-08-21,,2023,8,21,Intertidal Qualitative Survey | Roving Diver Method,Asia,Taiwan,TW,Mianhua Islet,,,25.48771,122.10396,EPSG:4326,50,1e-05,Echinaster luzonicus,,KL_BenthicInvertebrate_0000087,71122,t0028788,Echinaster luzonicus,Animalia,species,呂宋棘海星,accepted,
2023-08-21_BenthicInvertebrate__0000054,HumanObservation,,2023-08-21_BenthicInvertebrate__0000054,研海生態顧問股份有限公司 (Ceta explorers Company Limited),1,,,,,,,,2023-08-21,,2023,8,21,Intertidal Qualitative Survey | Roving Diver Method,Asia,Taiwan,TW,Mianhua Islet,,,25.48771,122.10396,EPSG:4326,50,1e-05,Actinopyga echinites,,KL_BenthicInvertebrate_0000084,62261,t0070291,Actinopyga echinites,Animalia,species,棘輻肛參,accepted,
2023-08-21_BenthicInvertebrate__0000055,HumanObservation,,2023-08-21_BenthicInvertebrate__0000055,研海生態顧問股份有限公司 (Ceta explorers Company Limited),1,,,,,,,,2023-08-21,,2023,8,21,Intertidal Qualitative Survey | Roving Diver Method,Asia,Taiwan,TW,Mianhua Islet,,,25.48771,122.10396,EPSG:4326,50,1e-05,Tritoniopsis elegans,,KL_BenthicInvertebrate_0000117,301551,t0135795,Tritoniopsis elegans,Animalia,species,華麗崔坦海蛞蝓,accepted,
2023-08-21_BenthicInvertebrate__0000056,HumanObservation,,2023-08-21_BenthicInvertebrate__0000056,研海生態顧問股份有限公司 (Ceta explorers Company Limited),1,,,,,,,,2023-08-21,,2023,8,21,Intertidal Qualitative Survey | Roving Diver Method,Asia,Taiwan,TW,Mianhua Islet,,,25.48771,122.10396,EPSG:4326,50,1e-05,Bornella stellifer,,KL_BenthicInvertebrate_0000118,65729,t0029914,Bornella stellifer,Animalia,species,星斑二列鰓海蛞蝓,accepted,
2023-08-21_BenthicInvertebrate__0000057,HumanObservation,,2023-08-21_BenthicInvertebrate__0000057,研海生態顧問股份有限公司 (Ceta explorers Company Limited),1,,,,,,,,2023-08-21,,2023,8,21,Intertidal Qualitative Survey | Roving Diver Method,Asia,Taiwan,TW,Mianhua Islet,,,25.48771,122.10396,EPSG:4326,50,1e-05,Halgerda willeyi,,KL_BenthicInvertebrate_0000119,74226,t0065019,Halgerda willeyi,Animalia,species,威利瘤背海蛞蝓,accepted,威氏瘤背盤海牛 | 威利瘤背海牛 | 威氏瘤背海蛞蝓 | 威利盤海蛞蝓
2023-08-21_BenthicInvertebrate__0000058,HumanObservation,,2023-08-21_BenthicInvertebrate__0000058,研海生態顧問股份有限公司 (Ceta explorers Company Limited),1,,,,,,,,2023-08-21,,2023,8,21,Intertidal Qualitative Survey | Roving Diver Method,Asia,Taiwan,TW,Mianhua Islet,,,25.48771,122.10396,EPSG:4326,50,1e-05,Holothuria leucospilota,,KL_BenthicInvertebrate_0000083,75010,t0065697,Holothuria leucospilota,Animalia,species,蕩皮參,accepted,
2023-08-21_BenthicInvertebrate__0000059,HumanObservation,,2023-08-21_BenthicInvertebrate__0000059,研海生態顧問股份有限公司 (Ceta explorers Company Limited),1,,,,,,,,2023-08-21,,2023,8,21,Intertidal Qualitative Survey | Roving Diver Method,Asia,Taiwan,TW,Mianhua Islet,,,25.48771,122.10396,EPSG:4326,50,1e-05,Ovula ovum,,KL_BenthicInvertebrate_0000120,82005,t0082589,Ovula ovum,Animalia,species,海兔螺,accepted,
2023-09-18_BenthicInvertebrate__0000012,HumanObservation,,2023-09-18_BenthicInvertebrate__0000012,研海生態顧問股份有限公司 (Ceta explorers Company Limited),1,,,,,,,,2023-09-18,,2023,9,18,Intertidal Qualitative Survey | Roving Diver Method,Asia,Taiwan,TW,Mianhua Islet,,,25.48514,122.10349,EPSG:4326,100,1e-05,Crassostrea angulata,,KL_BenthicInvertebrate_0000004,68981,t0079523,Crassostrea angulata,Animalia,species,葡萄牙牡蠣,accepted,
2023-09-18_BenthicInvertebrate__0000013,HumanObservation,,2023-09-18_BenthicInvertebrate__0000013,研海生態顧問股份有限公司 (Ceta explorers Company Limited),1,,,,,,,,2023-09-18,,2023,9,18,Intertidal Qualitative Survey | Roving Diver Method,Asia,Taiwan,TW,Mianhua Islet,,,25.48514,122.10349,EPSG:4326,100,1e-05,Tetraclita,,KL_BenthicInvertebrate_0000101,18919,t0017340,Tetraclita,Animalia,genus,笠藤壺屬,accepted,
2023-09-18_BenthicInvertebrate__0000014,HumanObservation,,2023-09-18_BenthicInvertebrate__0000014,研海生態顧問股份有限公司 (Ceta explorers Company Limited),1,,,,,,,,2023-09-18,,2023,9,18,Intertidal Qualitative Survey | Roving Diver Method,Asia,Taiwan,TW,Mianhua Islet,,,25.48514,122.10349,EPSG:4326,100,1e-05,Tetraclita kuroshioensis,,KL_BenthicInvertebrate_0000104,89843,t0046223,Tetraclita kuroshioensis,Animalia,species,黑潮笠藤壺,accepted,
2023-09-18_BenthicInvertebrate__0000015,HumanObservation,,2023-09-18_BenthicInvertebrate__0000015,研海生態顧問股份有限公司 (Ceta explorers Company Limited),1,,,,,,,,2023-09-18,,2023,9,18,Intertidal Qualitative Survey | Roving Diver Method,Asia,Taiwan,TW,Mianhua Islet,,,25.48514,122.10349,EPSG:4326,100,1e-05,Tetraclita japonica formosana,,KL_BenthicInvertebrate_0000105,93770,t0086341,Tetraclita japonica formosana,Animalia,subspecies,美麗笠藤壺,accepted,
2023-09-18_BenthicInvertebrate__0000016,HumanObservation,,2023-09-18_BenthicInvertebrate__0000016,研海生態顧問股份有限公司 (Ceta explorers Company Limited),1,,,,,,,,2023-09-18,,2023,9,18,Intertidal Qualitative Survey | Roving Diver Method,Asia,Taiwan,TW,Mianhua Islet,,,25.48514,122.10349,EPSG:4326,100,1e-05,Grapsus tenuicrustatus,,KL_BenthicInvertebrate_0000036,74013,t0064842,Grapsus tenuicrustatus,Animalia,species,細紋方蟹,accepted,
2023-09-18_BenthicInvertebrate__0000017,HumanObservation,,2023-09-18_BenthicInvertebrate__0000017,研海生態顧問股份有限公司 (Ceta explorers Company Limited),1,,,,,,,,2023-09-18,,2023,9,18,Intertidal Qualitative Survey | Roving Diver Method,Asia,Taiwan,TW,Mianhua Islet,,,25.48514,122.10349,EPSG:4326,100,1e-05,Grapsus albolineatus,,KL_BenthicInvertebrate_0000037,74010,t0029403,Grapsus albolineatus,Animalia,species,白紋方蟹,accepted,
2023-09-18_BenthicInvertebrate__0000018,HumanObservation,,2023-09-18_BenthicInvertebrate__0000018,研海生態顧問股份有限公司 (Ceta explorers Company Limited),1,,,,,,,,2023-09-18,,2023,9,18,Intertidal Qualitative Survey | Roving Diver Method,Asia,Taiwan,TW,Mianhua Islet,,,25.48598,122.10369,EPSG:4326,50,1e-05,Cellana toreuma,,KL_BenthicInvertebrate_0000106,54885,t0097575,Cellana toreuma,Animalia,species,花笠螺,accepted,
2023-09-18_BenthicInvertebrate__0000019,HumanObservation,,2023-09-18_BenthicInvertebrate__0000019,研海生態顧問股份有限公司 (Ceta explorers Company Limited),1,,,,,,,,2023-09-18,,2023,9,18,Intertidal Qualitative Survey | Roving Diver Method,Asia,Taiwan,TW,Mianhua Islet,,,25.48598,122.10369,EPSG:4326,50,1e-05,Echinolittorina malaccana,,KL_BenthicInvertebrate_0000107,71142,t0062243,Echinolittorina malaccana,Animalia,species,顆粒玉黍螺,accepted,馬六甲棘濱螺
2023-09-18_BenthicInvertebrate__0000020,HumanObservation,,2023-09-18_BenthicInvertebrate__0000020,研海生態顧問股份有限公司 (Ceta explorers Company Limited),1,,,,,,,,2023-09-18,,2023,9,18,Intertidal Qualitative Survey | Roving Diver Method,Asia,Taiwan,TW,Mianhua Islet,,,25.48598,122.10369,EPSG:4326,50,1e-05,Littoraria undulata,,KL_BenthicInvertebrate_0000108,77405,t0067758,Littoraria undulata,Animalia,species,波紋玉黍螺,accepted,
2023-09-18_BenthicInvertebrate__0000021,HumanObservation,,2023-09-18_BenthicInvertebrate__0000021,研海生態顧問股份有限公司 (Ceta explorers Company Limited),1,,,,,,,,2023-09-18,,2023,9,18,Intertidal Qualitative Survey | Roving Diver Method,Asia,Taiwan,TW,Mianhua Islet,,,25.48598,122.10369,EPSG:4326,50,1e-05,Crassostrea angulata,,KL_BenthicInvertebrate_0000004,68981,t0079523,Crassostrea angulata,Animalia,species,葡萄牙牡蠣,accepted,
2023-09-18_BenthicInvertebrate__0000022,HumanObservation,,2023-09-18_BenthicInvertebrate__0000022,研海生態顧問股份有限公司 (Ceta explorers Company Limited),1,,,,,,,,2023-09-18,,2023,9,18,Intertidal Qualitative Survey | Roving Diver Method,Asia,Taiwan,TW,Mianhua Islet,,,25.48598,122.10369,EPSG:4326,50,1e-05,Grapsus albolineatus,,KL_BenthicInvertebrate_0000037,74010,t0029403,Grapsus albolineatus,Animalia,species,白紋方蟹,accepted,
2023-09-18_BenthicInvertebrate__0000023,HumanObservation,,2023-09-18_BenthicInvertebrate__0000023,研海生態顧問股份有限公司 (Ceta explorers Company Limited),1,,,,,,,,2023-09-18,,2023,9,18,Intertidal Qualitative Survey | Roving Diver Method,Asia,Taiwan,TW,Mianhua Islet,,,25.48651,122.10459,EPSG:4326,150,1e-05,Tetraclita,,KL_BenthicInvertebrate_0000101,18919,t0017340,Tetraclita,Animalia,genus,笠藤壺屬,accepted,
2023-09-18_BenthicInvertebrate__0000024,HumanObservation,,2023-09-18_BenthicInvertebrate__0000024,研海生態顧問股份有限公司 (Ceta explorers Company Limited),1,,,,,,,,2023-09-18,,2023,9,18,Intertidal Qualitative Survey | Roving Diver Method,Asia,Taiwan,TW,Mianhua Islet,,,25.48651,122.10459,EPSG:4326,150,1e-05,Tetraclita kuroshioensis,,KL_BenthicInvertebrate_0000104,89843,t0046223,Tetraclita kuroshioensis,Animalia,species,黑潮笠藤壺,accepted,
2023-09-18_BenthicInvertebrate__0000025,HumanObservation,,2023-09-18_BenthicInvertebrate__0000025,研海生態顧問股份有限公司 (Ceta explorers Company Limited),1,,,,,,,,2023-09-18,,2023,9,18,Intertidal Qualitative Survey | Roving Diver Method,Asia,Taiwan,TW,Mianhua Islet,,,25.48651,122.10459,EPSG:4326,150,1e-05,Tetraclita japonica formosana,,KL_BenthicInvertebrate_0000105,93770,t0086341,Tetraclita japonica formosana,Animalia,subspecies,美麗笠藤壺,accepted,
2023-09-18_BenthicInvertebrate__0000026,HumanObservation,,2023-09-18_BenthicInvertebrate__0000026,研海生態顧問股份有限公司 (Ceta explorers Company Limited),1,,,,,,,,2023-09-18,,2023,9,18,Intertidal Qualitative Survey | Roving Diver Method,Asia,Taiwan,TW,Mianhua Islet,,,25.48651,122.10459,EPSG:4326,150,1e-05,Grapsus tenuicrustatus,,KL_BenthicInvertebrate_0000036,74013,t0064842,Grapsus tenuicrustatus,Animalia,species,細紋方蟹,accepted,
2023-09-18_BenthicInvertebrate__0000027,HumanObservation,,2023-09-18_BenthicInvertebrate__0000027,研海生態顧問股份有限公司 (Ceta explorers Company Limited),1,,,,,,,,2023-09-18,,2023,9,18,Intertidal Qualitative Survey | Roving Diver Method,Asia,Taiwan,TW,Mianhua Islet,,,25.48651,122.10459,EPSG:4326,150,1e-05,Grapsus albolineatus,,KL_BenthicInvertebrate_0000037,74010,t0029403,Grapsus albolineatus,Animalia,species,白紋方蟹,accepted,
2023-09-18_BenthicInvertebrate__0000028,HumanObservation,,2023-09-18_BenthicInvertebrate__0000028,研海生態顧問股份有限公司 (Ceta explorers Company Limited),1,,,,,,,,2023-09-18,,2023,9,18,Intertidal Qualitative Survey | Roving Diver Method,Asia,Taiwan,TW,Mianhua Islet,,,25.48651,122.10459,EPSG:4326,150,1e-05,Ligia exotica,,KL_BenthicInvertebrate_0000103,76968,t0067381,Ligia exotica,Animalia,species,奇異海蟑螂,accepted,
2023-09-18_BenthicInvertebrate__0000060,HumanObservation,,2023-09-18_BenthicInvertebrate__0000060,研海生態顧問股份有限公司 (Ceta explorers Company Limited),1,,,,,,,,2023-09-18,,2023,9,18,Intertidal Qualitative Survey | Roving Diver Method,Asia,Taiwan,TW,Mianhua Islet,,,25.48553,122.10284,EPSG:4326,50,1e-05,Culcita novaeguineae,,KL_BenthicInvertebrate_0000086,69261,t0030795,Culcita novaeguineae,Animalia,species,麵包海星,accepted,
2023-09-18_BenthicInvertebrate__0000061,HumanObservation,,2023-09-18_BenthicInvertebrate__0000061,研海生態顧問股份有限公司 (Ceta explorers Company Limited),1,,,,,,,,2023-09-18,,2023,9,18,Intertidal Qualitative Survey | Roving Diver Method,Asia,Taiwan,TW,Mianhua Islet,,,25.48553,122.10284,EPSG:4326,50,1e-05,Actinopyga mauritiana,,KL_BenthicInvertebrate_0000085,62262,t0057564,Actinopyga mauritiana,Animalia,species,白底輻肛參,accepted,
2023-09-18_BenthicInvertebrate__0000062,HumanObservation,,2023-09-18_BenthicInvertebrate__0000062,研海生態顧問股份有限公司 (Ceta explorers Company Limited),1,,,,,,,,2023-09-18,,2023,9,18,Intertidal Qualitative Survey | Roving Diver Method,Asia,Taiwan,TW,Mianhua Islet,,,25.48553,122.10284,EPSG:4326,50,1e-05,Echinometra mathaei,,KL_BenthicInvertebrate_0000077,71149,t0028792,Echinometra mathaei,Animalia,species,梅氏長海膽,accepted,
2023-09-18_BenthicInvertebrate__0000063,HumanObservation,,2023-09-18_BenthicInvertebrate__0000063,研海生態顧問股份有限公司 (Ceta explorers Company Limited),1,,,,,,,,2023-09-18,,2023,9,18,Intertidal Qualitative Survey | Roving Diver Method,Asia,Taiwan,TW,Mianhua Islet,,,25.48553,122.10284,EPSG:4326,50,1e-05,Echinothrix calamaris,,KL_BenthicInvertebrate_0000111,71179,t0028797,Echinothrix calamaris,Animalia,species,環刺棘海膽,accepted,
2023-09-18_BenthicInvertebrate__0000064,HumanObservation,,2023-09-18_BenthicInvertebrate__0000064,研海生態顧問股份有限公司 (Ceta explorers Company Limited),1,,,,,,,,2023-09-18,,2023,9,18,Intertidal Qualitative Survey | Roving Diver Method,Asia,Taiwan,TW,Mianhua Islet,,,25.48553,122.10284,EPSG:4326,50,1e-05,Holothuria nobilis,,KL_BenthicInvertebrate_0000112,75012,t0065698,Holothuria nobilis,Animalia,species,黑乳參,accepted,
2023-09-18_BenthicInvertebrate__0000065,HumanObservation,,2023-09-18_BenthicInvertebrate__0000065,研海生態顧問股份有限公司 (Ceta explorers Company Limited),1,,,,,,,,2023-09-18,,2023,9,18,Intertidal Qualitative Survey | Roving Diver Method,Asia,Taiwan,TW,Mianhua Islet,,,25.48553,122.10284,EPSG:4326,50,1e-05,Toxocidaris crassispina,,KL_BenthicInvertebrate_0000113,110565,t0099212,Toxocidaris crassispina,Animalia,species,紫海膽,accepted,
2023-09-18_BenthicInvertebrate__0000066,HumanObservation,,2023-09-18_BenthicInvertebrate__0000066,研海生態顧問股份有限公司 (Ceta explorers Company Limited),1,,,,,,,,2023-09-18,,2023,9,18,Intertidal Qualitative Survey | Roving Diver Method,Asia,Taiwan,TW,Mianhua Islet,,,25.48553,122.10284,EPSG:4326,50,1e-05,Stomopneustes variolaris,,KL_BenthicInvertebrate_0000079,88787,t0033079,Stomopneustes variolaris,Animalia,species,口鰓海膽,accepted,
2023-09-18_BenthicInvertebrate__0000067,HumanObservation,,2023-09-18_BenthicInvertebrate__0000067,研海生態顧問股份有限公司 (Ceta explorers Company Limited),1,,,,,,,,2023-09-18,,2023,9,18,Intertidal Qualitative Survey | Roving Diver Method,Asia,Taiwan,TW,Mianhua Islet,,,25.48553,122.10284,EPSG:4326,50,1e-05,Holothuria cinerascens,,KL_BenthicInvertebrate_0000082,75005,t0065694,Holothuria cinerascens,Animalia,species,黑赤星海參,accepted,黑刺星海參
2023-09-18_BenthicInvertebrate__0000068,HumanObservation,,2023-09-18_BenthicInvertebrate__0000068,研海生態顧問股份有限公司 (Ceta explorers Company Limited),1,,,,,,,,2023-09-18,,2023,9,18,Intertidal Qualitative Survey | Roving Diver Method,Asia,Taiwan,TW,Mianhua Islet,,,25.48553,122.10284,EPSG:4326,50,1e-05,Afrocucumis africana,,KL_BenthicInvertebrate_0000114,62435,t0057578,Afrocucumis africana,Animalia,species,非洲異瓜參,accepted,
2023-09-18_BenthicInvertebrate__0000069,HumanObservation,,2023-09-18_BenthicInvertebrate__0000069,研海生態顧問股份有限公司 (Ceta explorers Company Limited),1,,,,,,,,2023-09-18,,2023,9,18,Intertidal Qualitative Survey | Roving Diver Method,Asia,Taiwan,TW,Mianhua Islet,,,25.48553,122.10284,EPSG:4326,50,1e-05,Colochirus robustus,,KL_BenthicInvertebrate_0000115,68409,t0079002,Colochirus robustus,Animalia,species,強壯翼手參,accepted,
2023-09-18_BenthicInvertebrate__0000070,HumanObservation,,2023-09-18_BenthicInvertebrate__0000070,研海生態顧問股份有限公司 (Ceta explorers Company Limited),1,,,,,,,,2023-09-18,,2023,9,18,Intertidal Qualitative Survey | Roving Diver Method,Asia,Taiwan,TW,Mianhua Islet,,,25.48553,122.10284,EPSG:4326,50,1e-05,Echinaster luzonicus,,KL_BenthicInvertebrate_0000087,71122,t0028788,Echinaster luzonicus,Animalia,species,呂宋棘海星,accepted,
2023-09-18_BenthicInvertebrate__0000071,HumanObservation,,2023-09-18_BenthicInvertebrate__0000071,研海生態顧問股份有限公司 (Ceta explorers Company Limited),1,,,,,,,,2023-09-18,,2023,9,18,Intertidal Qualitative Survey | Roving Diver Method,Asia,Taiwan,TW,Mianhua Islet,,,25.48553,122.10284,EPSG:4326,50,1e-05,Actinopyga echinites,,KL_BenthicInvertebrate_0000084,62261,t0070291,Actinopyga echinites,Animalia,species,棘輻肛參,accepted,
2023-09-18_BenthicInvertebrate__0000072,HumanObservation,,2023-09-18_BenthicInvertebrate__0000072,研海生態顧問股份有限公司 (Ceta explorers Company Limited),1,,,,,,,,2023-09-18,,2023,9,18,Intertidal Qualitative Survey | Roving Diver Method,Asia,Taiwan,TW,Mianhua Islet,,,25.48553,122.10284,EPSG:4326,50,1e-05,Holothuria leucospilota,,KL_BenthicInvertebrate_0000083,75010,t0065697,Holothuria leucospilota,Animalia,species,蕩皮參,accepted,
2023-09-18_BenthicInvertebrate__0000073,HumanObservation,,2023-09-18_BenthicInvertebrate__0000073,研海生態顧問股份有限公司 (Ceta explorers Company Limited),1,,,,,,,,2023-09-18,,2023,9,18,Intertidal Qualitative Survey | Roving Diver Method,Asia,Taiwan,TW,Mianhua Islet,,,25.48553,122.10284,EPSG:4326,50,1e-05,Goniobranchus rufomaculatus,,KL_BenthicInvertebrate_0000121,293074,t0130130,Goniobranchus rufomaculatus,Animalia,species,橘點多彩海蛞蝓,accepted,
2023-09-18_BenthicInvertebrate__0000074,HumanObservation,,2023-09-18_BenthicInvertebrate__0000074,研海生態顧問股份有限公司 (Ceta explorers Company Limited),1,,,,,,,,2023-09-18,,2023,9,18,Intertidal Qualitative Survey | Roving Diver Method,Asia,Taiwan,TW,Mianhua Islet,,,25.48553,122.10284,EPSG:4326,50,1e-05,Colobocentrotus mertensii,,KL_BenthicInvertebrate_0000078,258089,t0078997,Colobocentrotus mertensii,Animalia,species,默氏笠海膽,accepted,陣笠海膽
2024-04-01_BenthicInvertebrate_Intertidal Qualitative Survey_01,HumanObservation,,2024-04-01_BenthicInvertebrate_Intertidal Qualitative Survey_01,研海生態顧問股份有限公司 (Ceta explorers Company Limited),1,,,,,,,,2024-04-01,,2024,4,1,Intertidal Qualitative Survey,Asia,Taiwan,TW,Mianhua Islet,,,25.48553,122.10354,EPSG:4326,70,1e-05,Anthopleura,,KL_BenthicInvertebrate_0000122,42225,t0025974,Anthopleura,Animalia,genus,襟疣海葵屬,accepted,
2024-04-01_BenthicInvertebrate_Intertidal Qualitative Survey_02,HumanObservation,,2024-04-01_BenthicInvertebrate_Intertidal Qualitative Survey_02,研海生態顧問股份有限公司 (Ceta explorers Company Limited),1,,,,,,,,2024-04-01,,2024,4,1,Intertidal Qualitative Survey,Asia,Taiwan,TW,Mianhua Islet,,,25.48553,122.10354,EPSG:4326,70,1e-05,Crassostrea angulata,,KL_BenthicInvertebrate_0000004,68981,t0079523,Crassostrea angulata,Animalia,species,葡萄牙牡蠣,accepted,
2024-04-01_BenthicInvertebrate_Intertidal Qualitative Survey_03,HumanObservation,,2024-04-01_BenthicInvertebrate_Intertidal Qualitative Survey_03,研海生態顧問股份有限公司 (Ceta explorers Company Limited),1,,,,,,,,2024-04-01,,2024,4,1,Intertidal Qualitative Survey,Asia,Taiwan,TW,Mianhua Islet,,,25.48553,122.10354,EPSG:4326,70,1e-05,Cellana toreuma,,KL_BenthicInvertebrate_0000106,54885,t0097575,Cellana toreuma,Animalia,species,花笠螺,accepted,
2024-04-01_BenthicInvertebrate_Intertidal Qualitative Survey_04,HumanObservation,,2024-04-01_BenthicInvertebrate_Intertidal Qualitative Survey_04,研海生態顧問股份有限公司 (Ceta explorers Company Limited),1,,,,,,,,2024-04-01,,2024,4,1,Intertidal Qualitative Survey,Asia,Taiwan,TW,Mianhua Islet,,,25.48553,122.10354,EPSG:4326,70,1e-05,Nerita plicata,,KL_BenthicInvertebrate_0000025,80782,t0081507,Nerita plicata,Animalia,species,白肋蜑螺,accepted,
2024-04-01_BenthicInvertebrate_Intertidal Qualitative Survey_05,HumanObservation,,2024-04-01_BenthicInvertebrate_Intertidal Qualitative Survey_05,研海生態顧問股份有限公司 (Ceta explorers Company Limited),1,,,,,,,,2024-04-01,,2024,4,1,Intertidal Qualitative Survey,Asia,Taiwan,TW,Mianhua Islet,,,25.48553,122.10354,EPSG:4326,70,1e-05,Tetraclita,,KL_BenthicInvertebrate_0000101,18919,t0017340,Tetraclita,Animalia,genus,笠藤壺屬,accepted,
2024-04-01_BenthicInvertebrate_Intertidal Qualitative Survey_06,HumanObservation,,2024-04-01_BenthicInvertebrate_Intertidal Qualitative Survey_06,研海生態顧問股份有限公司 (Ceta explorers Company Limited),1,,,,,,,,2024-04-01,,2024,4,1,Intertidal Qualitative Survey,Asia,Taiwan,TW,Mianhua Islet,,,25.48553,122.10354,EPSG:4326,70,1e-05,Grapsus tenuicrustatus,,KL_BenthicInvertebrate_0000036,74013,t0064842,Grapsus tenuicrustatus,Animalia,species,細紋方蟹,accepted,
2024-04-01_BenthicInvertebrate_Intertidal Qualitative Survey_07,HumanObservation,,2024-04-01_BenthicInvertebrate_Intertidal Qualitative Survey_07,研海生態顧問股份有限公司 (Ceta explorers Company Limited),1,,,,,,,,2024-04-01,,2024,4,1,Intertidal Qualitative Survey,Asia,Taiwan,TW,Mianhua Islet,,,25.48553,122.10354,EPSG:4326,70,1e-05,Grapsus albolineatus,,KL_BenthicInvertebrate_0000037,74010,t0029403,Grapsus albolineatus,Animalia,species,白紋方蟹,accepted,
2024-04-01_BenthicInvertebrate_Intertidal Qualitative Survey_08,HumanObservation,,2024-04-01_BenthicInvertebrate_Intertidal Qualitative Survey_08,研海生態顧問股份有限公司 (Ceta explorers Company Limited),1,,,,,,,,2024-04-01,,2024,4,1,Intertidal Qualitative Survey,Asia,Taiwan,TW,Mianhua Islet,,,25.48553,122.10354,EPSG:4326,70,1e-05,Ligia exotica,,KL_BenthicInvertebrate_0000103,76968,t0067381,Ligia exotica,Animalia,species,奇異海蟑螂,accepted,
2024-05-27_BenthicInvertebrate_Roving Diver Method_01,HumanObservation,,2024-05-27_BenthicInvertebrate_Roving Diver Method_01,研海生態顧問股份有限公司 (Ceta explorers Company Limited),1,,,,,,,,2024-05-27,,2024,5,27,Roving Diver Method,Asia,Taiwan,TW,Mianhua Islet,3,10,25.48671,122.10345,EPSG:4326,100,1e-05,Actinopyga mauritiana,,KL_BenthicInvertebrate_0000085,62262,t0057564,Actinopyga mauritiana,Animalia,species,白底輻肛參,accepted,
2024-05-27_BenthicInvertebrate_Roving Diver Method_02,HumanObservation,,2024-05-27_BenthicInvertebrate_Roving Diver Method_02,研海生態顧問股份有限公司 (Ceta explorers Company Limited),1,,,,,,,,2024-05-27,,2024,5,27,Roving Diver Method,Asia,Taiwan,TW,Mianhua Islet,3,10,25.48671,122.10345,EPSG:4326,100,1e-05,Holothuria cinerascens,,KL_BenthicInvertebrate_0000082,75005,t0065694,Holothuria cinerascens,Animalia,species,黑赤星海參,accepted,黑刺星海參
2024-05-27_BenthicInvertebrate_Roving Diver Method_03,HumanObservation,,2024-05-27_BenthicInvertebrate_Roving Diver Method_03,研海生態顧問股份有限公司 (Ceta explorers Company Limited),1,,,,,,,,2024-05-27,,2024,5,27,Roving Diver Method,Asia,Taiwan,TW,Mianhua Islet,3,10,25.48671,122.10345,EPSG:4326,100,1e-05,Actinopyga echinites,,KL_BenthicInvertebrate_0000084,62261,t0070291,Actinopyga echinites,Animalia,species,棘輻肛參,accepted,
2024-05-27_BenthicInvertebrate_Roving Diver Method_04,HumanObservation,,2024-05-27_BenthicInvertebrate_Roving Diver Method_04,研海生態顧問股份有限公司 (Ceta explorers Company Limited),1,,,,,,,,2024-05-27,,2024,5,27,Roving Diver Method,Asia,Taiwan,TW,Mianhua Islet,3,10,25.48671,122.10345,EPSG:4326,100,1e-05,Holothuria leucospilota,,KL_BenthicInvertebrate_0000083,75010,t0065697,Holothuria leucospilota,Animalia,species,蕩皮參,accepted,
2024-05-27_BenthicInvertebrate_Roving Diver Method_05,HumanObservation,,2024-05-27_BenthicInvertebrate_Roving Diver Method_05,研海生態顧問股份有限公司 (Ceta explorers Company Limited),1,,,,,,,,2024-05-27,,2024,5,27,Roving Diver Method,Asia,Taiwan,TW,Mianhua Islet,3,10,25.48671,122.10345,EPSG:4326,100,1e-05,Colochirus robustus,,KL_BenthicInvertebrate_0000115,68409,t0079002,Colochirus robustus,Animalia,species,強壯翼手參,accepted,
2024-05-27_BenthicInvertebrate_Roving Diver Method_06,HumanObservation,,2024-05-27_BenthicInvertebrate_Roving Diver Method_06,研海生態顧問股份有限公司 (Ceta explorers Company Limited),1,,,,,,,,2024-05-27,,2024,5,27,Roving Diver Method,Asia,Taiwan,TW,Mianhua Islet,3,10,25.48671,122.10345,EPSG:4326,100,1e-05,Echinometra mathaei,,KL_BenthicInvertebrate_0000077,71149,t0028792,Echinometra mathaei,Animalia,species,梅氏長海膽,accepted,
2024-05-27_BenthicInvertebrate_Roving Diver Method_07,HumanObservation,,2024-05-27_BenthicInvertebrate_Roving Diver Method_07,研海生態顧問股份有限公司 (Ceta explorers Company Limited),1,,,,,,,,2024-05-27,,2024,5,27,Roving Diver Method,Asia,Taiwan,TW,Mianhua Islet,3,10,25.48671,122.10345,EPSG:4326,100,1e-05,Toxocidaris crassispina,,KL_BenthicInvertebrate_0000113,110565,t0099212,Toxocidaris crassispina,Animalia,species,紫海膽,accepted,
2024-05-27_BenthicInvertebrate_Roving Diver Method_08,HumanObservation,,2024-05-27_BenthicInvertebrate_Roving Diver Method_08,研海生態顧問股份有限公司 (Ceta explorers Company Limited),1,,,,,,,,2024-05-27,,2024,5,27,Roving Diver Method,Asia,Taiwan,TW,Mianhua Islet,3,10,25.48671,122.10345,EPSG:4326,100,1e-05,Echinostrephus aciculatus,,KL_BenthicInvertebrate_0000125,71177,t0028795,Echinostrephus aciculatus,Animalia,species,白尖紫叢海膽,accepted,
2024-05-27_BenthicInvertebrate_Roving Diver Method_09,HumanObservation,,2024-05-27_BenthicInvertebrate_Roving Diver Method_09,研海生態顧問股份有限公司 (Ceta explorers Company Limited),1,,,,,,,,2024-05-27,,2024,5,27,Roving Diver Method,Asia,Taiwan,TW,Mianhua Islet,3,10,25.48671,122.10345,EPSG:4326,100,1e-05,Echinothrix calamaris,,KL_BenthicInvertebrate_0000111,71179,t0028797,Echinothrix calamaris,Animalia,species,環刺棘海膽,accepted,
2024-05-27_BenthicInvertebrate_Roving Diver Method_10,HumanObservation,,2024-05-27_BenthicInvertebrate_Roving Diver Method_10,研海生態顧問股份有限公司 (Ceta explorers Company Limited),1,,,,,,,,2024-05-27,,2024,5,27,Roving Diver Method,Asia,Taiwan,TW,Mianhua Islet,3,10,25.48671,122.10345,EPSG:4326,100,1e-05,Stomopneustes variolaris,,KL_BenthicInvertebrate_0000079,88787,t0033079,Stomopneustes variolaris,Animalia,species,口鰓海膽,accepted,
2024-05-27_BenthicInvertebrate_Roving Diver Method_11,HumanObservation,,2024-05-27_BenthicInvertebrate_Roving Diver Method_11,研海生態顧問股份有限公司 (Ceta explorers Company Limited),1,,,,,,,,2024-05-27,,2024,5,27,Roving Diver Method,Asia,Taiwan,TW,Mianhua Islet,3,10,25.48671,122.10345,EPSG:4326,100,1e-05,Linckia laevigata,,KL_BenthicInvertebrate_0000088,77138,t0027469,Linckia laevigata,Animalia,species,藍指海星,accepted,
2024-05-27_BenthicInvertebrate_Roving Diver Method_12,HumanObservation,,2024-05-27_BenthicInvertebrate_Roving Diver Method_12,研海生態顧問股份有限公司 (Ceta explorers Company Limited),1,,,,,,,,2024-05-27,,2024,5,27,Roving Diver Method,Asia,Taiwan,TW,Mianhua Islet,3,10,25.48671,122.10345,EPSG:4326,100,1e-05,Phyllidia exquisita,,KL_BenthicInvertebrate_0000110,83896,t0084254,Phyllidia exquisita,Animalia,species,優美葉海蛞蝓,accepted,優美葉海牛 | 媚眼葉海蛞蝓
2024-05-27_BenthicInvertebrate_Roving Diver Method_13,HumanObservation,,2024-05-27_BenthicInvertebrate_Roving Diver Method_13,研海生態顧問股份有限公司 (Ceta explorers Company Limited),1,,,,,,,,2024-05-27,,2024,5,27,Roving Diver Method,Asia,Taiwan,TW,Mianhua Islet,3,10,25.48671,122.10345,EPSG:4326,100,1e-05,Tridacna noae,,KL_BenthicInvertebrate_0000002,90783,t0047884,Tridacna noae,Animalia,species,諾亞硨磲蛤,accepted,
2024-05-27_BenthicInvertebrate_Roving Diver Method_14,HumanObservation,,2024-05-27_BenthicInvertebrate_Roving Diver Method_14,研海生態顧問股份有限公司 (Ceta explorers Company Limited),1,,,,,,,,2024-05-27,,2024,5,27,Roving Diver Method,Asia,Taiwan,TW,Mianhua Islet,3,10,25.48671,122.10345,EPSG:4326,100,1e-05,Monetaria moneta,,KL_BenthicInvertebrate_0000128,57998,t0096444,Monetaria moneta,Animalia,species,黃寶螺,accepted,黃色寶螺
2024-05-27_BenthicInvertebrate_Roving Diver Method_15,HumanObservation,,2024-05-27_BenthicInvertebrate_Roving Diver Method_15,研海生態顧問股份有限公司 (Ceta explorers Company Limited),1,,,,,,,,2024-05-27,,2024,5,27,Roving Diver Method,Asia,Taiwan,TW,Mianhua Islet,3,10,25.48671,122.10345,EPSG:4326,100,1e-05,Monetaria caputserpentis,,KL_BenthicInvertebrate_0000013,79538,t0028078,Monetaria caputserpentis,Animalia,species,雪山寶螺,accepted,
2024-05-27_BenthicInvertebrate_Roving Diver Method_16,HumanObservation,,2024-05-27_BenthicInvertebrate_Roving Diver Method_16,研海生態顧問股份有限公司 (Ceta explorers Company Limited),1,,,,,,,,2024-05-27,,2024,5,27,Roving Diver Method,Asia,Taiwan,TW,Mianhua Islet,3,10,25.48671,122.10345,EPSG:4326,100,1e-05,Chelidonura amoena,,KL_BenthicInvertebrate_0000129,102358,t0097651,Chelidonura amoena,Animalia,species,迷人燕尾海蛞蝓,accepted,迷人燕尾似海牛
2024-07-31_BenthicInvertebrate_Intertidal Qualitative Survey_10,HumanObservation,,2024-07-31_BenthicInvertebrate_Intertidal Qualitative Survey_10,研海生態顧問股份有限公司 (Ceta explorers Company Limited),1,,,,,,,,2024-07-31,,2024,7,31,Intertidal Qualitative Survey,Asia,Taiwan,TW,Mianhua Islet,,,25.48553,122.10354,EPSG:4326,70,1e-05,Zoanthus,,KL_BenthicInvertebrate_0000124,287198,t0136225,Zoanthus,Animalia,genus,菟葵屬,accepted,
2024-07-31_BenthicInvertebrate_Intertidal Qualitative Survey_11,HumanObservation,,2024-07-31_BenthicInvertebrate_Intertidal Qualitative Survey_11,研海生態顧問股份有限公司 (Ceta explorers Company Limited),1,,,,,,,,2024-07-31,,2024,7,31,Intertidal Qualitative Survey,Asia,Taiwan,TW,Mianhua Islet,,,25.48553,122.10354,EPSG:4326,70,1e-05,Crassostrea angulata,,KL_BenthicInvertebrate_0000004,68981,t0079523,Crassostrea angulata,Animalia,species,葡萄牙牡蠣,accepted,
2024-07-31_BenthicInvertebrate_Intertidal Qualitative Survey_12,HumanObservation,,2024-07-31_BenthicInvertebrate_Intertidal Qualitative Survey_12,研海生態顧問股份有限公司 (Ceta explorers Company Limited),1,,,,,,,,2024-07-31,,2024,7,31,Intertidal Qualitative Survey,Asia,Taiwan,TW,Mianhua Islet,,,25.48553,122.10354,EPSG:4326,70,1e-05,Echinolittorina malaccana,,KL_BenthicInvertebrate_0000107,71142,t0062243,Echinolittorina malaccana,Animalia,species,顆粒玉黍螺,accepted,馬六甲棘濱螺
2024-07-31_BenthicInvertebrate_Intertidal Qualitative Survey_13,HumanObservation,,2024-07-31_BenthicInvertebrate_Intertidal Qualitative Survey_13,研海生態顧問股份有限公司 (Ceta explorers Company Limited),1,,,,,,,,2024-07-31,,2024,7,31,Intertidal Qualitative Survey,Asia,Taiwan,TW,Mianhua Islet,,,25.48553,122.10354,EPSG:4326,70,1e-05,Littoraria undulata,,KL_BenthicInvertebrate_0000108,77405,t0067758,Littoraria undulata,Animalia,species,波紋玉黍螺,accepted,
2024-07-31_BenthicInvertebrate_Intertidal Qualitative Survey_14,HumanObservation,,2024-07-31_BenthicInvertebrate_Intertidal Qualitative Survey_14,研海生態顧問股份有限公司 (Ceta explorers Company Limited),1,,,,,,,,2024-07-31,,2024,7,31,Intertidal Qualitative Survey,Asia,Taiwan,TW,Mianhua Islet,,,25.48553,122.10354,EPSG:4326,70,1e-05,Purpura panama,,KL_BenthicInvertebrate_0000016,85929,t0037430,Purpura panama,Animalia,species,羅螺,accepted,
2024-07-31_BenthicInvertebrate_Intertidal Qualitative Survey_15,HumanObservation,,2024-07-31_BenthicInvertebrate_Intertidal Qualitative Survey_15,研海生態顧問股份有限公司 (Ceta explorers Company Limited),1,,,,,,,,2024-07-31,,2024,7,31,Intertidal Qualitative Survey,Asia,Taiwan,TW,Mianhua Islet,,,25.48553,122.10354,EPSG:4326,70,1e-05,Ophiocoma,,KL_BenthicInvertebrate_0000089,14982,t0013492,Ophiocoma,Animalia,genus,櫛蛇尾屬,accepted,
2024-07-31_BenthicInvertebrate_Intertidal Qualitative Survey_16,HumanObservation,,2024-07-31_BenthicInvertebrate_Intertidal Qualitative Survey_16,研海生態顧問股份有限公司 (Ceta explorers Company Limited),1,,,,,,,,2024-07-31,,2024,7,31,Intertidal Qualitative Survey,Asia,Taiwan,TW,Mianhua Islet,,,25.48553,122.10354,EPSG:4326,70,1e-05,Echinostrephus aciculatus,,KL_BenthicInvertebrate_0000125,71177,t0028795,Echinostrephus aciculatus,Animalia,species,白尖紫叢海膽,accepted,
2024-07-31_BenthicInvertebrate_Intertidal Qualitative Survey_17,HumanObservation,,2024-07-31_BenthicInvertebrate_Intertidal Qualitative Survey_17,研海生態顧問股份有限公司 (Ceta explorers Company Limited),1,,,,,,,,2024-07-31,,2024,7,31,Intertidal Qualitative Survey,Asia,Taiwan,TW,Mianhua Islet,,,25.48553,122.10354,EPSG:4326,70,1e-05,Tetraclita,,KL_BenthicInvertebrate_0000101,18919,t0017340,Tetraclita,Animalia,genus,笠藤壺屬,accepted,
2024-07-31_BenthicInvertebrate_Intertidal Qualitative Survey_18,HumanObservation,,2024-07-31_BenthicInvertebrate_Intertidal Qualitative Survey_18,研海生態顧問股份有限公司 (Ceta explorers Company Limited),1,,,,,,,,2024-07-31,,2024,7,31,Intertidal Qualitative Survey,Asia,Taiwan,TW,Mianhua Islet,,,25.48553,122.10354,EPSG:4326,70,1e-05,Tetraclita kuroshioensis,,KL_BenthicInvertebrate_0000104,89843,t0046223,Tetraclita kuroshioensis,Animalia,species,黑潮笠藤壺,accepted,
2024-07-31_BenthicInvertebrate_Intertidal Qualitative Survey_19,HumanObservation,,2024-07-31_BenthicInvertebrate_Intertidal Qualitative Survey_19,研海生態顧問股份有限公司 (Ceta explorers Company Limited),1,,,,,,,,2024-07-31,,2024,7,31,Intertidal Qualitative Survey,Asia,Taiwan,TW,Mianhua Islet,,,25.48553,122.10354,EPSG:4326,70,1e-05,Tetraclita japonica formosana,,KL_BenthicInvertebrate_0000105,93770,t0086341,Tetraclita japonica formosana,Animalia,subspecies,美麗笠藤壺,accepted,
2024-07-31_BenthicInvertebrate_Intertidal Qualitative Survey_20,HumanObservation,,2024-07-31_BenthicInvertebrate_Intertidal Qualitative Survey_20,研海生態顧問股份有限公司 (Ceta explorers Company Limited),1,,,,,,,,2024-07-31,,2024,7,31,Intertidal Qualitative Survey,Asia,Taiwan,TW,Mianhua Islet,,,25.48553,122.10354,EPSG:4326,70,1e-05,Grapsus tenuicrustatus,,KL_BenthicInvertebrate_0000036,74013,t0064842,Grapsus tenuicrustatus,Animalia,species,細紋方蟹,accepted,
2024-07-31_BenthicInvertebrate_Intertidal Qualitative Survey_21,HumanObservation,,2024-07-31_BenthicInvertebrate_Intertidal Qualitative Survey_21,研海生態顧問股份有限公司 (Ceta explorers Company Limited),1,,,,,,,,2024-07-31,,2024,7,31,Intertidal Qualitative Survey,Asia,Taiwan,TW,Mianhua Islet,,,25.48553,122.10354,EPSG:4326,70,1e-05,Grapsus albolineatus,,KL_BenthicInvertebrate_0000037,74010,t0029403,Grapsus albolineatus,Animalia,species,白紋方蟹,accepted,
2024-07-31_BenthicInvertebrate_Intertidal Qualitative Survey_22,HumanObservation,,2024-07-31_BenthicInvertebrate_Intertidal Qualitative Survey_22,研海生態顧問股份有限公司 (Ceta explorers Company Limited),1,,,,,,,,2024-07-31,,2024,7,31,Intertidal Qualitative Survey,Asia,Taiwan,TW,Mianhua Islet,,,25.48553,122.10354,EPSG:4326,70,1e-05,Geograpsus crinipes,,KL_BenthicInvertebrate_0000038,73522,t0029306,Geograpsus crinipes,Animalia,species,毛足陸方蟹,accepted,
2024-07-31_BenthicInvertebrate_Intertidal Qualitative Survey_23,HumanObservation,,2024-07-31_BenthicInvertebrate_Intertidal Qualitative Survey_23,研海生態顧問股份有限公司 (Ceta explorers Company Limited),1,,,,,,,,2024-07-31,,2024,7,31,Intertidal Qualitative Survey,Asia,Taiwan,TW,Mianhua Islet,,,25.48553,122.10354,EPSG:4326,70,1e-05,Eriphia ferox,,KL_BenthicInvertebrate_0000047,72089,t0063105,Eriphia ferox,Animalia,species,兇猛酋婦蟹,accepted,凶猛酋婦蟹 | 司氏酋婦蟹
2024-07-31_BenthicInvertebrate_Intertidal Qualitative Survey_24,HumanObservation,,2024-07-31_BenthicInvertebrate_Intertidal Qualitative Survey_24,研海生態顧問股份有限公司 (Ceta explorers Company Limited),1,,,,,,,,2024-07-31,,2024,7,31,Intertidal Qualitative Survey,Asia,Taiwan,TW,Mianhua Islet,,,25.48553,122.10354,EPSG:4326,70,1e-05,Eriphia sebana,,KL_BenthicInvertebrate_0000048,72091,t0029012,Eriphia sebana,Animalia,species,光手酋婦蟹,accepted,
2024-07-31_BenthicInvertebrate_Intertidal Qualitative Survey_25,HumanObservation,,2024-07-31_BenthicInvertebrate_Intertidal Qualitative Survey_25,研海生態顧問股份有限公司 (Ceta explorers Company Limited),1,,,,,,,,2024-07-31,,2024,7,31,Intertidal Qualitative Survey,Asia,Taiwan,TW,Mianhua Islet,,,25.48553,122.10354,EPSG:4326,70,1e-05,Ligia exotica,,KL_BenthicInvertebrate_0000103,76968,t0067381,Ligia exotica,Animalia,species,奇異海蟑螂,accepted,
2024-09-12_BenthicInvertebrate_Roving Diver Method_17,HumanObservation,,2024-09-12_BenthicInvertebrate_Roving Diver Method_17,研海生態顧問股份有限公司 (Ceta explorers Company Limited),1,,,,,,,,2024-09-12,,2024,9,12,Roving Diver Method,Asia,Taiwan,TW,Mianhua Islet,3,10,25.48627,122.10302,EPSG:4326,150,1e-05,Actinopyga mauritiana,,KL_BenthicInvertebrate_0000085,62262,t0057564,Actinopyga mauritiana,Animalia,species,白底輻肛參,accepted,
2024-09-12_BenthicInvertebrate_Roving Diver Method_18,HumanObservation,,2024-09-12_BenthicInvertebrate_Roving Diver Method_18,研海生態顧問股份有限公司 (Ceta explorers Company Limited),1,,,,,,,,2024-09-12,,2024,9,12,Roving Diver Method,Asia,Taiwan,TW,Mianhua Islet,3,10,25.48627,122.10302,EPSG:4326,150,1e-05,Holothuria cinerascens,,KL_BenthicInvertebrate_0000082,75005,t0065694,Holothuria cinerascens,Animalia,species,黑赤星海參,accepted,黑刺星海參
2024-09-12_BenthicInvertebrate_Roving Diver Method_19,HumanObservation,,2024-09-12_BenthicInvertebrate_Roving Diver Method_19,研海生態顧問股份有限公司 (Ceta explorers Company Limited),1,,,,,,,,2024-09-12,,2024,9,12,Roving Diver Method,Asia,Taiwan,TW,Mianhua Islet,3,10,25.48627,122.10302,EPSG:4326,150,1e-05,Actinopyga echinites,,KL_BenthicInvertebrate_0000084,62261,t0070291,Actinopyga echinites,Animalia,species,棘輻肛參,accepted,
2024-09-12_BenthicInvertebrate_Roving Diver Method_20,HumanObservation,,2024-09-12_BenthicInvertebrate_Roving Diver Method_20,研海生態顧問股份有限公司 (Ceta explorers Company Limited),1,,,,,,,,2024-09-12,,2024,9,12,Roving Diver Method,Asia,Taiwan,TW,Mianhua Islet,3,10,25.48627,122.10302,EPSG:4326,150,1e-05,Holothuria leucospilota,,KL_BenthicInvertebrate_0000083,75010,t0065697,Holothuria leucospilota,Animalia,species,蕩皮參,accepted,
2024-09-12_BenthicInvertebrate_Roving Diver Method_21,HumanObservation,,2024-09-12_BenthicInvertebrate_Roving Diver Method_21,研海生態顧問股份有限公司 (Ceta explorers Company Limited),1,,,,,,,,2024-09-12,,2024,9,12,Roving Diver Method,Asia,Taiwan,TW,Mianhua Islet,3,10,25.48627,122.10302,EPSG:4326,150,1e-05,Afrocucumis africana,,KL_BenthicInvertebrate_0000114,62435,t0057578,Afrocucumis africana,Animalia,species,非洲異瓜參,accepted,
2024-09-12_BenthicInvertebrate_Roving Diver Method_22,HumanObservation,,2024-09-12_BenthicInvertebrate_Roving Diver Method_22,研海生態顧問股份有限公司 (Ceta explorers Company Limited),1,,,,,,,,2024-09-12,,2024,9,12,Roving Diver Method,Asia,Taiwan,TW,Mianhua Islet,3,10,25.48627,122.10302,EPSG:4326,150,1e-05,Colochirus robustus,,KL_BenthicInvertebrate_0000115,68409,t0079002,Colochirus robustus,Animalia,species,強壯翼手參,accepted,
2024-09-12_BenthicInvertebrate_Roving Diver Method_23,HumanObservation,,2024-09-12_BenthicInvertebrate_Roving Diver Method_23,研海生態顧問股份有限公司 (Ceta explorers Company Limited),1,,,,,,,,2024-09-12,,2024,9,12,Roving Diver Method,Asia,Taiwan,TW,Mianhua Islet,3,10,25.48627,122.10302,EPSG:4326,150,1e-05,Echinostrephus aciculatus,,KL_BenthicInvertebrate_0000125,71177,t0028795,Echinostrephus aciculatus,Animalia,species,白尖紫叢海膽,accepted,
2024-09-12_BenthicInvertebrate_Roving Diver Method_24,HumanObservation,,2024-09-12_BenthicInvertebrate_Roving Diver Method_24,研海生態顧問股份有限公司 (Ceta explorers Company Limited),1,,,,,,,,2024-09-12,,2024,9,12,Roving Diver Method,Asia,Taiwan,TW,Mianhua Islet,3,10,25.48627,122.10302,EPSG:4326,150,1e-05,Echinothrix calamaris,,KL_BenthicInvertebrate_0000111,71179,t0028797,Echinothrix calamaris,Animalia,species,環刺棘海膽,accepted,
2024-09-12_BenthicInvertebrate_Roving Diver Method_25,HumanObservation,,2024-09-12_BenthicInvertebrate_Roving Diver Method_25,研海生態顧問股份有限公司 (Ceta explorers Company Limited),1,,,,,,,,2024-09-12,,2024,9,12,Roving Diver Method,Asia,Taiwan,TW,Mianhua Islet,3,10,25.48627,122.10302,EPSG:4326,150,1e-05,Stomopneustes variolaris,,KL_BenthicInvertebrate_0000079,88787,t0033079,Stomopneustes variolaris,Animalia,species,口鰓海膽,accepted,
2024-09-12_BenthicInvertebrate_Roving Diver Method_26,HumanObservation,,2024-09-12_BenthicInvertebrate_Roving Diver Method_26,研海生態顧問股份有限公司 (Ceta explorers Company Limited),1,,,,,,,,2024-09-12,,2024,9,12,Roving Diver Method,Asia,Taiwan,TW,Mianhua Islet,3,10,25.48627,122.10302,EPSG:4326,150,1e-05,Culcita novaeguineae,,KL_BenthicInvertebrate_0000086,69261,t0030795,Culcita novaeguineae,Animalia,species,麵包海星,accepted,
2024-09-12_BenthicInvertebrate_Roving Diver Method_27,HumanObservation,,2024-09-12_BenthicInvertebrate_Roving Diver Method_27,研海生態顧問股份有限公司 (Ceta explorers Company Limited),1,,,,,,,,2024-09-12,,2024,9,12,Roving Diver Method,Asia,Taiwan,TW,Mianhua Islet,3,10,25.48627,122.10302,EPSG:4326,150,1e-05,Linckia laevigata,,KL_BenthicInvertebrate_0000088,77138,t0027469,Linckia laevigata,Animalia,species,藍指海星,accepted,
2024-09-12_BenthicInvertebrate_Roving Diver Method_28,HumanObservation,,2024-09-12_BenthicInvertebrate_Roving Diver Method_28,研海生態顧問股份有限公司 (Ceta explorers Company Limited),1,,,,,,,,2024-09-12,,2024,9,12,Roving Diver Method,Asia,Taiwan,TW,Mianhua Islet,3,10,25.48627,122.10302,EPSG:4326,150,1e-05,Echinaster luzonicus,,KL_BenthicInvertebrate_0000087,71122,t0028788,Echinaster luzonicus,Animalia,species,呂宋棘海星,accepted,
2024-09-12_BenthicInvertebrate_Roving Diver Method_29,HumanObservation,,2024-09-12_BenthicInvertebrate_Roving Diver Method_29,研海生態顧問股份有限公司 (Ceta explorers Company Limited),1,,,,,,,,2024-09-12,,2024,9,12,Roving Diver Method,Asia,Taiwan,TW,Mianhua Islet,3,10,25.48627,122.10302,EPSG:4326,150,1e-05,Tridacna noae,,KL_BenthicInvertebrate_0000002,90783,t0047884,Tridacna noae,Animalia,species,諾亞硨磲蛤,accepted,
2024-09-12_BenthicInvertebrate_Roving Diver Method_30,HumanObservation,,2024-09-12_BenthicInvertebrate_Roving Diver Method_30,研海生態顧問股份有限公司 (Ceta explorers Company Limited),1,,,,,,,,2024-09-12,,2024,9,12,Roving Diver Method,Asia,Taiwan,TW,Mianhua Islet,3,10,25.48627,122.10302,EPSG:4326,150,1e-05,Pleuroploca trapezium,,KL_BenthicInvertebrate_0000130,84600,t0032017,Pleuroploca trapezium,Animalia,species,角赤旋螺,accepted,
2024-09-12_BenthicInvertebrate_Roving Diver Method_31,HumanObservation,,2024-09-12_BenthicInvertebrate_Roving Diver Method_31,研海生態顧問股份有限公司 (Ceta explorers Company Limited),1,,,,,,,,2024-09-12,,2024,9,12,Roving Diver Method,Asia,Taiwan,TW,Mianhua Islet,3,10,25.48627,122.10302,EPSG:4326,150,1e-05,Bornella stellifer,,KL_BenthicInvertebrate_0000118,65729,t0029914,Bornella stellifer,Animalia,species,星斑二列鰓海蛞蝓,accepted,
2024-09-12_BenthicInvertebrate_Roving Diver Method_32,HumanObservation,,2024-09-12_BenthicInvertebrate_Roving Diver Method_32,研海生態顧問股份有限公司 (Ceta explorers Company Limited),1,,,,,,,,2024-09-12,,2024,9,12,Roving Diver Method,Asia,Taiwan,TW,Mianhua Islet,3,10,25.48627,122.10302,EPSG:4326,150,1e-05,Halgerda willeyi,,KL_BenthicInvertebrate_0000119,74226,t0065019,Halgerda willeyi,Animalia,species,威利瘤背海蛞蝓,accepted,威氏瘤背盤海牛 | 威利瘤背海牛 | 威氏瘤背海蛞蝓 | 威利盤海蛞蝓
2024-09-12_BenthicInvertebrate_Roving Diver Method_33,HumanObservation,,2024-09-12_BenthicInvertebrate_Roving Diver Method_33,研海生態顧問股份有限公司 (Ceta explorers Company Limited),1,,,,,,,,2024-09-12,,2024,9,12,Roving Diver Method,Asia,Taiwan,TW,Mianhua Islet,3,10,25.48627,122.10302,EPSG:4326,150,1e-05,Elysia marginata,,KL_BenthicInvertebrate_0000131,103621,t0096850,Elysia marginata,Animalia,species,緣邊平鰓海天牛,accepted,
2025-04-08_BenthicInvertebrate_Intertidal Qualitative Survey_01,HumanObservation,,2025-04-08_BenthicInvertebrate_Intertidal Qualitative Survey_01,研海生態顧問股份有限公司 (Ceta explorers Company Limited),,,,,,,,,2025-04-08,,2025,4,8,Intertidal Qualitative Survey,Asia,Taiwan,TW,Mianhua Islet,,,25.48611,122.10354,EPSG:4326,120,1e-05,Actinia equina,,KL_BenthicInvertebrate_0000166,285468,t0125378,Actinia equina,Animalia,species,等指海葵,accepted,
2025-04-08_BenthicInvertebrate_Intertidal Qualitative Survey_02,HumanObservation,,2025-04-08_BenthicInvertebrate_Intertidal Qualitative Survey_02,研海生態顧問股份有限公司 (Ceta explorers Company Limited),,,,,,,,,2025-04-08,,2025,4,8,Intertidal Qualitative Survey,Asia,Taiwan,TW,Mianhua Islet,,,25.48611,122.10354,EPSG:4326,120,1e-05,Anemonia erythraea,,KL_BenthicInvertebrate_0000167,287247,t0126118,Anemonia erythraea,Animalia,species,紅海葵,accepted,
2025-04-08_BenthicInvertebrate_Intertidal Qualitative Survey_03,HumanObservation,,2025-04-08_BenthicInvertebrate_Intertidal Qualitative Survey_03,研海生態顧問股份有限公司 (Ceta explorers Company Limited),,,,,,,,,2025-04-08,,2025,4,8,Intertidal Qualitative Survey,Asia,Taiwan,TW,Mianhua Islet,,,25.48611,122.10354,EPSG:4326,120,1e-05,Anthopleura buddemeieri,,KL_BenthicInvertebrate_0000168,287253,t0126170,Anthopleura buddemeieri,Animalia,species,布氏襟疣海葵,accepted,
2025-04-08_BenthicInvertebrate_Intertidal Qualitative Survey_04,HumanObservation,,2025-04-08_BenthicInvertebrate_Intertidal Qualitative Survey_04,研海生態顧問股份有限公司 (Ceta explorers Company Limited),,,,,,,,,2025-04-08,,2025,4,8,Intertidal Qualitative Survey,Asia,Taiwan,TW,Mianhua Islet,,,25.48611,122.10354,EPSG:4326,120,1e-05,Zoanthus,,KL_BenthicInvertebrate_0000124,287198,t0136225,Zoanthus,Animalia,genus,菟葵屬,accepted,
2025-04-08_BenthicInvertebrate_Intertidal Qualitative Survey_05,HumanObservation,,2025-04-08_BenthicInvertebrate_Intertidal Qualitative Survey_05,研海生態顧問股份有限公司 (Ceta explorers Company Limited),,,,,,,,,2025-04-08,,2025,4,8,Intertidal Qualitative Survey,Asia,Taiwan,TW,Mianhua Islet,,,25.48611,122.10354,EPSG:4326,120,1e-05,Crassostrea angulata,,KL_BenthicInvertebrate_0000004,68981,t0079523,Crassostrea angulata,Animalia,species,葡萄牙牡蠣,accepted,
2025-04-08_BenthicInvertebrate_Intertidal Qualitative Survey_06,HumanObservation,,2025-04-08_BenthicInvertebrate_Intertidal Qualitative Survey_06,研海生態顧問股份有限公司 (Ceta explorers Company Limited),,,,,,,,,2025-04-08,,2025,4,8,Intertidal Qualitative Survey,Asia,Taiwan,TW,Mianhua Islet,,,25.48611,122.10354,EPSG:4326,120,1e-05,Cellana toreuma,,KL_BenthicInvertebrate_0000106,54885,t0097575,Cellana toreuma,Animalia,species,花笠螺,accepted,
2025-04-08_BenthicInvertebrate_Intertidal Qualitative Survey_07,HumanObservation,,2025-04-08_BenthicInvertebrate_Intertidal Qualitative Survey_07,研海生態顧問股份有限公司 (Ceta explorers Company Limited),,,,,,,,,2025-04-08,,2025,4,8,Intertidal Qualitative Survey,Asia,Taiwan,TW,Mianhua Islet,,,25.48611,122.10354,EPSG:4326,120,1e-05,Echinolittorina malaccana,,KL_BenthicInvertebrate_0000107,71142,t0062243,Echinolittorina malaccana,Animalia,species,顆粒玉黍螺,accepted,馬六甲棘濱螺
2025-04-08_BenthicInvertebrate_Intertidal Qualitative Survey_08,HumanObservation,,2025-04-08_BenthicInvertebrate_Intertidal Qualitative Survey_08,研海生態顧問股份有限公司 (Ceta explorers Company Limited),,,,,,,,,2025-04-08,,2025,4,8,Intertidal Qualitative Survey,Asia,Taiwan,TW,Mianhua Islet,,,25.48611,122.10354,EPSG:4326,120,1e-05,Purpura panama,,KL_BenthicInvertebrate_0000016,85929,t0037430,Purpura panama,Animalia,species,羅螺,accepted,
2025-04-08_BenthicInvertebrate_Intertidal Qualitative Survey_09,HumanObservation,,2025-04-08_BenthicInvertebrate_Intertidal Qualitative Survey_09,研海生態顧問股份有限公司 (Ceta explorers Company Limited),,,,,,,,,2025-04-08,,2025,4,8,Intertidal Qualitative Survey,Asia,Taiwan,TW,Mianhua Islet,,,25.48611,122.10354,EPSG:4326,120,1e-05,Nerita plicata,,KL_BenthicInvertebrate_0000025,80782,t0081507,Nerita plicata,Animalia,species,白肋蜑螺,accepted,
2025-04-08_BenthicInvertebrate_Intertidal Qualitative Survey_10,HumanObservation,,2025-04-08_BenthicInvertebrate_Intertidal Qualitative Survey_10,研海生態顧問股份有限公司 (Ceta explorers Company Limited),,,,,,,,,2025-04-08,,2025,4,8,Intertidal Qualitative Survey,Asia,Taiwan,TW,Mianhua Islet,,,25.48611,122.10354,EPSG:4326,120,1e-05,Nerita albicilla,,KL_BenthicInvertebrate_0000026,80770,t0081496,Nerita albicilla,Animalia,species,漁舟蜑螺,accepted,
2025-04-08_BenthicInvertebrate_Intertidal Qualitative Survey_11,HumanObservation,,2025-04-08_BenthicInvertebrate_Intertidal Qualitative Survey_11,研海生態顧問股份有限公司 (Ceta explorers Company Limited),,,,,,,,,2025-04-08,,2025,4,8,Intertidal Qualitative Survey,Asia,Taiwan,TW,Mianhua Islet,,,25.48611,122.10354,EPSG:4326,120,1e-05,Echinostrephus aciculatus,,KL_BenthicInvertebrate_0000125,71177,t0028795,Echinostrephus aciculatus,Animalia,species,白尖紫叢海膽,accepted,
2025-04-08_BenthicInvertebrate_Intertidal Qualitative Survey_12,HumanObservation,,2025-04-08_BenthicInvertebrate_Intertidal Qualitative Survey_12,研海生態顧問股份有限公司 (Ceta explorers Company Limited),,,,,,,,,2025-04-08,,2025,4,8,Intertidal Qualitative Survey,Asia,Taiwan,TW,Mianhua Islet,,,25.48611,122.10354,EPSG:4326,120,1e-05,Tetraclita kuroshioensis,,KL_BenthicInvertebrate_0000104,89843,t0046223,Tetraclita kuroshioensis,Animalia,species,黑潮笠藤壺,accepted,
2025-04-08_BenthicInvertebrate_Intertidal Qualitative Survey_13,HumanObservation,,2025-04-08_BenthicInvertebrate_Intertidal Qualitative Survey_13,研海生態顧問股份有限公司 (Ceta explorers Company Limited),,,,,,,,,2025-04-08,,2025,4,8,Intertidal Qualitative Survey,Asia,Taiwan,TW,Mianhua Islet,,,25.48611,122.10354,EPSG:4326,120,1e-05,Tetraclita japonica formosana,,KL_BenthicInvertebrate_0000105,93770,t0086341,Tetraclita japonica formosana,Animalia,subspecies,美麗笠藤壺,accepted,
2025-04-08_BenthicInvertebrate_Intertidal Qualitative Survey_14,HumanObservation,,2025-04-08_BenthicInvertebrate_Intertidal Qualitative Survey_14,研海生態顧問股份有限公司 (Ceta explorers Company Limited),,,,,,,,,2025-04-08,,2025,4,8,Intertidal Qualitative Survey,Asia,Taiwan,TW,Mianhua Islet,,,25.48611,122.10354,EPSG:4326,120,1e-05,Capitulum mitella,,KL_BenthicInvertebrate_0000169,66559,t0030126,Capitulum mitella,Animalia,species,龜足,accepted,龜足茗荷
2025-04-08_BenthicInvertebrate_Intertidal Qualitative Survey_15,HumanObservation,,2025-04-08_BenthicInvertebrate_Intertidal Qualitative Survey_15,研海生態顧問股份有限公司 (Ceta explorers Company Limited),,,,,,,,,2025-04-08,,2025,4,8,Intertidal Qualitative Survey,Asia,Taiwan,TW,Mianhua Islet,,,25.48611,122.10354,EPSG:4326,120,1e-05,Grapsus tenuicrustatus,,KL_BenthicInvertebrate_0000036,74013,t0064842,Grapsus tenuicrustatus,Animalia,species,細紋方蟹,accepted,
2025-04-08_BenthicInvertebrate_Intertidal Qualitative Survey_16,HumanObservation,,2025-04-08_BenthicInvertebrate_Intertidal Qualitative Survey_16,研海生態顧問股份有限公司 (Ceta explorers Company Limited),,,,,,,,,2025-04-08,,2025,4,8,Intertidal Qualitative Survey,Asia,Taiwan,TW,Mianhua Islet,,,25.48611,122.10354,EPSG:4326,120,1e-05,Grapsus albolineatus,,KL_BenthicInvertebrate_0000037,74010,t0029403,Grapsus albolineatus,Animalia,species,白紋方蟹,accepted,
2025-04-08_BenthicInvertebrate_Intertidal Qualitative Survey_17,HumanObservation,,2025-04-08_BenthicInvertebrate_Intertidal Qualitative Survey_17,研海生態顧問股份有限公司 (Ceta explorers Company Limited),,,,,,,,,2025-04-08,,2025,4,8,Intertidal Qualitative Survey,Asia,Taiwan,TW,Mianhua Islet,,,25.48611,122.10354,EPSG:4326,120,1e-05,Eriphia ferox,,KL_BenthicInvertebrate_0000047,72089,t0063105,Eriphia ferox,Animalia,species,兇猛酋婦蟹,accepted,凶猛酋婦蟹 | 司氏酋婦蟹
2025-04-08_BenthicInvertebrate_Intertidal Qualitative Survey_18,HumanObservation,,2025-04-08_BenthicInvertebrate_Intertidal Qualitative Survey_18,研海生態顧問股份有限公司 (Ceta explorers Company Limited),,,,,,,,,2025-04-08,,2025,4,8,Intertidal Qualitative Survey,Asia,Taiwan,TW,Mianhua Islet,,,25.48611,122.10354,EPSG:4326,120,1e-05,Ligia exotica,,KL_BenthicInvertebrate_0000103,76968,t0067381,Ligia exotica,Animalia,species,奇異海蟑螂,accepted,
2025-07-16_BenthicInvertebrate_Roving Diver Method_01,HumanObservation,,2025-07-16_BenthicInvertebrate_Roving Diver Method_01,研海生態顧問股份有限公司 (Ceta explorers Company Limited),,,,,,,,,2025-07-16,,2025,7,16,Roving Diver Method,Asia,Taiwan,TW,Mianhua Islet,3,10,25.48703,122.10368,EPSG:4326,50,1e-05,Acropora latistella,,KL_BenthicInvertebrate_0000135,62166,t0070206,Acropora latistella,Animalia,species,盤枝軸孔珊瑚,accepted,
2025-07-16_BenthicInvertebrate_Roving Diver Method_02,HumanObservation,,2025-07-16_BenthicInvertebrate_Roving Diver Method_02,研海生態顧問股份有限公司 (Ceta explorers Company Limited),,,,,,,,,2025-07-16,,2025,7,16,Roving Diver Method,Asia,Taiwan,TW,Mianhua Islet,3,10,25.48703,122.10368,EPSG:4326,50,1e-05,Acropora valenciennesi,,KL_BenthicInvertebrate_0000136,62205,t0057558,Acropora valenciennesi,Animalia,species,華倫軸孔珊瑚,accepted,
2025-07-16_BenthicInvertebrate_Roving Diver Method_03,HumanObservation,,2025-07-16_BenthicInvertebrate_Roving Diver Method_03,研海生態顧問股份有限公司 (Ceta explorers Company Limited),,,,,,,,,2025-07-16,,2025,7,16,Roving Diver Method,Asia,Taiwan,TW,Mianhua Islet,3,10,25.48703,122.10368,EPSG:4326,50,1e-05,Acropora digitifera,,KL_BenthicInvertebrate_0000137,62143,t0070185,Acropora digitifera,Animalia,species,指形軸孔珊瑚,accepted,
2025-07-16_BenthicInvertebrate_Roving Diver Method_04,HumanObservation,,2025-07-16_BenthicInvertebrate_Roving Diver Method_04,研海生態顧問股份有限公司 (Ceta explorers Company Limited),,,,,,,,,2025-07-16,,2025,7,16,Roving Diver Method,Asia,Taiwan,TW,Mianhua Islet,3,10,25.48703,122.10368,EPSG:4326,50,1e-05,Acropora hyacinthus,,KL_BenthicInvertebrate_0000138,62160,t0070200,Acropora hyacinthus,Animalia,species,桌型軸孔珊瑚,accepted,桌形軸孔珊瑚
2025-07-16_BenthicInvertebrate_Roving Diver Method_05,HumanObservation,,2025-07-16_BenthicInvertebrate_Roving Diver Method_05,研海生態顧問股份有限公司 (Ceta explorers Company Limited),,,,,,,,,2025-07-16,,2025,7,16,Roving Diver Method,Asia,Taiwan,TW,Mianhua Islet,3,10,25.48703,122.10368,EPSG:4326,50,1e-05,Acropora glauca,,KL_BenthicInvertebrate_0000139,62152,t0070193,Acropora glauca,Animalia,species,板葉軸孔珊瑚,accepted,
2025-07-16_BenthicInvertebrate_Roving Diver Method_06,HumanObservation,,2025-07-16_BenthicInvertebrate_Roving Diver Method_06,研海生態顧問股份有限公司 (Ceta explorers Company Limited),,,,,,,,,2025-07-16,,2025,7,16,Roving Diver Method,Asia,Taiwan,TW,Mianhua Islet,3,10,25.48703,122.10368,EPSG:4326,50,1e-05,Acropora tenuis,,KL_BenthicInvertebrate_0000141,62201,t0057557,Acropora tenuis,Animalia,species,柔枝軸孔珊瑚,accepted,
2025-07-16_BenthicInvertebrate_Roving Diver Method_07,HumanObservation,,2025-07-16_BenthicInvertebrate_Roving Diver Method_07,研海生態顧問股份有限公司 (Ceta explorers Company Limited),,,,,,,,,2025-07-16,,2025,7,16,Roving Diver Method,Asia,Taiwan,TW,Mianhua Islet,3,10,25.48703,122.10368,EPSG:4326,50,1e-05,Isopora palifera,,KL_BenthicInvertebrate_0000142,75805,t0066390,Isopora palifera,Animalia,species,籬枝同孔珊瑚,accepted,籬枝同軸珊瑚 | 籬枝軸孔珊瑚
2025-07-16_BenthicInvertebrate_Roving Diver Method_08,HumanObservation,,2025-07-16_BenthicInvertebrate_Roving Diver Method_08,研海生態顧問股份有限公司 (Ceta explorers Company Limited),,,,,,,,,2025-07-16,,2025,7,16,Roving Diver Method,Asia,Taiwan,TW,Mianhua Islet,3,10,25.48703,122.10368,EPSG:4326,50,1e-05,Montipora informis,,KL_BenthicInvertebrate_0000143,79654,t0080501,Montipora informis,Animalia,species,變形表孔珊瑚,accepted,
2025-07-16_BenthicInvertebrate_Roving Diver Method_09,HumanObservation,,2025-07-16_BenthicInvertebrate_Roving Diver Method_09,研海生態顧問股份有限公司 (Ceta explorers Company Limited),,,,,,,,,2025-07-16,,2025,7,16,Roving Diver Method,Asia,Taiwan,TW,Mianhua Islet,3,10,25.48703,122.10368,EPSG:4326,50,1e-05,Montipora verrucosa,,KL_BenthicInvertebrate_0000144,79676,t0080523,Montipora verrucosa,Animalia,species,疣突表孔珊瑚,accepted,
2025-07-16_BenthicInvertebrate_Roving Diver Method_10,HumanObservation,,2025-07-16_BenthicInvertebrate_Roving Diver Method_10,研海生態顧問股份有限公司 (Ceta explorers Company Limited),,,,,,,,,2025-07-16,,2025,7,16,Roving Diver Method,Asia,Taiwan,TW,Mianhua Islet,3,10,25.48703,122.10368,EPSG:4326,50,1e-05,Favites abdita,,KL_BenthicInvertebrate_0000152,72878,t0063808,Favites abdita,Animalia,species,隱藏角菊珊瑚,accepted,
2025-07-16_BenthicInvertebrate_Roving Diver Method_11,HumanObservation,,2025-07-16_BenthicInvertebrate_Roving Diver Method_11,研海生態顧問股份有限公司 (Ceta explorers Company Limited),,,,,,,,,2025-07-16,,2025,7,16,Roving Diver Method,Asia,Taiwan,TW,Mianhua Islet,3,10,25.48703,122.10368,EPSG:4326,50,1e-05,Favites chinensis,,KL_BenthicInvertebrate_0000154,72880,t0063810,Favites chinensis,Animalia,species,中國角菊珊瑚,accepted,
2025-07-16_BenthicInvertebrate_Roving Diver Method_12,HumanObservation,,2025-07-16_BenthicInvertebrate_Roving Diver Method_12,研海生態顧問股份有限公司 (Ceta explorers Company Limited),,,,,,,,,2025-07-16,,2025,7,16,Roving Diver Method,Asia,Taiwan,TW,Mianhua Islet,3,10,25.48703,122.10368,EPSG:4326,50,1e-05,Favites valenciennesii,,KL_BenthicInvertebrate_0000155,72890,t0063820,Favites valenciennesii,Animalia,species,華倫圓菊珊瑚,accepted,華倫角菊珊瑚
2025-07-16_BenthicInvertebrate_Roving Diver Method_13,HumanObservation,,2025-07-16_BenthicInvertebrate_Roving Diver Method_13,研海生態顧問股份有限公司 (Ceta explorers Company Limited),,,,,,,,,2025-07-16,,2025,7,16,Roving Diver Method,Asia,Taiwan,TW,Mianhua Islet,3,10,25.48703,122.10368,EPSG:4326,50,1e-05,Goniastrea pectinata,,KL_BenthicInvertebrate_0000157,73890,t0064735,Goniastrea pectinata,Animalia,species,翼形角星珊瑚,accepted,
2025-07-16_BenthicInvertebrate_Roving Diver Method_14,HumanObservation,,2025-07-16_BenthicInvertebrate_Roving Diver Method_14,研海生態顧問股份有限公司 (Ceta explorers Company Limited),,,,,,,,,2025-07-16,,2025,7,16,Roving Diver Method,Asia,Taiwan,TW,Mianhua Islet,3,10,25.48703,122.10368,EPSG:4326,50,1e-05,Lobophytum,,KL_BenthicInvertebrate_0000163,13011,t0021951,Lobophytum,Animalia,genus,肉質葉形軟珊瑚屬,accepted,葉形軟珊瑚屬
2025-07-16_BenthicInvertebrate_Roving Diver Method_15,HumanObservation,,2025-07-16_BenthicInvertebrate_Roving Diver Method_15,研海生態顧問股份有限公司 (Ceta explorers Company Limited),,,,,,,,,2025-07-16,,2025,7,16,Roving Diver Method,Asia,Taiwan,TW,Mianhua Islet,3,10,25.48703,122.10368,EPSG:4326,50,1e-05,Sarcophyton,,KL_BenthicInvertebrate_0000164,17618,t0009130,Sarcophyton,Animalia,genus,肉質軟珊瑚屬,accepted,
2025-07-16_BenthicInvertebrate_Roving Diver Method_16,HumanObservation,,2025-07-16_BenthicInvertebrate_Roving Diver Method_16,研海生態顧問股份有限公司 (Ceta explorers Company Limited),,,,,,,,,2025-07-16,,2025,7,16,Roving Diver Method,Asia,Taiwan,TW,Mianhua Islet,3,10,25.48703,122.10368,EPSG:4326,50,1e-05,Sinularia,,KL_BenthicInvertebrate_0000165,18052,t0016491,Sinularia,Animalia,genus,指形軟珊瑚屬,accepted,
2025-07-16_BenthicInvertebrate_Roving Diver Method_17,HumanObservation,,2025-07-16_BenthicInvertebrate_Roving Diver Method_17,研海生態顧問股份有限公司 (Ceta explorers Company Limited),,,,,,,,,2025-07-16,,2025,7,16,Roving Diver Method,Asia,Taiwan,TW,Mianhua Islet,3,10,25.48703,122.10368,EPSG:4326,50,1e-05,Actinopyga mauritiana,,KL_BenthicInvertebrate_0000085,62262,t0057564,Actinopyga mauritiana,Animalia,species,白底輻肛參,accepted,
2025-07-16_BenthicInvertebrate_Roving Diver Method_18,HumanObservation,,2025-07-16_BenthicInvertebrate_Roving Diver Method_18,研海生態顧問股份有限公司 (Ceta explorers Company Limited),,,,,,,,,2025-07-16,,2025,7,16,Roving Diver Method,Asia,Taiwan,TW,Mianhua Islet,3,10,25.48703,122.10368,EPSG:4326,50,1e-05,Holothuria cinerascens,,KL_BenthicInvertebrate_0000082,75005,t0065694,Holothuria cinerascens,Animalia,species,黑赤星海參,accepted,黑刺星海參
2025-07-16_BenthicInvertebrate_Roving Diver Method_19,HumanObservation,,2025-07-16_BenthicInvertebrate_Roving Diver Method_19,研海生態顧問股份有限公司 (Ceta explorers Company Limited),,,,,,,,,2025-07-16,,2025,7,16,Roving Diver Method,Asia,Taiwan,TW,Mianhua Islet,3,10,25.48703,122.10368,EPSG:4326,50,1e-05,Actinopyga echinites,,KL_BenthicInvertebrate_0000084,62261,t0070291,Actinopyga echinites,Animalia,species,棘輻肛參,accepted,
2025-07-16_BenthicInvertebrate_Roving Diver Method_20,HumanObservation,,2025-07-16_BenthicInvertebrate_Roving Diver Method_20,研海生態顧問股份有限公司 (Ceta explorers Company Limited),,,,,,,,,2025-07-16,,2025,7,16,Roving Diver Method,Asia,Taiwan,TW,Mianhua Islet,3,10,25.48703,122.10368,EPSG:4326,50,1e-05,Holothuria leucospilota,,KL_BenthicInvertebrate_0000083,75010,t0065697,Holothuria leucospilota,Animalia,species,蕩皮參,accepted,
2025-07-16_BenthicInvertebrate_Roving Diver Method_21,HumanObservation,,2025-07-16_BenthicInvertebrate_Roving Diver Method_21,研海生態顧問股份有限公司 (Ceta explorers Company Limited),,,,,,,,,2025-07-16,,2025,7,16,Roving Diver Method,Asia,Taiwan,TW,Mianhua Islet,3,10,25.48703,122.10368,EPSG:4326,50,1e-05,Colochirus robustus,,KL_BenthicInvertebrate_0000115,68409,t0079002,Colochirus robustus,Animalia,species,強壯翼手參,accepted,
2025-07-16_BenthicInvertebrate_Roving Diver Method_22,HumanObservation,,2025-07-16_BenthicInvertebrate_Roving Diver Method_22,研海生態顧問股份有限公司 (Ceta explorers Company Limited),,,,,,,,,2025-07-16,,2025,7,16,Roving Diver Method,Asia,Taiwan,TW,Mianhua Islet,3,10,25.48703,122.10368,EPSG:4326,50,1e-05,Echinometra mathaei,,KL_BenthicInvertebrate_0000077,71149,t0028792,Echinometra mathaei,Animalia,species,梅氏長海膽,accepted,
2025-07-16_BenthicInvertebrate_Roving Diver Method_23,HumanObservation,,2025-07-16_BenthicInvertebrate_Roving Diver Method_23,研海生態顧問股份有限公司 (Ceta explorers Company Limited),,,,,,,,,2025-07-16,,2025,7,16,Roving Diver Method,Asia,Taiwan,TW,Mianhua Islet,3,10,25.48703,122.10368,EPSG:4326,50,1e-05,Toxocidaris crassispina,,KL_BenthicInvertebrate_0000113,110565,t0099212,Toxocidaris crassispina,Animalia,species,紫海膽,accepted,
2025-07-16_BenthicInvertebrate_Roving Diver Method_24,HumanObservation,,2025-07-16_BenthicInvertebrate_Roving Diver Method_24,研海生態顧問股份有限公司 (Ceta explorers Company Limited),,,,,,,,,2025-07-16,,2025,7,16,Roving Diver Method,Asia,Taiwan,TW,Mianhua Islet,3,10,25.48703,122.10368,EPSG:4326,50,1e-05,Echinostrephus aciculatus,,KL_BenthicInvertebrate_0000125,71177,t0028795,Echinostrephus aciculatus,Animalia,species,白尖紫叢海膽,accepted,
2025-07-16_BenthicInvertebrate_Roving Diver Method_25,HumanObservation,,2025-07-16_BenthicInvertebrate_Roving Diver Method_25,研海生態顧問股份有限公司 (Ceta explorers Company Limited),,,,,,,,,2025-07-16,,2025,7,16,Roving Diver Method,Asia,Taiwan,TW,Mianhua Islet,3,10,25.48703,122.10368,EPSG:4326,50,1e-05,Stomopneustes variolaris,,KL_BenthicInvertebrate_0000079,88787,t0033079,Stomopneustes variolaris,Animalia,species,口鰓海膽,accepted,
2025-07-16_BenthicInvertebrate_Roving Diver Method_26,HumanObservation,,2025-07-16_BenthicInvertebrate_Roving Diver Method_26,研海生態顧問股份有限公司 (Ceta explorers Company Limited),,,,,,,,,2025-07-16,,2025,7,16,Roving Diver Method,Asia,Taiwan,TW,Mianhua Islet,3,10,25.48703,122.10368,EPSG:4326,50,1e-05,Culcita novaeguineae,,KL_BenthicInvertebrate_0000086,69261,t0030795,Culcita novaeguineae,Animalia,species,麵包海星,accepted,
2025-07-16_BenthicInvertebrate_Roving Diver Method_27,HumanObservation,,2025-07-16_BenthicInvertebrate_Roving Diver Method_27,研海生態顧問股份有限公司 (Ceta explorers Company Limited),,,,,,,,,2025-07-16,,2025,7,16,Roving Diver Method,Asia,Taiwan,TW,Mianhua Islet,3,10,25.48703,122.10368,EPSG:4326,50,1e-05,Echinaster luzonicus,,KL_BenthicInvertebrate_0000087,71122,t0028788,Echinaster luzonicus,Animalia,species,呂宋棘海星,accepted,
2025-07-16_BenthicInvertebrate_Roving Diver Method_28,HumanObservation,,2025-07-16_BenthicInvertebrate_Roving Diver Method_28,研海生態顧問股份有限公司 (Ceta explorers Company Limited),,,,,,,,,2025-07-16,,2025,7,16,Roving Diver Method,Asia,Taiwan,TW,Mianhua Islet,3,10,25.48703,122.10368,EPSG:4326,50,1e-05,Tridacna noae,,KL_BenthicInvertebrate_0000002,90783,t0047884,Tridacna noae,Animalia,species,諾亞硨磲蛤,accepted,
2025-07-16_BenthicInvertebrate_Roving Diver Method_29,HumanObservation,,2025-07-16_BenthicInvertebrate_Roving Diver Method_29,研海生態顧問股份有限公司 (Ceta explorers Company Limited),,,,,,,,,2025-07-16,,2025,7,16,Roving Diver Method,Asia,Taiwan,TW,Mianhua Islet,3,10,25.48703,122.10368,EPSG:4326,50,1e-05,Monetaria caputserpentis,,KL_BenthicInvertebrate_0000013,79538,t0028078,Monetaria caputserpentis,Animalia,species,雪山寶螺,accepted,
2025-08-19_BenthicInvertebrate_Intertidal Qualitative Survey_19,HumanObservation,,2025-08-19_BenthicInvertebrate_Intertidal Qualitative Survey_19,研海生態顧問股份有限公司 (Ceta explorers Company Limited),,,,,,,,,2025-08-19,,2025,8,19,Intertidal Qualitative Survey,Asia,Taiwan,TW,Mianhua Islet,,,25.48611,122.10354,EPSG:4326,120,1e-05,Actinia equina,,KL_BenthicInvertebrate_0000166,285468,t0125378,Actinia equina,Animalia,species,等指海葵,accepted,
2025-08-19_BenthicInvertebrate_Intertidal Qualitative Survey_20,HumanObservation,,2025-08-19_BenthicInvertebrate_Intertidal Qualitative Survey_20,研海生態顧問股份有限公司 (Ceta explorers Company Limited),,,,,,,,,2025-08-19,,2025,8,19,Intertidal Qualitative Survey,Asia,Taiwan,TW,Mianhua Islet,,,25.48611,122.10354,EPSG:4326,120,1e-05,Crassostrea angulata,,KL_BenthicInvertebrate_0000004,68981,t0079523,Crassostrea angulata,Animalia,species,葡萄牙牡蠣,accepted,
2025-08-19_BenthicInvertebrate_Intertidal Qualitative Survey_21,HumanObservation,,2025-08-19_BenthicInvertebrate_Intertidal Qualitative Survey_21,研海生態顧問股份有限公司 (Ceta explorers Company Limited),,,,,,,,,2025-08-19,,2025,8,19,Intertidal Qualitative Survey,Asia,Taiwan,TW,Mianhua Islet,,,25.48611,122.10354,EPSG:4326,120,1e-05,Cellana toreuma,,KL_BenthicInvertebrate_0000106,54885,t0097575,Cellana toreuma,Animalia,species,花笠螺,accepted,
2025-08-19_BenthicInvertebrate_Intertidal Qualitative Survey_22,HumanObservation,,2025-08-19_BenthicInvertebrate_Intertidal Qualitative Survey_22,研海生態顧問股份有限公司 (Ceta explorers Company Limited),,,,,,,,,2025-08-19,,2025,8,19,Intertidal Qualitative Survey,Asia,Taiwan,TW,Mianhua Islet,,,25.48611,122.10354,EPSG:4326,120,1e-05,Echinolittorina malaccana,,KL_BenthicInvertebrate_0000107,71142,t0062243,Echinolittorina malaccana,Animalia,species,顆粒玉黍螺,accepted,馬六甲棘濱螺
2025-08-19_BenthicInvertebrate_Intertidal Qualitative Survey_23,HumanObservation,,2025-08-19_BenthicInvertebrate_Intertidal Qualitative Survey_23,研海生態顧問股份有限公司 (Ceta explorers Company Limited),,,,,,,,,2025-08-19,,2025,8,19,Intertidal Qualitative Survey,Asia,Taiwan,TW,Mianhua Islet,,,25.48611,122.10354,EPSG:4326,120,1e-05,Purpura panama,,KL_BenthicInvertebrate_0000016,85929,t0037430,Purpura panama,Animalia,species,羅螺,accepted,
2025-08-19_BenthicInvertebrate_Intertidal Qualitative Survey_24,HumanObservation,,2025-08-19_BenthicInvertebrate_Intertidal Qualitative Survey_24,研海生態顧問股份有限公司 (Ceta explorers Company Limited),,,,,,,,,2025-08-19,,2025,8,19,Intertidal Qualitative Survey,Asia,Taiwan,TW,Mianhua Islet,,,25.48611,122.10354,EPSG:4326,120,1e-05,Nerita plicata,,KL_BenthicInvertebrate_0000025,80782,t0081507,Nerita plicata,Animalia,species,白肋蜑螺,accepted,
2025-08-19_BenthicInvertebrate_Intertidal Qualitative Survey_25,HumanObservation,,2025-08-19_BenthicInvertebrate_Intertidal Qualitative Survey_25,研海生態顧問股份有限公司 (Ceta explorers Company Limited),,,,,,,,,2025-08-19,,2025,8,19,Intertidal Qualitative Survey,Asia,Taiwan,TW,Mianhua Islet,,,25.48611,122.10354,EPSG:4326,120,1e-05,Echinostrephus aciculatus,,KL_BenthicInvertebrate_0000125,71177,t0028795,Echinostrephus aciculatus,Animalia,species,白尖紫叢海膽,accepted,
2025-08-19_BenthicInvertebrate_Intertidal Qualitative Survey_26,HumanObservation,,2025-08-19_BenthicInvertebrate_Intertidal Qualitative Survey_26,研海生態顧問股份有限公司 (Ceta explorers Company Limited),,,,,,,,,2025-08-19,,2025,8,19,Intertidal Qualitative Survey,Asia,Taiwan,TW,Mianhua Islet,,,25.48611,122.10354,EPSG:4326,120,1e-05,Colobocentrotus mertensii,,KL_BenthicInvertebrate_0000078,258089,t0078997,Colobocentrotus mertensii,Animalia,species,默氏笠海膽,accepted,陣笠海膽
2025-08-19_BenthicInvertebrate_Intertidal Qualitative Survey_27,HumanObservation,,2025-08-19_BenthicInvertebrate_Intertidal Qualitative Survey_27,研海生態顧問股份有限公司 (Ceta explorers Company Limited),,,,,,,,,2025-08-19,,2025,8,19,Intertidal Qualitative Survey,Asia,Taiwan,TW,Mianhua Islet,,,25.48611,122.10354,EPSG:4326,120,1e-05,Tetraclita kuroshioensis,,KL_BenthicInvertebrate_0000104,89843,t0046223,Tetraclita kuroshioensis,Animalia,species,黑潮笠藤壺,accepted,
2025-08-19_BenthicInvertebrate_Intertidal Qualitative Survey_28,HumanObservation,,2025-08-19_BenthicInvertebrate_Intertidal Qualitative Survey_28,研海生態顧問股份有限公司 (Ceta explorers Company Limited),,,,,,,,,2025-08-19,,2025,8,19,Intertidal Qualitative Survey,Asia,Taiwan,TW,Mianhua Islet,,,25.48611,122.10354,EPSG:4326,120,1e-05,Tetraclita japonica formosana,,KL_BenthicInvertebrate_0000105,93770,t0086341,Tetraclita japonica formosana,Animalia,subspecies,美麗笠藤壺,accepted,
2025-08-19_BenthicInvertebrate_Intertidal Qualitative Survey_29,HumanObservation,,2025-08-19_BenthicInvertebrate_Intertidal Qualitative Survey_29,研海生態顧問股份有限公司 (Ceta explorers Company Limited),,,,,,,,,2025-08-19,,2025,8,19,Intertidal Qualitative Survey,Asia,Taiwan,TW,Mianhua Islet,,,25.48611,122.10354,EPSG:4326,120,1e-05,Grapsus tenuicrustatus,,KL_BenthicInvertebrate_0000036,74013,t0064842,Grapsus tenuicrustatus,Animalia,species,細紋方蟹,accepted,
2025-08-19_BenthicInvertebrate_Intertidal Qualitative Survey_30,HumanObservation,,2025-08-19_BenthicInvertebrate_Intertidal Qualitative Survey_30,研海生態顧問股份有限公司 (Ceta explorers Company Limited),,,,,,,,,2025-08-19,,2025,8,19,Intertidal Qualitative Survey,Asia,Taiwan,TW,Mianhua Islet,,,25.48611,122.10354,EPSG:4326,120,1e-05,Grapsus albolineatus,,KL_BenthicInvertebrate_0000037,74010,t0029403,Grapsus albolineatus,Animalia,species,白紋方蟹,accepted,
2025-08-19_BenthicInvertebrate_Intertidal Qualitative Survey_31,HumanObservation,,2025-08-19_BenthicInvertebrate_Intertidal Qualitative Survey_31,研海生態顧問股份有限公司 (Ceta explorers Company Limited),,,,,,,,,2025-08-19,,2025,8,19,Intertidal Qualitative Survey,Asia,Taiwan,TW,Mianhua Islet,,,25.48611,122.10354,EPSG:4326,120,1e-05,Eriphia ferox,,KL_BenthicInvertebrate_0000047,72089,t0063105,Eriphia ferox,Animalia,species,兇猛酋婦蟹,accepted,凶猛酋婦蟹 | 司氏酋婦蟹
2025-08-19_BenthicInvertebrate_Intertidal Qualitative Survey_32,HumanObservation,,2025-08-19_BenthicInvertebrate_Intertidal Qualitative Survey_32,研海生態顧問股份有限公司 (Ceta explorers Company Limited),,,,,,,,,2025-08-19,,2025,8,19,Intertidal Qualitative Survey,Asia,Taiwan,TW,Mianhua Islet,,,25.48611,122.10354,EPSG:4326,120,1e-05,Ligia exotica,,KL_BenthicInvertebrate_0000103,76968,t0067381,Ligia exotica,Animalia,species,奇異海蟑螂,accepted,
2025-08-19_BenthicInvertebrate_Roving Diver Method_30,HumanObservation,,2025-08-19_BenthicInvertebrate_Roving Diver Method_30,研海生態顧問股份有限公司 (Ceta explorers Company Limited),,,,,,,,,2025-08-19,,2025,8,19,Roving Diver Method,Asia,Taiwan,TW,Mianhua Islet,3,10,25.48703,122.10368,EPSG:4326,50,1e-05,Stylophora pistillata,,KL_BenthicInvertebrate_0000133,89019,t0033119,Stylophora pistillata,Animalia,species,萼形柱珊瑚,accepted,
2025-08-19_BenthicInvertebrate_Roving Diver Method_31,HumanObservation,,2025-08-19_BenthicInvertebrate_Roving Diver Method_31,研海生態顧問股份有限公司 (Ceta explorers Company Limited),,,,,,,,,2025-08-19,,2025,8,19,Roving Diver Method,Asia,Taiwan,TW,Mianhua Islet,3,10,25.48703,122.10368,EPSG:4326,50,1e-05,Acropora valenciennesi,,KL_BenthicInvertebrate_0000136,62205,t0057558,Acropora valenciennesi,Animalia,species,華倫軸孔珊瑚,accepted,
2025-08-19_BenthicInvertebrate_Roving Diver Method_32,HumanObservation,,2025-08-19_BenthicInvertebrate_Roving Diver Method_32,研海生態顧問股份有限公司 (Ceta explorers Company Limited),,,,,,,,,2025-08-19,,2025,8,19,Roving Diver Method,Asia,Taiwan,TW,Mianhua Islet,3,10,25.48703,122.10368,EPSG:4326,50,1e-05,Acropora digitifera,,KL_BenthicInvertebrate_0000137,62143,t0070185,Acropora digitifera,Animalia,species,指形軸孔珊瑚,accepted,
2025-08-19_BenthicInvertebrate_Roving Diver Method_33,HumanObservation,,2025-08-19_BenthicInvertebrate_Roving Diver Method_33,研海生態顧問股份有限公司 (Ceta explorers Company Limited),,,,,,,,,2025-08-19,,2025,8,19,Roving Diver Method,Asia,Taiwan,TW,Mianhua Islet,3,10,25.48703,122.10368,EPSG:4326,50,1e-05,Acropora hyacinthus,,KL_BenthicInvertebrate_0000138,62160,t0070200,Acropora hyacinthus,Animalia,species,桌型軸孔珊瑚,accepted,桌形軸孔珊瑚
2025-08-19_BenthicInvertebrate_Roving Diver Method_34,HumanObservation,,2025-08-19_BenthicInvertebrate_Roving Diver Method_34,研海生態顧問股份有限公司 (Ceta explorers Company Limited),,,,,,,,,2025-08-19,,2025,8,19,Roving Diver Method,Asia,Taiwan,TW,Mianhua Islet,3,10,25.48703,122.10368,EPSG:4326,50,1e-05,Acropora glauca,,KL_BenthicInvertebrate_0000139,62152,t0070193,Acropora glauca,Animalia,species,板葉軸孔珊瑚,accepted,
2025-08-19_BenthicInvertebrate_Roving Diver Method_35,HumanObservation,,2025-08-19_BenthicInvertebrate_Roving Diver Method_35,研海生態顧問股份有限公司 (Ceta explorers Company Limited),,,,,,,,,2025-08-19,,2025,8,19,Roving Diver Method,Asia,Taiwan,TW,Mianhua Islet,3,10,25.48703,122.10368,EPSG:4326,50,1e-05,Acropora tenuis,,KL_BenthicInvertebrate_0000141,62201,t0057557,Acropora tenuis,Animalia,species,柔枝軸孔珊瑚,accepted,
2025-08-19_BenthicInvertebrate_Roving Diver Method_36,HumanObservation,,2025-08-19_BenthicInvertebrate_Roving Diver Method_36,研海生態顧問股份有限公司 (Ceta explorers Company Limited),,,,,,,,,2025-08-19,,2025,8,19,Roving Diver Method,Asia,Taiwan,TW,Mianhua Islet,3,10,25.48703,122.10368,EPSG:4326,50,1e-05,Isopora palifera,,KL_BenthicInvertebrate_0000142,75805,t0066390,Isopora palifera,Animalia,species,籬枝同孔珊瑚,accepted,籬枝同軸珊瑚 | 籬枝軸孔珊瑚
2025-08-19_BenthicInvertebrate_Roving Diver Method_37,HumanObservation,,2025-08-19_BenthicInvertebrate_Roving Diver Method_37,研海生態顧問股份有限公司 (Ceta explorers Company Limited),,,,,,,,,2025-08-19,,2025,8,19,Roving Diver Method,Asia,Taiwan,TW,Mianhua Islet,3,10,25.48703,122.10368,EPSG:4326,50,1e-05,Montipora informis,,KL_BenthicInvertebrate_0000143,79654,t0080501,Montipora informis,Animalia,species,變形表孔珊瑚,accepted,
2025-08-19_BenthicInvertebrate_Roving Diver Method_38,HumanObservation,,2025-08-19_BenthicInvertebrate_Roving Diver Method_38,研海生態顧問股份有限公司 (Ceta explorers Company Limited),,,,,,,,,2025-08-19,,2025,8,19,Roving Diver Method,Asia,Taiwan,TW,Mianhua Islet,3,10,25.48703,122.10368,EPSG:4326,50,1e-05,Goniopora lobata,,KL_BenthicInvertebrate_0000145,73914,t0064757,Goniopora lobata,Animalia,species,團塊管孔珊瑚,accepted,
2025-08-19_BenthicInvertebrate_Roving Diver Method_39,HumanObservation,,2025-08-19_BenthicInvertebrate_Roving Diver Method_39,研海生態顧問股份有限公司 (Ceta explorers Company Limited),,,,,,,,,2025-08-19,,2025,8,19,Roving Diver Method,Asia,Taiwan,TW,Mianhua Islet,3,10,25.48703,122.10368,EPSG:4326,50,1e-05,Porites lichen,,KL_BenthicInvertebrate_0000146,84964,t0036577,Porites lichen,Animalia,species,地衣微孔珊瑚,accepted,
2025-08-19_BenthicInvertebrate_Roving Diver Method_40,HumanObservation,,2025-08-19_BenthicInvertebrate_Roving Diver Method_40,研海生態顧問股份有限公司 (Ceta explorers Company Limited),,,,,,,,,2025-08-19,,2025,8,19,Roving Diver Method,Asia,Taiwan,TW,Mianhua Islet,3,10,25.48703,122.10368,EPSG:4326,50,1e-05,Acanthastrea echinata,,KL_BenthicInvertebrate_0000147,61881,t0069944,Acanthastrea echinata,Animalia,species,大棘星珊瑚,accepted,多刺棘星珊瑚
2025-08-19_BenthicInvertebrate_Roving Diver Method_41,HumanObservation,,2025-08-19_BenthicInvertebrate_Roving Diver Method_41,研海生態顧問股份有限公司 (Ceta explorers Company Limited),,,,,,,,,2025-08-19,,2025,8,19,Roving Diver Method,Asia,Taiwan,TW,Mianhua Islet,3,10,25.48703,122.10368,EPSG:4326,50,1e-05,Dipsastraea speciosa,,KL_BenthicInvertebrate_0000151,70604,t0061763,Dipsastraea speciosa,Animalia,species,環菊珊瑚,accepted,環盤星珊瑚
2025-08-19_BenthicInvertebrate_Roving Diver Method_42,HumanObservation,,2025-08-19_BenthicInvertebrate_Roving Diver Method_42,研海生態顧問股份有限公司 (Ceta explorers Company Limited),,,,,,,,,2025-08-19,,2025,8,19,Roving Diver Method,Asia,Taiwan,TW,Mianhua Islet,3,10,25.48703,122.10368,EPSG:4326,50,1e-05,Favites abdita,,KL_BenthicInvertebrate_0000152,72878,t0063808,Favites abdita,Animalia,species,隱藏角菊珊瑚,accepted,
2025-08-19_BenthicInvertebrate_Roving Diver Method_43,HumanObservation,,2025-08-19_BenthicInvertebrate_Roving Diver Method_43,研海生態顧問股份有限公司 (Ceta explorers Company Limited),,,,,,,,,2025-08-19,,2025,8,19,Roving Diver Method,Asia,Taiwan,TW,Mianhua Islet,3,10,25.48703,122.10368,EPSG:4326,50,1e-05,Favites chinensis,,KL_BenthicInvertebrate_0000154,72880,t0063810,Favites chinensis,Animalia,species,中國角菊珊瑚,accepted,
2025-08-19_BenthicInvertebrate_Roving Diver Method_44,HumanObservation,,2025-08-19_BenthicInvertebrate_Roving Diver Method_44,研海生態顧問股份有限公司 (Ceta explorers Company Limited),,,,,,,,,2025-08-19,,2025,8,19,Roving Diver Method,Asia,Taiwan,TW,Mianhua Islet,3,10,25.48703,122.10368,EPSG:4326,50,1e-05,Goniastrea pectinata,,KL_BenthicInvertebrate_0000157,73890,t0064735,Goniastrea pectinata,Animalia,species,翼形角星珊瑚,accepted,
2025-08-19_BenthicInvertebrate_Roving Diver Method_45,HumanObservation,,2025-08-19_BenthicInvertebrate_Roving Diver Method_45,研海生態顧問股份有限公司 (Ceta explorers Company Limited),,,,,,,,,2025-08-19,,2025,8,19,Roving Diver Method,Asia,Taiwan,TW,Mianhua Islet,3,10,25.48703,122.10368,EPSG:4326,50,1e-05,Platygyra pini,,KL_BenthicInvertebrate_0000159,84375,t0036033,Platygyra pini,Animalia,species,小腦紋珊瑚,accepted,
2025-08-19_BenthicInvertebrate_Roving Diver Method_46,HumanObservation,,2025-08-19_BenthicInvertebrate_Roving Diver Method_46,研海生態顧問股份有限公司 (Ceta explorers Company Limited),,,,,,,,,2025-08-19,,2025,8,19,Roving Diver Method,Asia,Taiwan,TW,Mianhua Islet,3,10,25.48703,122.10368,EPSG:4326,50,1e-05,Platygyra ryukyuensis,,KL_BenthicInvertebrate_0000160,84376,t0036034,Platygyra ryukyuensis,Animalia,species,琉球腦紋珊瑚,accepted,
2025-08-19_BenthicInvertebrate_Roving Diver Method_47,HumanObservation,,2025-08-19_BenthicInvertebrate_Roving Diver Method_47,研海生態顧問股份有限公司 (Ceta explorers Company Limited),,,,,,,,,2025-08-19,,2025,8,19,Roving Diver Method,Asia,Taiwan,TW,Mianhua Islet,3,10,25.48703,122.10368,EPSG:4326,50,1e-05,Tubastraea,,KL_BenthicInvertebrate_0000161,19457,t0017862,Tubastraea,Animalia,genus,管星珊瑚屬,accepted,
2025-08-19_BenthicInvertebrate_Roving Diver Method_48,HumanObservation,,2025-08-19_BenthicInvertebrate_Roving Diver Method_48,研海生態顧問股份有限公司 (Ceta explorers Company Limited),,,,,,,,,2025-08-19,,2025,8,19,Roving Diver Method,Asia,Taiwan,TW,Mianhua Islet,3,10,25.48703,122.10368,EPSG:4326,50,1e-05,Sinularia,,KL_BenthicInvertebrate_0000165,18052,t0016491,Sinularia,Animalia,genus,指形軟珊瑚屬,accepted,
2025-09-30_BenthicInvertebrate_Roving Diver Method_49,HumanObservation,,2025-09-30_BenthicInvertebrate_Roving Diver Method_49,研海生態顧問股份有限公司 (Ceta explorers Company Limited),,,,,,,,,2025-09-30,,2025,9,30,Roving Diver Method,Asia,Taiwan,TW,Mianhua Islet,3,10,25.48607,122.10271,EPSG:4326,200,1e-05,Pocillopora verrucosa,,KL_BenthicInvertebrate_0000132,84647,t0036282,Pocillopora verrucosa,Animalia,species,疣鹿角珊瑚,accepted,疣狀鹿角珊瑚
2025-09-30_BenthicInvertebrate_Roving Diver Method_50,HumanObservation,,2025-09-30_BenthicInvertebrate_Roving Diver Method_50,研海生態顧問股份有限公司 (Ceta explorers Company Limited),,,,,,,,,2025-09-30,,2025,9,30,Roving Diver Method,Asia,Taiwan,TW,Mianhua Islet,3,10,25.48607,122.10271,EPSG:4326,200,1e-05,Acropora bushyensis,,KL_BenthicInvertebrate_0000134,62134,t0070176,Acropora bushyensis,Animalia,species,叢狀軸孔珊瑚,accepted,
2025-09-30_BenthicInvertebrate_Roving Diver Method_51,HumanObservation,,2025-09-30_BenthicInvertebrate_Roving Diver Method_51,研海生態顧問股份有限公司 (Ceta explorers Company Limited),,,,,,,,,2025-09-30,,2025,9,30,Roving Diver Method,Asia,Taiwan,TW,Mianhua Islet,3,10,25.48607,122.10271,EPSG:4326,200,1e-05,Acropora hyacinthus,,KL_BenthicInvertebrate_0000138,62160,t0070200,Acropora hyacinthus,Animalia,species,桌型軸孔珊瑚,accepted,桌形軸孔珊瑚
2025-09-30_BenthicInvertebrate_Roving Diver Method_52,HumanObservation,,2025-09-30_BenthicInvertebrate_Roving Diver Method_52,研海生態顧問股份有限公司 (Ceta explorers Company Limited),,,,,,,,,2025-09-30,,2025,9,30,Roving Diver Method,Asia,Taiwan,TW,Mianhua Islet,3,10,25.48607,122.10271,EPSG:4326,200,1e-05,Acropora glauca,,KL_BenthicInvertebrate_0000139,62152,t0070193,Acropora glauca,Animalia,species,板葉軸孔珊瑚,accepted,
2025-09-30_BenthicInvertebrate_Roving Diver Method_53,HumanObservation,,2025-09-30_BenthicInvertebrate_Roving Diver Method_53,研海生態顧問股份有限公司 (Ceta explorers Company Limited),,,,,,,,,2025-09-30,,2025,9,30,Roving Diver Method,Asia,Taiwan,TW,Mianhua Islet,3,10,25.48607,122.10271,EPSG:4326,200,1e-05,Acropora solitaryensis,,KL_BenthicInvertebrate_0000140,62194,t0070230,Acropora solitaryensis,Animalia,species,單獨軸孔珊瑚,accepted,
2025-09-30_BenthicInvertebrate_Roving Diver Method_54,HumanObservation,,2025-09-30_BenthicInvertebrate_Roving Diver Method_54,研海生態顧問股份有限公司 (Ceta explorers Company Limited),,,,,,,,,2025-09-30,,2025,9,30,Roving Diver Method,Asia,Taiwan,TW,Mianhua Islet,3,10,25.48607,122.10271,EPSG:4326,200,1e-05,Isopora palifera,,KL_BenthicInvertebrate_0000142,75805,t0066390,Isopora palifera,Animalia,species,籬枝同孔珊瑚,accepted,籬枝同軸珊瑚 | 籬枝軸孔珊瑚
2025-09-30_BenthicInvertebrate_Roving Diver Method_55,HumanObservation,,2025-09-30_BenthicInvertebrate_Roving Diver Method_55,研海生態顧問股份有限公司 (Ceta explorers Company Limited),,,,,,,,,2025-09-30,,2025,9,30,Roving Diver Method,Asia,Taiwan,TW,Mianhua Islet,3,10,25.48607,122.10271,EPSG:4326,200,1e-05,Montipora informis,,KL_BenthicInvertebrate_0000143,79654,t0080501,Montipora informis,Animalia,species,變形表孔珊瑚,accepted,
2025-09-30_BenthicInvertebrate_Roving Diver Method_56,HumanObservation,,2025-09-30_BenthicInvertebrate_Roving Diver Method_56,研海生態顧問股份有限公司 (Ceta explorers Company Limited),,,,,,,,,2025-09-30,,2025,9,30,Roving Diver Method,Asia,Taiwan,TW,Mianhua Islet,3,10,25.48607,122.10271,EPSG:4326,200,1e-05,Lobophyllia agaricia,,KL_BenthicInvertebrate_0000148,77422,t0067774,Lobophyllia agaricia,Animalia,species,蓮形合葉珊瑚,accepted,蓮形瓣葉珊瑚 | 蓮合葉珊瑚
2025-09-30_BenthicInvertebrate_Roving Diver Method_57,HumanObservation,,2025-09-30_BenthicInvertebrate_Roving Diver Method_57,研海生態顧問股份有限公司 (Ceta explorers Company Limited),,,,,,,,,2025-09-30,,2025,9,30,Roving Diver Method,Asia,Taiwan,TW,Mianhua Islet,3,10,25.48607,122.10271,EPSG:4326,200,1e-05,Lobophyllia radians,,KL_BenthicInvertebrate_0000149,77431,t0067783,Lobophyllia radians,Animalia,species,輻紋瓣葉珊瑚,accepted,
2025-09-30_BenthicInvertebrate_Roving Diver Method_58,HumanObservation,,2025-09-30_BenthicInvertebrate_Roving Diver Method_58,研海生態顧問股份有限公司 (Ceta explorers Company Limited),,,,,,,,,2025-09-30,,2025,9,30,Roving Diver Method,Asia,Taiwan,TW,Mianhua Islet,3,10,25.48607,122.10271,EPSG:4326,200,1e-05,Dipsastraea pallida,,KL_BenthicInvertebrate_0000150,70601,t0061760,Dipsastraea pallida,Animalia,species,圈紋菊珊瑚,accepted,圈紋盤星珊瑚
2025-09-30_BenthicInvertebrate_Roving Diver Method_59,HumanObservation,,2025-09-30_BenthicInvertebrate_Roving Diver Method_59,研海生態顧問股份有限公司 (Ceta explorers Company Limited),,,,,,,,,2025-09-30,,2025,9,30,Roving Diver Method,Asia,Taiwan,TW,Mianhua Islet,3,10,25.48607,122.10271,EPSG:4326,200,1e-05,Favites flexuosa,,KL_BenthicInvertebrate_0000153,72883,t0063813,Favites flexuosa,Animalia,species,柔角菊珊瑚,accepted,
2025-09-30_BenthicInvertebrate_Roving Diver Method_60,HumanObservation,,2025-09-30_BenthicInvertebrate_Roving Diver Method_60,研海生態顧問股份有限公司 (Ceta explorers Company Limited),,,,,,,,,2025-09-30,,2025,9,30,Roving Diver Method,Asia,Taiwan,TW,Mianhua Islet,3,10,25.48607,122.10271,EPSG:4326,200,1e-05,Favites chinensis,,KL_BenthicInvertebrate_0000154,72880,t0063810,Favites chinensis,Animalia,species,中國角菊珊瑚,accepted,
2025-09-30_BenthicInvertebrate_Roving Diver Method_61,HumanObservation,,2025-09-30_BenthicInvertebrate_Roving Diver Method_61,研海生態顧問股份有限公司 (Ceta explorers Company Limited),,,,,,,,,2025-09-30,,2025,9,30,Roving Diver Method,Asia,Taiwan,TW,Mianhua Islet,3,10,25.48607,122.10271,EPSG:4326,200,1e-05,Goniastrea edwardsi,,KL_BenthicInvertebrate_0000156,73887,t0064732,Goniastrea edwardsi,Animalia,species,艾氏角星珊瑚,accepted,
2025-09-30_BenthicInvertebrate_Roving Diver Method_62,HumanObservation,,2025-09-30_BenthicInvertebrate_Roving Diver Method_62,研海生態顧問股份有限公司 (Ceta explorers Company Limited),,,,,,,,,2025-09-30,,2025,9,30,Roving Diver Method,Asia,Taiwan,TW,Mianhua Islet,3,10,25.48607,122.10271,EPSG:4326,200,1e-05,Merulina ampliata,,KL_BenthicInvertebrate_0000158,78813,t0068972,Merulina ampliata,Animalia,species,片形繩紋珊瑚,accepted,
2025-09-30_BenthicInvertebrate_Roving Diver Method_63,HumanObservation,,2025-09-30_BenthicInvertebrate_Roving Diver Method_63,研海生態顧問股份有限公司 (Ceta explorers Company Limited),,,,,,,,,2025-09-30,,2025,9,30,Roving Diver Method,Asia,Taiwan,TW,Mianhua Islet,3,10,25.48607,122.10271,EPSG:4326,200,1e-05,Platygyra pini,,KL_BenthicInvertebrate_0000159,84375,t0036033,Platygyra pini,Animalia,species,小腦紋珊瑚,accepted,
2025-09-30_BenthicInvertebrate_Roving Diver Method_64,HumanObservation,,2025-09-30_BenthicInvertebrate_Roving Diver Method_64,研海生態顧問股份有限公司 (Ceta explorers Company Limited),,,,,,,,,2025-09-30,,2025,9,30,Roving Diver Method,Asia,Taiwan,TW,Mianhua Islet,3,10,25.48607,122.10271,EPSG:4326,200,1e-05,Tubipora musica,,KL_BenthicInvertebrate_0000162,91149,t0048222,Tubipora musica,Animalia,species,笙珊瑚,accepted,管笙珊瑚
2025-09-30_BenthicInvertebrate_Roving Diver Method_65,HumanObservation,,2025-09-30_BenthicInvertebrate_Roving Diver Method_65,研海生態顧問股份有限公司 (Ceta explorers Company Limited),,,,,,,,,2025-09-30,,2025,9,30,Roving Diver Method,Asia,Taiwan,TW,Mianhua Islet,3,10,25.48607,122.10271,EPSG:4326,200,1e-05,Sinularia,,KL_BenthicInvertebrate_0000165,18052,t0016491,Sinularia,Animalia,genus,指形軟珊瑚屬,accepted,
2025-09-30_BenthicInvertebrate_Roving Diver Method_66,HumanObservation,,2025-09-30_BenthicInvertebrate_Roving Diver Method_66,研海生態顧問股份有限公司 (Ceta explorers Company Limited),,,,,,,,,2025-09-30,,2025,9,30,Roving Diver Method,Asia,Taiwan,TW,Mianhua Islet,3,10,25.48607,122.10271,EPSG:4326,200,1e-05,Actinopyga mauritiana,,KL_BenthicInvertebrate_0000085,62262,t0057564,Actinopyga mauritiana,Animalia,species,白底輻肛參,accepted,
2025-09-30_BenthicInvertebrate_Roving Diver Method_67,HumanObservation,,2025-09-30_BenthicInvertebrate_Roving Diver Method_67,研海生態顧問股份有限公司 (Ceta explorers Company Limited),,,,,,,,,2025-09-30,,2025,9,30,Roving Diver Method,Asia,Taiwan,TW,Mianhua Islet,3,10,25.48607,122.10271,EPSG:4326,200,1e-05,Holothuria cinerascens,,KL_BenthicInvertebrate_0000082,75005,t0065694,Holothuria cinerascens,Animalia,species,黑赤星海參,accepted,黑刺星海參
2025-09-30_BenthicInvertebrate_Roving Diver Method_68,HumanObservation,,2025-09-30_BenthicInvertebrate_Roving Diver Method_68,研海生態顧問股份有限公司 (Ceta explorers Company Limited),,,,,,,,,2025-09-30,,2025,9,30,Roving Diver Method,Asia,Taiwan,TW,Mianhua Islet,3,10,25.48607,122.10271,EPSG:4326,200,1e-05,Actinopyga echinites,,KL_BenthicInvertebrate_0000084,62261,t0070291,Actinopyga echinites,Animalia,species,棘輻肛參,accepted,
2025-09-30_BenthicInvertebrate_Roving Diver Method_69,HumanObservation,,2025-09-30_BenthicInvertebrate_Roving Diver Method_69,研海生態顧問股份有限公司 (Ceta explorers Company Limited),,,,,,,,,2025-09-30,,2025,9,30,Roving Diver Method,Asia,Taiwan,TW,Mianhua Islet,3,10,25.48607,122.10271,EPSG:4326,200,1e-05,Holothuria leucospilota,,KL_BenthicInvertebrate_0000083,75010,t0065697,Holothuria leucospilota,Animalia,species,蕩皮參,accepted,
2025-09-30_BenthicInvertebrate_Roving Diver Method_70,HumanObservation,,2025-09-30_BenthicInvertebrate_Roving Diver Method_70,研海生態顧問股份有限公司 (Ceta explorers Company Limited),,,,,,,,,2025-09-30,,2025,9,30,Roving Diver Method,Asia,Taiwan,TW,Mianhua Islet,3,10,25.48607,122.10271,EPSG:4326,200,1e-05,Afrocucumis africana,,KL_BenthicInvertebrate_0000114,62435,t0057578,Afrocucumis africana,Animalia,species,非洲異瓜參,accepted,
2025-09-30_BenthicInvertebrate_Roving Diver Method_71,HumanObservation,,2025-09-30_BenthicInvertebrate_Roving Diver Method_71,研海生態顧問股份有限公司 (Ceta explorers Company Limited),,,,,,,,,2025-09-30,,2025,9,30,Roving Diver Method,Asia,Taiwan,TW,Mianhua Islet,3,10,25.48607,122.10271,EPSG:4326,200,1e-05,Colochirus robustus,,KL_BenthicInvertebrate_0000115,68409,t0079002,Colochirus robustus,Animalia,species,強壯翼手參,accepted,
2025-09-30_BenthicInvertebrate_Roving Diver Method_72,HumanObservation,,2025-09-30_BenthicInvertebrate_Roving Diver Method_72,研海生態顧問股份有限公司 (Ceta explorers Company Limited),,,,,,,,,2025-09-30,,2025,9,30,Roving Diver Method,Asia,Taiwan,TW,Mianhua Islet,3,10,25.48607,122.10271,EPSG:4326,200,1e-05,Echinostrephus aciculatus,,KL_BenthicInvertebrate_0000125,71177,t0028795,Echinostrephus aciculatus,Animalia,species,白尖紫叢海膽,accepted,
2025-09-30_BenthicInvertebrate_Roving Diver Method_73,HumanObservation,,2025-09-30_BenthicInvertebrate_Roving Diver Method_73,研海生態顧問股份有限公司 (Ceta explorers Company Limited),,,,,,,,,2025-09-30,,2025,9,30,Roving Diver Method,Asia,Taiwan,TW,Mianhua Islet,3,10,25.48607,122.10271,EPSG:4326,200,1e-05,Echinothrix calamaris,,KL_BenthicInvertebrate_0000111,71179,t0028797,Echinothrix calamaris,Animalia,species,環刺棘海膽,accepted,
2025-09-30_BenthicInvertebrate_Roving Diver Method_74,HumanObservation,,2025-09-30_BenthicInvertebrate_Roving Diver Method_74,研海生態顧問股份有限公司 (Ceta explorers Company Limited),,,,,,,,,2025-09-30,,2025,9,30,Roving Diver Method,Asia,Taiwan,TW,Mianhua Islet,3,10,25.48607,122.10271,EPSG:4326,200,1e-05,Stomopneustes variolaris,,KL_BenthicInvertebrate_0000079,88787,t0033079,Stomopneustes variolaris,Animalia,species,口鰓海膽,accepted,
2025-09-30_BenthicInvertebrate_Roving Diver Method_75,HumanObservation,,2025-09-30_BenthicInvertebrate_Roving Diver Method_75,研海生態顧問股份有限公司 (Ceta explorers Company Limited),,,,,,,,,2025-09-30,,2025,9,30,Roving Diver Method,Asia,Taiwan,TW,Mianhua Islet,3,10,25.48607,122.10271,EPSG:4326,200,1e-05,Echinaster luzonicus,,KL_BenthicInvertebrate_0000087,71122,t0028788,Echinaster luzonicus,Animalia,species,呂宋棘海星,accepted,
2025-09-30_BenthicInvertebrate_Roving Diver Method_76,HumanObservation,,2025-09-30_BenthicInvertebrate_Roving Diver Method_76,研海生態顧問股份有限公司 (Ceta explorers Company Limited),,,,,,,,,2025-09-30,,2025,9,30,Roving Diver Method,Asia,Taiwan,TW,Mianhua Islet,3,10,25.48607,122.10271,EPSG:4326,200,1e-05,Tridacna noae,,KL_BenthicInvertebrate_0000002,90783,t0047884,Tridacna noae,Animalia,species,諾亞硨磲蛤,accepted,
2025-09-30_BenthicInvertebrate_Roving Diver Method_77,HumanObservation,,2025-09-30_BenthicInvertebrate_Roving Diver Method_77,研海生態顧問股份有限公司 (Ceta explorers Company Limited),,,,,,,,,2025-09-30,,2025,9,30,Roving Diver Method,Asia,Taiwan,TW,Mianhua Islet,3,10,25.48607,122.10271,EPSG:4326,200,1e-05,Monetaria caputserpentis,,KL_BenthicInvertebrate_0000013,79538,t0028078,Monetaria caputserpentis,Animalia,species,雪山寶螺,accepted,
