id,basisOfRecord,dynamicProperties,occurrenceID,recordedBy,individualCount,organismQuantity,organismQuantityType,reproductiveCondition,behavior,georeferenceVerificationStatus,associatedReferences,occurrenceRemarks,eventDate,eventTime,year,month,day,samplingProtocol,continent,country,countryCode,locality,minimumDepthInMeters,maximumDepthInMeters,decimalLatitude,decimalLongitude,geodeticDatum,coordinateUncertaintyInMeters,coordinatePrecision,verbatimIdentification,identificationQualifier,taxonID,scientificNameID,taxonConceptID,scientificName,kingdom,taxonRank,vernacularName,taxonomicStatus,taxonRemarks
1994-00-00_Plant_Mianhua Islet_0001,HumanObservation,,1994-00-00_Plant_Mianhua Islet_0001,社團法人基隆市野鳥學會 (Wild Bird Society of Keelung),,,,,,,,,1994,,1994,,,Line Transect Survey | Quadrat Sampling (10*10 m²),Asia,Taiwan,TW,Mianhua Islet,,,25.48483,122.10535,EPSG:4326,400,1e-05,Cyrtomium falcatum,,KL_Plant_0000001,25108,t0058916,Cyrtomium falcatum,Plantae,species,全緣貫眾蕨,accepted,
1994-00-00_Plant_Mianhua Islet_0002,HumanObservation,,1994-00-00_Plant_Mianhua Islet_0002,社團法人基隆市野鳥學會 (Wild Bird Society of Keelung),,,,,,,,,1994,,1994,,,Line Transect Survey | Quadrat Sampling (10*10 m²),Asia,Taiwan,TW,Mianhua Islet,,,25.48483,122.10535,EPSG:4326,400,1e-05,Pteris fauriei var. fauriei,,KL_Plant_0000002,145731,t0101197,Pteris fauriei var. fauriei,Plantae,variety,傅氏鳳尾蕨,accepted,
1994-00-00_Plant_Mianhua Islet_0003,HumanObservation,,1994-00-00_Plant_Mianhua Islet_0003,社團法人基隆市野鳥學會 (Wild Bird Society of Keelung),,,,,,,,,1994,,1994,,,Line Transect Survey | Quadrat Sampling (10*10 m²),Asia,Taiwan,TW,Mianhua Islet,,,25.48483,122.10535,EPSG:4326,400,1e-05,Tetragonia tetragonoides,,KL_Plant_0000006,25847,t0055572,Tetragonia tetragonoides,Plantae,species,番杏,accepted,
1994-00-00_Plant_Mianhua Islet_0004,HumanObservation,,1994-00-00_Plant_Mianhua Islet_0004,社團法人基隆市野鳥學會 (Wild Bird Society of Keelung),,,,,,,,,1994,,1994,,,Line Transect Survey | Quadrat Sampling (10*10 m²),Asia,Taiwan,TW,Mianhua Islet,,,25.48483,122.10535,EPSG:4326,400,1e-05,Sagina japonica,,KL_Plant_0000007,25741,t0055186,Sagina japonica,Plantae,species,瓜槌草,accepted,
1994-00-00_Plant_Mianhua Islet_0005,HumanObservation,,1994-00-00_Plant_Mianhua Islet_0005,社團法人基隆市野鳥學會 (Wild Bird Society of Keelung),,,,,,,,,1994,,1994,,,Line Transect Survey | Quadrat Sampling (10*10 m²),Asia,Taiwan,TW,Mianhua Islet,,,25.48483,122.10535,EPSG:4326,400,1e-05,Persicaria chinensis,,KL_Plant_0000009,58649,t0058947,Persicaria chinensis,Plantae,species,火炭母草,accepted,
1994-00-00_Plant_Mianhua Islet_0006,HumanObservation,,1994-00-00_Plant_Mianhua Islet_0006,社團法人基隆市野鳥學會 (Wild Bird Society of Keelung),,,,,,,,,1994,,1994,,,Line Transect Survey | Quadrat Sampling (10*10 m²),Asia,Taiwan,TW,Mianhua Islet,,,25.48483,122.10535,EPSG:4326,400,1e-05,Rumex japonicus,,KL_Plant_0000010,120410,t0059215,Rumex japonicus,Plantae,species,羊蹄,accepted,
1994-00-00_Plant_Mianhua Islet_0007,HumanObservation,,1994-00-00_Plant_Mianhua Islet_0007,社團法人基隆市野鳥學會 (Wild Bird Society of Keelung),,,,,,,,,1994,,1994,,,Line Transect Survey | Quadrat Sampling (10*10 m²),Asia,Taiwan,TW,Mianhua Islet,,,25.48483,122.10535,EPSG:4326,400,1e-05,Boerhavia diffusa,,KL_Plant_0000012,121755,t0102082,Boerhavia diffusa,Plantae,species,黃細心,accepted,
1994-00-00_Plant_Mianhua Islet_0008,HumanObservation,,1994-00-00_Plant_Mianhua Islet_0008,社團法人基隆市野鳥學會 (Wild Bird Society of Keelung),,,,,,,,,1994,,1994,,,Line Transect Survey | Quadrat Sampling (10*10 m²),Asia,Taiwan,TW,Mianhua Islet,,,25.48483,122.10535,EPSG:4326,400,1e-05,Portulaca oleracea,,KL_Plant_0000014,23727,t0054931,Portulaca oleracea,Plantae,species,馬齒莧,accepted,
1994-00-00_Plant_Mianhua Islet_0009,HumanObservation,,1994-00-00_Plant_Mianhua Islet_0009,社團法人基隆市野鳥學會 (Wild Bird Society of Keelung),,,,,,,,,1994,,1994,,,Line Transect Survey | Quadrat Sampling (10*10 m²),Asia,Taiwan,TW,Mianhua Islet,,,25.48483,122.10535,EPSG:4326,400,1e-05,Portulaca pilosa,,KL_Plant_0000015,23728,t0054932,Portulaca pilosa,Plantae,species,毛馬齒莧,accepted,
1994-00-00_Plant_Mianhua Islet_0010,HumanObservation,,1994-00-00_Plant_Mianhua Islet_0010,社團法人基隆市野鳥學會 (Wild Bird Society of Keelung),,,,,,,,,1994,,1994,,,Line Transect Survey | Quadrat Sampling (10*10 m²),Asia,Taiwan,TW,Mianhua Islet,,,25.48483,122.10535,EPSG:4326,400,1e-05,Chenopodium acuminatum,,KL_Plant_0000016,55050,t0073189,Chenopodium acuminatum,Plantae,species,變葉藜,accepted,
1994-00-00_Plant_Mianhua Islet_0011,HumanObservation,,1994-00-00_Plant_Mianhua Islet_0011,社團法人基隆市野鳥學會 (Wild Bird Society of Keelung),,,,,,,,,1994,,1994,,,Line Transect Survey | Quadrat Sampling (10*10 m²),Asia,Taiwan,TW,Mianhua Islet,,,25.48483,122.10535,EPSG:4326,400,1e-05,Dysphania ambrosioides,,KL_Plant_0000017,25192,t0053465,Dysphania ambrosioides,Plantae,species,臭莧,accepted,臭杏
1994-00-00_Plant_Mianhua Islet_0012,HumanObservation,,1994-00-00_Plant_Mianhua Islet_0012,社團法人基隆市野鳥學會 (Wild Bird Society of Keelung),,,,,,,,,1994,,1994,,,Line Transect Survey | Quadrat Sampling (10*10 m²),Asia,Taiwan,TW,Mianhua Islet,,,25.48483,122.10535,EPSG:4326,400,1e-05,Suaeda maritima,,KL_Plant_0000018,60109,t0058313,Suaeda maritima,Plantae,species,裸花鹼蓬,accepted,
1994-00-00_Plant_Mianhua Islet_0013,HumanObservation,,1994-00-00_Plant_Mianhua Islet_0013,社團法人基隆市野鳥學會 (Wild Bird Society of Keelung),,,,,,,,,1994,,1994,,,Line Transect Survey | Quadrat Sampling (10*10 m²),Asia,Taiwan,TW,Mianhua Islet,,,25.48483,122.10535,EPSG:4326,400,1e-05,Sedum formosanum,,KL_Plant_0000019,24177,t0055292,Sedum formosanum,Plantae,species,台灣佛甲草,accepted,石板菜
1994-00-00_Plant_Mianhua Islet_0014,HumanObservation,,1994-00-00_Plant_Mianhua Islet_0014,社團法人基隆市野鳥學會 (Wild Bird Society of Keelung),,,,,,,,,1994,,1994,,,Line Transect Survey | Quadrat Sampling (10*10 m²),Asia,Taiwan,TW,Mianhua Islet,,,25.48483,122.10535,EPSG:4326,400,1e-05,Oxalis corniculata,,KL_Plant_0000020,23347,t0054668,Oxalis corniculata,Plantae,species,酢漿草,accepted,
1994-00-00_Plant_Mianhua Islet_0015,HumanObservation,,1994-00-00_Plant_Mianhua Islet_0015,社團法人基隆市野鳥學會 (Wild Bird Society of Keelung),,,,,,,,,1994,,1994,,,Line Transect Survey | Quadrat Sampling (10*10 m²),Asia,Taiwan,TW,Mianhua Islet,,,25.48483,122.10535,EPSG:4326,400,1e-05,Centella asiatica,,KL_Plant_0000021,54893,t0058743,Centella asiatica,Plantae,species,雷公根,accepted,
1994-00-00_Plant_Mianhua Islet_0016,HumanObservation,,1994-00-00_Plant_Mianhua Islet_0016,社團法人基隆市野鳥學會 (Wild Bird Society of Keelung),,,,,,,,,1994,,1994,,,Line Transect Survey | Quadrat Sampling (10*10 m²),Asia,Taiwan,TW,Mianhua Islet,,,25.48483,122.10535,EPSG:4326,400,1e-05,Lysimachia mauritiana,,KL_Plant_0000023,22991,t0054360,Lysimachia mauritiana,Plantae,species,茅毛珍珠菜,accepted,
1994-00-00_Plant_Mianhua Islet_0017,HumanObservation,,1994-00-00_Plant_Mianhua Islet_0017,社團法人基隆市野鳥學會 (Wild Bird Society of Keelung),,,,,,,,,1994,,1994,,,Line Transect Survey | Quadrat Sampling (10*10 m²),Asia,Taiwan,TW,Mianhua Islet,,,25.48483,122.10535,EPSG:4326,400,1e-05,Leptopetalum coreanum,,KL_Plant_0000024,57472,t0103362,Leptopetalum coreanum,Plantae,species,脈耳草,accepted,
1994-00-00_Plant_Mianhua Islet_0018,HumanObservation,,1994-00-00_Plant_Mianhua Islet_0018,社團法人基隆市野鳥學會 (Wild Bird Society of Keelung),,,,,,,,,1994,,1994,,,Line Transect Survey | Quadrat Sampling (10*10 m²),Asia,Taiwan,TW,Mianhua Islet,,,25.48483,122.10535,EPSG:4326,400,1e-05,Dichondra micrantha,,KL_Plant_0000027,21810,t0053370,Dichondra micrantha,Plantae,species,馬蹄金,accepted,
1994-00-00_Plant_Mianhua Islet_0019,HumanObservation,,1994-00-00_Plant_Mianhua Islet_0019,社團法人基隆市野鳥學會 (Wild Bird Society of Keelung),,,,,,,,,1994,,1994,,,Line Transect Survey | Quadrat Sampling (10*10 m²),Asia,Taiwan,TW,Mianhua Islet,,,25.48483,122.10535,EPSG:4326,400,1e-05,Ipomoea pes-caprae,,KL_Plant_0000028,25371,t0100319,Ipomoea pes-caprae,Plantae,species,馬鞍藤,accepted,
1994-00-00_Plant_Mianhua Islet_0020,HumanObservation,,1994-00-00_Plant_Mianhua Islet_0020,社團法人基隆市野鳥學會 (Wild Bird Society of Keelung),,,,,,,,,1994,,1994,,,Line Transect Survey | Quadrat Sampling (10*10 m²),Asia,Taiwan,TW,Mianhua Islet,,,25.48483,122.10535,EPSG:4326,400,1e-05,Leonurus japonicus,,KL_Plant_0000030,22790,t0054200,Leonurus japonicus,Plantae,species,益母草,accepted,
1994-00-00_Plant_Mianhua Islet_0021,HumanObservation,,1994-00-00_Plant_Mianhua Islet_0021,社團法人基隆市野鳥學會 (Wild Bird Society of Keelung),,,,,,,,,1994,,1994,,,Line Transect Survey | Quadrat Sampling (10*10 m²),Asia,Taiwan,TW,Mianhua Islet,,,25.48483,122.10535,EPSG:4326,400,1e-05,Scaevola taccada,,KL_Plant_0000034,25749,t0055240,Scaevola taccada,Plantae,species,草海桐,accepted,
1994-00-00_Plant_Mianhua Islet_0022,HumanObservation,,1994-00-00_Plant_Mianhua Islet_0022,社團法人基隆市野鳥學會 (Wild Bird Society of Keelung),,,,,,,,,1994,,1994,,,Line Transect Survey | Quadrat Sampling (10*10 m²),Asia,Taiwan,TW,Mianhua Islet,,,25.48483,122.10535,EPSG:4326,400,1e-05,Crossostephium chinense,,KL_Plant_0000040,21588,t0053159,Crossostephium chinense,Plantae,species,蘄艾,accepted,
1994-00-00_Plant_Mianhua Islet_0023,HumanObservation,,1994-00-00_Plant_Mianhua Islet_0023,社團法人基隆市野鳥學會 (Wild Bird Society of Keelung),,,,,,,,,1994,,1994,,,Line Transect Survey | Quadrat Sampling (10*10 m²),Asia,Taiwan,TW,Mianhua Islet,,,25.48483,122.10535,EPSG:4326,400,1e-05,Emilia sonchifolia,,KL_Plant_0000041,25212,t0053530,Emilia sonchifolia,Plantae,species,紫背草,accepted,一點紅 | 葉下紅
1994-00-00_Plant_Mianhua Islet_0024,HumanObservation,,1994-00-00_Plant_Mianhua Islet_0024,社團法人基隆市野鳥學會 (Wild Bird Society of Keelung),,,,,,,,,1994,,1994,,,Line Transect Survey | Quadrat Sampling (10*10 m²),Asia,Taiwan,TW,Mianhua Islet,,,25.48483,122.10535,EPSG:4326,400,1e-05,Gnaphalium luteoalbum subsp. affine,,KL_Plant_0000043,61275,t0057950,Gnaphalium luteoalbum subsp. affine,Plantae,subspecies,鼠麴草,accepted,
1994-00-00_Plant_Mianhua Islet_0025,HumanObservation,,1994-00-00_Plant_Mianhua Islet_0025,社團法人基隆市野鳥學會 (Wild Bird Society of Keelung),,,,,,,,,1994,,1994,,,Line Transect Survey | Quadrat Sampling (10*10 m²),Asia,Taiwan,TW,Mianhua Islet,,,25.48483,122.10535,EPSG:4326,400,1e-05,Gnaphalium purpureum,,KL_Plant_0000045,22352,t0053835,Gnaphalium purpureum,Plantae,species,鼠麴舅,accepted,
1994-00-00_Plant_Mianhua Islet_0026,HumanObservation,,1994-00-00_Plant_Mianhua Islet_0026,社團法人基隆市野鳥學會 (Wild Bird Society of Keelung),,,,,,,,,1994,,1994,,,Line Transect Survey | Quadrat Sampling (10*10 m²),Asia,Taiwan,TW,Mianhua Islet,,,25.48483,122.10535,EPSG:4326,400,1e-05,Fimbristylis cymosa,,KL_Plant_0000062,22216,t0053699,Fimbristylis cymosa,Plantae,species,乾溝飄拂草,accepted,
1994-00-00_Plant_Mianhua Islet_0027,HumanObservation,,1994-00-00_Plant_Mianhua Islet_0027,社團法人基隆市野鳥學會 (Wild Bird Society of Keelung),,,,,,,,,1994,,1994,,,Line Transect Survey | Quadrat Sampling (10*10 m²),Asia,Taiwan,TW,Mianhua Islet,,,25.48483,122.10535,EPSG:4326,400,1e-05,Cyperus serotinus,,KL_Plant_0000064,21713,t0053273,Cyperus serotinus,Plantae,species,水莎草,accepted,
1994-00-00_Plant_Mianhua Islet_0028,HumanObservation,,1994-00-00_Plant_Mianhua Islet_0028,社團法人基隆市野鳥學會 (Wild Bird Society of Keelung),,,,,,,,,1994,,1994,,,Line Transect Survey | Quadrat Sampling (10*10 m²),Asia,Taiwan,TW,Mianhua Islet,,,25.48483,122.10535,EPSG:4326,400,1e-05,Brachiaria villosa,,KL_Plant_0000066,24962,t0040426,Brachiaria villosa,Plantae,species,毛臂形草,accepted,
1994-00-00_Plant_Mianhua Islet_0029,HumanObservation,,1994-00-00_Plant_Mianhua Islet_0029,社團法人基隆市野鳥學會 (Wild Bird Society of Keelung),,,,,,,,,1994,,1994,,,Line Transect Survey | Quadrat Sampling (10*10 m²),Asia,Taiwan,TW,Mianhua Islet,,,25.48483,122.10535,EPSG:4326,400,1e-05,Digitaria fauriei,,KL_Plant_0000068,21819,t0053383,Digitaria fauriei,Plantae,species,佛歐里馬唐,accepted,
1994-00-00_Plant_Mianhua Islet_0030,HumanObservation,,1994-00-00_Plant_Mianhua Islet_0030,社團法人基隆市野鳥學會 (Wild Bird Society of Keelung),,,,,,,,,1994,,1994,,,Line Transect Survey | Quadrat Sampling (10*10 m²),Asia,Taiwan,TW,Mianhua Islet,,,25.48483,122.10535,EPSG:4326,400,1e-05,Digitaria mollicoma,,KL_Plant_0000072,25162,t0053388,Digitaria mollicoma,Plantae,species,絨馬唐,accepted,大絨馬唐
1994-00-00_Plant_Mianhua Islet_0031,HumanObservation,,1994-00-00_Plant_Mianhua Islet_0031,社團法人基隆市野鳥學會 (Wild Bird Society of Keelung),,,,,,,,,1994,,1994,,,Line Transect Survey | Quadrat Sampling (10*10 m²),Asia,Taiwan,TW,Mianhua Islet,,,25.48483,122.10535,EPSG:4326,400,1e-05,Eleusine indica,,KL_Plant_0000082,25207,t0053519,Eleusine indica,Plantae,species,牛筋草,accepted,
1994-00-00_Plant_Mianhua Islet_0032,HumanObservation,,1994-00-00_Plant_Mianhua Islet_0032,社團法人基隆市野鳥學會 (Wild Bird Society of Keelung),,,,,,,,,1994,,1994,,,Line Transect Survey | Quadrat Sampling (10*10 m²),Asia,Taiwan,TW,Mianhua Islet,,,25.48483,122.10535,EPSG:4326,400,1e-05,Setaria parviflora,,KL_Plant_0000083,59832,t0058251,Setaria parviflora,Plantae,species,莠狗尾草,accepted,
1994-00-00_Plant_Mianhua Islet_0033,HumanObservation,,1994-00-00_Plant_Mianhua Islet_0033,社團法人基隆市野鳥學會 (Wild Bird Society of Keelung),,,,,,,,,1994,,1994,,,Line Transect Survey | Quadrat Sampling (10*10 m²),Asia,Taiwan,TW,Mianhua Islet,,,25.48483,122.10535,EPSG:4326,400,1e-05,Setaria viridis,,KL_Plant_0000084,25786,t0055330,Setaria viridis,Plantae,species,狗尾草,accepted,
1994-00-00_Plant_Mianhua Islet_0034,HumanObservation,,1994-00-00_Plant_Mianhua Islet_0034,社團法人基隆市野鳥學會 (Wild Bird Society of Keelung),,,,,,,,,1994,,1994,,,Line Transect Survey | Quadrat Sampling (10*10 m²),Asia,Taiwan,TW,Mianhua Islet,,,25.48483,122.10535,EPSG:4326,400,1e-05,Lepturus repens,,KL_Plant_0000085,25411,t0054216,Lepturus repens,Plantae,species,細穗草,accepted,
1994-00-00_Plant_Mianhua Islet_0035,HumanObservation,,1994-00-00_Plant_Mianhua Islet_0035,社團法人基隆市野鳥學會 (Wild Bird Society of Keelung),,,,,,,,,1994,,1994,,,Line Transect Survey | Quadrat Sampling (10*10 m²),Asia,Taiwan,TW,Mianhua Islet,,,25.48483,122.10535,EPSG:4326,400,1e-05,Zoysia japonica,,KL_Plant_0000086,24826,t0049406,Zoysia japonica,Plantae,species,日本芝,accepted,結縷草
1994-00-00_Plant_Mianhua Islet_0036,HumanObservation,,1994-00-00_Plant_Mianhua Islet_0036,社團法人基隆市野鳥學會 (Wild Bird Society of Keelung),,,,,,,,,1994,,1994,,,Line Transect Survey | Quadrat Sampling (10*10 m²),Asia,Taiwan,TW,Mianhua Islet,,,25.48483,122.10535,EPSG:4326,400,1e-05,Zoysia matrella,,KL_Plant_0000088,25920,t0049407,Zoysia matrella,Plantae,species,高麗芝,accepted,溝葉結縷草 | 高麗芝
1997-00-00_Plant_Mianhua Islet_0037,HumanObservation,,1997-00-00_Plant_Mianhua Islet_0037,社團法人基隆市野鳥學會 (Wild Bird Society of Keelung),,,,,,,,,1997,,1997,,,,Asia,Taiwan,TW,Mianhua Islet,,,25.48483,122.10535,EPSG:4326,400,1e-05,Cyrtomium falcatum,,KL_Plant_0000001,25108,t0058916,Cyrtomium falcatum,Plantae,species,全緣貫眾蕨,accepted,
1997-00-00_Plant_Mianhua Islet_0038,HumanObservation,,1997-00-00_Plant_Mianhua Islet_0038,社團法人基隆市野鳥學會 (Wild Bird Society of Keelung),,,,,,,,,1997,,1997,,,,Asia,Taiwan,TW,Mianhua Islet,,,25.48483,122.10535,EPSG:4326,400,1e-05,Pteris fauriei var. fauriei,,KL_Plant_0000002,145731,t0101197,Pteris fauriei var. fauriei,Plantae,variety,傅氏鳳尾蕨,accepted,
1997-00-00_Plant_Mianhua Islet_0039,HumanObservation,,1997-00-00_Plant_Mianhua Islet_0039,社團法人基隆市野鳥學會 (Wild Bird Society of Keelung),,,,,,,,,1997,,1997,,,,Asia,Taiwan,TW,Mianhua Islet,,,25.48483,122.10535,EPSG:4326,400,1e-05,Tetragonia tetragonoides,,KL_Plant_0000006,25847,t0055572,Tetragonia tetragonoides,Plantae,species,番杏,accepted,
1997-00-00_Plant_Mianhua Islet_0040,HumanObservation,,1997-00-00_Plant_Mianhua Islet_0040,社團法人基隆市野鳥學會 (Wild Bird Society of Keelung),,,,,,,,,1997,,1997,,,,Asia,Taiwan,TW,Mianhua Islet,,,25.48483,122.10535,EPSG:4326,400,1e-05,Sagina japonica,,KL_Plant_0000007,25741,t0055186,Sagina japonica,Plantae,species,瓜槌草,accepted,
1997-00-00_Plant_Mianhua Islet_0041,HumanObservation,,1997-00-00_Plant_Mianhua Islet_0041,社團法人基隆市野鳥學會 (Wild Bird Society of Keelung),,,,,,,,,1997,,1997,,,,Asia,Taiwan,TW,Mianhua Islet,,,25.48483,122.10535,EPSG:4326,400,1e-05,Persicaria chinensis,,KL_Plant_0000009,58649,t0058947,Persicaria chinensis,Plantae,species,火炭母草,accepted,
1997-00-00_Plant_Mianhua Islet_0042,HumanObservation,,1997-00-00_Plant_Mianhua Islet_0042,社團法人基隆市野鳥學會 (Wild Bird Society of Keelung),,,,,,,,,1997,,1997,,,,Asia,Taiwan,TW,Mianhua Islet,,,25.48483,122.10535,EPSG:4326,400,1e-05,Rumex japonicus,,KL_Plant_0000010,120410,t0059215,Rumex japonicus,Plantae,species,羊蹄,accepted,
1997-00-00_Plant_Mianhua Islet_0043,HumanObservation,,1997-00-00_Plant_Mianhua Islet_0043,社團法人基隆市野鳥學會 (Wild Bird Society of Keelung),,,,,,,,,1997,,1997,,,,Asia,Taiwan,TW,Mianhua Islet,,,25.48483,122.10535,EPSG:4326,400,1e-05,Boerhavia diffusa,,KL_Plant_0000012,121755,t0102082,Boerhavia diffusa,Plantae,species,黃細心,accepted,
1997-00-00_Plant_Mianhua Islet_0044,HumanObservation,,1997-00-00_Plant_Mianhua Islet_0044,社團法人基隆市野鳥學會 (Wild Bird Society of Keelung),,,,,,,,,1997,,1997,,,,Asia,Taiwan,TW,Mianhua Islet,,,25.48483,122.10535,EPSG:4326,400,1e-05,Portulaca oleracea,,KL_Plant_0000014,23727,t0054931,Portulaca oleracea,Plantae,species,馬齒莧,accepted,
1997-00-00_Plant_Mianhua Islet_0045,HumanObservation,,1997-00-00_Plant_Mianhua Islet_0045,社團法人基隆市野鳥學會 (Wild Bird Society of Keelung),,,,,,,,,1997,,1997,,,,Asia,Taiwan,TW,Mianhua Islet,,,25.48483,122.10535,EPSG:4326,400,1e-05,Portulaca pilosa,,KL_Plant_0000015,23728,t0054932,Portulaca pilosa,Plantae,species,毛馬齒莧,accepted,
1997-00-00_Plant_Mianhua Islet_0046,HumanObservation,,1997-00-00_Plant_Mianhua Islet_0046,社團法人基隆市野鳥學會 (Wild Bird Society of Keelung),,,,,,,,,1997,,1997,,,,Asia,Taiwan,TW,Mianhua Islet,,,25.48483,122.10535,EPSG:4326,400,1e-05,Chenopodium acuminatum,,KL_Plant_0000016,55050,t0073189,Chenopodium acuminatum,Plantae,species,變葉藜,accepted,
1997-00-00_Plant_Mianhua Islet_0047,HumanObservation,,1997-00-00_Plant_Mianhua Islet_0047,社團法人基隆市野鳥學會 (Wild Bird Society of Keelung),,,,,,,,,1997,,1997,,,,Asia,Taiwan,TW,Mianhua Islet,,,25.48483,122.10535,EPSG:4326,400,1e-05,Sedum formosanum,,KL_Plant_0000019,24177,t0055292,Sedum formosanum,Plantae,species,台灣佛甲草,accepted,石板菜
1997-00-00_Plant_Mianhua Islet_0048,HumanObservation,,1997-00-00_Plant_Mianhua Islet_0048,社團法人基隆市野鳥學會 (Wild Bird Society of Keelung),,,,,,,,,1997,,1997,,,,Asia,Taiwan,TW,Mianhua Islet,,,25.48483,122.10535,EPSG:4326,400,1e-05,Oxalis corniculata,,KL_Plant_0000020,23347,t0054668,Oxalis corniculata,Plantae,species,酢漿草,accepted,
1997-00-00_Plant_Mianhua Islet_0049,HumanObservation,,1997-00-00_Plant_Mianhua Islet_0049,社團法人基隆市野鳥學會 (Wild Bird Society of Keelung),,,,,,,,,1997,,1997,,,,Asia,Taiwan,TW,Mianhua Islet,,,25.48483,122.10535,EPSG:4326,400,1e-05,Centella asiatica,,KL_Plant_0000021,54893,t0058743,Centella asiatica,Plantae,species,雷公根,accepted,
1997-00-00_Plant_Mianhua Islet_0050,HumanObservation,,1997-00-00_Plant_Mianhua Islet_0050,社團法人基隆市野鳥學會 (Wild Bird Society of Keelung),,,,,,,,,1997,,1997,,,,Asia,Taiwan,TW,Mianhua Islet,,,25.48483,122.10535,EPSG:4326,400,1e-05,Lysimachia mauritiana,,KL_Plant_0000023,22991,t0054360,Lysimachia mauritiana,Plantae,species,茅毛珍珠菜,accepted,
1997-00-00_Plant_Mianhua Islet_0051,HumanObservation,,1997-00-00_Plant_Mianhua Islet_0051,社團法人基隆市野鳥學會 (Wild Bird Society of Keelung),,,,,,,,,1997,,1997,,,,Asia,Taiwan,TW,Mianhua Islet,,,25.48483,122.10535,EPSG:4326,400,1e-05,Leptopetalum coreanum,,KL_Plant_0000024,57472,t0103362,Leptopetalum coreanum,Plantae,species,脈耳草,accepted,
1997-00-00_Plant_Mianhua Islet_0052,HumanObservation,,1997-00-00_Plant_Mianhua Islet_0052,社團法人基隆市野鳥學會 (Wild Bird Society of Keelung),,,,,,,,,1997,,1997,,,,Asia,Taiwan,TW,Mianhua Islet,,,25.48483,122.10535,EPSG:4326,400,1e-05,Cuscuta australis,,KL_Plant_0000026,21646,t0053212,Cuscuta australis,Plantae,species,菟絲子,accepted,
1997-00-00_Plant_Mianhua Islet_0053,HumanObservation,,1997-00-00_Plant_Mianhua Islet_0053,社團法人基隆市野鳥學會 (Wild Bird Society of Keelung),,,,,,,,,1997,,1997,,,,Asia,Taiwan,TW,Mianhua Islet,,,25.48483,122.10535,EPSG:4326,400,1e-05,Dichondra micrantha,,KL_Plant_0000027,21810,t0053370,Dichondra micrantha,Plantae,species,馬蹄金,accepted,
1997-00-00_Plant_Mianhua Islet_0054,HumanObservation,,1997-00-00_Plant_Mianhua Islet_0054,社團法人基隆市野鳥學會 (Wild Bird Society of Keelung),,,,,,,,,1997,,1997,,,,Asia,Taiwan,TW,Mianhua Islet,,,25.48483,122.10535,EPSG:4326,400,1e-05,Ipomoea pes-caprae,,KL_Plant_0000028,25371,t0100319,Ipomoea pes-caprae,Plantae,species,馬鞍藤,accepted,
1997-00-00_Plant_Mianhua Islet_0055,HumanObservation,,1997-00-00_Plant_Mianhua Islet_0055,社團法人基隆市野鳥學會 (Wild Bird Society of Keelung),,,,,,,,,1997,,1997,,,,Asia,Taiwan,TW,Mianhua Islet,,,25.48483,122.10535,EPSG:4326,400,1e-05,Leonurus japonicus,,KL_Plant_0000030,22790,t0054200,Leonurus japonicus,Plantae,species,益母草,accepted,
1997-00-00_Plant_Mianhua Islet_0056,HumanObservation,,1997-00-00_Plant_Mianhua Islet_0056,社團法人基隆市野鳥學會 (Wild Bird Society of Keelung),,,,,,,,,1997,,1997,,,,Asia,Taiwan,TW,Mianhua Islet,,,25.48483,122.10535,EPSG:4326,400,1e-05,Leucas chinensis,,KL_Plant_0000031,57492,t0058150,Leucas chinensis,Plantae,species,白花草,accepted,
1997-00-00_Plant_Mianhua Islet_0057,HumanObservation,,1997-00-00_Plant_Mianhua Islet_0057,社團法人基隆市野鳥學會 (Wild Bird Society of Keelung),,,,,,,,,1997,,1997,,,,Asia,Taiwan,TW,Mianhua Islet,,,25.48483,122.10535,EPSG:4326,400,1e-05,Crossostephium chinense,,KL_Plant_0000040,21588,t0053159,Crossostephium chinense,Plantae,species,蘄艾,accepted,
1997-00-00_Plant_Mianhua Islet_0058,HumanObservation,,1997-00-00_Plant_Mianhua Islet_0058,社團法人基隆市野鳥學會 (Wild Bird Society of Keelung),,,,,,,,,1997,,1997,,,,Asia,Taiwan,TW,Mianhua Islet,,,25.48483,122.10535,EPSG:4326,400,1e-05,Emilia sonchifolia,,KL_Plant_0000041,25212,t0053530,Emilia sonchifolia,Plantae,species,紫背草,accepted,一點紅 | 葉下紅
1997-00-00_Plant_Mianhua Islet_0059,HumanObservation,,1997-00-00_Plant_Mianhua Islet_0059,社團法人基隆市野鳥學會 (Wild Bird Society of Keelung),,,,,,,,,1997,,1997,,,,Asia,Taiwan,TW,Mianhua Islet,,,25.48483,122.10535,EPSG:4326,400,1e-05,Conyza bonariensis,,KL_Plant_0000037,25059,t0053106,Conyza bonariensis,Plantae,species,美洲假蓬,accepted,野桐蒿 | 野塘蒿
1997-00-00_Plant_Mianhua Islet_0060,HumanObservation,,1997-00-00_Plant_Mianhua Islet_0060,社團法人基隆市野鳥學會 (Wild Bird Society of Keelung),,,,,,,,,1997,,1997,,,,Asia,Taiwan,TW,Mianhua Islet,,,25.48483,122.10535,EPSG:4326,400,1e-05,Gnaphalium luteoalbum subsp. affine,,KL_Plant_0000043,61275,t0057950,Gnaphalium luteoalbum subsp. affine,Plantae,subspecies,鼠麴草,accepted,
1997-00-00_Plant_Mianhua Islet_0061,HumanObservation,,1997-00-00_Plant_Mianhua Islet_0061,社團法人基隆市野鳥學會 (Wild Bird Society of Keelung),,,,,,,,,1997,,1997,,,,Asia,Taiwan,TW,Mianhua Islet,,,25.48483,122.10535,EPSG:4326,400,1e-05,Gnaphalium purpureum,,KL_Plant_0000045,22352,t0053835,Gnaphalium purpureum,Plantae,species,鼠麴舅,accepted,
1997-00-00_Plant_Mianhua Islet_0062,HumanObservation,,1997-00-00_Plant_Mianhua Islet_0062,社團法人基隆市野鳥學會 (Wild Bird Society of Keelung),,,,,,,,,1997,,1997,,,,Asia,Taiwan,TW,Mianhua Islet,,,25.48483,122.10535,EPSG:4326,400,1e-05,Paraprenanthes sororia,,KL_Plant_0000046,58535,t0058693,Paraprenanthes sororia,Plantae,species,山萵苣,accepted,山苦藚
1997-00-00_Plant_Mianhua Islet_0063,HumanObservation,,1997-00-00_Plant_Mianhua Islet_0063,社團法人基隆市野鳥學會 (Wild Bird Society of Keelung),,,,,,,,,1997,,1997,,,,Asia,Taiwan,TW,Mianhua Islet,,,25.48483,122.10535,EPSG:4326,400,1e-05,Canavalia rosea,,KL_Plant_0000055,24993,t0040612,Canavalia rosea,Plantae,species,濱刀豆,accepted,
1997-00-00_Plant_Mianhua Islet_0064,HumanObservation,,1997-00-00_Plant_Mianhua Islet_0064,社團法人基隆市野鳥學會 (Wild Bird Society of Keelung),,,,,,,,,1997,,1997,,,,Asia,Taiwan,TW,Mianhua Islet,,,25.48483,122.10535,EPSG:4326,400,1e-05,Fimbristylis cymosa,,KL_Plant_0000062,22216,t0053699,Fimbristylis cymosa,Plantae,species,乾溝飄拂草,accepted,
1997-00-00_Plant_Mianhua Islet_0065,HumanObservation,,1997-00-00_Plant_Mianhua Islet_0065,社團法人基隆市野鳥學會 (Wild Bird Society of Keelung),,,,,,,,,1997,,1997,,,,Asia,Taiwan,TW,Mianhua Islet,,,25.48483,122.10535,EPSG:4326,400,1e-05,Digitaria mollicoma,,KL_Plant_0000072,25162,t0053388,Digitaria mollicoma,Plantae,species,絨馬唐,accepted,大絨馬唐
1997-00-00_Plant_Mianhua Islet_0066,HumanObservation,,1997-00-00_Plant_Mianhua Islet_0066,社團法人基隆市野鳥學會 (Wild Bird Society of Keelung),,,,,,,,,1997,,1997,,,,Asia,Taiwan,TW,Mianhua Islet,,,25.48483,122.10535,EPSG:4326,400,1e-05,Zoysia matrella,,KL_Plant_0000088,25920,t0049407,Zoysia matrella,Plantae,species,高麗芝,accepted,溝葉結縷草 | 高麗芝
2005-00-00_Plant_Mianhua Islet_0067,HumanObservation,,2005-00-00_Plant_Mianhua Islet_0067,社團法人基隆市野鳥學會 (Wild Bird Society of Keelung),,,,,,,,,2005,,2005,,,,Asia,Taiwan,TW,Mianhua Islet,,,25.48483,122.10535,EPSG:4326,400,1e-05,Pteris fauriei var. fauriei,,KL_Plant_0000002,145731,t0101197,Pteris fauriei var. fauriei,Plantae,variety,傅氏鳳尾蕨,accepted,
2005-00-00_Plant_Mianhua Islet_0068,HumanObservation,,2005-00-00_Plant_Mianhua Islet_0068,社團法人基隆市野鳥學會 (Wild Bird Society of Keelung),,,,,,,,,2005,,2005,,,,Asia,Taiwan,TW,Mianhua Islet,,,25.48483,122.10535,EPSG:4326,400,1e-05,Tetragonia tetragonoides,,KL_Plant_0000006,25847,t0055572,Tetragonia tetragonoides,Plantae,species,番杏,accepted,
2005-00-00_Plant_Mianhua Islet_0069,HumanObservation,,2005-00-00_Plant_Mianhua Islet_0069,社團法人基隆市野鳥學會 (Wild Bird Society of Keelung),,,,,,,,,2005,,2005,,,,Asia,Taiwan,TW,Mianhua Islet,,,25.48483,122.10535,EPSG:4326,400,1e-05,Persicaria chinensis,,KL_Plant_0000009,58649,t0058947,Persicaria chinensis,Plantae,species,火炭母草,accepted,
2005-00-00_Plant_Mianhua Islet_0070,HumanObservation,,2005-00-00_Plant_Mianhua Islet_0070,社團法人基隆市野鳥學會 (Wild Bird Society of Keelung),,,,,,,,,2005,,2005,,,,Asia,Taiwan,TW,Mianhua Islet,,,25.48483,122.10535,EPSG:4326,400,1e-05,Rumex japonicus,,KL_Plant_0000010,120410,t0059215,Rumex japonicus,Plantae,species,羊蹄,accepted,
2005-00-00_Plant_Mianhua Islet_0071,HumanObservation,,2005-00-00_Plant_Mianhua Islet_0071,社團法人基隆市野鳥學會 (Wild Bird Society of Keelung),,,,,,,,,2005,,2005,,,,Asia,Taiwan,TW,Mianhua Islet,,,25.48483,122.10535,EPSG:4326,400,1e-05,Boerhavia diffusa,,KL_Plant_0000012,121755,t0102082,Boerhavia diffusa,Plantae,species,黃細心,accepted,
2005-00-00_Plant_Mianhua Islet_0072,HumanObservation,,2005-00-00_Plant_Mianhua Islet_0072,社團法人基隆市野鳥學會 (Wild Bird Society of Keelung),,,,,,,,,2005,,2005,,,,Asia,Taiwan,TW,Mianhua Islet,,,25.48483,122.10535,EPSG:4326,400,1e-05,Portulaca oleracea,,KL_Plant_0000014,23727,t0054931,Portulaca oleracea,Plantae,species,馬齒莧,accepted,
2005-00-00_Plant_Mianhua Islet_0073,HumanObservation,,2005-00-00_Plant_Mianhua Islet_0073,社團法人基隆市野鳥學會 (Wild Bird Society of Keelung),,,,,,,,,2005,,2005,,,,Asia,Taiwan,TW,Mianhua Islet,,,25.48483,122.10535,EPSG:4326,400,1e-05,Portulaca pilosa,,KL_Plant_0000015,23728,t0054932,Portulaca pilosa,Plantae,species,毛馬齒莧,accepted,
2005-00-00_Plant_Mianhua Islet_0074,HumanObservation,,2005-00-00_Plant_Mianhua Islet_0074,社團法人基隆市野鳥學會 (Wild Bird Society of Keelung),,,,,,,,,2005,,2005,,,,Asia,Taiwan,TW,Mianhua Islet,,,25.48483,122.10535,EPSG:4326,400,1e-05,Chenopodium acuminatum,,KL_Plant_0000016,55050,t0073189,Chenopodium acuminatum,Plantae,species,變葉藜,accepted,
2005-00-00_Plant_Mianhua Islet_0075,HumanObservation,,2005-00-00_Plant_Mianhua Islet_0075,社團法人基隆市野鳥學會 (Wild Bird Society of Keelung),,,,,,,,,2005,,2005,,,,Asia,Taiwan,TW,Mianhua Islet,,,25.48483,122.10535,EPSG:4326,400,1e-05,Sedum formosanum,,KL_Plant_0000019,24177,t0055292,Sedum formosanum,Plantae,species,台灣佛甲草,accepted,石板菜
2005-00-00_Plant_Mianhua Islet_0076,HumanObservation,,2005-00-00_Plant_Mianhua Islet_0076,社團法人基隆市野鳥學會 (Wild Bird Society of Keelung),,,,,,,,,2005,,2005,,,,Asia,Taiwan,TW,Mianhua Islet,,,25.48483,122.10535,EPSG:4326,400,1e-05,Oxalis corniculata,,KL_Plant_0000020,23347,t0054668,Oxalis corniculata,Plantae,species,酢漿草,accepted,
2005-00-00_Plant_Mianhua Islet_0077,HumanObservation,,2005-00-00_Plant_Mianhua Islet_0077,社團法人基隆市野鳥學會 (Wild Bird Society of Keelung),,,,,,,,,2005,,2005,,,,Asia,Taiwan,TW,Mianhua Islet,,,25.48483,122.10535,EPSG:4326,400,1e-05,Centella asiatica,,KL_Plant_0000021,54893,t0058743,Centella asiatica,Plantae,species,雷公根,accepted,
2005-00-00_Plant_Mianhua Islet_0078,HumanObservation,,2005-00-00_Plant_Mianhua Islet_0078,社團法人基隆市野鳥學會 (Wild Bird Society of Keelung),,,,,,,,,2005,,2005,,,,Asia,Taiwan,TW,Mianhua Islet,,,25.48483,122.10535,EPSG:4326,400,1e-05,Lysimachia mauritiana,,KL_Plant_0000023,22991,t0054360,Lysimachia mauritiana,Plantae,species,茅毛珍珠菜,accepted,
2005-00-00_Plant_Mianhua Islet_0079,HumanObservation,,2005-00-00_Plant_Mianhua Islet_0079,社團法人基隆市野鳥學會 (Wild Bird Society of Keelung),,,,,,,,,2005,,2005,,,,Asia,Taiwan,TW,Mianhua Islet,,,25.48483,122.10535,EPSG:4326,400,1e-05,Leptopetalum coreanum,,KL_Plant_0000024,57472,t0103362,Leptopetalum coreanum,Plantae,species,脈耳草,accepted,
2005-00-00_Plant_Mianhua Islet_0080,HumanObservation,,2005-00-00_Plant_Mianhua Islet_0080,社團法人基隆市野鳥學會 (Wild Bird Society of Keelung),,,,,,,,,2005,,2005,,,,Asia,Taiwan,TW,Mianhua Islet,,,25.48483,122.10535,EPSG:4326,400,1e-05,Dichondra micrantha,,KL_Plant_0000027,21810,t0053370,Dichondra micrantha,Plantae,species,馬蹄金,accepted,
2005-00-00_Plant_Mianhua Islet_0081,HumanObservation,,2005-00-00_Plant_Mianhua Islet_0081,社團法人基隆市野鳥學會 (Wild Bird Society of Keelung),,,,,,,,,2005,,2005,,,,Asia,Taiwan,TW,Mianhua Islet,,,25.48483,122.10535,EPSG:4326,400,1e-05,Ipomoea pes-caprae,,KL_Plant_0000028,25371,t0100319,Ipomoea pes-caprae,Plantae,species,馬鞍藤,accepted,
2005-00-00_Plant_Mianhua Islet_0082,HumanObservation,,2005-00-00_Plant_Mianhua Islet_0082,社團法人基隆市野鳥學會 (Wild Bird Society of Keelung),,,,,,,,,2005,,2005,,,,Asia,Taiwan,TW,Mianhua Islet,,,25.48483,122.10535,EPSG:4326,400,1e-05,Leonurus japonicus,,KL_Plant_0000030,22790,t0054200,Leonurus japonicus,Plantae,species,益母草,accepted,
2005-00-00_Plant_Mianhua Islet_0083,HumanObservation,,2005-00-00_Plant_Mianhua Islet_0083,社團法人基隆市野鳥學會 (Wild Bird Society of Keelung),,,,,,,,,2005,,2005,,,,Asia,Taiwan,TW,Mianhua Islet,,,25.48483,122.10535,EPSG:4326,400,1e-05,Crossostephium chinense,,KL_Plant_0000040,21588,t0053159,Crossostephium chinense,Plantae,species,蘄艾,accepted,
2005-00-00_Plant_Mianhua Islet_0084,HumanObservation,,2005-00-00_Plant_Mianhua Islet_0084,社團法人基隆市野鳥學會 (Wild Bird Society of Keelung),,,,,,,,,2005,,2005,,,,Asia,Taiwan,TW,Mianhua Islet,,,25.48483,122.10535,EPSG:4326,400,1e-05,Emilia sonchifolia,,KL_Plant_0000041,25212,t0053530,Emilia sonchifolia,Plantae,species,紫背草,accepted,一點紅 | 葉下紅
2005-00-00_Plant_Mianhua Islet_0085,HumanObservation,,2005-00-00_Plant_Mianhua Islet_0085,社團法人基隆市野鳥學會 (Wild Bird Society of Keelung),,,,,,,,,2005,,2005,,,,Asia,Taiwan,TW,Mianhua Islet,,,25.48483,122.10535,EPSG:4326,400,1e-05,Sonchus oleraceus,,KL_Plant_0000048,24320,t0055402,Sonchus oleraceus,Plantae,species,苦滇菜,accepted,
2005-00-00_Plant_Mianhua Islet_0086,HumanObservation,,2005-00-00_Plant_Mianhua Islet_0086,社團法人基隆市野鳥學會 (Wild Bird Society of Keelung),,,,,,,,,2005,,2005,,,,Asia,Taiwan,TW,Mianhua Islet,,,25.48483,122.10535,EPSG:4326,400,1e-05,Youngia japonica,,KL_Plant_0000052,25907,t0069832,Youngia japonica,Plantae,species,黃鵪菜,accepted,
2005-00-00_Plant_Mianhua Islet_0087,HumanObservation,,2005-00-00_Plant_Mianhua Islet_0087,社團法人基隆市野鳥學會 (Wild Bird Society of Keelung),,,,,,,,,2005,,2005,,,,Asia,Taiwan,TW,Mianhua Islet,,,25.48483,122.10535,EPSG:4326,400,1e-05,Digitaria sanguinalis,,KL_Plant_0000073,25163,t0053389,Digitaria sanguinalis,Plantae,species,馬唐,accepted,
2005-00-00_Plant_Mianhua Islet_0088,HumanObservation,,2005-00-00_Plant_Mianhua Islet_0088,社團法人基隆市野鳥學會 (Wild Bird Society of Keelung),,,,,,,,,2005,,2005,,,,Asia,Taiwan,TW,Mianhua Islet,,,25.48483,122.10535,EPSG:4326,400,1e-05,Imperata cylindrica var. major,,KL_Plant_0000075,26121,t0087378,Imperata cylindrica var. major,Plantae,variety,白茅,accepted,
2005-00-00_Plant_Mianhua Islet_0089,HumanObservation,,2005-00-00_Plant_Mianhua Islet_0089,社團法人基隆市野鳥學會 (Wild Bird Society of Keelung),,,,,,,,,2005,,2005,,,,Asia,Taiwan,TW,Mianhua Islet,,,25.48483,122.10535,EPSG:4326,400,1e-05,Pennisetum alopecuroides,,KL_Plant_0000081,139903,t0058740,Pennisetum alopecuroides,Plantae,species,狼尾草,accepted,
2008-00-00_Plant_Mianhua Islet_0090,HumanObservation,,2008-00-00_Plant_Mianhua Islet_0090,臺灣珊瑚礁學會 (Taiwanese Coral Reef Society),,,,,,,,,2008,,2008,,,Line Transect Survey | Quadrat Sampling (5*5 m²),Asia,Taiwan,TW,Mianhua Islet,,,25.48483,122.10535,EPSG:4326,400,1e-05,Cyrtomium falcatum,,KL_Plant_0000001,25108,t0058916,Cyrtomium falcatum,Plantae,species,全緣貫眾蕨,accepted,
2008-00-00_Plant_Mianhua Islet_0091,HumanObservation,,2008-00-00_Plant_Mianhua Islet_0091,臺灣珊瑚礁學會 (Taiwanese Coral Reef Society),,,,,,,,,2008,,2008,,,Line Transect Survey | Quadrat Sampling (5*5 m²),Asia,Taiwan,TW,Mianhua Islet,,,25.48483,122.10535,EPSG:4326,400,1e-05,Pteris fauriei var. fauriei,,KL_Plant_0000002,145731,t0101197,Pteris fauriei var. fauriei,Plantae,variety,傅氏鳳尾蕨,accepted,
2008-00-00_Plant_Mianhua Islet_0092,HumanObservation,,2008-00-00_Plant_Mianhua Islet_0092,臺灣珊瑚礁學會 (Taiwanese Coral Reef Society),,,,,,,,,2008,,2008,,,Line Transect Survey | Quadrat Sampling (5*5 m²),Asia,Taiwan,TW,Mianhua Islet,,,25.48483,122.10535,EPSG:4326,400,1e-05,Rumex japonicus,,KL_Plant_0000010,120410,t0059215,Rumex japonicus,Plantae,species,羊蹄,accepted,
2008-00-00_Plant_Mianhua Islet_0093,HumanObservation,,2008-00-00_Plant_Mianhua Islet_0093,臺灣珊瑚礁學會 (Taiwanese Coral Reef Society),,,,,,,,,2008,,2008,,,Line Transect Survey | Quadrat Sampling (5*5 m²),Asia,Taiwan,TW,Mianhua Islet,,,25.48483,122.10535,EPSG:4326,400,1e-05,Boerhavia diffusa,,KL_Plant_0000012,121755,t0102082,Boerhavia diffusa,Plantae,species,黃細心,accepted,
2008-00-00_Plant_Mianhua Islet_0094,HumanObservation,,2008-00-00_Plant_Mianhua Islet_0094,臺灣珊瑚礁學會 (Taiwanese Coral Reef Society),,,,,,,,,2008,,2008,,,Line Transect Survey | Quadrat Sampling (5*5 m²),Asia,Taiwan,TW,Mianhua Islet,,,25.48483,122.10535,EPSG:4326,400,1e-05,Portulaca oleracea,,KL_Plant_0000014,23727,t0054931,Portulaca oleracea,Plantae,species,馬齒莧,accepted,
2008-00-00_Plant_Mianhua Islet_0095,HumanObservation,,2008-00-00_Plant_Mianhua Islet_0095,臺灣珊瑚礁學會 (Taiwanese Coral Reef Society),,,,,,,,,2008,,2008,,,Line Transect Survey | Quadrat Sampling (5*5 m²),Asia,Taiwan,TW,Mianhua Islet,,,25.48483,122.10535,EPSG:4326,400,1e-05,Portulaca pilosa,,KL_Plant_0000015,23728,t0054932,Portulaca pilosa,Plantae,species,毛馬齒莧,accepted,
2008-00-00_Plant_Mianhua Islet_0096,HumanObservation,,2008-00-00_Plant_Mianhua Islet_0096,臺灣珊瑚礁學會 (Taiwanese Coral Reef Society),,,,,,,,,2008,,2008,,,Line Transect Survey | Quadrat Sampling (5*5 m²),Asia,Taiwan,TW,Mianhua Islet,,,25.48483,122.10535,EPSG:4326,400,1e-05,Chenopodium acuminatum,,KL_Plant_0000016,55050,t0073189,Chenopodium acuminatum,Plantae,species,變葉藜,accepted,
2008-00-00_Plant_Mianhua Islet_0097,HumanObservation,,2008-00-00_Plant_Mianhua Islet_0097,臺灣珊瑚礁學會 (Taiwanese Coral Reef Society),,,,,,,,,2008,,2008,,,Line Transect Survey | Quadrat Sampling (5*5 m²),Asia,Taiwan,TW,Mianhua Islet,,,25.48483,122.10535,EPSG:4326,400,1e-05,Sedum formosanum,,KL_Plant_0000019,24177,t0055292,Sedum formosanum,Plantae,species,台灣佛甲草,accepted,石板菜
2008-00-00_Plant_Mianhua Islet_0098,HumanObservation,,2008-00-00_Plant_Mianhua Islet_0098,臺灣珊瑚礁學會 (Taiwanese Coral Reef Society),,,,,,,,,2008,,2008,,,Line Transect Survey | Quadrat Sampling (5*5 m²),Asia,Taiwan,TW,Mianhua Islet,,,25.48483,122.10535,EPSG:4326,400,1e-05,Oxalis corniculata,,KL_Plant_0000020,23347,t0054668,Oxalis corniculata,Plantae,species,酢漿草,accepted,
2008-00-00_Plant_Mianhua Islet_0099,HumanObservation,,2008-00-00_Plant_Mianhua Islet_0099,臺灣珊瑚礁學會 (Taiwanese Coral Reef Society),,,,,,,,,2008,,2008,,,Line Transect Survey | Quadrat Sampling (5*5 m²),Asia,Taiwan,TW,Mianhua Islet,,,25.48483,122.10535,EPSG:4326,400,1e-05,Centella asiatica,,KL_Plant_0000021,54893,t0058743,Centella asiatica,Plantae,species,雷公根,accepted,
2008-00-00_Plant_Mianhua Islet_0100,HumanObservation,,2008-00-00_Plant_Mianhua Islet_0100,臺灣珊瑚礁學會 (Taiwanese Coral Reef Society),,,,,,,,,2008,,2008,,,Line Transect Survey | Quadrat Sampling (5*5 m²),Asia,Taiwan,TW,Mianhua Islet,,,25.48483,122.10535,EPSG:4326,400,1e-05,Lysimachia mauritiana,,KL_Plant_0000023,22991,t0054360,Lysimachia mauritiana,Plantae,species,茅毛珍珠菜,accepted,
2008-00-00_Plant_Mianhua Islet_0101,HumanObservation,,2008-00-00_Plant_Mianhua Islet_0101,臺灣珊瑚礁學會 (Taiwanese Coral Reef Society),,,,,,,,,2008,,2008,,,Line Transect Survey | Quadrat Sampling (5*5 m²),Asia,Taiwan,TW,Mianhua Islet,,,25.48483,122.10535,EPSG:4326,400,1e-05,Leptopetalum coreanum,,KL_Plant_0000024,57472,t0103362,Leptopetalum coreanum,Plantae,species,脈耳草,accepted,
2008-00-00_Plant_Mianhua Islet_0102,HumanObservation,,2008-00-00_Plant_Mianhua Islet_0102,臺灣珊瑚礁學會 (Taiwanese Coral Reef Society),,,,,,,,,2008,,2008,,,Line Transect Survey | Quadrat Sampling (5*5 m²),Asia,Taiwan,TW,Mianhua Islet,,,25.48483,122.10535,EPSG:4326,400,1e-05,Ipomoea pes-caprae,,KL_Plant_0000028,25371,t0100319,Ipomoea pes-caprae,Plantae,species,馬鞍藤,accepted,
2008-00-00_Plant_Mianhua Islet_0103,HumanObservation,,2008-00-00_Plant_Mianhua Islet_0103,臺灣珊瑚礁學會 (Taiwanese Coral Reef Society),,,,,,,,,2008,,2008,,,Line Transect Survey | Quadrat Sampling (5*5 m²),Asia,Taiwan,TW,Mianhua Islet,,,25.48483,122.10535,EPSG:4326,400,1e-05,Leonurus japonicus,,KL_Plant_0000030,22790,t0054200,Leonurus japonicus,Plantae,species,益母草,accepted,
2008-00-00_Plant_Mianhua Islet_0104,HumanObservation,,2008-00-00_Plant_Mianhua Islet_0104,臺灣珊瑚礁學會 (Taiwanese Coral Reef Society),,,,,,,,,2008,,2008,,,Line Transect Survey | Quadrat Sampling (5*5 m²),Asia,Taiwan,TW,Mianhua Islet,,,25.48483,122.10535,EPSG:4326,400,1e-05,Corydalis racemosa,,KL_Plant_0000032,25066,t0053132,Corydalis racemosa,Plantae,species,小花黃堇,accepted,小花黃菫
2008-00-00_Plant_Mianhua Islet_0105,HumanObservation,,2008-00-00_Plant_Mianhua Islet_0105,臺灣珊瑚礁學會 (Taiwanese Coral Reef Society),,,,,,,,,2008,,2008,,,Line Transect Survey | Quadrat Sampling (5*5 m²),Asia,Taiwan,TW,Mianhua Islet,,,25.48483,122.10535,EPSG:4326,400,1e-05,Scaevola taccada,,KL_Plant_0000034,25749,t0055240,Scaevola taccada,Plantae,species,草海桐,accepted,
2008-00-00_Plant_Mianhua Islet_0106,HumanObservation,,2008-00-00_Plant_Mianhua Islet_0106,臺灣珊瑚礁學會 (Taiwanese Coral Reef Society),,,,,,,,,2008,,2008,,,Line Transect Survey | Quadrat Sampling (5*5 m²),Asia,Taiwan,TW,Mianhua Islet,,,25.48483,122.10535,EPSG:4326,400,1e-05,Conyza canadensis,,KL_Plant_0000038,25060,t0053107,Conyza canadensis,Plantae,species,加拿大蓬,accepted,
2008-00-00_Plant_Mianhua Islet_0107,HumanObservation,,2008-00-00_Plant_Mianhua Islet_0107,臺灣珊瑚礁學會 (Taiwanese Coral Reef Society),,,,,,,,,2008,,2008,,,Line Transect Survey | Quadrat Sampling (5*5 m²),Asia,Taiwan,TW,Mianhua Islet,,,25.48483,122.10535,EPSG:4326,400,1e-05,Crossostephium chinense,,KL_Plant_0000040,21588,t0053159,Crossostephium chinense,Plantae,species,蘄艾,accepted,
2008-00-00_Plant_Mianhua Islet_0108,HumanObservation,,2008-00-00_Plant_Mianhua Islet_0108,臺灣珊瑚礁學會 (Taiwanese Coral Reef Society),,,,,,,,,2008,,2008,,,Line Transect Survey | Quadrat Sampling (5*5 m²),Asia,Taiwan,TW,Mianhua Islet,,,25.48483,122.10535,EPSG:4326,400,1e-05,Emilia sonchifolia,,KL_Plant_0000041,25212,t0053530,Emilia sonchifolia,Plantae,species,紫背草,accepted,一點紅 | 葉下紅
2008-00-00_Plant_Mianhua Islet_0109,HumanObservation,,2008-00-00_Plant_Mianhua Islet_0109,臺灣珊瑚礁學會 (Taiwanese Coral Reef Society),,,,,,,,,2008,,2008,,,Line Transect Survey | Quadrat Sampling (5*5 m²),Asia,Taiwan,TW,Mianhua Islet,,,25.48483,122.10535,EPSG:4326,400,1e-05,Pterocypsela formosana,,KL_Plant_0000047,149109,t0058113,Pterocypsela formosana,Plantae,species,台灣山萵苣,accepted,臺灣山苦藚 | 臺灣山萵苣 | 台灣山苦藚
2008-00-00_Plant_Mianhua Islet_0110,HumanObservation,,2008-00-00_Plant_Mianhua Islet_0110,臺灣珊瑚礁學會 (Taiwanese Coral Reef Society),,,,,,,,,2008,,2008,,,Line Transect Survey | Quadrat Sampling (5*5 m²),Asia,Taiwan,TW,Mianhua Islet,,,25.48483,122.10535,EPSG:4326,400,1e-05,Wollastonia biflora,,KL_Plant_0000049,60736,t0069822,Wollastonia biflora,Plantae,species,雙花蟛蜞菊,accepted,
2008-00-00_Plant_Mianhua Islet_0111,HumanObservation,,2008-00-00_Plant_Mianhua Islet_0111,臺灣珊瑚礁學會 (Taiwanese Coral Reef Society),,,,,,,,,2008,,2008,,,Line Transect Survey | Quadrat Sampling (5*5 m²),Asia,Taiwan,TW,Mianhua Islet,,,25.48483,122.10535,EPSG:4326,400,1e-05,Wollastonia dentata,,KL_Plant_0000092,60737,t0057507,Wollastonia dentata,Plantae,species,大天蓬草舅,accepted,天蓬草舅
2008-00-00_Plant_Mianhua Islet_0112,HumanObservation,,2008-00-00_Plant_Mianhua Islet_0112,臺灣珊瑚礁學會 (Taiwanese Coral Reef Society),,,,,,,,,2008,,2008,,,Line Transect Survey | Quadrat Sampling (5*5 m²),Asia,Taiwan,TW,Mianhua Islet,,,25.48483,122.10535,EPSG:4326,400,1e-05,Youngia japonica,,KL_Plant_0000052,25907,t0069832,Youngia japonica,Plantae,species,黃鵪菜,accepted,
2008-00-00_Plant_Mianhua Islet_0113,HumanObservation,,2008-00-00_Plant_Mianhua Islet_0113,臺灣珊瑚礁學會 (Taiwanese Coral Reef Society),,,,,,,,,2008,,2008,,,Line Transect Survey | Quadrat Sampling (5*5 m²),Asia,Taiwan,TW,Mianhua Islet,,,25.48483,122.10535,EPSG:4326,400,1e-05,Oenothera laciniata,,KL_Plant_0000053,23277,t0046093,Oenothera laciniata,Plantae,species,裂葉月見草,accepted,
2008-00-00_Plant_Mianhua Islet_0114,HumanObservation,,2008-00-00_Plant_Mianhua Islet_0114,臺灣珊瑚礁學會 (Taiwanese Coral Reef Society),,,,,,,,,2008,,2008,,,Line Transect Survey | Quadrat Sampling (5*5 m²),Asia,Taiwan,TW,Mianhua Islet,,,25.48483,122.10535,EPSG:4326,400,1e-05,Raphanus raphanistrum subsp. sativus,,KL_Plant_0000054,144038,t0055045,Raphanus raphanistrum subsp. sativus,Plantae,subspecies,濱蘿蔔,accepted,濱萊菔
2008-00-00_Plant_Mianhua Islet_0115,HumanObservation,,2008-00-00_Plant_Mianhua Islet_0115,臺灣珊瑚礁學會 (Taiwanese Coral Reef Society),,,,,,,,,2008,,2008,,,Line Transect Survey | Quadrat Sampling (5*5 m²),Asia,Taiwan,TW,Mianhua Islet,,,25.48483,122.10535,EPSG:4326,400,1e-05,Canavalia rosea,,KL_Plant_0000055,24993,t0040612,Canavalia rosea,Plantae,species,濱刀豆,accepted,
2008-00-00_Plant_Mianhua Islet_0116,HumanObservation,,2008-00-00_Plant_Mianhua Islet_0116,臺灣珊瑚礁學會 (Taiwanese Coral Reef Society),,,,,,,,,2008,,2008,,,Line Transect Survey | Quadrat Sampling (5*5 m²),Asia,Taiwan,TW,Mianhua Islet,,,25.48483,122.10535,EPSG:4326,400,1e-05,Vigna marina,,KL_Plant_0000056,25894,t0049306,Vigna marina,Plantae,species,濱豇豆,accepted,
2008-00-00_Plant_Mianhua Islet_0117,HumanObservation,,2008-00-00_Plant_Mianhua Islet_0117,臺灣珊瑚礁學會 (Taiwanese Coral Reef Society),,,,,,,,,2008,,2008,,,Line Transect Survey | Quadrat Sampling (5*5 m²),Asia,Taiwan,TW,Mianhua Islet,,,25.48483,122.10535,EPSG:4326,400,1e-05,Commelina communis,,KL_Plant_0000058,21504,t0053099,Commelina communis,Plantae,species,鴨跖草,accepted,
2008-00-00_Plant_Mianhua Islet_0118,HumanObservation,,2008-00-00_Plant_Mianhua Islet_0118,臺灣珊瑚礁學會 (Taiwanese Coral Reef Society),,,,,,,,,2008,,2008,,,Line Transect Survey | Quadrat Sampling (5*5 m²),Asia,Taiwan,TW,Mianhua Islet,,,25.48483,122.10535,EPSG:4326,400,1e-05,Cyperus polystachyos,,KL_Plant_0000061,21705,t0055001,Cyperus polystachyos,Plantae,species,多柱扁莎,accepted,多枝扁莎
2008-00-00_Plant_Mianhua Islet_0119,HumanObservation,,2008-00-00_Plant_Mianhua Islet_0119,臺灣珊瑚礁學會 (Taiwanese Coral Reef Society),,,,,,,,,2008,,2008,,,Line Transect Survey | Quadrat Sampling (5*5 m²),Asia,Taiwan,TW,Mianhua Islet,,,25.48483,122.10535,EPSG:4326,400,1e-05,Cyperus brevifolius,,KL_Plant_0000065,55702,t0058910,Cyperus brevifolius,Plantae,species,短葉水蜈蚣,accepted,
2008-00-00_Plant_Mianhua Islet_0120,HumanObservation,,2008-00-00_Plant_Mianhua Islet_0120,臺灣珊瑚礁學會 (Taiwanese Coral Reef Society),,,,,,,,,2008,,2008,,,Line Transect Survey | Quadrat Sampling (5*5 m²),Asia,Taiwan,TW,Mianhua Islet,,,25.48483,122.10535,EPSG:4326,400,1e-05,Cynodon dactylon,,KL_Plant_0000067,25098,t0053244,Cynodon dactylon,Plantae,species,狗牙根,accepted,
2008-00-00_Plant_Mianhua Islet_0121,HumanObservation,,2008-00-00_Plant_Mianhua Islet_0121,臺灣珊瑚礁學會 (Taiwanese Coral Reef Society),,,,,,,,,2008,,2008,,,Line Transect Survey | Quadrat Sampling (5*5 m²),Asia,Taiwan,TW,Mianhua Islet,,,25.48483,122.10535,EPSG:4326,400,1e-05,Digitaria sericea,,KL_Plant_0000074,55903,t0073704,Digitaria sericea,Plantae,species,絹毛馬唐,accepted,
2008-00-00_Plant_Mianhua Islet_0122,HumanObservation,,2008-00-00_Plant_Mianhua Islet_0122,臺灣珊瑚礁學會 (Taiwanese Coral Reef Society),,,,,,,,,2008,,2008,,,Line Transect Survey | Quadrat Sampling (5*5 m²),Asia,Taiwan,TW,Mianhua Islet,,,25.48483,122.10535,EPSG:4326,400,1e-05,Imperata cylindrica var. major,,KL_Plant_0000075,26121,t0087378,Imperata cylindrica var. major,Plantae,variety,白茅,accepted,
2008-00-00_Plant_Mianhua Islet_0123,HumanObservation,,2008-00-00_Plant_Mianhua Islet_0123,臺灣珊瑚礁學會 (Taiwanese Coral Reef Society),,,,,,,,,2008,,2008,,,Line Transect Survey | Quadrat Sampling (5*5 m²),Asia,Taiwan,TW,Mianhua Islet,,,25.48483,122.10535,EPSG:4326,400,1e-05,Paspalum dilatatum,,KL_Plant_0000076,23415,t0054708,Paspalum dilatatum,Plantae,species,毛花雀稗,accepted,
2008-00-00_Plant_Mianhua Islet_0124,HumanObservation,,2008-00-00_Plant_Mianhua Islet_0124,臺灣珊瑚礁學會 (Taiwanese Coral Reef Society),,,,,,,,,2008,,2008,,,Line Transect Survey | Quadrat Sampling (5*5 m²),Asia,Taiwan,TW,Mianhua Islet,,,25.48483,122.10535,EPSG:4326,400,1e-05,Paspalum distichum,,KL_Plant_0000077,23416,t0054709,Paspalum distichum,Plantae,species,雙穗雀稗,accepted,
2008-00-00_Plant_Mianhua Islet_0125,HumanObservation,,2008-00-00_Plant_Mianhua Islet_0125,臺灣珊瑚礁學會 (Taiwanese Coral Reef Society),,,,,,,,,2008,,2008,,,Line Transect Survey | Quadrat Sampling (5*5 m²),Asia,Taiwan,TW,Mianhua Islet,,,25.48483,122.10535,EPSG:4326,400,1e-05,Paspalum vaginatum,,KL_Plant_0000080,23429,t0054719,Paspalum vaginatum,Plantae,species,海雀稗,accepted,
2008-00-00_Plant_Mianhua Islet_0126,HumanObservation,,2008-00-00_Plant_Mianhua Islet_0126,臺灣珊瑚礁學會 (Taiwanese Coral Reef Society),,,,,,,,,2008,,2008,,,Line Transect Survey | Quadrat Sampling (5*5 m²),Asia,Taiwan,TW,Mianhua Islet,,,25.48483,122.10535,EPSG:4326,400,1e-05,Setaria parviflora,,KL_Plant_0000083,59832,t0058251,Setaria parviflora,Plantae,species,莠狗尾草,accepted,
2009-00-00_Plant_Mianhua Islet_0127,HumanObservation,,2009-00-00_Plant_Mianhua Islet_0127,社團法人基隆市野鳥學會 (Wild Bird Society of Keelung),,,,,,,,,2009,,2009,,,,Asia,Taiwan,TW,Mianhua Islet,,,25.48483,122.10535,EPSG:4326,400,1e-05,Cyrtomium falcatum,,KL_Plant_0000001,25108,t0058916,Cyrtomium falcatum,Plantae,species,全緣貫眾蕨,accepted,
2009-00-00_Plant_Mianhua Islet_0128,HumanObservation,,2009-00-00_Plant_Mianhua Islet_0128,社團法人基隆市野鳥學會 (Wild Bird Society of Keelung),,,,,,,,,2009,,2009,,,,Asia,Taiwan,TW,Mianhua Islet,,,25.48483,122.10535,EPSG:4326,400,1e-05,Pteris fauriei var. fauriei,,KL_Plant_0000002,145731,t0101197,Pteris fauriei var. fauriei,Plantae,variety,傅氏鳳尾蕨,accepted,
2009-00-00_Plant_Mianhua Islet_0129,HumanObservation,,2009-00-00_Plant_Mianhua Islet_0129,社團法人基隆市野鳥學會 (Wild Bird Society of Keelung),,,,,,,,,2009,,2009,,,,Asia,Taiwan,TW,Mianhua Islet,,,25.48483,122.10535,EPSG:4326,400,1e-05,Morus australis,,KL_Plant_0000008,23164,t0046326,Morus australis,Plantae,species,小葉桑,accepted,
2009-00-00_Plant_Mianhua Islet_0130,HumanObservation,,2009-00-00_Plant_Mianhua Islet_0130,社團法人基隆市野鳥學會 (Wild Bird Society of Keelung),,,,,,,,,2009,,2009,,,,Asia,Taiwan,TW,Mianhua Islet,,,25.48483,122.10535,EPSG:4326,400,1e-05,Rumex japonicus,,KL_Plant_0000010,120410,t0059215,Rumex japonicus,Plantae,species,羊蹄,accepted,
2009-00-00_Plant_Mianhua Islet_0131,HumanObservation,,2009-00-00_Plant_Mianhua Islet_0131,社團法人基隆市野鳥學會 (Wild Bird Society of Keelung),,,,,,,,,2009,,2009,,,,Asia,Taiwan,TW,Mianhua Islet,,,25.48483,122.10535,EPSG:4326,400,1e-05,Boerhavia diffusa,,KL_Plant_0000012,121755,t0102082,Boerhavia diffusa,Plantae,species,黃細心,accepted,
2009-00-00_Plant_Mianhua Islet_0132,HumanObservation,,2009-00-00_Plant_Mianhua Islet_0132,社團法人基隆市野鳥學會 (Wild Bird Society of Keelung),,,,,,,,,2009,,2009,,,,Asia,Taiwan,TW,Mianhua Islet,,,25.48483,122.10535,EPSG:4326,400,1e-05,Portulaca pilosa,,KL_Plant_0000015,23728,t0054932,Portulaca pilosa,Plantae,species,毛馬齒莧,accepted,
2009-00-00_Plant_Mianhua Islet_0133,HumanObservation,,2009-00-00_Plant_Mianhua Islet_0133,社團法人基隆市野鳥學會 (Wild Bird Society of Keelung),,,,,,,,,2009,,2009,,,,Asia,Taiwan,TW,Mianhua Islet,,,25.48483,122.10535,EPSG:4326,400,1e-05,Chenopodium acuminatum,,KL_Plant_0000016,55050,t0073189,Chenopodium acuminatum,Plantae,species,變葉藜,accepted,
2009-00-00_Plant_Mianhua Islet_0134,HumanObservation,,2009-00-00_Plant_Mianhua Islet_0134,社團法人基隆市野鳥學會 (Wild Bird Society of Keelung),,,,,,,,,2009,,2009,,,,Asia,Taiwan,TW,Mianhua Islet,,,25.48483,122.10535,EPSG:4326,400,1e-05,Sedum formosanum,,KL_Plant_0000019,24177,t0055292,Sedum formosanum,Plantae,species,台灣佛甲草,accepted,石板菜
2009-00-00_Plant_Mianhua Islet_0135,HumanObservation,,2009-00-00_Plant_Mianhua Islet_0135,社團法人基隆市野鳥學會 (Wild Bird Society of Keelung),,,,,,,,,2009,,2009,,,,Asia,Taiwan,TW,Mianhua Islet,,,25.48483,122.10535,EPSG:4326,400,1e-05,Oxalis corniculata,,KL_Plant_0000020,23347,t0054668,Oxalis corniculata,Plantae,species,酢漿草,accepted,
2009-00-00_Plant_Mianhua Islet_0136,HumanObservation,,2009-00-00_Plant_Mianhua Islet_0136,社團法人基隆市野鳥學會 (Wild Bird Society of Keelung),,,,,,,,,2009,,2009,,,,Asia,Taiwan,TW,Mianhua Islet,,,25.48483,122.10535,EPSG:4326,400,1e-05,Centella asiatica,,KL_Plant_0000021,54893,t0058743,Centella asiatica,Plantae,species,雷公根,accepted,
2009-00-00_Plant_Mianhua Islet_0137,HumanObservation,,2009-00-00_Plant_Mianhua Islet_0137,社團法人基隆市野鳥學會 (Wild Bird Society of Keelung),,,,,,,,,2009,,2009,,,,Asia,Taiwan,TW,Mianhua Islet,,,25.48483,122.10535,EPSG:4326,400,1e-05,Lysimachia mauritiana,,KL_Plant_0000023,22991,t0054360,Lysimachia mauritiana,Plantae,species,茅毛珍珠菜,accepted,
2009-00-00_Plant_Mianhua Islet_0138,HumanObservation,,2009-00-00_Plant_Mianhua Islet_0138,社團法人基隆市野鳥學會 (Wild Bird Society of Keelung),,,,,,,,,2009,,2009,,,,Asia,Taiwan,TW,Mianhua Islet,,,25.48483,122.10535,EPSG:4326,400,1e-05,Leptopetalum coreanum,,KL_Plant_0000024,57472,t0103362,Leptopetalum coreanum,Plantae,species,脈耳草,accepted,
2009-00-00_Plant_Mianhua Islet_0139,HumanObservation,,2009-00-00_Plant_Mianhua Islet_0139,社團法人基隆市野鳥學會 (Wild Bird Society of Keelung),,,,,,,,,2009,,2009,,,,Asia,Taiwan,TW,Mianhua Islet,,,25.48483,122.10535,EPSG:4326,400,1e-05,Ipomoea pes-caprae,,KL_Plant_0000028,25371,t0100319,Ipomoea pes-caprae,Plantae,species,馬鞍藤,accepted,
2009-00-00_Plant_Mianhua Islet_0140,HumanObservation,,2009-00-00_Plant_Mianhua Islet_0140,社團法人基隆市野鳥學會 (Wild Bird Society of Keelung),,,,,,,,,2009,,2009,,,,Asia,Taiwan,TW,Mianhua Islet,,,25.48483,122.10535,EPSG:4326,400,1e-05,Leonurus japonicus,,KL_Plant_0000030,22790,t0054200,Leonurus japonicus,Plantae,species,益母草,accepted,
2009-00-00_Plant_Mianhua Islet_0141,HumanObservation,,2009-00-00_Plant_Mianhua Islet_0141,社團法人基隆市野鳥學會 (Wild Bird Society of Keelung),,,,,,,,,2009,,2009,,,,Asia,Taiwan,TW,Mianhua Islet,,,25.48483,122.10535,EPSG:4326,400,1e-05,Corydalis racemosa,,KL_Plant_0000032,25066,t0053132,Corydalis racemosa,Plantae,species,小花黃堇,accepted,小花黃菫
2009-00-00_Plant_Mianhua Islet_0142,HumanObservation,,2009-00-00_Plant_Mianhua Islet_0142,社團法人基隆市野鳥學會 (Wild Bird Society of Keelung),,,,,,,,,2009,,2009,,,,Asia,Taiwan,TW,Mianhua Islet,,,25.48483,122.10535,EPSG:4326,400,1e-05,Scaevola taccada,,KL_Plant_0000034,25749,t0055240,Scaevola taccada,Plantae,species,草海桐,accepted,
2009-00-00_Plant_Mianhua Islet_0143,HumanObservation,,2009-00-00_Plant_Mianhua Islet_0143,社團法人基隆市野鳥學會 (Wild Bird Society of Keelung),,,,,,,,,2009,,2009,,,,Asia,Taiwan,TW,Mianhua Islet,,,25.48483,122.10535,EPSG:4326,400,1e-05,Artemisia capillaris,,KL_Plant_0000035,20715,t0052627,Artemisia capillaris,Plantae,species,茵陳蒿,accepted,
2009-00-00_Plant_Mianhua Islet_0144,HumanObservation,,2009-00-00_Plant_Mianhua Islet_0144,社團法人基隆市野鳥學會 (Wild Bird Society of Keelung),,,,,,,,,2009,,2009,,,,Asia,Taiwan,TW,Mianhua Islet,,,25.48483,122.10535,EPSG:4326,400,1e-05,Conyza canadensis,,KL_Plant_0000038,25060,t0053107,Conyza canadensis,Plantae,species,加拿大蓬,accepted,
2009-00-00_Plant_Mianhua Islet_0145,HumanObservation,,2009-00-00_Plant_Mianhua Islet_0145,社團法人基隆市野鳥學會 (Wild Bird Society of Keelung),,,,,,,,,2009,,2009,,,,Asia,Taiwan,TW,Mianhua Islet,,,25.48483,122.10535,EPSG:4326,400,1e-05,Crossostephium chinense,,KL_Plant_0000040,21588,t0053159,Crossostephium chinense,Plantae,species,蘄艾,accepted,
2009-00-00_Plant_Mianhua Islet_0146,HumanObservation,,2009-00-00_Plant_Mianhua Islet_0146,社團法人基隆市野鳥學會 (Wild Bird Society of Keelung),,,,,,,,,2009,,2009,,,,Asia,Taiwan,TW,Mianhua Islet,,,25.48483,122.10535,EPSG:4326,400,1e-05,Emilia sonchifolia,,KL_Plant_0000041,25212,t0053530,Emilia sonchifolia,Plantae,species,紫背草,accepted,一點紅 | 葉下紅
2009-00-00_Plant_Mianhua Islet_0147,HumanObservation,,2009-00-00_Plant_Mianhua Islet_0147,社團法人基隆市野鳥學會 (Wild Bird Society of Keelung),,,,,,,,,2009,,2009,,,,Asia,Taiwan,TW,Mianhua Islet,,,25.48483,122.10535,EPSG:4326,400,1e-05,Wollastonia dentata,,KL_Plant_0000092,60737,t0057507,Wollastonia dentata,Plantae,species,大天蓬草舅,accepted,天蓬草舅
2009-00-00_Plant_Mianhua Islet_0148,HumanObservation,,2009-00-00_Plant_Mianhua Islet_0148,社團法人基隆市野鳥學會 (Wild Bird Society of Keelung),,,,,,,,,2009,,2009,,,,Asia,Taiwan,TW,Mianhua Islet,,,25.48483,122.10535,EPSG:4326,400,1e-05,Raphanus raphanistrum subsp. sativus,,KL_Plant_0000054,144038,t0055045,Raphanus raphanistrum subsp. sativus,Plantae,subspecies,濱蘿蔔,accepted,濱萊菔
2009-00-00_Plant_Mianhua Islet_0149,HumanObservation,,2009-00-00_Plant_Mianhua Islet_0149,社團法人基隆市野鳥學會 (Wild Bird Society of Keelung),,,,,,,,,2009,,2009,,,,Asia,Taiwan,TW,Mianhua Islet,,,25.48483,122.10535,EPSG:4326,400,1e-05,Vigna marina,,KL_Plant_0000056,25894,t0049306,Vigna marina,Plantae,species,濱豇豆,accepted,
2009-00-00_Plant_Mianhua Islet_0150,HumanObservation,,2009-00-00_Plant_Mianhua Islet_0150,社團法人基隆市野鳥學會 (Wild Bird Society of Keelung),,,,,,,,,2009,,2009,,,,Asia,Taiwan,TW,Mianhua Islet,,,25.48483,122.10535,EPSG:4326,400,1e-05,Commelina diffusa,,KL_Plant_0000059,21505,t0053100,Commelina diffusa,Plantae,species,竹仔菜,accepted,
2009-00-00_Plant_Mianhua Islet_0151,HumanObservation,,2009-00-00_Plant_Mianhua Islet_0151,社團法人基隆市野鳥學會 (Wild Bird Society of Keelung),,,,,,,,,2009,,2009,,,,Asia,Taiwan,TW,Mianhua Islet,,,25.48483,122.10535,EPSG:4326,400,1e-05,Cyperus polystachyos,,KL_Plant_0000061,21705,t0055001,Cyperus polystachyos,Plantae,species,多柱扁莎,accepted,多枝扁莎
2009-00-00_Plant_Mianhua Islet_0152,HumanObservation,,2009-00-00_Plant_Mianhua Islet_0152,社團法人基隆市野鳥學會 (Wild Bird Society of Keelung),,,,,,,,,2009,,2009,,,,Asia,Taiwan,TW,Mianhua Islet,,,25.48483,122.10535,EPSG:4326,400,1e-05,Fimbristylis cymosa,,KL_Plant_0000062,22216,t0053699,Fimbristylis cymosa,Plantae,species,乾溝飄拂草,accepted,
2009-00-00_Plant_Mianhua Islet_0153,HumanObservation,,2009-00-00_Plant_Mianhua Islet_0153,社團法人基隆市野鳥學會 (Wild Bird Society of Keelung),,,,,,,,,2009,,2009,,,,Asia,Taiwan,TW,Mianhua Islet,,,25.48483,122.10535,EPSG:4326,400,1e-05,Cynodon dactylon,,KL_Plant_0000067,25098,t0053244,Cynodon dactylon,Plantae,species,狗牙根,accepted,
2009-00-00_Plant_Mianhua Islet_0154,HumanObservation,,2009-00-00_Plant_Mianhua Islet_0154,社團法人基隆市野鳥學會 (Wild Bird Society of Keelung),,,,,,,,,2009,,2009,,,,Asia,Taiwan,TW,Mianhua Islet,,,25.48483,122.10535,EPSG:4326,400,1e-05,Digitaria mollicoma,,KL_Plant_0000072,25162,t0053388,Digitaria mollicoma,Plantae,species,絨馬唐,accepted,大絨馬唐
2009-00-00_Plant_Mianhua Islet_0155,HumanObservation,,2009-00-00_Plant_Mianhua Islet_0155,社團法人基隆市野鳥學會 (Wild Bird Society of Keelung),,,,,,,,,2009,,2009,,,,Asia,Taiwan,TW,Mianhua Islet,,,25.48483,122.10535,EPSG:4326,400,1e-05,Digitaria sericea,,KL_Plant_0000074,55903,t0073704,Digitaria sericea,Plantae,species,絹毛馬唐,accepted,
2009-00-00_Plant_Mianhua Islet_0156,HumanObservation,,2009-00-00_Plant_Mianhua Islet_0156,社團法人基隆市野鳥學會 (Wild Bird Society of Keelung),,,,,,,,,2009,,2009,,,,Asia,Taiwan,TW,Mianhua Islet,,,25.48483,122.10535,EPSG:4326,400,1e-05,Imperata cylindrica var. major,,KL_Plant_0000075,26121,t0087378,Imperata cylindrica var. major,Plantae,variety,白茅,accepted,
2009-00-00_Plant_Mianhua Islet_0157,HumanObservation,,2009-00-00_Plant_Mianhua Islet_0157,社團法人基隆市野鳥學會 (Wild Bird Society of Keelung),,,,,,,,,2009,,2009,,,,Asia,Taiwan,TW,Mianhua Islet,,,25.48483,122.10535,EPSG:4326,400,1e-05,Paspalum dilatatum,,KL_Plant_0000076,23415,t0054708,Paspalum dilatatum,Plantae,species,毛花雀稗,accepted,
2009-00-00_Plant_Mianhua Islet_0158,HumanObservation,,2009-00-00_Plant_Mianhua Islet_0158,社團法人基隆市野鳥學會 (Wild Bird Society of Keelung),,,,,,,,,2009,,2009,,,,Asia,Taiwan,TW,Mianhua Islet,,,25.48483,122.10535,EPSG:4326,400,1e-05,Paspalum distichum,,KL_Plant_0000077,23416,t0054709,Paspalum distichum,Plantae,species,雙穗雀稗,accepted,
2010-00-00_Plant_Mianhua Islet_0159,HumanObservation,,2010-00-00_Plant_Mianhua Islet_0159,社團法人基隆市野鳥學會 (Wild Bird Society of Keelung),,,,,,,,,2010,,2010,,,,Asia,Taiwan,TW,Mianhua Islet,,,25.48483,122.10535,EPSG:4326,400,1e-05,Cyrtomium falcatum,,KL_Plant_0000001,25108,t0058916,Cyrtomium falcatum,Plantae,species,全緣貫眾蕨,accepted,
2010-00-00_Plant_Mianhua Islet_0160,HumanObservation,,2010-00-00_Plant_Mianhua Islet_0160,社團法人基隆市野鳥學會 (Wild Bird Society of Keelung),,,,,,,,,2010,,2010,,,,Asia,Taiwan,TW,Mianhua Islet,,,25.48483,122.10535,EPSG:4326,400,1e-05,Pteris fauriei var. fauriei,,KL_Plant_0000002,145731,t0101197,Pteris fauriei var. fauriei,Plantae,variety,傅氏鳳尾蕨,accepted,
2010-00-00_Plant_Mianhua Islet_0161,HumanObservation,,2010-00-00_Plant_Mianhua Islet_0161,社團法人基隆市野鳥學會 (Wild Bird Society of Keelung),,,,,,,,,2010,,2010,,,,Asia,Taiwan,TW,Mianhua Islet,,,25.48483,122.10535,EPSG:4326,400,1e-05,Sagina japonica,,KL_Plant_0000007,25741,t0055186,Sagina japonica,Plantae,species,瓜槌草,accepted,
2010-00-00_Plant_Mianhua Islet_0162,HumanObservation,,2010-00-00_Plant_Mianhua Islet_0162,社團法人基隆市野鳥學會 (Wild Bird Society of Keelung),,,,,,,,,2010,,2010,,,,Asia,Taiwan,TW,Mianhua Islet,,,25.48483,122.10535,EPSG:4326,400,1e-05,Morus australis,,KL_Plant_0000008,23164,t0046326,Morus australis,Plantae,species,小葉桑,accepted,
2010-00-00_Plant_Mianhua Islet_0163,HumanObservation,,2010-00-00_Plant_Mianhua Islet_0163,社團法人基隆市野鳥學會 (Wild Bird Society of Keelung),,,,,,,,,2010,,2010,,,,Asia,Taiwan,TW,Mianhua Islet,,,25.48483,122.10535,EPSG:4326,400,1e-05,Persicaria chinensis,,KL_Plant_0000009,58649,t0058947,Persicaria chinensis,Plantae,species,火炭母草,accepted,
2010-00-00_Plant_Mianhua Islet_0164,HumanObservation,,2010-00-00_Plant_Mianhua Islet_0164,社團法人基隆市野鳥學會 (Wild Bird Society of Keelung),,,,,,,,,2010,,2010,,,,Asia,Taiwan,TW,Mianhua Islet,,,25.48483,122.10535,EPSG:4326,400,1e-05,Rumex japonicus,,KL_Plant_0000010,120410,t0059215,Rumex japonicus,Plantae,species,羊蹄,accepted,
2010-00-00_Plant_Mianhua Islet_0165,HumanObservation,,2010-00-00_Plant_Mianhua Islet_0165,社團法人基隆市野鳥學會 (Wild Bird Society of Keelung),,,,,,,,,2010,,2010,,,,Asia,Taiwan,TW,Mianhua Islet,,,25.48483,122.10535,EPSG:4326,400,1e-05,Cocculus orbiculatus,,KL_Plant_0000011,55292,t0073343,Cocculus orbiculatus,Plantae,species,木防己,accepted,
2010-00-00_Plant_Mianhua Islet_0166,HumanObservation,,2010-00-00_Plant_Mianhua Islet_0166,社團法人基隆市野鳥學會 (Wild Bird Society of Keelung),,,,,,,,,2010,,2010,,,,Asia,Taiwan,TW,Mianhua Islet,,,25.48483,122.10535,EPSG:4326,400,1e-05,Boerhavia glabrata,,KL_Plant_0000013,21022,t0040401,Boerhavia glabrata,Plantae,species,光果黃細心,accepted,
2010-00-00_Plant_Mianhua Islet_0167,HumanObservation,,2010-00-00_Plant_Mianhua Islet_0167,社團法人基隆市野鳥學會 (Wild Bird Society of Keelung),,,,,,,,,2010,,2010,,,,Asia,Taiwan,TW,Mianhua Islet,,,25.48483,122.10535,EPSG:4326,400,1e-05,Portulaca oleracea,,KL_Plant_0000014,23727,t0054931,Portulaca oleracea,Plantae,species,馬齒莧,accepted,
2010-00-00_Plant_Mianhua Islet_0168,HumanObservation,,2010-00-00_Plant_Mianhua Islet_0168,社團法人基隆市野鳥學會 (Wild Bird Society of Keelung),,,,,,,,,2010,,2010,,,,Asia,Taiwan,TW,Mianhua Islet,,,25.48483,122.10535,EPSG:4326,400,1e-05,Portulaca pilosa,,KL_Plant_0000015,23728,t0054932,Portulaca pilosa,Plantae,species,毛馬齒莧,accepted,
2010-00-00_Plant_Mianhua Islet_0169,HumanObservation,,2010-00-00_Plant_Mianhua Islet_0169,社團法人基隆市野鳥學會 (Wild Bird Society of Keelung),,,,,,,,,2010,,2010,,,,Asia,Taiwan,TW,Mianhua Islet,,,25.48483,122.10535,EPSG:4326,400,1e-05,Chenopodium acuminatum,,KL_Plant_0000016,55050,t0073189,Chenopodium acuminatum,Plantae,species,變葉藜,accepted,
2010-00-00_Plant_Mianhua Islet_0170,HumanObservation,,2010-00-00_Plant_Mianhua Islet_0170,社團法人基隆市野鳥學會 (Wild Bird Society of Keelung),,,,,,,,,2010,,2010,,,,Asia,Taiwan,TW,Mianhua Islet,,,25.48483,122.10535,EPSG:4326,400,1e-05,Sedum formosanum,,KL_Plant_0000019,24177,t0055292,Sedum formosanum,Plantae,species,台灣佛甲草,accepted,石板菜
2010-00-00_Plant_Mianhua Islet_0171,HumanObservation,,2010-00-00_Plant_Mianhua Islet_0171,社團法人基隆市野鳥學會 (Wild Bird Society of Keelung),,,,,,,,,2010,,2010,,,,Asia,Taiwan,TW,Mianhua Islet,,,25.48483,122.10535,EPSG:4326,400,1e-05,Oxalis corniculata,,KL_Plant_0000020,23347,t0054668,Oxalis corniculata,Plantae,species,酢漿草,accepted,
2010-00-00_Plant_Mianhua Islet_0172,HumanObservation,,2010-00-00_Plant_Mianhua Islet_0172,社團法人基隆市野鳥學會 (Wild Bird Society of Keelung),,,,,,,,,2010,,2010,,,,Asia,Taiwan,TW,Mianhua Islet,,,25.48483,122.10535,EPSG:4326,400,1e-05,Centella asiatica,,KL_Plant_0000021,54893,t0058743,Centella asiatica,Plantae,species,雷公根,accepted,
2010-00-00_Plant_Mianhua Islet_0173,HumanObservation,,2010-00-00_Plant_Mianhua Islet_0173,社團法人基隆市野鳥學會 (Wild Bird Society of Keelung),,,,,,,,,2010,,2010,,,,Asia,Taiwan,TW,Mianhua Islet,,,25.48483,122.10535,EPSG:4326,400,1e-05,Lysimachia mauritiana,,KL_Plant_0000023,22991,t0054360,Lysimachia mauritiana,Plantae,species,茅毛珍珠菜,accepted,
2010-00-00_Plant_Mianhua Islet_0174,HumanObservation,,2010-00-00_Plant_Mianhua Islet_0174,社團法人基隆市野鳥學會 (Wild Bird Society of Keelung),,,,,,,,,2010,,2010,,,,Asia,Taiwan,TW,Mianhua Islet,,,25.48483,122.10535,EPSG:4326,400,1e-05,Leptopetalum coreanum,,KL_Plant_0000024,57472,t0103362,Leptopetalum coreanum,Plantae,species,脈耳草,accepted,
2010-00-00_Plant_Mianhua Islet_0175,HumanObservation,,2010-00-00_Plant_Mianhua Islet_0175,社團法人基隆市野鳥學會 (Wild Bird Society of Keelung),,,,,,,,,2010,,2010,,,,Asia,Taiwan,TW,Mianhua Islet,,,25.48483,122.10535,EPSG:4326,400,1e-05,Cuscuta australis,,KL_Plant_0000026,21646,t0053212,Cuscuta australis,Plantae,species,菟絲子,accepted,
2010-00-00_Plant_Mianhua Islet_0176,HumanObservation,,2010-00-00_Plant_Mianhua Islet_0176,社團法人基隆市野鳥學會 (Wild Bird Society of Keelung),,,,,,,,,2010,,2010,,,,Asia,Taiwan,TW,Mianhua Islet,,,25.48483,122.10535,EPSG:4326,400,1e-05,Ipomoea pes-caprae,,KL_Plant_0000028,25371,t0100319,Ipomoea pes-caprae,Plantae,species,馬鞍藤,accepted,
2010-00-00_Plant_Mianhua Islet_0177,HumanObservation,,2010-00-00_Plant_Mianhua Islet_0177,社團法人基隆市野鳥學會 (Wild Bird Society of Keelung),,,,,,,,,2010,,2010,,,,Asia,Taiwan,TW,Mianhua Islet,,,25.48483,122.10535,EPSG:4326,400,1e-05,Callicarpa japonica var. luxurians,,KL_Plant_0000029,25954,t0087359,Callicarpa japonica var. luxurians,Plantae,variety,朝鮮紫珠,accepted,
2010-00-00_Plant_Mianhua Islet_0178,HumanObservation,,2010-00-00_Plant_Mianhua Islet_0178,社團法人基隆市野鳥學會 (Wild Bird Society of Keelung),,,,,,,,,2010,,2010,,,,Asia,Taiwan,TW,Mianhua Islet,,,25.48483,122.10535,EPSG:4326,400,1e-05,Leonurus japonicus,,KL_Plant_0000030,22790,t0054200,Leonurus japonicus,Plantae,species,益母草,accepted,
2010-00-00_Plant_Mianhua Islet_0179,HumanObservation,,2010-00-00_Plant_Mianhua Islet_0179,社團法人基隆市野鳥學會 (Wild Bird Society of Keelung),,,,,,,,,2010,,2010,,,,Asia,Taiwan,TW,Mianhua Islet,,,25.48483,122.10535,EPSG:4326,400,1e-05,Corydalis koidzumiana,,KL_Plant_0000033,21549,t0053128,Corydalis koidzumiana,Plantae,species,密花黃堇,accepted,密花黃菫
2010-00-00_Plant_Mianhua Islet_0180,HumanObservation,,2010-00-00_Plant_Mianhua Islet_0180,社團法人基隆市野鳥學會 (Wild Bird Society of Keelung),,,,,,,,,2010,,2010,,,,Asia,Taiwan,TW,Mianhua Islet,,,25.48483,122.10535,EPSG:4326,400,1e-05,Scaevola taccada,,KL_Plant_0000034,25749,t0055240,Scaevola taccada,Plantae,species,草海桐,accepted,
2010-00-00_Plant_Mianhua Islet_0181,HumanObservation,,2010-00-00_Plant_Mianhua Islet_0181,社團法人基隆市野鳥學會 (Wild Bird Society of Keelung),,,,,,,,,2010,,2010,,,,Asia,Taiwan,TW,Mianhua Islet,,,25.48483,122.10535,EPSG:4326,400,1e-05,Artemisia capillaris,,KL_Plant_0000035,20715,t0052627,Artemisia capillaris,Plantae,species,茵陳蒿,accepted,
2010-00-00_Plant_Mianhua Islet_0182,HumanObservation,,2010-00-00_Plant_Mianhua Islet_0182,社團法人基隆市野鳥學會 (Wild Bird Society of Keelung),,,,,,,,,2010,,2010,,,,Asia,Taiwan,TW,Mianhua Islet,,,25.48483,122.10535,EPSG:4326,400,1e-05,Conyza sumatrensis,,KL_Plant_0000039,55429,t0073443,Conyza sumatrensis,Plantae,species,野茼蒿,accepted,
2010-00-00_Plant_Mianhua Islet_0183,HumanObservation,,2010-00-00_Plant_Mianhua Islet_0183,社團法人基隆市野鳥學會 (Wild Bird Society of Keelung),,,,,,,,,2010,,2010,,,,Asia,Taiwan,TW,Mianhua Islet,,,25.48483,122.10535,EPSG:4326,400,1e-05,Crossostephium chinense,,KL_Plant_0000040,21588,t0053159,Crossostephium chinense,Plantae,species,蘄艾,accepted,
2010-00-00_Plant_Mianhua Islet_0184,HumanObservation,,2010-00-00_Plant_Mianhua Islet_0184,社團法人基隆市野鳥學會 (Wild Bird Society of Keelung),,,,,,,,,2010,,2010,,,,Asia,Taiwan,TW,Mianhua Islet,,,25.48483,122.10535,EPSG:4326,400,1e-05,Emilia sonchifolia,,KL_Plant_0000041,25212,t0053530,Emilia sonchifolia,Plantae,species,紫背草,accepted,一點紅 | 葉下紅
2010-00-00_Plant_Mianhua Islet_0185,HumanObservation,,2010-00-00_Plant_Mianhua Islet_0185,社團法人基隆市野鳥學會 (Wild Bird Society of Keelung),,,,,,,,,2010,,2010,,,,Asia,Taiwan,TW,Mianhua Islet,,,25.48483,122.10535,EPSG:4326,400,1e-05,Gnaphalium luteoalbum subsp. affine,,KL_Plant_0000043,61275,t0057950,Gnaphalium luteoalbum subsp. affine,Plantae,subspecies,鼠麴草,accepted,
2010-00-00_Plant_Mianhua Islet_0186,HumanObservation,,2010-00-00_Plant_Mianhua Islet_0186,社團法人基隆市野鳥學會 (Wild Bird Society of Keelung),,,,,,,,,2010,,2010,,,,Asia,Taiwan,TW,Mianhua Islet,,,25.48483,122.10535,EPSG:4326,400,1e-05,Gnaphalium calviceps,,KL_Plant_0000044,22348,t0053831,Gnaphalium calviceps,Plantae,species,直莖鼠麴草,accepted,
2010-00-00_Plant_Mianhua Islet_0187,HumanObservation,,2010-00-00_Plant_Mianhua Islet_0187,社團法人基隆市野鳥學會 (Wild Bird Society of Keelung),,,,,,,,,2010,,2010,,,,Asia,Taiwan,TW,Mianhua Islet,,,25.48483,122.10535,EPSG:4326,400,1e-05,Wollastonia biflora,,KL_Plant_0000049,60736,t0069822,Wollastonia biflora,Plantae,species,雙花蟛蜞菊,accepted,
2010-00-00_Plant_Mianhua Islet_0188,HumanObservation,,2010-00-00_Plant_Mianhua Islet_0188,社團法人基隆市野鳥學會 (Wild Bird Society of Keelung),,,,,,,,,2010,,2010,,,,Asia,Taiwan,TW,Mianhua Islet,,,25.48483,122.10535,EPSG:4326,400,1e-05,Wollastonia dentata,,KL_Plant_0000092,60737,t0057507,Wollastonia dentata,Plantae,species,大天蓬草舅,accepted,天蓬草舅
2010-00-00_Plant_Mianhua Islet_0189,HumanObservation,,2010-00-00_Plant_Mianhua Islet_0189,社團法人基隆市野鳥學會 (Wild Bird Society of Keelung),,,,,,,,,2010,,2010,,,,Asia,Taiwan,TW,Mianhua Islet,,,25.48483,122.10535,EPSG:4326,400,1e-05,Wollastonia dentata,,KL_Plant_0000092,60737,t0057507,Wollastonia dentata,Plantae,species,大天蓬草舅,accepted,天蓬草舅
2010-00-00_Plant_Mianhua Islet_0190,HumanObservation,,2010-00-00_Plant_Mianhua Islet_0190,社團法人基隆市野鳥學會 (Wild Bird Society of Keelung),,,,,,,,,2010,,2010,,,,Asia,Taiwan,TW,Mianhua Islet,,,25.48483,122.10535,EPSG:4326,400,1e-05,Youngia japonica,,KL_Plant_0000052,25907,t0069832,Youngia japonica,Plantae,species,黃鵪菜,accepted,
2010-00-00_Plant_Mianhua Islet_0191,HumanObservation,,2010-00-00_Plant_Mianhua Islet_0191,社團法人基隆市野鳥學會 (Wild Bird Society of Keelung),,,,,,,,,2010,,2010,,,,Asia,Taiwan,TW,Mianhua Islet,,,25.48483,122.10535,EPSG:4326,400,1e-05,Oenothera laciniata,,KL_Plant_0000053,23277,t0046093,Oenothera laciniata,Plantae,species,裂葉月見草,accepted,
2010-00-00_Plant_Mianhua Islet_0192,HumanObservation,,2010-00-00_Plant_Mianhua Islet_0192,社團法人基隆市野鳥學會 (Wild Bird Society of Keelung),,,,,,,,,2010,,2010,,,,Asia,Taiwan,TW,Mianhua Islet,,,25.48483,122.10535,EPSG:4326,400,1e-05,Raphanus raphanistrum subsp. sativus,,KL_Plant_0000054,144038,t0055045,Raphanus raphanistrum subsp. sativus,Plantae,subspecies,濱蘿蔔,accepted,濱萊菔
2010-00-00_Plant_Mianhua Islet_0193,HumanObservation,,2010-00-00_Plant_Mianhua Islet_0193,社團法人基隆市野鳥學會 (Wild Bird Society of Keelung),,,,,,,,,2010,,2010,,,,Asia,Taiwan,TW,Mianhua Islet,,,25.48483,122.10535,EPSG:4326,400,1e-05,Vigna marina,,KL_Plant_0000056,25894,t0049306,Vigna marina,Plantae,species,濱豇豆,accepted,
2010-00-00_Plant_Mianhua Islet_0194,HumanObservation,,2010-00-00_Plant_Mianhua Islet_0194,社團法人基隆市野鳥學會 (Wild Bird Society of Keelung),,,,,,,,,2010,,2010,,,,Asia,Taiwan,TW,Mianhua Islet,,,25.48483,122.10535,EPSG:4326,400,1e-05,Commelina diffusa,,KL_Plant_0000059,21505,t0053100,Commelina diffusa,Plantae,species,竹仔菜,accepted,
2010-00-00_Plant_Mianhua Islet_0195,HumanObservation,,2010-00-00_Plant_Mianhua Islet_0195,社團法人基隆市野鳥學會 (Wild Bird Society of Keelung),,,,,,,,,2010,,2010,,,,Asia,Taiwan,TW,Mianhua Islet,,,25.48483,122.10535,EPSG:4326,400,1e-05,Cyperus polystachyos,,KL_Plant_0000061,21705,t0055001,Cyperus polystachyos,Plantae,species,多柱扁莎,accepted,多枝扁莎
2010-00-00_Plant_Mianhua Islet_0196,HumanObservation,,2010-00-00_Plant_Mianhua Islet_0196,社團法人基隆市野鳥學會 (Wild Bird Society of Keelung),,,,,,,,,2010,,2010,,,,Asia,Taiwan,TW,Mianhua Islet,,,25.48483,122.10535,EPSG:4326,400,1e-05,Fimbristylis dichotoma,,KL_Plant_0000063,25271,t0053700,Fimbristylis dichotoma,Plantae,species,竹子飄拂草,accepted,
2010-00-00_Plant_Mianhua Islet_0197,HumanObservation,,2010-00-00_Plant_Mianhua Islet_0197,社團法人基隆市野鳥學會 (Wild Bird Society of Keelung),,,,,,,,,2010,,2010,,,,Asia,Taiwan,TW,Mianhua Islet,,,25.48483,122.10535,EPSG:4326,400,1e-05,Brachiaria villosa,,KL_Plant_0000066,24962,t0040426,Brachiaria villosa,Plantae,species,毛臂形草,accepted,
2010-00-00_Plant_Mianhua Islet_0198,HumanObservation,,2010-00-00_Plant_Mianhua Islet_0198,社團法人基隆市野鳥學會 (Wild Bird Society of Keelung),,,,,,,,,2010,,2010,,,,Asia,Taiwan,TW,Mianhua Islet,,,25.48483,122.10535,EPSG:4326,400,1e-05,Digitaria ciliaris,,KL_Plant_0000069,25157,t0053380,Digitaria ciliaris,Plantae,species,升馬唐,accepted,
2010-00-00_Plant_Mianhua Islet_0199,HumanObservation,,2010-00-00_Plant_Mianhua Islet_0199,社團法人基隆市野鳥學會 (Wild Bird Society of Keelung),,,,,,,,,2010,,2010,,,,Asia,Taiwan,TW,Mianhua Islet,,,25.48483,122.10535,EPSG:4326,400,1e-05,Digitaria mollicoma,,KL_Plant_0000072,25162,t0053388,Digitaria mollicoma,Plantae,species,絨馬唐,accepted,大絨馬唐
2010-00-00_Plant_Mianhua Islet_0200,HumanObservation,,2010-00-00_Plant_Mianhua Islet_0200,社團法人基隆市野鳥學會 (Wild Bird Society of Keelung),,,,,,,,,2010,,2010,,,,Asia,Taiwan,TW,Mianhua Islet,,,25.48483,122.10535,EPSG:4326,400,1e-05,Imperata cylindrica var. major,,KL_Plant_0000075,26121,t0087378,Imperata cylindrica var. major,Plantae,variety,白茅,accepted,
2010-00-00_Plant_Mianhua Islet_0201,HumanObservation,,2010-00-00_Plant_Mianhua Islet_0201,社團法人基隆市野鳥學會 (Wild Bird Society of Keelung),,,,,,,,,2010,,2010,,,,Asia,Taiwan,TW,Mianhua Islet,,,25.48483,122.10535,EPSG:4326,400,1e-05,Paspalum orbiculare,,KL_Plant_0000078,23423,t0054713,Paspalum orbiculare,Plantae,species,圓果雀稗,accepted,
2010-00-00_Plant_Mianhua Islet_0202,HumanObservation,,2010-00-00_Plant_Mianhua Islet_0202,社團法人基隆市野鳥學會 (Wild Bird Society of Keelung),,,,,,,,,2010,,2010,,,,Asia,Taiwan,TW,Mianhua Islet,,,25.48483,122.10535,EPSG:4326,400,1e-05,Paspalum vaginatum,,KL_Plant_0000080,23429,t0054719,Paspalum vaginatum,Plantae,species,海雀稗,accepted,
2010-00-00_Plant_Mianhua Islet_0203,HumanObservation,,2010-00-00_Plant_Mianhua Islet_0203,社團法人基隆市野鳥學會 (Wild Bird Society of Keelung),,,,,,,,,2010,,2010,,,,Asia,Taiwan,TW,Mianhua Islet,,,25.48483,122.10535,EPSG:4326,400,1e-05,Setaria viridis,,KL_Plant_0000084,25786,t0055330,Setaria viridis,Plantae,species,狗尾草,accepted,
2010-00-00_Plant_Mianhua Islet_0204,HumanObservation,,2010-00-00_Plant_Mianhua Islet_0204,社團法人基隆市野鳥學會 (Wild Bird Society of Keelung),,,,,,,,,2010,,2010,,,,Asia,Taiwan,TW,Mianhua Islet,,,25.48483,122.10535,EPSG:4326,400,1e-05,Zoysia japonica,,KL_Plant_0000086,24826,t0049406,Zoysia japonica,Plantae,species,日本芝,accepted,結縷草
2010-00-00_Plant_Mianhua Islet_0205,HumanObservation,,2010-00-00_Plant_Mianhua Islet_0205,社團法人基隆市野鳥學會 (Wild Bird Society of Keelung),,,,,,,,,2010,,2010,,,,Asia,Taiwan,TW,Mianhua Islet,,,25.48483,122.10535,EPSG:4326,400,1e-05,Terminalia catappa,,KL_Plant_0000090,24473,t0055570,Terminalia catappa,Plantae,species,欖仁,accepted,
2011-00-00_Plant_Mianhua Islet_0206,HumanObservation,,2011-00-00_Plant_Mianhua Islet_0206,社團法人基隆市野鳥學會 (Wild Bird Society of Keelung),,,,,,,,,2011,,2011,,,Line Transect Survey | Quadrat Sampling (Twelve 5*5 m² Quadrats),Asia,Taiwan,TW,Mianhua Islet,,,25.48483,122.10535,EPSG:4326,400,1e-05,Cyrtomium falcatum,,KL_Plant_0000001,25108,t0058916,Cyrtomium falcatum,Plantae,species,全緣貫眾蕨,accepted,
2011-00-00_Plant_Mianhua Islet_0207,HumanObservation,,2011-00-00_Plant_Mianhua Islet_0207,社團法人基隆市野鳥學會 (Wild Bird Society of Keelung),,,,,,,,,2011,,2011,,,Line Transect Survey | Quadrat Sampling (Twelve 5*5 m² Quadrats),Asia,Taiwan,TW,Mianhua Islet,,,25.48483,122.10535,EPSG:4326,400,1e-05,Pteris fauriei var. fauriei,,KL_Plant_0000002,145731,t0101197,Pteris fauriei var. fauriei,Plantae,variety,傅氏鳳尾蕨,accepted,
2011-00-00_Plant_Mianhua Islet_0208,HumanObservation,,2011-00-00_Plant_Mianhua Islet_0208,社團法人基隆市野鳥學會 (Wild Bird Society of Keelung),,,,,,,,,2011,,2011,,,Line Transect Survey | Quadrat Sampling (Twelve 5*5 m² Quadrats),Asia,Taiwan,TW,Mianhua Islet,,,25.48483,122.10535,EPSG:4326,400,1e-05,Haplopteris anguste-elongata,,KL_Plant_0000003,25322,t0026568,Haplopteris anguste-elongata,Plantae,species,姬書帶蕨,accepted,
2011-00-00_Plant_Mianhua Islet_0209,HumanObservation,,2011-00-00_Plant_Mianhua Islet_0209,社團法人基隆市野鳥學會 (Wild Bird Society of Keelung),,,,,,,,,2011,,2011,,,Line Transect Survey | Quadrat Sampling (Twelve 5*5 m² Quadrats),Asia,Taiwan,TW,Mianhua Islet,,,25.48483,122.10535,EPSG:4326,400,1e-05,Odontosoria biflora,,KL_Plant_0000004,58275,t0026476,Odontosoria biflora,Plantae,species,闊片烏蕨,accepted,
2011-00-00_Plant_Mianhua Islet_0210,HumanObservation,,2011-00-00_Plant_Mianhua Islet_0210,社團法人基隆市野鳥學會 (Wild Bird Society of Keelung),,,,,,,,,2011,,2011,,,Line Transect Survey | Quadrat Sampling (Twelve 5*5 m² Quadrats),Asia,Taiwan,TW,Mianhua Islet,,,25.48483,122.10535,EPSG:4326,400,1e-05,Tetragonia tetragonoides,,KL_Plant_0000006,25847,t0055572,Tetragonia tetragonoides,Plantae,species,番杏,accepted,
2011-00-00_Plant_Mianhua Islet_0211,HumanObservation,,2011-00-00_Plant_Mianhua Islet_0211,社團法人基隆市野鳥學會 (Wild Bird Society of Keelung),,,,,,,,,2011,,2011,,,Line Transect Survey | Quadrat Sampling (Twelve 5*5 m² Quadrats),Asia,Taiwan,TW,Mianhua Islet,,,25.48483,122.10535,EPSG:4326,400,1e-05,Sagina japonica,,KL_Plant_0000007,25741,t0055186,Sagina japonica,Plantae,species,瓜槌草,accepted,
2011-00-00_Plant_Mianhua Islet_0212,HumanObservation,,2011-00-00_Plant_Mianhua Islet_0212,社團法人基隆市野鳥學會 (Wild Bird Society of Keelung),,,,,,,,,2011,,2011,,,Line Transect Survey | Quadrat Sampling (Twelve 5*5 m² Quadrats),Asia,Taiwan,TW,Mianhua Islet,,,25.48483,122.10535,EPSG:4326,400,1e-05,Morus australis,,KL_Plant_0000008,23164,t0046326,Morus australis,Plantae,species,小葉桑,accepted,
2011-00-00_Plant_Mianhua Islet_0213,HumanObservation,,2011-00-00_Plant_Mianhua Islet_0213,社團法人基隆市野鳥學會 (Wild Bird Society of Keelung),,,,,,,,,2011,,2011,,,Line Transect Survey | Quadrat Sampling (Twelve 5*5 m² Quadrats),Asia,Taiwan,TW,Mianhua Islet,,,25.48483,122.10535,EPSG:4326,400,1e-05,Persicaria chinensis,,KL_Plant_0000009,58649,t0058947,Persicaria chinensis,Plantae,species,火炭母草,accepted,
2011-00-00_Plant_Mianhua Islet_0214,HumanObservation,,2011-00-00_Plant_Mianhua Islet_0214,社團法人基隆市野鳥學會 (Wild Bird Society of Keelung),,,,,,,,,2011,,2011,,,Line Transect Survey | Quadrat Sampling (Twelve 5*5 m² Quadrats),Asia,Taiwan,TW,Mianhua Islet,,,25.48483,122.10535,EPSG:4326,400,1e-05,Rumex japonicus,,KL_Plant_0000010,120410,t0059215,Rumex japonicus,Plantae,species,羊蹄,accepted,
2011-00-00_Plant_Mianhua Islet_0215,HumanObservation,,2011-00-00_Plant_Mianhua Islet_0215,社團法人基隆市野鳥學會 (Wild Bird Society of Keelung),,,,,,,,,2011,,2011,,,Line Transect Survey | Quadrat Sampling (Twelve 5*5 m² Quadrats),Asia,Taiwan,TW,Mianhua Islet,,,25.48483,122.10535,EPSG:4326,400,1e-05,Cocculus orbiculatus,,KL_Plant_0000011,55292,t0073343,Cocculus orbiculatus,Plantae,species,木防己,accepted,
2011-00-00_Plant_Mianhua Islet_0216,HumanObservation,,2011-00-00_Plant_Mianhua Islet_0216,社團法人基隆市野鳥學會 (Wild Bird Society of Keelung),,,,,,,,,2011,,2011,,,Line Transect Survey | Quadrat Sampling (Twelve 5*5 m² Quadrats),Asia,Taiwan,TW,Mianhua Islet,,,25.48483,122.10535,EPSG:4326,400,1e-05,Boerhavia glabrata,,KL_Plant_0000013,21022,t0040401,Boerhavia glabrata,Plantae,species,光果黃細心,accepted,
2011-00-00_Plant_Mianhua Islet_0217,HumanObservation,,2011-00-00_Plant_Mianhua Islet_0217,社團法人基隆市野鳥學會 (Wild Bird Society of Keelung),,,,,,,,,2011,,2011,,,Line Transect Survey | Quadrat Sampling (Twelve 5*5 m² Quadrats),Asia,Taiwan,TW,Mianhua Islet,,,25.48483,122.10535,EPSG:4326,400,1e-05,Portulaca oleracea,,KL_Plant_0000014,23727,t0054931,Portulaca oleracea,Plantae,species,馬齒莧,accepted,
2011-00-00_Plant_Mianhua Islet_0218,HumanObservation,,2011-00-00_Plant_Mianhua Islet_0218,社團法人基隆市野鳥學會 (Wild Bird Society of Keelung),,,,,,,,,2011,,2011,,,Line Transect Survey | Quadrat Sampling (Twelve 5*5 m² Quadrats),Asia,Taiwan,TW,Mianhua Islet,,,25.48483,122.10535,EPSG:4326,400,1e-05,Portulaca pilosa,,KL_Plant_0000015,23728,t0054932,Portulaca pilosa,Plantae,species,毛馬齒莧,accepted,
2011-00-00_Plant_Mianhua Islet_0219,HumanObservation,,2011-00-00_Plant_Mianhua Islet_0219,社團法人基隆市野鳥學會 (Wild Bird Society of Keelung),,,,,,,,,2011,,2011,,,Line Transect Survey | Quadrat Sampling (Twelve 5*5 m² Quadrats),Asia,Taiwan,TW,Mianhua Islet,,,25.48483,122.10535,EPSG:4326,400,1e-05,Chenopodium acuminatum,,KL_Plant_0000016,55050,t0073189,Chenopodium acuminatum,Plantae,species,變葉藜,accepted,
2011-00-00_Plant_Mianhua Islet_0220,HumanObservation,,2011-00-00_Plant_Mianhua Islet_0220,社團法人基隆市野鳥學會 (Wild Bird Society of Keelung),,,,,,,,,2011,,2011,,,Line Transect Survey | Quadrat Sampling (Twelve 5*5 m² Quadrats),Asia,Taiwan,TW,Mianhua Islet,,,25.48483,122.10535,EPSG:4326,400,1e-05,Sedum formosanum,,KL_Plant_0000019,24177,t0055292,Sedum formosanum,Plantae,species,台灣佛甲草,accepted,石板菜
2011-00-00_Plant_Mianhua Islet_0221,HumanObservation,,2011-00-00_Plant_Mianhua Islet_0221,社團法人基隆市野鳥學會 (Wild Bird Society of Keelung),,,,,,,,,2011,,2011,,,Line Transect Survey | Quadrat Sampling (Twelve 5*5 m² Quadrats),Asia,Taiwan,TW,Mianhua Islet,,,25.48483,122.10535,EPSG:4326,400,1e-05,Oxalis corniculata,,KL_Plant_0000020,23347,t0054668,Oxalis corniculata,Plantae,species,酢漿草,accepted,
2011-00-00_Plant_Mianhua Islet_0222,HumanObservation,,2011-00-00_Plant_Mianhua Islet_0222,社團法人基隆市野鳥學會 (Wild Bird Society of Keelung),,,,,,,,,2011,,2011,,,Line Transect Survey | Quadrat Sampling (Twelve 5*5 m² Quadrats),Asia,Taiwan,TW,Mianhua Islet,,,25.48483,122.10535,EPSG:4326,400,1e-05,Centella asiatica,,KL_Plant_0000021,54893,t0058743,Centella asiatica,Plantae,species,雷公根,accepted,
2011-00-00_Plant_Mianhua Islet_0223,HumanObservation,,2011-00-00_Plant_Mianhua Islet_0223,社團法人基隆市野鳥學會 (Wild Bird Society of Keelung),,,,,,,,,2011,,2011,,,Line Transect Survey | Quadrat Sampling (Twelve 5*5 m² Quadrats),Asia,Taiwan,TW,Mianhua Islet,,,25.48483,122.10535,EPSG:4326,400,1e-05,Lysimachia mauritiana,,KL_Plant_0000023,22991,t0054360,Lysimachia mauritiana,Plantae,species,茅毛珍珠菜,accepted,
2011-00-00_Plant_Mianhua Islet_0224,HumanObservation,,2011-00-00_Plant_Mianhua Islet_0224,社團法人基隆市野鳥學會 (Wild Bird Society of Keelung),,,,,,,,,2011,,2011,,,Line Transect Survey | Quadrat Sampling (Twelve 5*5 m² Quadrats),Asia,Taiwan,TW,Mianhua Islet,,,25.48483,122.10535,EPSG:4326,400,1e-05,Leptopetalum coreanum,,KL_Plant_0000024,57472,t0103362,Leptopetalum coreanum,Plantae,species,脈耳草,accepted,
2011-00-00_Plant_Mianhua Islet_0225,HumanObservation,,2011-00-00_Plant_Mianhua Islet_0225,社團法人基隆市野鳥學會 (Wild Bird Society of Keelung),,,,,,,,,2011,,2011,,,Line Transect Survey | Quadrat Sampling (Twelve 5*5 m² Quadrats),Asia,Taiwan,TW,Mianhua Islet,,,25.48483,122.10535,EPSG:4326,400,1e-05,Dichondra micrantha,,KL_Plant_0000027,21810,t0053370,Dichondra micrantha,Plantae,species,馬蹄金,accepted,
2011-00-00_Plant_Mianhua Islet_0226,HumanObservation,,2011-00-00_Plant_Mianhua Islet_0226,社團法人基隆市野鳥學會 (Wild Bird Society of Keelung),,,,,,,,,2011,,2011,,,Line Transect Survey | Quadrat Sampling (Twelve 5*5 m² Quadrats),Asia,Taiwan,TW,Mianhua Islet,,,25.48483,122.10535,EPSG:4326,400,1e-05,Ipomoea pes-caprae,,KL_Plant_0000028,25371,t0100319,Ipomoea pes-caprae,Plantae,species,馬鞍藤,accepted,
2011-00-00_Plant_Mianhua Islet_0227,HumanObservation,,2011-00-00_Plant_Mianhua Islet_0227,社團法人基隆市野鳥學會 (Wild Bird Society of Keelung),,,,,,,,,2011,,2011,,,Line Transect Survey | Quadrat Sampling (Twelve 5*5 m² Quadrats),Asia,Taiwan,TW,Mianhua Islet,,,25.48483,122.10535,EPSG:4326,400,1e-05,Callicarpa japonica var. luxurians,,KL_Plant_0000029,25954,t0087359,Callicarpa japonica var. luxurians,Plantae,variety,朝鮮紫珠,accepted,
2011-00-00_Plant_Mianhua Islet_0228,HumanObservation,,2011-00-00_Plant_Mianhua Islet_0228,社團法人基隆市野鳥學會 (Wild Bird Society of Keelung),,,,,,,,,2011,,2011,,,Line Transect Survey | Quadrat Sampling (Twelve 5*5 m² Quadrats),Asia,Taiwan,TW,Mianhua Islet,,,25.48483,122.10535,EPSG:4326,400,1e-05,Leonurus japonicus,,KL_Plant_0000030,22790,t0054200,Leonurus japonicus,Plantae,species,益母草,accepted,
2011-00-00_Plant_Mianhua Islet_0229,HumanObservation,,2011-00-00_Plant_Mianhua Islet_0229,社團法人基隆市野鳥學會 (Wild Bird Society of Keelung),,,,,,,,,2011,,2011,,,Line Transect Survey | Quadrat Sampling (Twelve 5*5 m² Quadrats),Asia,Taiwan,TW,Mianhua Islet,,,25.48483,122.10535,EPSG:4326,400,1e-05,Corydalis koidzumiana,,KL_Plant_0000033,21549,t0053128,Corydalis koidzumiana,Plantae,species,密花黃堇,accepted,密花黃菫
2011-00-00_Plant_Mianhua Islet_0230,HumanObservation,,2011-00-00_Plant_Mianhua Islet_0230,社團法人基隆市野鳥學會 (Wild Bird Society of Keelung),,,,,,,,,2011,,2011,,,Line Transect Survey | Quadrat Sampling (Twelve 5*5 m² Quadrats),Asia,Taiwan,TW,Mianhua Islet,,,25.48483,122.10535,EPSG:4326,400,1e-05,Scaevola taccada,,KL_Plant_0000034,25749,t0055240,Scaevola taccada,Plantae,species,草海桐,accepted,
2011-00-00_Plant_Mianhua Islet_0231,HumanObservation,,2011-00-00_Plant_Mianhua Islet_0231,社團法人基隆市野鳥學會 (Wild Bird Society of Keelung),,,,,,,,,2011,,2011,,,Line Transect Survey | Quadrat Sampling (Twelve 5*5 m² Quadrats),Asia,Taiwan,TW,Mianhua Islet,,,25.48483,122.10535,EPSG:4326,400,1e-05,Artemisia capillaris,,KL_Plant_0000035,20715,t0052627,Artemisia capillaris,Plantae,species,茵陳蒿,accepted,
2011-00-00_Plant_Mianhua Islet_0232,HumanObservation,,2011-00-00_Plant_Mianhua Islet_0232,社團法人基隆市野鳥學會 (Wild Bird Society of Keelung),,,,,,,,,2011,,2011,,,Line Transect Survey | Quadrat Sampling (Twelve 5*5 m² Quadrats),Asia,Taiwan,TW,Mianhua Islet,,,25.48483,122.10535,EPSG:4326,400,1e-05,Conyza sumatrensis,,KL_Plant_0000039,55429,t0073443,Conyza sumatrensis,Plantae,species,野茼蒿,accepted,
2011-00-00_Plant_Mianhua Islet_0233,HumanObservation,,2011-00-00_Plant_Mianhua Islet_0233,社團法人基隆市野鳥學會 (Wild Bird Society of Keelung),,,,,,,,,2011,,2011,,,Line Transect Survey | Quadrat Sampling (Twelve 5*5 m² Quadrats),Asia,Taiwan,TW,Mianhua Islet,,,25.48483,122.10535,EPSG:4326,400,1e-05,Crossostephium chinense,,KL_Plant_0000040,21588,t0053159,Crossostephium chinense,Plantae,species,蘄艾,accepted,
2011-00-00_Plant_Mianhua Islet_0234,HumanObservation,,2011-00-00_Plant_Mianhua Islet_0234,社團法人基隆市野鳥學會 (Wild Bird Society of Keelung),,,,,,,,,2011,,2011,,,Line Transect Survey | Quadrat Sampling (Twelve 5*5 m² Quadrats),Asia,Taiwan,TW,Mianhua Islet,,,25.48483,122.10535,EPSG:4326,400,1e-05,Emilia sonchifolia,,KL_Plant_0000041,25212,t0053530,Emilia sonchifolia,Plantae,species,紫背草,accepted,一點紅 | 葉下紅
2011-00-00_Plant_Mianhua Islet_0235,HumanObservation,,2011-00-00_Plant_Mianhua Islet_0235,社團法人基隆市野鳥學會 (Wild Bird Society of Keelung),,,,,,,,,2011,,2011,,,Line Transect Survey | Quadrat Sampling (Twelve 5*5 m² Quadrats),Asia,Taiwan,TW,Mianhua Islet,,,25.48483,122.10535,EPSG:4326,400,1e-05,Gnaphalium luteoalbum subsp. affine,,KL_Plant_0000043,61275,t0057950,Gnaphalium luteoalbum subsp. affine,Plantae,subspecies,鼠麴草,accepted,
2011-00-00_Plant_Mianhua Islet_0236,HumanObservation,,2011-00-00_Plant_Mianhua Islet_0236,社團法人基隆市野鳥學會 (Wild Bird Society of Keelung),,,,,,,,,2011,,2011,,,Line Transect Survey | Quadrat Sampling (Twelve 5*5 m² Quadrats),Asia,Taiwan,TW,Mianhua Islet,,,25.48483,122.10535,EPSG:4326,400,1e-05,Sonchus oleraceus,,KL_Plant_0000048,24320,t0055402,Sonchus oleraceus,Plantae,species,苦滇菜,accepted,
2011-00-00_Plant_Mianhua Islet_0237,HumanObservation,,2011-00-00_Plant_Mianhua Islet_0237,社團法人基隆市野鳥學會 (Wild Bird Society of Keelung),,,,,,,,,2011,,2011,,,Line Transect Survey | Quadrat Sampling (Twelve 5*5 m² Quadrats),Asia,Taiwan,TW,Mianhua Islet,,,25.48483,122.10535,EPSG:4326,400,1e-05,Wollastonia biflora,,KL_Plant_0000049,60736,t0069822,Wollastonia biflora,Plantae,species,雙花蟛蜞菊,accepted,
2011-00-00_Plant_Mianhua Islet_0238,HumanObservation,,2011-00-00_Plant_Mianhua Islet_0238,社團法人基隆市野鳥學會 (Wild Bird Society of Keelung),,,,,,,,,2011,,2011,,,Line Transect Survey | Quadrat Sampling (Twelve 5*5 m² Quadrats),Asia,Taiwan,TW,Mianhua Islet,,,25.48483,122.10535,EPSG:4326,400,1e-05,Wollastonia dentata,,KL_Plant_0000092,60737,t0057507,Wollastonia dentata,Plantae,species,大天蓬草舅,accepted,天蓬草舅
2011-00-00_Plant_Mianhua Islet_0239,HumanObservation,,2011-00-00_Plant_Mianhua Islet_0239,社團法人基隆市野鳥學會 (Wild Bird Society of Keelung),,,,,,,,,2011,,2011,,,Line Transect Survey | Quadrat Sampling (Twelve 5*5 m² Quadrats),Asia,Taiwan,TW,Mianhua Islet,,,25.48483,122.10535,EPSG:4326,400,1e-05,Youngia japonica,,KL_Plant_0000052,25907,t0069832,Youngia japonica,Plantae,species,黃鵪菜,accepted,
2011-00-00_Plant_Mianhua Islet_0240,HumanObservation,,2011-00-00_Plant_Mianhua Islet_0240,社團法人基隆市野鳥學會 (Wild Bird Society of Keelung),,,,,,,,,2011,,2011,,,Line Transect Survey | Quadrat Sampling (Twelve 5*5 m² Quadrats),Asia,Taiwan,TW,Mianhua Islet,,,25.48483,122.10535,EPSG:4326,400,1e-05,Oenothera laciniata,,KL_Plant_0000053,23277,t0046093,Oenothera laciniata,Plantae,species,裂葉月見草,accepted,
2011-00-00_Plant_Mianhua Islet_0241,HumanObservation,,2011-00-00_Plant_Mianhua Islet_0241,社團法人基隆市野鳥學會 (Wild Bird Society of Keelung),,,,,,,,,2011,,2011,,,Line Transect Survey | Quadrat Sampling (Twelve 5*5 m² Quadrats),Asia,Taiwan,TW,Mianhua Islet,,,25.48483,122.10535,EPSG:4326,400,1e-05,Raphanus raphanistrum subsp. sativus,,KL_Plant_0000054,144038,t0055045,Raphanus raphanistrum subsp. sativus,Plantae,subspecies,濱蘿蔔,accepted,濱萊菔
2011-00-00_Plant_Mianhua Islet_0242,HumanObservation,,2011-00-00_Plant_Mianhua Islet_0242,社團法人基隆市野鳥學會 (Wild Bird Society of Keelung),,,,,,,,,2011,,2011,,,Line Transect Survey | Quadrat Sampling (Twelve 5*5 m² Quadrats),Asia,Taiwan,TW,Mianhua Islet,,,25.48483,122.10535,EPSG:4326,400,1e-05,Vigna marina,,KL_Plant_0000056,25894,t0049306,Vigna marina,Plantae,species,濱豇豆,accepted,
2011-00-00_Plant_Mianhua Islet_0243,HumanObservation,,2011-00-00_Plant_Mianhua Islet_0243,社團法人基隆市野鳥學會 (Wild Bird Society of Keelung),,,,,,,,,2011,,2011,,,Line Transect Survey | Quadrat Sampling (Twelve 5*5 m² Quadrats),Asia,Taiwan,TW,Mianhua Islet,,,25.48483,122.10535,EPSG:4326,400,1e-05,Pilea peploides var. major,,KL_Plant_0000057,61485,t0086947,Pilea peploides var. major,Plantae,variety,齒葉矮冷水麻,accepted,苦水花 | 矮冷水麻
2011-00-00_Plant_Mianhua Islet_0244,HumanObservation,,2011-00-00_Plant_Mianhua Islet_0244,社團法人基隆市野鳥學會 (Wild Bird Society of Keelung),,,,,,,,,2011,,2011,,,Line Transect Survey | Quadrat Sampling (Twelve 5*5 m² Quadrats),Asia,Taiwan,TW,Mianhua Islet,,,25.48483,122.10535,EPSG:4326,400,1e-05,Commelina diffusa,,KL_Plant_0000059,21505,t0053100,Commelina diffusa,Plantae,species,竹仔菜,accepted,
2011-00-00_Plant_Mianhua Islet_0245,HumanObservation,,2011-00-00_Plant_Mianhua Islet_0245,社團法人基隆市野鳥學會 (Wild Bird Society of Keelung),,,,,,,,,2011,,2011,,,Line Transect Survey | Quadrat Sampling (Twelve 5*5 m² Quadrats),Asia,Taiwan,TW,Mianhua Islet,,,25.48483,122.10535,EPSG:4326,400,1e-05,Carex breviculmis,,KL_Plant_0000060,21205,t0052815,Carex breviculmis,Plantae,species,短莖宿柱薹,accepted,
2011-00-00_Plant_Mianhua Islet_0246,HumanObservation,,2011-00-00_Plant_Mianhua Islet_0246,社團法人基隆市野鳥學會 (Wild Bird Society of Keelung),,,,,,,,,2011,,2011,,,Line Transect Survey | Quadrat Sampling (Twelve 5*5 m² Quadrats),Asia,Taiwan,TW,Mianhua Islet,,,25.48483,122.10535,EPSG:4326,400,1e-05,Cyperus polystachyos,,KL_Plant_0000061,21705,t0055001,Cyperus polystachyos,Plantae,species,多柱扁莎,accepted,多枝扁莎
2011-00-00_Plant_Mianhua Islet_0247,HumanObservation,,2011-00-00_Plant_Mianhua Islet_0247,社團法人基隆市野鳥學會 (Wild Bird Society of Keelung),,,,,,,,,2011,,2011,,,Line Transect Survey | Quadrat Sampling (Twelve 5*5 m² Quadrats),Asia,Taiwan,TW,Mianhua Islet,,,25.48483,122.10535,EPSG:4326,400,1e-05,Brachiaria villosa,,KL_Plant_0000066,24962,t0040426,Brachiaria villosa,Plantae,species,毛臂形草,accepted,
2011-00-00_Plant_Mianhua Islet_0248,HumanObservation,,2011-00-00_Plant_Mianhua Islet_0248,社團法人基隆市野鳥學會 (Wild Bird Society of Keelung),,,,,,,,,2011,,2011,,,Line Transect Survey | Quadrat Sampling (Twelve 5*5 m² Quadrats),Asia,Taiwan,TW,Mianhua Islet,,,25.48483,122.10535,EPSG:4326,400,1e-05,Digitaria mollicoma,,KL_Plant_0000072,25162,t0053388,Digitaria mollicoma,Plantae,species,絨馬唐,accepted,大絨馬唐
2011-00-00_Plant_Mianhua Islet_0249,HumanObservation,,2011-00-00_Plant_Mianhua Islet_0249,社團法人基隆市野鳥學會 (Wild Bird Society of Keelung),,,,,,,,,2011,,2011,,,Line Transect Survey | Quadrat Sampling (Twelve 5*5 m² Quadrats),Asia,Taiwan,TW,Mianhua Islet,,,25.48483,122.10535,EPSG:4326,400,1e-05,Digitaria sericea,,KL_Plant_0000074,55903,t0073704,Digitaria sericea,Plantae,species,絹毛馬唐,accepted,
2011-00-00_Plant_Mianhua Islet_0250,HumanObservation,,2011-00-00_Plant_Mianhua Islet_0250,社團法人基隆市野鳥學會 (Wild Bird Society of Keelung),,,,,,,,,2011,,2011,,,Line Transect Survey | Quadrat Sampling (Twelve 5*5 m² Quadrats),Asia,Taiwan,TW,Mianhua Islet,,,25.48483,122.10535,EPSG:4326,400,1e-05,Imperata cylindrica var. major,,KL_Plant_0000075,26121,t0087378,Imperata cylindrica var. major,Plantae,variety,白茅,accepted,
2011-00-00_Plant_Mianhua Islet_0251,HumanObservation,,2011-00-00_Plant_Mianhua Islet_0251,社團法人基隆市野鳥學會 (Wild Bird Society of Keelung),,,,,,,,,2011,,2011,,,Line Transect Survey | Quadrat Sampling (Twelve 5*5 m² Quadrats),Asia,Taiwan,TW,Mianhua Islet,,,25.48483,122.10535,EPSG:4326,400,1e-05,Paspalum orbiculare,,KL_Plant_0000078,23423,t0054713,Paspalum orbiculare,Plantae,species,圓果雀稗,accepted,
2011-00-00_Plant_Mianhua Islet_0252,HumanObservation,,2011-00-00_Plant_Mianhua Islet_0252,社團法人基隆市野鳥學會 (Wild Bird Society of Keelung),,,,,,,,,2011,,2011,,,Line Transect Survey | Quadrat Sampling (Twelve 5*5 m² Quadrats),Asia,Taiwan,TW,Mianhua Islet,,,25.48483,122.10535,EPSG:4326,400,1e-05,Paspalum vaginatum,,KL_Plant_0000080,23429,t0054719,Paspalum vaginatum,Plantae,species,海雀稗,accepted,
2011-00-00_Plant_Mianhua Islet_0253,HumanObservation,,2011-00-00_Plant_Mianhua Islet_0253,社團法人基隆市野鳥學會 (Wild Bird Society of Keelung),,,,,,,,,2011,,2011,,,Line Transect Survey | Quadrat Sampling (Twelve 5*5 m² Quadrats),Asia,Taiwan,TW,Mianhua Islet,,,25.48483,122.10535,EPSG:4326,400,1e-05,Setaria parviflora,,KL_Plant_0000083,59832,t0058251,Setaria parviflora,Plantae,species,莠狗尾草,accepted,
2011-00-00_Plant_Mianhua Islet_0254,HumanObservation,,2011-00-00_Plant_Mianhua Islet_0254,社團法人基隆市野鳥學會 (Wild Bird Society of Keelung),,,,,,,,,2011,,2011,,,Line Transect Survey | Quadrat Sampling (Twelve 5*5 m² Quadrats),Asia,Taiwan,TW,Mianhua Islet,,,25.48483,122.10535,EPSG:4326,400,1e-05,Zoysia japonica,,KL_Plant_0000086,24826,t0049406,Zoysia japonica,Plantae,species,日本芝,accepted,結縷草
2012-00-00_Plant_Mianhua Islet_0255,HumanObservation,,2012-00-00_Plant_Mianhua Islet_0255,社團法人基隆市野鳥學會 (Wild Bird Society of Keelung),,,,,,,,,2012,,2012,,,Line Transect Survey | Quadrat Sampling (Twelve 5*5 m² Quadrats),Asia,Taiwan,TW,Mianhua Islet,,,25.48483,122.10535,EPSG:4326,400,1e-05,Cyrtomium falcatum,,KL_Plant_0000001,25108,t0058916,Cyrtomium falcatum,Plantae,species,全緣貫眾蕨,accepted,
2012-00-00_Plant_Mianhua Islet_0256,HumanObservation,,2012-00-00_Plant_Mianhua Islet_0256,社團法人基隆市野鳥學會 (Wild Bird Society of Keelung),,,,,,,,,2012,,2012,,,Line Transect Survey | Quadrat Sampling (Twelve 5*5 m² Quadrats),Asia,Taiwan,TW,Mianhua Islet,,,25.48483,122.10535,EPSG:4326,400,1e-05,Pteris fauriei var. fauriei,,KL_Plant_0000002,145731,t0101197,Pteris fauriei var. fauriei,Plantae,variety,傅氏鳳尾蕨,accepted,
2012-00-00_Plant_Mianhua Islet_0257,HumanObservation,,2012-00-00_Plant_Mianhua Islet_0257,社團法人基隆市野鳥學會 (Wild Bird Society of Keelung),,,,,,,,,2012,,2012,,,Line Transect Survey | Quadrat Sampling (Twelve 5*5 m² Quadrats),Asia,Taiwan,TW,Mianhua Islet,,,25.48483,122.10535,EPSG:4326,400,1e-05,Haplopteris anguste-elongata,,KL_Plant_0000003,25322,t0026568,Haplopteris anguste-elongata,Plantae,species,姬書帶蕨,accepted,
2012-00-00_Plant_Mianhua Islet_0258,HumanObservation,,2012-00-00_Plant_Mianhua Islet_0258,社團法人基隆市野鳥學會 (Wild Bird Society of Keelung),,,,,,,,,2012,,2012,,,Line Transect Survey | Quadrat Sampling (Twelve 5*5 m² Quadrats),Asia,Taiwan,TW,Mianhua Islet,,,25.48483,122.10535,EPSG:4326,400,1e-05,Odontosoria biflora,,KL_Plant_0000004,58275,t0026476,Odontosoria biflora,Plantae,species,闊片烏蕨,accepted,
2012-00-00_Plant_Mianhua Islet_0259,HumanObservation,,2012-00-00_Plant_Mianhua Islet_0259,社團法人基隆市野鳥學會 (Wild Bird Society of Keelung),,,,,,,,,2012,,2012,,,Line Transect Survey | Quadrat Sampling (Twelve 5*5 m² Quadrats),Asia,Taiwan,TW,Mianhua Islet,,,25.48483,122.10535,EPSG:4326,400,1e-05,Nephrolepis biserrata,,KL_Plant_0000005,25551,t0026749,Nephrolepis biserrata,Plantae,species,長葉腎蕨,accepted,
2012-00-00_Plant_Mianhua Islet_0260,HumanObservation,,2012-00-00_Plant_Mianhua Islet_0260,社團法人基隆市野鳥學會 (Wild Bird Society of Keelung),,,,,,,,,2012,,2012,,,Line Transect Survey | Quadrat Sampling (Twelve 5*5 m² Quadrats),Asia,Taiwan,TW,Mianhua Islet,,,25.48483,122.10535,EPSG:4326,400,1e-05,Tetragonia tetragonoides,,KL_Plant_0000006,25847,t0055572,Tetragonia tetragonoides,Plantae,species,番杏,accepted,
2012-00-00_Plant_Mianhua Islet_0261,HumanObservation,,2012-00-00_Plant_Mianhua Islet_0261,社團法人基隆市野鳥學會 (Wild Bird Society of Keelung),,,,,,,,,2012,,2012,,,Line Transect Survey | Quadrat Sampling (Twelve 5*5 m² Quadrats),Asia,Taiwan,TW,Mianhua Islet,,,25.48483,122.10535,EPSG:4326,400,1e-05,Sagina japonica,,KL_Plant_0000007,25741,t0055186,Sagina japonica,Plantae,species,瓜槌草,accepted,
2012-00-00_Plant_Mianhua Islet_0262,HumanObservation,,2012-00-00_Plant_Mianhua Islet_0262,社團法人基隆市野鳥學會 (Wild Bird Society of Keelung),,,,,,,,,2012,,2012,,,Line Transect Survey | Quadrat Sampling (Twelve 5*5 m² Quadrats),Asia,Taiwan,TW,Mianhua Islet,,,25.48483,122.10535,EPSG:4326,400,1e-05,Morus australis,,KL_Plant_0000008,23164,t0046326,Morus australis,Plantae,species,小葉桑,accepted,
2012-00-00_Plant_Mianhua Islet_0263,HumanObservation,,2012-00-00_Plant_Mianhua Islet_0263,社團法人基隆市野鳥學會 (Wild Bird Society of Keelung),,,,,,,,,2012,,2012,,,Line Transect Survey | Quadrat Sampling (Twelve 5*5 m² Quadrats),Asia,Taiwan,TW,Mianhua Islet,,,25.48483,122.10535,EPSG:4326,400,1e-05,Persicaria chinensis,,KL_Plant_0000009,58649,t0058947,Persicaria chinensis,Plantae,species,火炭母草,accepted,
2012-00-00_Plant_Mianhua Islet_0264,HumanObservation,,2012-00-00_Plant_Mianhua Islet_0264,社團法人基隆市野鳥學會 (Wild Bird Society of Keelung),,,,,,,,,2012,,2012,,,Line Transect Survey | Quadrat Sampling (Twelve 5*5 m² Quadrats),Asia,Taiwan,TW,Mianhua Islet,,,25.48483,122.10535,EPSG:4326,400,1e-05,Rumex japonicus,,KL_Plant_0000010,120410,t0059215,Rumex japonicus,Plantae,species,羊蹄,accepted,
2012-00-00_Plant_Mianhua Islet_0265,HumanObservation,,2012-00-00_Plant_Mianhua Islet_0265,社團法人基隆市野鳥學會 (Wild Bird Society of Keelung),,,,,,,,,2012,,2012,,,Line Transect Survey | Quadrat Sampling (Twelve 5*5 m² Quadrats),Asia,Taiwan,TW,Mianhua Islet,,,25.48483,122.10535,EPSG:4326,400,1e-05,Cocculus orbiculatus,,KL_Plant_0000011,55292,t0073343,Cocculus orbiculatus,Plantae,species,木防己,accepted,
2012-00-00_Plant_Mianhua Islet_0266,HumanObservation,,2012-00-00_Plant_Mianhua Islet_0266,社團法人基隆市野鳥學會 (Wild Bird Society of Keelung),,,,,,,,,2012,,2012,,,Line Transect Survey | Quadrat Sampling (Twelve 5*5 m² Quadrats),Asia,Taiwan,TW,Mianhua Islet,,,25.48483,122.10535,EPSG:4326,400,1e-05,Boerhavia glabrata,,KL_Plant_0000013,21022,t0040401,Boerhavia glabrata,Plantae,species,光果黃細心,accepted,
2012-00-00_Plant_Mianhua Islet_0267,HumanObservation,,2012-00-00_Plant_Mianhua Islet_0267,社團法人基隆市野鳥學會 (Wild Bird Society of Keelung),,,,,,,,,2012,,2012,,,Line Transect Survey | Quadrat Sampling (Twelve 5*5 m² Quadrats),Asia,Taiwan,TW,Mianhua Islet,,,25.48483,122.10535,EPSG:4326,400,1e-05,Portulaca oleracea,,KL_Plant_0000014,23727,t0054931,Portulaca oleracea,Plantae,species,馬齒莧,accepted,
2012-00-00_Plant_Mianhua Islet_0268,HumanObservation,,2012-00-00_Plant_Mianhua Islet_0268,社團法人基隆市野鳥學會 (Wild Bird Society of Keelung),,,,,,,,,2012,,2012,,,Line Transect Survey | Quadrat Sampling (Twelve 5*5 m² Quadrats),Asia,Taiwan,TW,Mianhua Islet,,,25.48483,122.10535,EPSG:4326,400,1e-05,Portulaca pilosa,,KL_Plant_0000015,23728,t0054932,Portulaca pilosa,Plantae,species,毛馬齒莧,accepted,
2012-00-00_Plant_Mianhua Islet_0269,HumanObservation,,2012-00-00_Plant_Mianhua Islet_0269,社團法人基隆市野鳥學會 (Wild Bird Society of Keelung),,,,,,,,,2012,,2012,,,Line Transect Survey | Quadrat Sampling (Twelve 5*5 m² Quadrats),Asia,Taiwan,TW,Mianhua Islet,,,25.48483,122.10535,EPSG:4326,400,1e-05,Chenopodium acuminatum,,KL_Plant_0000016,55050,t0073189,Chenopodium acuminatum,Plantae,species,變葉藜,accepted,
2012-00-00_Plant_Mianhua Islet_0270,HumanObservation,,2012-00-00_Plant_Mianhua Islet_0270,社團法人基隆市野鳥學會 (Wild Bird Society of Keelung),,,,,,,,,2012,,2012,,,Line Transect Survey | Quadrat Sampling (Twelve 5*5 m² Quadrats),Asia,Taiwan,TW,Mianhua Islet,,,25.48483,122.10535,EPSG:4326,400,1e-05,Sedum formosanum,,KL_Plant_0000019,24177,t0055292,Sedum formosanum,Plantae,species,台灣佛甲草,accepted,石板菜
2012-00-00_Plant_Mianhua Islet_0271,HumanObservation,,2012-00-00_Plant_Mianhua Islet_0271,社團法人基隆市野鳥學會 (Wild Bird Society of Keelung),,,,,,,,,2012,,2012,,,Line Transect Survey | Quadrat Sampling (Twelve 5*5 m² Quadrats),Asia,Taiwan,TW,Mianhua Islet,,,25.48483,122.10535,EPSG:4326,400,1e-05,Oxalis corniculata,,KL_Plant_0000020,23347,t0054668,Oxalis corniculata,Plantae,species,酢漿草,accepted,
2012-00-00_Plant_Mianhua Islet_0272,HumanObservation,,2012-00-00_Plant_Mianhua Islet_0272,社團法人基隆市野鳥學會 (Wild Bird Society of Keelung),,,,,,,,,2012,,2012,,,Line Transect Survey | Quadrat Sampling (Twelve 5*5 m² Quadrats),Asia,Taiwan,TW,Mianhua Islet,,,25.48483,122.10535,EPSG:4326,400,1e-05,Centella asiatica,,KL_Plant_0000021,54893,t0058743,Centella asiatica,Plantae,species,雷公根,accepted,
2012-00-00_Plant_Mianhua Islet_0273,HumanObservation,,2012-00-00_Plant_Mianhua Islet_0273,社團法人基隆市野鳥學會 (Wild Bird Society of Keelung),,,,,,,,,2012,,2012,,,Line Transect Survey | Quadrat Sampling (Twelve 5*5 m² Quadrats),Asia,Taiwan,TW,Mianhua Islet,,,25.48483,122.10535,EPSG:4326,400,1e-05,Lysimachia mauritiana,,KL_Plant_0000023,22991,t0054360,Lysimachia mauritiana,Plantae,species,茅毛珍珠菜,accepted,
2012-00-00_Plant_Mianhua Islet_0274,HumanObservation,,2012-00-00_Plant_Mianhua Islet_0274,社團法人基隆市野鳥學會 (Wild Bird Society of Keelung),,,,,,,,,2012,,2012,,,Line Transect Survey | Quadrat Sampling (Twelve 5*5 m² Quadrats),Asia,Taiwan,TW,Mianhua Islet,,,25.48483,122.10535,EPSG:4326,400,1e-05,Leptopetalum coreanum,,KL_Plant_0000024,57472,t0103362,Leptopetalum coreanum,Plantae,species,脈耳草,accepted,
2012-00-00_Plant_Mianhua Islet_0275,HumanObservation,,2012-00-00_Plant_Mianhua Islet_0275,社團法人基隆市野鳥學會 (Wild Bird Society of Keelung),,,,,,,,,2012,,2012,,,Line Transect Survey | Quadrat Sampling (Twelve 5*5 m² Quadrats),Asia,Taiwan,TW,Mianhua Islet,,,25.48483,122.10535,EPSG:4326,400,1e-05,Dichondra micrantha,,KL_Plant_0000027,21810,t0053370,Dichondra micrantha,Plantae,species,馬蹄金,accepted,
2012-00-00_Plant_Mianhua Islet_0276,HumanObservation,,2012-00-00_Plant_Mianhua Islet_0276,社團法人基隆市野鳥學會 (Wild Bird Society of Keelung),,,,,,,,,2012,,2012,,,Line Transect Survey | Quadrat Sampling (Twelve 5*5 m² Quadrats),Asia,Taiwan,TW,Mianhua Islet,,,25.48483,122.10535,EPSG:4326,400,1e-05,Ipomoea pes-caprae,,KL_Plant_0000028,25371,t0100319,Ipomoea pes-caprae,Plantae,species,馬鞍藤,accepted,
2012-00-00_Plant_Mianhua Islet_0277,HumanObservation,,2012-00-00_Plant_Mianhua Islet_0277,社團法人基隆市野鳥學會 (Wild Bird Society of Keelung),,,,,,,,,2012,,2012,,,Line Transect Survey | Quadrat Sampling (Twelve 5*5 m² Quadrats),Asia,Taiwan,TW,Mianhua Islet,,,25.48483,122.10535,EPSG:4326,400,1e-05,Callicarpa japonica var. luxurians,,KL_Plant_0000029,25954,t0087359,Callicarpa japonica var. luxurians,Plantae,variety,朝鮮紫珠,accepted,
2012-00-00_Plant_Mianhua Islet_0278,HumanObservation,,2012-00-00_Plant_Mianhua Islet_0278,社團法人基隆市野鳥學會 (Wild Bird Society of Keelung),,,,,,,,,2012,,2012,,,Line Transect Survey | Quadrat Sampling (Twelve 5*5 m² Quadrats),Asia,Taiwan,TW,Mianhua Islet,,,25.48483,122.10535,EPSG:4326,400,1e-05,Leonurus japonicus,,KL_Plant_0000030,22790,t0054200,Leonurus japonicus,Plantae,species,益母草,accepted,
2012-00-00_Plant_Mianhua Islet_0279,HumanObservation,,2012-00-00_Plant_Mianhua Islet_0279,社團法人基隆市野鳥學會 (Wild Bird Society of Keelung),,,,,,,,,2012,,2012,,,Line Transect Survey | Quadrat Sampling (Twelve 5*5 m² Quadrats),Asia,Taiwan,TW,Mianhua Islet,,,25.48483,122.10535,EPSG:4326,400,1e-05,Corydalis koidzumiana,,KL_Plant_0000033,21549,t0053128,Corydalis koidzumiana,Plantae,species,密花黃堇,accepted,密花黃菫
2012-00-00_Plant_Mianhua Islet_0280,HumanObservation,,2012-00-00_Plant_Mianhua Islet_0280,社團法人基隆市野鳥學會 (Wild Bird Society of Keelung),,,,,,,,,2012,,2012,,,Line Transect Survey | Quadrat Sampling (Twelve 5*5 m² Quadrats),Asia,Taiwan,TW,Mianhua Islet,,,25.48483,122.10535,EPSG:4326,400,1e-05,Scaevola taccada,,KL_Plant_0000034,25749,t0055240,Scaevola taccada,Plantae,species,草海桐,accepted,
2012-00-00_Plant_Mianhua Islet_0281,HumanObservation,,2012-00-00_Plant_Mianhua Islet_0281,社團法人基隆市野鳥學會 (Wild Bird Society of Keelung),,,,,,,,,2012,,2012,,,Line Transect Survey | Quadrat Sampling (Twelve 5*5 m² Quadrats),Asia,Taiwan,TW,Mianhua Islet,,,25.48483,122.10535,EPSG:4326,400,1e-05,Artemisia capillaris,,KL_Plant_0000035,20715,t0052627,Artemisia capillaris,Plantae,species,茵陳蒿,accepted,
2012-00-00_Plant_Mianhua Islet_0282,HumanObservation,,2012-00-00_Plant_Mianhua Islet_0282,社團法人基隆市野鳥學會 (Wild Bird Society of Keelung),,,,,,,,,2012,,2012,,,Line Transect Survey | Quadrat Sampling (Twelve 5*5 m² Quadrats),Asia,Taiwan,TW,Mianhua Islet,,,25.48483,122.10535,EPSG:4326,400,1e-05,Conyza sumatrensis,,KL_Plant_0000039,55429,t0073443,Conyza sumatrensis,Plantae,species,野茼蒿,accepted,
2012-00-00_Plant_Mianhua Islet_0283,HumanObservation,,2012-00-00_Plant_Mianhua Islet_0283,社團法人基隆市野鳥學會 (Wild Bird Society of Keelung),,,,,,,,,2012,,2012,,,Line Transect Survey | Quadrat Sampling (Twelve 5*5 m² Quadrats),Asia,Taiwan,TW,Mianhua Islet,,,25.48483,122.10535,EPSG:4326,400,1e-05,Crossostephium chinense,,KL_Plant_0000040,21588,t0053159,Crossostephium chinense,Plantae,species,蘄艾,accepted,
2012-00-00_Plant_Mianhua Islet_0284,HumanObservation,,2012-00-00_Plant_Mianhua Islet_0284,社團法人基隆市野鳥學會 (Wild Bird Society of Keelung),,,,,,,,,2012,,2012,,,Line Transect Survey | Quadrat Sampling (Twelve 5*5 m² Quadrats),Asia,Taiwan,TW,Mianhua Islet,,,25.48483,122.10535,EPSG:4326,400,1e-05,Emilia sonchifolia,,KL_Plant_0000041,25212,t0053530,Emilia sonchifolia,Plantae,species,紫背草,accepted,一點紅 | 葉下紅
2012-00-00_Plant_Mianhua Islet_0285,HumanObservation,,2012-00-00_Plant_Mianhua Islet_0285,社團法人基隆市野鳥學會 (Wild Bird Society of Keelung),,,,,,,,,2012,,2012,,,Line Transect Survey | Quadrat Sampling (Twelve 5*5 m² Quadrats),Asia,Taiwan,TW,Mianhua Islet,,,25.48483,122.10535,EPSG:4326,400,1e-05,Gnaphalium luteoalbum subsp. affine,,KL_Plant_0000043,61275,t0057950,Gnaphalium luteoalbum subsp. affine,Plantae,subspecies,鼠麴草,accepted,
2012-00-00_Plant_Mianhua Islet_0286,HumanObservation,,2012-00-00_Plant_Mianhua Islet_0286,社團法人基隆市野鳥學會 (Wild Bird Society of Keelung),,,,,,,,,2012,,2012,,,Line Transect Survey | Quadrat Sampling (Twelve 5*5 m² Quadrats),Asia,Taiwan,TW,Mianhua Islet,,,25.48483,122.10535,EPSG:4326,400,1e-05,Sonchus oleraceus,,KL_Plant_0000048,24320,t0055402,Sonchus oleraceus,Plantae,species,苦滇菜,accepted,
2012-00-00_Plant_Mianhua Islet_0287,HumanObservation,,2012-00-00_Plant_Mianhua Islet_0287,社團法人基隆市野鳥學會 (Wild Bird Society of Keelung),,,,,,,,,2012,,2012,,,Line Transect Survey | Quadrat Sampling (Twelve 5*5 m² Quadrats),Asia,Taiwan,TW,Mianhua Islet,,,25.48483,122.10535,EPSG:4326,400,1e-05,Wollastonia biflora,,KL_Plant_0000049,60736,t0069822,Wollastonia biflora,Plantae,species,雙花蟛蜞菊,accepted,
2012-00-00_Plant_Mianhua Islet_0288,HumanObservation,,2012-00-00_Plant_Mianhua Islet_0288,社團法人基隆市野鳥學會 (Wild Bird Society of Keelung),,,,,,,,,2012,,2012,,,Line Transect Survey | Quadrat Sampling (Twelve 5*5 m² Quadrats),Asia,Taiwan,TW,Mianhua Islet,,,25.48483,122.10535,EPSG:4326,400,1e-05,Wollastonia dentata,,KL_Plant_0000092,60737,t0057507,Wollastonia dentata,Plantae,species,大天蓬草舅,accepted,天蓬草舅
2012-00-00_Plant_Mianhua Islet_0289,HumanObservation,,2012-00-00_Plant_Mianhua Islet_0289,社團法人基隆市野鳥學會 (Wild Bird Society of Keelung),,,,,,,,,2012,,2012,,,Line Transect Survey | Quadrat Sampling (Twelve 5*5 m² Quadrats),Asia,Taiwan,TW,Mianhua Islet,,,25.48483,122.10535,EPSG:4326,400,1e-05,Youngia japonica,,KL_Plant_0000052,25907,t0069832,Youngia japonica,Plantae,species,黃鵪菜,accepted,
2012-00-00_Plant_Mianhua Islet_0290,HumanObservation,,2012-00-00_Plant_Mianhua Islet_0290,社團法人基隆市野鳥學會 (Wild Bird Society of Keelung),,,,,,,,,2012,,2012,,,Line Transect Survey | Quadrat Sampling (Twelve 5*5 m² Quadrats),Asia,Taiwan,TW,Mianhua Islet,,,25.48483,122.10535,EPSG:4326,400,1e-05,Oenothera laciniata,,KL_Plant_0000053,23277,t0046093,Oenothera laciniata,Plantae,species,裂葉月見草,accepted,
2012-00-00_Plant_Mianhua Islet_0291,HumanObservation,,2012-00-00_Plant_Mianhua Islet_0291,社團法人基隆市野鳥學會 (Wild Bird Society of Keelung),,,,,,,,,2012,,2012,,,Line Transect Survey | Quadrat Sampling (Twelve 5*5 m² Quadrats),Asia,Taiwan,TW,Mianhua Islet,,,25.48483,122.10535,EPSG:4326,400,1e-05,Raphanus raphanistrum subsp. sativus,,KL_Plant_0000054,144038,t0055045,Raphanus raphanistrum subsp. sativus,Plantae,subspecies,濱蘿蔔,accepted,濱萊菔
2012-00-00_Plant_Mianhua Islet_0292,HumanObservation,,2012-00-00_Plant_Mianhua Islet_0292,社團法人基隆市野鳥學會 (Wild Bird Society of Keelung),,,,,,,,,2012,,2012,,,Line Transect Survey | Quadrat Sampling (Twelve 5*5 m² Quadrats),Asia,Taiwan,TW,Mianhua Islet,,,25.48483,122.10535,EPSG:4326,400,1e-05,Vigna marina,,KL_Plant_0000056,25894,t0049306,Vigna marina,Plantae,species,濱豇豆,accepted,
2012-00-00_Plant_Mianhua Islet_0293,HumanObservation,,2012-00-00_Plant_Mianhua Islet_0293,社團法人基隆市野鳥學會 (Wild Bird Society of Keelung),,,,,,,,,2012,,2012,,,Line Transect Survey | Quadrat Sampling (Twelve 5*5 m² Quadrats),Asia,Taiwan,TW,Mianhua Islet,,,25.48483,122.10535,EPSG:4326,400,1e-05,Pilea peploides var. major,,KL_Plant_0000057,61485,t0086947,Pilea peploides var. major,Plantae,variety,齒葉矮冷水麻,accepted,苦水花 | 矮冷水麻
2012-00-00_Plant_Mianhua Islet_0294,HumanObservation,,2012-00-00_Plant_Mianhua Islet_0294,社團法人基隆市野鳥學會 (Wild Bird Society of Keelung),,,,,,,,,2012,,2012,,,Line Transect Survey | Quadrat Sampling (Twelve 5*5 m² Quadrats),Asia,Taiwan,TW,Mianhua Islet,,,25.48483,122.10535,EPSG:4326,400,1e-05,Commelina diffusa,,KL_Plant_0000059,21505,t0053100,Commelina diffusa,Plantae,species,竹仔菜,accepted,
2012-00-00_Plant_Mianhua Islet_0295,HumanObservation,,2012-00-00_Plant_Mianhua Islet_0295,社團法人基隆市野鳥學會 (Wild Bird Society of Keelung),,,,,,,,,2012,,2012,,,Line Transect Survey | Quadrat Sampling (Twelve 5*5 m² Quadrats),Asia,Taiwan,TW,Mianhua Islet,,,25.48483,122.10535,EPSG:4326,400,1e-05,Carex breviculmis,,KL_Plant_0000060,21205,t0052815,Carex breviculmis,Plantae,species,短莖宿柱薹,accepted,
2012-00-00_Plant_Mianhua Islet_0296,HumanObservation,,2012-00-00_Plant_Mianhua Islet_0296,社團法人基隆市野鳥學會 (Wild Bird Society of Keelung),,,,,,,,,2012,,2012,,,Line Transect Survey | Quadrat Sampling (Twelve 5*5 m² Quadrats),Asia,Taiwan,TW,Mianhua Islet,,,25.48483,122.10535,EPSG:4326,400,1e-05,Cyperus polystachyos,,KL_Plant_0000061,21705,t0055001,Cyperus polystachyos,Plantae,species,多柱扁莎,accepted,多枝扁莎
2012-00-00_Plant_Mianhua Islet_0297,HumanObservation,,2012-00-00_Plant_Mianhua Islet_0297,社團法人基隆市野鳥學會 (Wild Bird Society of Keelung),,,,,,,,,2012,,2012,,,Line Transect Survey | Quadrat Sampling (Twelve 5*5 m² Quadrats),Asia,Taiwan,TW,Mianhua Islet,,,25.48483,122.10535,EPSG:4326,400,1e-05,Brachiaria villosa,,KL_Plant_0000066,24962,t0040426,Brachiaria villosa,Plantae,species,毛臂形草,accepted,
2012-00-00_Plant_Mianhua Islet_0298,HumanObservation,,2012-00-00_Plant_Mianhua Islet_0298,社團法人基隆市野鳥學會 (Wild Bird Society of Keelung),,,,,,,,,2012,,2012,,,Line Transect Survey | Quadrat Sampling (Twelve 5*5 m² Quadrats),Asia,Taiwan,TW,Mianhua Islet,,,25.48483,122.10535,EPSG:4326,400,1e-05,Digitaria mollicoma,,KL_Plant_0000072,25162,t0053388,Digitaria mollicoma,Plantae,species,絨馬唐,accepted,大絨馬唐
2012-00-00_Plant_Mianhua Islet_0299,HumanObservation,,2012-00-00_Plant_Mianhua Islet_0299,社團法人基隆市野鳥學會 (Wild Bird Society of Keelung),,,,,,,,,2012,,2012,,,Line Transect Survey | Quadrat Sampling (Twelve 5*5 m² Quadrats),Asia,Taiwan,TW,Mianhua Islet,,,25.48483,122.10535,EPSG:4326,400,1e-05,Digitaria sericea,,KL_Plant_0000074,55903,t0073704,Digitaria sericea,Plantae,species,絹毛馬唐,accepted,
2012-00-00_Plant_Mianhua Islet_0300,HumanObservation,,2012-00-00_Plant_Mianhua Islet_0300,社團法人基隆市野鳥學會 (Wild Bird Society of Keelung),,,,,,,,,2012,,2012,,,Line Transect Survey | Quadrat Sampling (Twelve 5*5 m² Quadrats),Asia,Taiwan,TW,Mianhua Islet,,,25.48483,122.10535,EPSG:4326,400,1e-05,Imperata cylindrica var. major,,KL_Plant_0000075,26121,t0087378,Imperata cylindrica var. major,Plantae,variety,白茅,accepted,
2012-00-00_Plant_Mianhua Islet_0301,HumanObservation,,2012-00-00_Plant_Mianhua Islet_0301,社團法人基隆市野鳥學會 (Wild Bird Society of Keelung),,,,,,,,,2012,,2012,,,Line Transect Survey | Quadrat Sampling (Twelve 5*5 m² Quadrats),Asia,Taiwan,TW,Mianhua Islet,,,25.48483,122.10535,EPSG:4326,400,1e-05,Paspalum orbiculare,,KL_Plant_0000078,23423,t0054713,Paspalum orbiculare,Plantae,species,圓果雀稗,accepted,
2012-00-00_Plant_Mianhua Islet_0302,HumanObservation,,2012-00-00_Plant_Mianhua Islet_0302,社團法人基隆市野鳥學會 (Wild Bird Society of Keelung),,,,,,,,,2012,,2012,,,Line Transect Survey | Quadrat Sampling (Twelve 5*5 m² Quadrats),Asia,Taiwan,TW,Mianhua Islet,,,25.48483,122.10535,EPSG:4326,400,1e-05,Paspalum vaginatum,,KL_Plant_0000080,23429,t0054719,Paspalum vaginatum,Plantae,species,海雀稗,accepted,
2012-00-00_Plant_Mianhua Islet_0303,HumanObservation,,2012-00-00_Plant_Mianhua Islet_0303,社團法人基隆市野鳥學會 (Wild Bird Society of Keelung),,,,,,,,,2012,,2012,,,Line Transect Survey | Quadrat Sampling (Twelve 5*5 m² Quadrats),Asia,Taiwan,TW,Mianhua Islet,,,25.48483,122.10535,EPSG:4326,400,1e-05,Setaria parviflora,,KL_Plant_0000083,59832,t0058251,Setaria parviflora,Plantae,species,莠狗尾草,accepted,
2012-00-00_Plant_Mianhua Islet_0304,HumanObservation,,2012-00-00_Plant_Mianhua Islet_0304,社團法人基隆市野鳥學會 (Wild Bird Society of Keelung),,,,,,,,,2012,,2012,,,Line Transect Survey | Quadrat Sampling (Twelve 5*5 m² Quadrats),Asia,Taiwan,TW,Mianhua Islet,,,25.48483,122.10535,EPSG:4326,400,1e-05,Zoysia japonica,,KL_Plant_0000086,24826,t0049406,Zoysia japonica,Plantae,species,日本芝,accepted,結縷草
2013-00-00_Plant_Mianhua Islet_0305,HumanObservation,,2013-00-00_Plant_Mianhua Islet_0305,社團法人基隆市野鳥學會 (Wild Bird Society of Keelung),,,,,,,,,2013,,2013,,,Line Transect Survey | Quadrat Sampling (Twelve 5*5 m² Quadrats),Asia,Taiwan,TW,Mianhua Islet,,,25.48483,122.10535,EPSG:4326,400,1e-05,Cyrtomium falcatum,,KL_Plant_0000001,25108,t0058916,Cyrtomium falcatum,Plantae,species,全緣貫眾蕨,accepted,
2013-00-00_Plant_Mianhua Islet_0306,HumanObservation,,2013-00-00_Plant_Mianhua Islet_0306,社團法人基隆市野鳥學會 (Wild Bird Society of Keelung),,,,,,,,,2013,,2013,,,Line Transect Survey | Quadrat Sampling (Twelve 5*5 m² Quadrats),Asia,Taiwan,TW,Mianhua Islet,,,25.48483,122.10535,EPSG:4326,400,1e-05,Pteris fauriei var. fauriei,,KL_Plant_0000002,145731,t0101197,Pteris fauriei var. fauriei,Plantae,variety,傅氏鳳尾蕨,accepted,
2013-00-00_Plant_Mianhua Islet_0307,HumanObservation,,2013-00-00_Plant_Mianhua Islet_0307,社團法人基隆市野鳥學會 (Wild Bird Society of Keelung),,,,,,,,,2013,,2013,,,Line Transect Survey | Quadrat Sampling (Twelve 5*5 m² Quadrats),Asia,Taiwan,TW,Mianhua Islet,,,25.48483,122.10535,EPSG:4326,400,1e-05,Haplopteris anguste-elongata,,KL_Plant_0000003,25322,t0026568,Haplopteris anguste-elongata,Plantae,species,姬書帶蕨,accepted,
2013-00-00_Plant_Mianhua Islet_0308,HumanObservation,,2013-00-00_Plant_Mianhua Islet_0308,社團法人基隆市野鳥學會 (Wild Bird Society of Keelung),,,,,,,,,2013,,2013,,,Line Transect Survey | Quadrat Sampling (Twelve 5*5 m² Quadrats),Asia,Taiwan,TW,Mianhua Islet,,,25.48483,122.10535,EPSG:4326,400,1e-05,Odontosoria biflora,,KL_Plant_0000004,58275,t0026476,Odontosoria biflora,Plantae,species,闊片烏蕨,accepted,
2013-00-00_Plant_Mianhua Islet_0309,HumanObservation,,2013-00-00_Plant_Mianhua Islet_0309,社團法人基隆市野鳥學會 (Wild Bird Society of Keelung),,,,,,,,,2013,,2013,,,Line Transect Survey | Quadrat Sampling (Twelve 5*5 m² Quadrats),Asia,Taiwan,TW,Mianhua Islet,,,25.48483,122.10535,EPSG:4326,400,1e-05,Nephrolepis biserrata,,KL_Plant_0000005,25551,t0026749,Nephrolepis biserrata,Plantae,species,長葉腎蕨,accepted,
2013-00-00_Plant_Mianhua Islet_0310,HumanObservation,,2013-00-00_Plant_Mianhua Islet_0310,社團法人基隆市野鳥學會 (Wild Bird Society of Keelung),,,,,,,,,2013,,2013,,,Line Transect Survey | Quadrat Sampling (Twelve 5*5 m² Quadrats),Asia,Taiwan,TW,Mianhua Islet,,,25.48483,122.10535,EPSG:4326,400,1e-05,Tetragonia tetragonoides,,KL_Plant_0000006,25847,t0055572,Tetragonia tetragonoides,Plantae,species,番杏,accepted,
2013-00-00_Plant_Mianhua Islet_0311,HumanObservation,,2013-00-00_Plant_Mianhua Islet_0311,社團法人基隆市野鳥學會 (Wild Bird Society of Keelung),,,,,,,,,2013,,2013,,,Line Transect Survey | Quadrat Sampling (Twelve 5*5 m² Quadrats),Asia,Taiwan,TW,Mianhua Islet,,,25.48483,122.10535,EPSG:4326,400,1e-05,Morus australis,,KL_Plant_0000008,23164,t0046326,Morus australis,Plantae,species,小葉桑,accepted,
2013-00-00_Plant_Mianhua Islet_0312,HumanObservation,,2013-00-00_Plant_Mianhua Islet_0312,社團法人基隆市野鳥學會 (Wild Bird Society of Keelung),,,,,,,,,2013,,2013,,,Line Transect Survey | Quadrat Sampling (Twelve 5*5 m² Quadrats),Asia,Taiwan,TW,Mianhua Islet,,,25.48483,122.10535,EPSG:4326,400,1e-05,Persicaria chinensis,,KL_Plant_0000009,58649,t0058947,Persicaria chinensis,Plantae,species,火炭母草,accepted,
2013-00-00_Plant_Mianhua Islet_0313,HumanObservation,,2013-00-00_Plant_Mianhua Islet_0313,社團法人基隆市野鳥學會 (Wild Bird Society of Keelung),,,,,,,,,2013,,2013,,,Line Transect Survey | Quadrat Sampling (Twelve 5*5 m² Quadrats),Asia,Taiwan,TW,Mianhua Islet,,,25.48483,122.10535,EPSG:4326,400,1e-05,Rumex japonicus,,KL_Plant_0000010,120410,t0059215,Rumex japonicus,Plantae,species,羊蹄,accepted,
2013-00-00_Plant_Mianhua Islet_0314,HumanObservation,,2013-00-00_Plant_Mianhua Islet_0314,社團法人基隆市野鳥學會 (Wild Bird Society of Keelung),,,,,,,,,2013,,2013,,,Line Transect Survey | Quadrat Sampling (Twelve 5*5 m² Quadrats),Asia,Taiwan,TW,Mianhua Islet,,,25.48483,122.10535,EPSG:4326,400,1e-05,Cocculus orbiculatus,,KL_Plant_0000011,55292,t0073343,Cocculus orbiculatus,Plantae,species,木防己,accepted,
2013-00-00_Plant_Mianhua Islet_0315,HumanObservation,,2013-00-00_Plant_Mianhua Islet_0315,社團法人基隆市野鳥學會 (Wild Bird Society of Keelung),,,,,,,,,2013,,2013,,,Line Transect Survey | Quadrat Sampling (Twelve 5*5 m² Quadrats),Asia,Taiwan,TW,Mianhua Islet,,,25.48483,122.10535,EPSG:4326,400,1e-05,Boerhavia glabrata,,KL_Plant_0000013,21022,t0040401,Boerhavia glabrata,Plantae,species,光果黃細心,accepted,
2013-00-00_Plant_Mianhua Islet_0316,HumanObservation,,2013-00-00_Plant_Mianhua Islet_0316,社團法人基隆市野鳥學會 (Wild Bird Society of Keelung),,,,,,,,,2013,,2013,,,Line Transect Survey | Quadrat Sampling (Twelve 5*5 m² Quadrats),Asia,Taiwan,TW,Mianhua Islet,,,25.48483,122.10535,EPSG:4326,400,1e-05,Portulaca oleracea,,KL_Plant_0000014,23727,t0054931,Portulaca oleracea,Plantae,species,馬齒莧,accepted,
2013-00-00_Plant_Mianhua Islet_0317,HumanObservation,,2013-00-00_Plant_Mianhua Islet_0317,社團法人基隆市野鳥學會 (Wild Bird Society of Keelung),,,,,,,,,2013,,2013,,,Line Transect Survey | Quadrat Sampling (Twelve 5*5 m² Quadrats),Asia,Taiwan,TW,Mianhua Islet,,,25.48483,122.10535,EPSG:4326,400,1e-05,Portulaca pilosa,,KL_Plant_0000015,23728,t0054932,Portulaca pilosa,Plantae,species,毛馬齒莧,accepted,
2013-00-00_Plant_Mianhua Islet_0318,HumanObservation,,2013-00-00_Plant_Mianhua Islet_0318,社團法人基隆市野鳥學會 (Wild Bird Society of Keelung),,,,,,,,,2013,,2013,,,Line Transect Survey | Quadrat Sampling (Twelve 5*5 m² Quadrats),Asia,Taiwan,TW,Mianhua Islet,,,25.48483,122.10535,EPSG:4326,400,1e-05,Chenopodium acuminatum,,KL_Plant_0000016,55050,t0073189,Chenopodium acuminatum,Plantae,species,變葉藜,accepted,
2013-00-00_Plant_Mianhua Islet_0319,HumanObservation,,2013-00-00_Plant_Mianhua Islet_0319,社團法人基隆市野鳥學會 (Wild Bird Society of Keelung),,,,,,,,,2013,,2013,,,Line Transect Survey | Quadrat Sampling (Twelve 5*5 m² Quadrats),Asia,Taiwan,TW,Mianhua Islet,,,25.48483,122.10535,EPSG:4326,400,1e-05,Sedum formosanum,,KL_Plant_0000019,24177,t0055292,Sedum formosanum,Plantae,species,台灣佛甲草,accepted,石板菜
2013-00-00_Plant_Mianhua Islet_0320,HumanObservation,,2013-00-00_Plant_Mianhua Islet_0320,社團法人基隆市野鳥學會 (Wild Bird Society of Keelung),,,,,,,,,2013,,2013,,,Line Transect Survey | Quadrat Sampling (Twelve 5*5 m² Quadrats),Asia,Taiwan,TW,Mianhua Islet,,,25.48483,122.10535,EPSG:4326,400,1e-05,Oxalis corniculata,,KL_Plant_0000020,23347,t0054668,Oxalis corniculata,Plantae,species,酢漿草,accepted,
2013-00-00_Plant_Mianhua Islet_0321,HumanObservation,,2013-00-00_Plant_Mianhua Islet_0321,社團法人基隆市野鳥學會 (Wild Bird Society of Keelung),,,,,,,,,2013,,2013,,,Line Transect Survey | Quadrat Sampling (Twelve 5*5 m² Quadrats),Asia,Taiwan,TW,Mianhua Islet,,,25.48483,122.10535,EPSG:4326,400,1e-05,Centella asiatica,,KL_Plant_0000021,54893,t0058743,Centella asiatica,Plantae,species,雷公根,accepted,
2013-00-00_Plant_Mianhua Islet_0322,HumanObservation,,2013-00-00_Plant_Mianhua Islet_0322,社團法人基隆市野鳥學會 (Wild Bird Society of Keelung),,,,,,,,,2013,,2013,,,Line Transect Survey | Quadrat Sampling (Twelve 5*5 m² Quadrats),Asia,Taiwan,TW,Mianhua Islet,,,25.48483,122.10535,EPSG:4326,400,1e-05,Lysimachia mauritiana,,KL_Plant_0000023,22991,t0054360,Lysimachia mauritiana,Plantae,species,茅毛珍珠菜,accepted,
2013-00-00_Plant_Mianhua Islet_0323,HumanObservation,,2013-00-00_Plant_Mianhua Islet_0323,社團法人基隆市野鳥學會 (Wild Bird Society of Keelung),,,,,,,,,2013,,2013,,,Line Transect Survey | Quadrat Sampling (Twelve 5*5 m² Quadrats),Asia,Taiwan,TW,Mianhua Islet,,,25.48483,122.10535,EPSG:4326,400,1e-05,Leptopetalum coreanum,,KL_Plant_0000024,57472,t0103362,Leptopetalum coreanum,Plantae,species,脈耳草,accepted,
2013-00-00_Plant_Mianhua Islet_0324,HumanObservation,,2013-00-00_Plant_Mianhua Islet_0324,社團法人基隆市野鳥學會 (Wild Bird Society of Keelung),,,,,,,,,2013,,2013,,,Line Transect Survey | Quadrat Sampling (Twelve 5*5 m² Quadrats),Asia,Taiwan,TW,Mianhua Islet,,,25.48483,122.10535,EPSG:4326,400,1e-05,Morinda umbellata,,KL_Plant_0000025,23162,t0054498,Morinda umbellata,Plantae,species,繖花藤,accepted,羊角藤
2013-00-00_Plant_Mianhua Islet_0325,HumanObservation,,2013-00-00_Plant_Mianhua Islet_0325,社團法人基隆市野鳥學會 (Wild Bird Society of Keelung),,,,,,,,,2013,,2013,,,Line Transect Survey | Quadrat Sampling (Twelve 5*5 m² Quadrats),Asia,Taiwan,TW,Mianhua Islet,,,25.48483,122.10535,EPSG:4326,400,1e-05,Dichondra micrantha,,KL_Plant_0000027,21810,t0053370,Dichondra micrantha,Plantae,species,馬蹄金,accepted,
2013-00-00_Plant_Mianhua Islet_0326,HumanObservation,,2013-00-00_Plant_Mianhua Islet_0326,社團法人基隆市野鳥學會 (Wild Bird Society of Keelung),,,,,,,,,2013,,2013,,,Line Transect Survey | Quadrat Sampling (Twelve 5*5 m² Quadrats),Asia,Taiwan,TW,Mianhua Islet,,,25.48483,122.10535,EPSG:4326,400,1e-05,Ipomoea pes-caprae,,KL_Plant_0000028,25371,t0100319,Ipomoea pes-caprae,Plantae,species,馬鞍藤,accepted,
2013-00-00_Plant_Mianhua Islet_0327,HumanObservation,,2013-00-00_Plant_Mianhua Islet_0327,社團法人基隆市野鳥學會 (Wild Bird Society of Keelung),,,,,,,,,2013,,2013,,,Line Transect Survey | Quadrat Sampling (Twelve 5*5 m² Quadrats),Asia,Taiwan,TW,Mianhua Islet,,,25.48483,122.10535,EPSG:4326,400,1e-05,Callicarpa japonica var. luxurians,,KL_Plant_0000029,25954,t0087359,Callicarpa japonica var. luxurians,Plantae,variety,朝鮮紫珠,accepted,
2013-00-00_Plant_Mianhua Islet_0328,HumanObservation,,2013-00-00_Plant_Mianhua Islet_0328,社團法人基隆市野鳥學會 (Wild Bird Society of Keelung),,,,,,,,,2013,,2013,,,Line Transect Survey | Quadrat Sampling (Twelve 5*5 m² Quadrats),Asia,Taiwan,TW,Mianhua Islet,,,25.48483,122.10535,EPSG:4326,400,1e-05,Leonurus japonicus,,KL_Plant_0000030,22790,t0054200,Leonurus japonicus,Plantae,species,益母草,accepted,
2013-00-00_Plant_Mianhua Islet_0329,HumanObservation,,2013-00-00_Plant_Mianhua Islet_0329,社團法人基隆市野鳥學會 (Wild Bird Society of Keelung),,,,,,,,,2013,,2013,,,Line Transect Survey | Quadrat Sampling (Twelve 5*5 m² Quadrats),Asia,Taiwan,TW,Mianhua Islet,,,25.48483,122.10535,EPSG:4326,400,1e-05,Corydalis koidzumiana,,KL_Plant_0000033,21549,t0053128,Corydalis koidzumiana,Plantae,species,密花黃堇,accepted,密花黃菫
2013-00-00_Plant_Mianhua Islet_0330,HumanObservation,,2013-00-00_Plant_Mianhua Islet_0330,社團法人基隆市野鳥學會 (Wild Bird Society of Keelung),,,,,,,,,2013,,2013,,,Line Transect Survey | Quadrat Sampling (Twelve 5*5 m² Quadrats),Asia,Taiwan,TW,Mianhua Islet,,,25.48483,122.10535,EPSG:4326,400,1e-05,Scaevola taccada,,KL_Plant_0000034,25749,t0055240,Scaevola taccada,Plantae,species,草海桐,accepted,
2013-00-00_Plant_Mianhua Islet_0331,HumanObservation,,2013-00-00_Plant_Mianhua Islet_0331,社團法人基隆市野鳥學會 (Wild Bird Society of Keelung),,,,,,,,,2013,,2013,,,Line Transect Survey | Quadrat Sampling (Twelve 5*5 m² Quadrats),Asia,Taiwan,TW,Mianhua Islet,,,25.48483,122.10535,EPSG:4326,400,1e-05,Artemisia capillaris,,KL_Plant_0000035,20715,t0052627,Artemisia capillaris,Plantae,species,茵陳蒿,accepted,
2013-00-00_Plant_Mianhua Islet_0332,HumanObservation,,2013-00-00_Plant_Mianhua Islet_0332,社團法人基隆市野鳥學會 (Wild Bird Society of Keelung),,,,,,,,,2013,,2013,,,Line Transect Survey | Quadrat Sampling (Twelve 5*5 m² Quadrats),Asia,Taiwan,TW,Mianhua Islet,,,25.48483,122.10535,EPSG:4326,400,1e-05,Conyza sumatrensis,,KL_Plant_0000039,55429,t0073443,Conyza sumatrensis,Plantae,species,野茼蒿,accepted,
2013-00-00_Plant_Mianhua Islet_0333,HumanObservation,,2013-00-00_Plant_Mianhua Islet_0333,社團法人基隆市野鳥學會 (Wild Bird Society of Keelung),,,,,,,,,2013,,2013,,,Line Transect Survey | Quadrat Sampling (Twelve 5*5 m² Quadrats),Asia,Taiwan,TW,Mianhua Islet,,,25.48483,122.10535,EPSG:4326,400,1e-05,Crossostephium chinense,,KL_Plant_0000040,21588,t0053159,Crossostephium chinense,Plantae,species,蘄艾,accepted,
2013-00-00_Plant_Mianhua Islet_0334,HumanObservation,,2013-00-00_Plant_Mianhua Islet_0334,社團法人基隆市野鳥學會 (Wild Bird Society of Keelung),,,,,,,,,2013,,2013,,,Line Transect Survey | Quadrat Sampling (Twelve 5*5 m² Quadrats),Asia,Taiwan,TW,Mianhua Islet,,,25.48483,122.10535,EPSG:4326,400,1e-05,Emilia sonchifolia,,KL_Plant_0000041,25212,t0053530,Emilia sonchifolia,Plantae,species,紫背草,accepted,一點紅 | 葉下紅
2013-00-00_Plant_Mianhua Islet_0335,HumanObservation,,2013-00-00_Plant_Mianhua Islet_0335,社團法人基隆市野鳥學會 (Wild Bird Society of Keelung),,,,,,,,,2013,,2013,,,Line Transect Survey | Quadrat Sampling (Twelve 5*5 m² Quadrats),Asia,Taiwan,TW,Mianhua Islet,,,25.48483,122.10535,EPSG:4326,400,1e-05,Gnaphalium luteoalbum subsp. affine,,KL_Plant_0000043,61275,t0057950,Gnaphalium luteoalbum subsp. affine,Plantae,subspecies,鼠麴草,accepted,
2013-00-00_Plant_Mianhua Islet_0336,HumanObservation,,2013-00-00_Plant_Mianhua Islet_0336,社團法人基隆市野鳥學會 (Wild Bird Society of Keelung),,,,,,,,,2013,,2013,,,Line Transect Survey | Quadrat Sampling (Twelve 5*5 m² Quadrats),Asia,Taiwan,TW,Mianhua Islet,,,25.48483,122.10535,EPSG:4326,400,1e-05,Wollastonia biflora,,KL_Plant_0000049,60736,t0069822,Wollastonia biflora,Plantae,species,雙花蟛蜞菊,accepted,
2013-00-00_Plant_Mianhua Islet_0337,HumanObservation,,2013-00-00_Plant_Mianhua Islet_0337,社團法人基隆市野鳥學會 (Wild Bird Society of Keelung),,,,,,,,,2013,,2013,,,Line Transect Survey | Quadrat Sampling (Twelve 5*5 m² Quadrats),Asia,Taiwan,TW,Mianhua Islet,,,25.48483,122.10535,EPSG:4326,400,1e-05,Wollastonia dentata,,KL_Plant_0000092,60737,t0057507,Wollastonia dentata,Plantae,species,大天蓬草舅,accepted,天蓬草舅
2013-00-00_Plant_Mianhua Islet_0338,HumanObservation,,2013-00-00_Plant_Mianhua Islet_0338,社團法人基隆市野鳥學會 (Wild Bird Society of Keelung),,,,,,,,,2013,,2013,,,Line Transect Survey | Quadrat Sampling (Twelve 5*5 m² Quadrats),Asia,Taiwan,TW,Mianhua Islet,,,25.48483,122.10535,EPSG:4326,400,1e-05,Youngia japonica,,KL_Plant_0000052,25907,t0069832,Youngia japonica,Plantae,species,黃鵪菜,accepted,
2013-00-00_Plant_Mianhua Islet_0339,HumanObservation,,2013-00-00_Plant_Mianhua Islet_0339,社團法人基隆市野鳥學會 (Wild Bird Society of Keelung),,,,,,,,,2013,,2013,,,Line Transect Survey | Quadrat Sampling (Twelve 5*5 m² Quadrats),Asia,Taiwan,TW,Mianhua Islet,,,25.48483,122.10535,EPSG:4326,400,1e-05,Oenothera laciniata,,KL_Plant_0000053,23277,t0046093,Oenothera laciniata,Plantae,species,裂葉月見草,accepted,
2013-00-00_Plant_Mianhua Islet_0340,HumanObservation,,2013-00-00_Plant_Mianhua Islet_0340,社團法人基隆市野鳥學會 (Wild Bird Society of Keelung),,,,,,,,,2013,,2013,,,Line Transect Survey | Quadrat Sampling (Twelve 5*5 m² Quadrats),Asia,Taiwan,TW,Mianhua Islet,,,25.48483,122.10535,EPSG:4326,400,1e-05,Raphanus raphanistrum subsp. sativus,,KL_Plant_0000054,144038,t0055045,Raphanus raphanistrum subsp. sativus,Plantae,subspecies,濱蘿蔔,accepted,濱萊菔
2013-00-00_Plant_Mianhua Islet_0341,HumanObservation,,2013-00-00_Plant_Mianhua Islet_0341,社團法人基隆市野鳥學會 (Wild Bird Society of Keelung),,,,,,,,,2013,,2013,,,Line Transect Survey | Quadrat Sampling (Twelve 5*5 m² Quadrats),Asia,Taiwan,TW,Mianhua Islet,,,25.48483,122.10535,EPSG:4326,400,1e-05,Vigna marina,,KL_Plant_0000056,25894,t0049306,Vigna marina,Plantae,species,濱豇豆,accepted,
2013-00-00_Plant_Mianhua Islet_0342,HumanObservation,,2013-00-00_Plant_Mianhua Islet_0342,社團法人基隆市野鳥學會 (Wild Bird Society of Keelung),,,,,,,,,2013,,2013,,,Line Transect Survey | Quadrat Sampling (Twelve 5*5 m² Quadrats),Asia,Taiwan,TW,Mianhua Islet,,,25.48483,122.10535,EPSG:4326,400,1e-05,Pilea peploides var. major,,KL_Plant_0000057,61485,t0086947,Pilea peploides var. major,Plantae,variety,齒葉矮冷水麻,accepted,苦水花 | 矮冷水麻
2013-00-00_Plant_Mianhua Islet_0343,HumanObservation,,2013-00-00_Plant_Mianhua Islet_0343,社團法人基隆市野鳥學會 (Wild Bird Society of Keelung),,,,,,,,,2013,,2013,,,Line Transect Survey | Quadrat Sampling (Twelve 5*5 m² Quadrats),Asia,Taiwan,TW,Mianhua Islet,,,25.48483,122.10535,EPSG:4326,400,1e-05,Commelina diffusa,,KL_Plant_0000059,21505,t0053100,Commelina diffusa,Plantae,species,竹仔菜,accepted,
2013-00-00_Plant_Mianhua Islet_0344,HumanObservation,,2013-00-00_Plant_Mianhua Islet_0344,社團法人基隆市野鳥學會 (Wild Bird Society of Keelung),,,,,,,,,2013,,2013,,,Line Transect Survey | Quadrat Sampling (Twelve 5*5 m² Quadrats),Asia,Taiwan,TW,Mianhua Islet,,,25.48483,122.10535,EPSG:4326,400,1e-05,Carex breviculmis,,KL_Plant_0000060,21205,t0052815,Carex breviculmis,Plantae,species,短莖宿柱薹,accepted,
2013-00-00_Plant_Mianhua Islet_0345,HumanObservation,,2013-00-00_Plant_Mianhua Islet_0345,社團法人基隆市野鳥學會 (Wild Bird Society of Keelung),,,,,,,,,2013,,2013,,,Line Transect Survey | Quadrat Sampling (Twelve 5*5 m² Quadrats),Asia,Taiwan,TW,Mianhua Islet,,,25.48483,122.10535,EPSG:4326,400,1e-05,Cyperus polystachyos,,KL_Plant_0000061,21705,t0055001,Cyperus polystachyos,Plantae,species,多柱扁莎,accepted,多枝扁莎
2013-00-00_Plant_Mianhua Islet_0346,HumanObservation,,2013-00-00_Plant_Mianhua Islet_0346,社團法人基隆市野鳥學會 (Wild Bird Society of Keelung),,,,,,,,,2013,,2013,,,Line Transect Survey | Quadrat Sampling (Twelve 5*5 m² Quadrats),Asia,Taiwan,TW,Mianhua Islet,,,25.48483,122.10535,EPSG:4326,400,1e-05,Brachiaria villosa,,KL_Plant_0000066,24962,t0040426,Brachiaria villosa,Plantae,species,毛臂形草,accepted,
2013-00-00_Plant_Mianhua Islet_0347,HumanObservation,,2013-00-00_Plant_Mianhua Islet_0347,社團法人基隆市野鳥學會 (Wild Bird Society of Keelung),,,,,,,,,2013,,2013,,,Line Transect Survey | Quadrat Sampling (Twelve 5*5 m² Quadrats),Asia,Taiwan,TW,Mianhua Islet,,,25.48483,122.10535,EPSG:4326,400,1e-05,Digitaria mollicoma,,KL_Plant_0000072,25162,t0053388,Digitaria mollicoma,Plantae,species,絨馬唐,accepted,大絨馬唐
2013-00-00_Plant_Mianhua Islet_0348,HumanObservation,,2013-00-00_Plant_Mianhua Islet_0348,社團法人基隆市野鳥學會 (Wild Bird Society of Keelung),,,,,,,,,2013,,2013,,,Line Transect Survey | Quadrat Sampling (Twelve 5*5 m² Quadrats),Asia,Taiwan,TW,Mianhua Islet,,,25.48483,122.10535,EPSG:4326,400,1e-05,Digitaria sericea,,KL_Plant_0000074,55903,t0073704,Digitaria sericea,Plantae,species,絹毛馬唐,accepted,
2013-00-00_Plant_Mianhua Islet_0349,HumanObservation,,2013-00-00_Plant_Mianhua Islet_0349,社團法人基隆市野鳥學會 (Wild Bird Society of Keelung),,,,,,,,,2013,,2013,,,Line Transect Survey | Quadrat Sampling (Twelve 5*5 m² Quadrats),Asia,Taiwan,TW,Mianhua Islet,,,25.48483,122.10535,EPSG:4326,400,1e-05,Imperata cylindrica var. major,,KL_Plant_0000075,26121,t0087378,Imperata cylindrica var. major,Plantae,variety,白茅,accepted,
2013-00-00_Plant_Mianhua Islet_0350,HumanObservation,,2013-00-00_Plant_Mianhua Islet_0350,社團法人基隆市野鳥學會 (Wild Bird Society of Keelung),,,,,,,,,2013,,2013,,,Line Transect Survey | Quadrat Sampling (Twelve 5*5 m² Quadrats),Asia,Taiwan,TW,Mianhua Islet,,,25.48483,122.10535,EPSG:4326,400,1e-05,Paspalum orbiculare,,KL_Plant_0000078,23423,t0054713,Paspalum orbiculare,Plantae,species,圓果雀稗,accepted,
2013-00-00_Plant_Mianhua Islet_0351,HumanObservation,,2013-00-00_Plant_Mianhua Islet_0351,社團法人基隆市野鳥學會 (Wild Bird Society of Keelung),,,,,,,,,2013,,2013,,,Line Transect Survey | Quadrat Sampling (Twelve 5*5 m² Quadrats),Asia,Taiwan,TW,Mianhua Islet,,,25.48483,122.10535,EPSG:4326,400,1e-05,Paspalum vaginatum,,KL_Plant_0000080,23429,t0054719,Paspalum vaginatum,Plantae,species,海雀稗,accepted,
2013-00-00_Plant_Mianhua Islet_0352,HumanObservation,,2013-00-00_Plant_Mianhua Islet_0352,社團法人基隆市野鳥學會 (Wild Bird Society of Keelung),,,,,,,,,2013,,2013,,,Line Transect Survey | Quadrat Sampling (Twelve 5*5 m² Quadrats),Asia,Taiwan,TW,Mianhua Islet,,,25.48483,122.10535,EPSG:4326,400,1e-05,Setaria parviflora,,KL_Plant_0000083,59832,t0058251,Setaria parviflora,Plantae,species,莠狗尾草,accepted,
2013-00-00_Plant_Mianhua Islet_0353,HumanObservation,,2013-00-00_Plant_Mianhua Islet_0353,社團法人基隆市野鳥學會 (Wild Bird Society of Keelung),,,,,,,,,2013,,2013,,,Line Transect Survey | Quadrat Sampling (Twelve 5*5 m² Quadrats),Asia,Taiwan,TW,Mianhua Islet,,,25.48483,122.10535,EPSG:4326,400,1e-05,Zoysia japonica,,KL_Plant_0000086,24826,t0049406,Zoysia japonica,Plantae,species,日本芝,accepted,結縷草
2014-00-00_Plant_Mianhua Islet_0354,HumanObservation,,2014-00-00_Plant_Mianhua Islet_0354,社團法人基隆市野鳥學會 (Wild Bird Society of Keelung),,,,,,,,,2014,,2014,,,Line Transect Survey | Quadrat Sampling (Twelve 5*5 m² Quadrats),Asia,Taiwan,TW,Mianhua Islet,,,25.48483,122.10535,EPSG:4326,400,1e-05,Cyrtomium falcatum,,KL_Plant_0000001,25108,t0058916,Cyrtomium falcatum,Plantae,species,全緣貫眾蕨,accepted,
2014-00-00_Plant_Mianhua Islet_0355,HumanObservation,,2014-00-00_Plant_Mianhua Islet_0355,社團法人基隆市野鳥學會 (Wild Bird Society of Keelung),,,,,,,,,2014,,2014,,,Line Transect Survey | Quadrat Sampling (Twelve 5*5 m² Quadrats),Asia,Taiwan,TW,Mianhua Islet,,,25.48483,122.10535,EPSG:4326,400,1e-05,Pteris fauriei var. fauriei,,KL_Plant_0000002,145731,t0101197,Pteris fauriei var. fauriei,Plantae,variety,傅氏鳳尾蕨,accepted,
2014-00-00_Plant_Mianhua Islet_0356,HumanObservation,,2014-00-00_Plant_Mianhua Islet_0356,社團法人基隆市野鳥學會 (Wild Bird Society of Keelung),,,,,,,,,2014,,2014,,,Line Transect Survey | Quadrat Sampling (Twelve 5*5 m² Quadrats),Asia,Taiwan,TW,Mianhua Islet,,,25.48483,122.10535,EPSG:4326,400,1e-05,Haplopteris anguste-elongata,,KL_Plant_0000003,25322,t0026568,Haplopteris anguste-elongata,Plantae,species,姬書帶蕨,accepted,
2014-00-00_Plant_Mianhua Islet_0357,HumanObservation,,2014-00-00_Plant_Mianhua Islet_0357,社團法人基隆市野鳥學會 (Wild Bird Society of Keelung),,,,,,,,,2014,,2014,,,Line Transect Survey | Quadrat Sampling (Twelve 5*5 m² Quadrats),Asia,Taiwan,TW,Mianhua Islet,,,25.48483,122.10535,EPSG:4326,400,1e-05,Odontosoria biflora,,KL_Plant_0000004,58275,t0026476,Odontosoria biflora,Plantae,species,闊片烏蕨,accepted,
2014-00-00_Plant_Mianhua Islet_0358,HumanObservation,,2014-00-00_Plant_Mianhua Islet_0358,社團法人基隆市野鳥學會 (Wild Bird Society of Keelung),,,,,,,,,2014,,2014,,,Line Transect Survey | Quadrat Sampling (Twelve 5*5 m² Quadrats),Asia,Taiwan,TW,Mianhua Islet,,,25.48483,122.10535,EPSG:4326,400,1e-05,Nephrolepis biserrata,,KL_Plant_0000005,25551,t0026749,Nephrolepis biserrata,Plantae,species,長葉腎蕨,accepted,
2014-00-00_Plant_Mianhua Islet_0359,HumanObservation,,2014-00-00_Plant_Mianhua Islet_0359,社團法人基隆市野鳥學會 (Wild Bird Society of Keelung),,,,,,,,,2014,,2014,,,Line Transect Survey | Quadrat Sampling (Twelve 5*5 m² Quadrats),Asia,Taiwan,TW,Mianhua Islet,,,25.48483,122.10535,EPSG:4326,400,1e-05,Tetragonia tetragonoides,,KL_Plant_0000006,25847,t0055572,Tetragonia tetragonoides,Plantae,species,番杏,accepted,
2014-00-00_Plant_Mianhua Islet_0360,HumanObservation,,2014-00-00_Plant_Mianhua Islet_0360,社團法人基隆市野鳥學會 (Wild Bird Society of Keelung),,,,,,,,,2014,,2014,,,Line Transect Survey | Quadrat Sampling (Twelve 5*5 m² Quadrats),Asia,Taiwan,TW,Mianhua Islet,,,25.48483,122.10535,EPSG:4326,400,1e-05,Morus australis,,KL_Plant_0000008,23164,t0046326,Morus australis,Plantae,species,小葉桑,accepted,
2014-00-00_Plant_Mianhua Islet_0361,HumanObservation,,2014-00-00_Plant_Mianhua Islet_0361,社團法人基隆市野鳥學會 (Wild Bird Society of Keelung),,,,,,,,,2014,,2014,,,Line Transect Survey | Quadrat Sampling (Twelve 5*5 m² Quadrats),Asia,Taiwan,TW,Mianhua Islet,,,25.48483,122.10535,EPSG:4326,400,1e-05,Persicaria chinensis,,KL_Plant_0000009,58649,t0058947,Persicaria chinensis,Plantae,species,火炭母草,accepted,
2014-00-00_Plant_Mianhua Islet_0362,HumanObservation,,2014-00-00_Plant_Mianhua Islet_0362,社團法人基隆市野鳥學會 (Wild Bird Society of Keelung),,,,,,,,,2014,,2014,,,Line Transect Survey | Quadrat Sampling (Twelve 5*5 m² Quadrats),Asia,Taiwan,TW,Mianhua Islet,,,25.48483,122.10535,EPSG:4326,400,1e-05,Rumex japonicus,,KL_Plant_0000010,120410,t0059215,Rumex japonicus,Plantae,species,羊蹄,accepted,
2014-00-00_Plant_Mianhua Islet_0363,HumanObservation,,2014-00-00_Plant_Mianhua Islet_0363,社團法人基隆市野鳥學會 (Wild Bird Society of Keelung),,,,,,,,,2014,,2014,,,Line Transect Survey | Quadrat Sampling (Twelve 5*5 m² Quadrats),Asia,Taiwan,TW,Mianhua Islet,,,25.48483,122.10535,EPSG:4326,400,1e-05,Cocculus orbiculatus,,KL_Plant_0000011,55292,t0073343,Cocculus orbiculatus,Plantae,species,木防己,accepted,
2014-00-00_Plant_Mianhua Islet_0364,HumanObservation,,2014-00-00_Plant_Mianhua Islet_0364,社團法人基隆市野鳥學會 (Wild Bird Society of Keelung),,,,,,,,,2014,,2014,,,Line Transect Survey | Quadrat Sampling (Twelve 5*5 m² Quadrats),Asia,Taiwan,TW,Mianhua Islet,,,25.48483,122.10535,EPSG:4326,400,1e-05,Boerhavia glabrata,,KL_Plant_0000013,21022,t0040401,Boerhavia glabrata,Plantae,species,光果黃細心,accepted,
2014-00-00_Plant_Mianhua Islet_0365,HumanObservation,,2014-00-00_Plant_Mianhua Islet_0365,社團法人基隆市野鳥學會 (Wild Bird Society of Keelung),,,,,,,,,2014,,2014,,,Line Transect Survey | Quadrat Sampling (Twelve 5*5 m² Quadrats),Asia,Taiwan,TW,Mianhua Islet,,,25.48483,122.10535,EPSG:4326,400,1e-05,Portulaca oleracea,,KL_Plant_0000014,23727,t0054931,Portulaca oleracea,Plantae,species,馬齒莧,accepted,
2014-00-00_Plant_Mianhua Islet_0366,HumanObservation,,2014-00-00_Plant_Mianhua Islet_0366,社團法人基隆市野鳥學會 (Wild Bird Society of Keelung),,,,,,,,,2014,,2014,,,Line Transect Survey | Quadrat Sampling (Twelve 5*5 m² Quadrats),Asia,Taiwan,TW,Mianhua Islet,,,25.48483,122.10535,EPSG:4326,400,1e-05,Portulaca pilosa,,KL_Plant_0000015,23728,t0054932,Portulaca pilosa,Plantae,species,毛馬齒莧,accepted,
2014-00-00_Plant_Mianhua Islet_0367,HumanObservation,,2014-00-00_Plant_Mianhua Islet_0367,社團法人基隆市野鳥學會 (Wild Bird Society of Keelung),,,,,,,,,2014,,2014,,,Line Transect Survey | Quadrat Sampling (Twelve 5*5 m² Quadrats),Asia,Taiwan,TW,Mianhua Islet,,,25.48483,122.10535,EPSG:4326,400,1e-05,Chenopodium acuminatum,,KL_Plant_0000016,55050,t0073189,Chenopodium acuminatum,Plantae,species,變葉藜,accepted,
2014-00-00_Plant_Mianhua Islet_0368,HumanObservation,,2014-00-00_Plant_Mianhua Islet_0368,社團法人基隆市野鳥學會 (Wild Bird Society of Keelung),,,,,,,,,2014,,2014,,,Line Transect Survey | Quadrat Sampling (Twelve 5*5 m² Quadrats),Asia,Taiwan,TW,Mianhua Islet,,,25.48483,122.10535,EPSG:4326,400,1e-05,Sedum formosanum,,KL_Plant_0000019,24177,t0055292,Sedum formosanum,Plantae,species,台灣佛甲草,accepted,石板菜
2014-00-00_Plant_Mianhua Islet_0369,HumanObservation,,2014-00-00_Plant_Mianhua Islet_0369,社團法人基隆市野鳥學會 (Wild Bird Society of Keelung),,,,,,,,,2014,,2014,,,Line Transect Survey | Quadrat Sampling (Twelve 5*5 m² Quadrats),Asia,Taiwan,TW,Mianhua Islet,,,25.48483,122.10535,EPSG:4326,400,1e-05,Oxalis corniculata,,KL_Plant_0000020,23347,t0054668,Oxalis corniculata,Plantae,species,酢漿草,accepted,
2014-00-00_Plant_Mianhua Islet_0370,HumanObservation,,2014-00-00_Plant_Mianhua Islet_0370,社團法人基隆市野鳥學會 (Wild Bird Society of Keelung),,,,,,,,,2014,,2014,,,Line Transect Survey | Quadrat Sampling (Twelve 5*5 m² Quadrats),Asia,Taiwan,TW,Mianhua Islet,,,25.48483,122.10535,EPSG:4326,400,1e-05,Centella asiatica,,KL_Plant_0000021,54893,t0058743,Centella asiatica,Plantae,species,雷公根,accepted,
2014-00-00_Plant_Mianhua Islet_0371,HumanObservation,,2014-00-00_Plant_Mianhua Islet_0371,社團法人基隆市野鳥學會 (Wild Bird Society of Keelung),,,,,,,,,2014,,2014,,,Line Transect Survey | Quadrat Sampling (Twelve 5*5 m² Quadrats),Asia,Taiwan,TW,Mianhua Islet,,,25.48483,122.10535,EPSG:4326,400,1e-05,Lysimachia mauritiana,,KL_Plant_0000023,22991,t0054360,Lysimachia mauritiana,Plantae,species,茅毛珍珠菜,accepted,
2014-00-00_Plant_Mianhua Islet_0372,HumanObservation,,2014-00-00_Plant_Mianhua Islet_0372,社團法人基隆市野鳥學會 (Wild Bird Society of Keelung),,,,,,,,,2014,,2014,,,Line Transect Survey | Quadrat Sampling (Twelve 5*5 m² Quadrats),Asia,Taiwan,TW,Mianhua Islet,,,25.48483,122.10535,EPSG:4326,400,1e-05,Leptopetalum coreanum,,KL_Plant_0000024,57472,t0103362,Leptopetalum coreanum,Plantae,species,脈耳草,accepted,
2014-00-00_Plant_Mianhua Islet_0373,HumanObservation,,2014-00-00_Plant_Mianhua Islet_0373,社團法人基隆市野鳥學會 (Wild Bird Society of Keelung),,,,,,,,,2014,,2014,,,Line Transect Survey | Quadrat Sampling (Twelve 5*5 m² Quadrats),Asia,Taiwan,TW,Mianhua Islet,,,25.48483,122.10535,EPSG:4326,400,1e-05,Morinda umbellata,,KL_Plant_0000025,23162,t0054498,Morinda umbellata,Plantae,species,繖花藤,accepted,羊角藤
2014-00-00_Plant_Mianhua Islet_0374,HumanObservation,,2014-00-00_Plant_Mianhua Islet_0374,社團法人基隆市野鳥學會 (Wild Bird Society of Keelung),,,,,,,,,2014,,2014,,,Line Transect Survey | Quadrat Sampling (Twelve 5*5 m² Quadrats),Asia,Taiwan,TW,Mianhua Islet,,,25.48483,122.10535,EPSG:4326,400,1e-05,Dichondra micrantha,,KL_Plant_0000027,21810,t0053370,Dichondra micrantha,Plantae,species,馬蹄金,accepted,
2014-00-00_Plant_Mianhua Islet_0375,HumanObservation,,2014-00-00_Plant_Mianhua Islet_0375,社團法人基隆市野鳥學會 (Wild Bird Society of Keelung),,,,,,,,,2014,,2014,,,Line Transect Survey | Quadrat Sampling (Twelve 5*5 m² Quadrats),Asia,Taiwan,TW,Mianhua Islet,,,25.48483,122.10535,EPSG:4326,400,1e-05,Ipomoea pes-caprae,,KL_Plant_0000028,25371,t0100319,Ipomoea pes-caprae,Plantae,species,馬鞍藤,accepted,
2014-00-00_Plant_Mianhua Islet_0376,HumanObservation,,2014-00-00_Plant_Mianhua Islet_0376,社團法人基隆市野鳥學會 (Wild Bird Society of Keelung),,,,,,,,,2014,,2014,,,Line Transect Survey | Quadrat Sampling (Twelve 5*5 m² Quadrats),Asia,Taiwan,TW,Mianhua Islet,,,25.48483,122.10535,EPSG:4326,400,1e-05,Callicarpa japonica var. luxurians,,KL_Plant_0000029,25954,t0087359,Callicarpa japonica var. luxurians,Plantae,variety,朝鮮紫珠,accepted,
2014-00-00_Plant_Mianhua Islet_0377,HumanObservation,,2014-00-00_Plant_Mianhua Islet_0377,社團法人基隆市野鳥學會 (Wild Bird Society of Keelung),,,,,,,,,2014,,2014,,,Line Transect Survey | Quadrat Sampling (Twelve 5*5 m² Quadrats),Asia,Taiwan,TW,Mianhua Islet,,,25.48483,122.10535,EPSG:4326,400,1e-05,Leonurus japonicus,,KL_Plant_0000030,22790,t0054200,Leonurus japonicus,Plantae,species,益母草,accepted,
2014-00-00_Plant_Mianhua Islet_0378,HumanObservation,,2014-00-00_Plant_Mianhua Islet_0378,社團法人基隆市野鳥學會 (Wild Bird Society of Keelung),,,,,,,,,2014,,2014,,,Line Transect Survey | Quadrat Sampling (Twelve 5*5 m² Quadrats),Asia,Taiwan,TW,Mianhua Islet,,,25.48483,122.10535,EPSG:4326,400,1e-05,Corydalis koidzumiana,,KL_Plant_0000033,21549,t0053128,Corydalis koidzumiana,Plantae,species,密花黃堇,accepted,密花黃菫
2014-00-00_Plant_Mianhua Islet_0379,HumanObservation,,2014-00-00_Plant_Mianhua Islet_0379,社團法人基隆市野鳥學會 (Wild Bird Society of Keelung),,,,,,,,,2014,,2014,,,Line Transect Survey | Quadrat Sampling (Twelve 5*5 m² Quadrats),Asia,Taiwan,TW,Mianhua Islet,,,25.48483,122.10535,EPSG:4326,400,1e-05,Scaevola taccada,,KL_Plant_0000034,25749,t0055240,Scaevola taccada,Plantae,species,草海桐,accepted,
2014-00-00_Plant_Mianhua Islet_0380,HumanObservation,,2014-00-00_Plant_Mianhua Islet_0380,社團法人基隆市野鳥學會 (Wild Bird Society of Keelung),,,,,,,,,2014,,2014,,,Line Transect Survey | Quadrat Sampling (Twelve 5*5 m² Quadrats),Asia,Taiwan,TW,Mianhua Islet,,,25.48483,122.10535,EPSG:4326,400,1e-05,Artemisia capillaris,,KL_Plant_0000035,20715,t0052627,Artemisia capillaris,Plantae,species,茵陳蒿,accepted,
2014-00-00_Plant_Mianhua Islet_0381,HumanObservation,,2014-00-00_Plant_Mianhua Islet_0381,社團法人基隆市野鳥學會 (Wild Bird Society of Keelung),,,,,,,,,2014,,2014,,,Line Transect Survey | Quadrat Sampling (Twelve 5*5 m² Quadrats),Asia,Taiwan,TW,Mianhua Islet,,,25.48483,122.10535,EPSG:4326,400,1e-05,Conyza sumatrensis,,KL_Plant_0000039,55429,t0073443,Conyza sumatrensis,Plantae,species,野茼蒿,accepted,
2014-00-00_Plant_Mianhua Islet_0382,HumanObservation,,2014-00-00_Plant_Mianhua Islet_0382,社團法人基隆市野鳥學會 (Wild Bird Society of Keelung),,,,,,,,,2014,,2014,,,Line Transect Survey | Quadrat Sampling (Twelve 5*5 m² Quadrats),Asia,Taiwan,TW,Mianhua Islet,,,25.48483,122.10535,EPSG:4326,400,1e-05,Crossostephium chinense,,KL_Plant_0000040,21588,t0053159,Crossostephium chinense,Plantae,species,蘄艾,accepted,
2014-00-00_Plant_Mianhua Islet_0383,HumanObservation,,2014-00-00_Plant_Mianhua Islet_0383,社團法人基隆市野鳥學會 (Wild Bird Society of Keelung),,,,,,,,,2014,,2014,,,Line Transect Survey | Quadrat Sampling (Twelve 5*5 m² Quadrats),Asia,Taiwan,TW,Mianhua Islet,,,25.48483,122.10535,EPSG:4326,400,1e-05,Emilia sonchifolia,,KL_Plant_0000041,25212,t0053530,Emilia sonchifolia,Plantae,species,紫背草,accepted,一點紅 | 葉下紅
2014-00-00_Plant_Mianhua Islet_0384,HumanObservation,,2014-00-00_Plant_Mianhua Islet_0384,社團法人基隆市野鳥學會 (Wild Bird Society of Keelung),,,,,,,,,2014,,2014,,,Line Transect Survey | Quadrat Sampling (Twelve 5*5 m² Quadrats),Asia,Taiwan,TW,Mianhua Islet,,,25.48483,122.10535,EPSG:4326,400,1e-05,Gnaphalium luteoalbum subsp. affine,,KL_Plant_0000043,61275,t0057950,Gnaphalium luteoalbum subsp. affine,Plantae,subspecies,鼠麴草,accepted,
2014-00-00_Plant_Mianhua Islet_0385,HumanObservation,,2014-00-00_Plant_Mianhua Islet_0385,社團法人基隆市野鳥學會 (Wild Bird Society of Keelung),,,,,,,,,2014,,2014,,,Line Transect Survey | Quadrat Sampling (Twelve 5*5 m² Quadrats),Asia,Taiwan,TW,Mianhua Islet,,,25.48483,122.10535,EPSG:4326,400,1e-05,Wollastonia biflora,,KL_Plant_0000049,60736,t0069822,Wollastonia biflora,Plantae,species,雙花蟛蜞菊,accepted,
2014-00-00_Plant_Mianhua Islet_0386,HumanObservation,,2014-00-00_Plant_Mianhua Islet_0386,社團法人基隆市野鳥學會 (Wild Bird Society of Keelung),,,,,,,,,2014,,2014,,,Line Transect Survey | Quadrat Sampling (Twelve 5*5 m² Quadrats),Asia,Taiwan,TW,Mianhua Islet,,,25.48483,122.10535,EPSG:4326,400,1e-05,Wollastonia dentata,,KL_Plant_0000092,60737,t0057507,Wollastonia dentata,Plantae,species,大天蓬草舅,accepted,天蓬草舅
2014-00-00_Plant_Mianhua Islet_0387,HumanObservation,,2014-00-00_Plant_Mianhua Islet_0387,社團法人基隆市野鳥學會 (Wild Bird Society of Keelung),,,,,,,,,2014,,2014,,,Line Transect Survey | Quadrat Sampling (Twelve 5*5 m² Quadrats),Asia,Taiwan,TW,Mianhua Islet,,,25.48483,122.10535,EPSG:4326,400,1e-05,Youngia japonica,,KL_Plant_0000052,25907,t0069832,Youngia japonica,Plantae,species,黃鵪菜,accepted,
2014-00-00_Plant_Mianhua Islet_0388,HumanObservation,,2014-00-00_Plant_Mianhua Islet_0388,社團法人基隆市野鳥學會 (Wild Bird Society of Keelung),,,,,,,,,2014,,2014,,,Line Transect Survey | Quadrat Sampling (Twelve 5*5 m² Quadrats),Asia,Taiwan,TW,Mianhua Islet,,,25.48483,122.10535,EPSG:4326,400,1e-05,Oenothera laciniata,,KL_Plant_0000053,23277,t0046093,Oenothera laciniata,Plantae,species,裂葉月見草,accepted,
2014-00-00_Plant_Mianhua Islet_0389,HumanObservation,,2014-00-00_Plant_Mianhua Islet_0389,社團法人基隆市野鳥學會 (Wild Bird Society of Keelung),,,,,,,,,2014,,2014,,,Line Transect Survey | Quadrat Sampling (Twelve 5*5 m² Quadrats),Asia,Taiwan,TW,Mianhua Islet,,,25.48483,122.10535,EPSG:4326,400,1e-05,Raphanus raphanistrum subsp. sativus,,KL_Plant_0000054,144038,t0055045,Raphanus raphanistrum subsp. sativus,Plantae,subspecies,濱蘿蔔,accepted,濱萊菔
2014-00-00_Plant_Mianhua Islet_0390,HumanObservation,,2014-00-00_Plant_Mianhua Islet_0390,社團法人基隆市野鳥學會 (Wild Bird Society of Keelung),,,,,,,,,2014,,2014,,,Line Transect Survey | Quadrat Sampling (Twelve 5*5 m² Quadrats),Asia,Taiwan,TW,Mianhua Islet,,,25.48483,122.10535,EPSG:4326,400,1e-05,Vigna marina,,KL_Plant_0000056,25894,t0049306,Vigna marina,Plantae,species,濱豇豆,accepted,
2014-00-00_Plant_Mianhua Islet_0391,HumanObservation,,2014-00-00_Plant_Mianhua Islet_0391,社團法人基隆市野鳥學會 (Wild Bird Society of Keelung),,,,,,,,,2014,,2014,,,Line Transect Survey | Quadrat Sampling (Twelve 5*5 m² Quadrats),Asia,Taiwan,TW,Mianhua Islet,,,25.48483,122.10535,EPSG:4326,400,1e-05,Pilea peploides var. major,,KL_Plant_0000057,61485,t0086947,Pilea peploides var. major,Plantae,variety,齒葉矮冷水麻,accepted,苦水花 | 矮冷水麻
2014-00-00_Plant_Mianhua Islet_0392,HumanObservation,,2014-00-00_Plant_Mianhua Islet_0392,社團法人基隆市野鳥學會 (Wild Bird Society of Keelung),,,,,,,,,2014,,2014,,,Line Transect Survey | Quadrat Sampling (Twelve 5*5 m² Quadrats),Asia,Taiwan,TW,Mianhua Islet,,,25.48483,122.10535,EPSG:4326,400,1e-05,Commelina diffusa,,KL_Plant_0000059,21505,t0053100,Commelina diffusa,Plantae,species,竹仔菜,accepted,
2014-00-00_Plant_Mianhua Islet_0393,HumanObservation,,2014-00-00_Plant_Mianhua Islet_0393,社團法人基隆市野鳥學會 (Wild Bird Society of Keelung),,,,,,,,,2014,,2014,,,Line Transect Survey | Quadrat Sampling (Twelve 5*5 m² Quadrats),Asia,Taiwan,TW,Mianhua Islet,,,25.48483,122.10535,EPSG:4326,400,1e-05,Carex breviculmis,,KL_Plant_0000060,21205,t0052815,Carex breviculmis,Plantae,species,短莖宿柱薹,accepted,
2014-00-00_Plant_Mianhua Islet_0394,HumanObservation,,2014-00-00_Plant_Mianhua Islet_0394,社團法人基隆市野鳥學會 (Wild Bird Society of Keelung),,,,,,,,,2014,,2014,,,Line Transect Survey | Quadrat Sampling (Twelve 5*5 m² Quadrats),Asia,Taiwan,TW,Mianhua Islet,,,25.48483,122.10535,EPSG:4326,400,1e-05,Cyperus polystachyos,,KL_Plant_0000061,21705,t0055001,Cyperus polystachyos,Plantae,species,多柱扁莎,accepted,多枝扁莎
2014-00-00_Plant_Mianhua Islet_0395,HumanObservation,,2014-00-00_Plant_Mianhua Islet_0395,社團法人基隆市野鳥學會 (Wild Bird Society of Keelung),,,,,,,,,2014,,2014,,,Line Transect Survey | Quadrat Sampling (Twelve 5*5 m² Quadrats),Asia,Taiwan,TW,Mianhua Islet,,,25.48483,122.10535,EPSG:4326,400,1e-05,Brachiaria villosa,,KL_Plant_0000066,24962,t0040426,Brachiaria villosa,Plantae,species,毛臂形草,accepted,
2014-00-00_Plant_Mianhua Islet_0396,HumanObservation,,2014-00-00_Plant_Mianhua Islet_0396,社團法人基隆市野鳥學會 (Wild Bird Society of Keelung),,,,,,,,,2014,,2014,,,Line Transect Survey | Quadrat Sampling (Twelve 5*5 m² Quadrats),Asia,Taiwan,TW,Mianhua Islet,,,25.48483,122.10535,EPSG:4326,400,1e-05,Digitaria mollicoma,,KL_Plant_0000072,25162,t0053388,Digitaria mollicoma,Plantae,species,絨馬唐,accepted,大絨馬唐
2014-00-00_Plant_Mianhua Islet_0397,HumanObservation,,2014-00-00_Plant_Mianhua Islet_0397,社團法人基隆市野鳥學會 (Wild Bird Society of Keelung),,,,,,,,,2014,,2014,,,Line Transect Survey | Quadrat Sampling (Twelve 5*5 m² Quadrats),Asia,Taiwan,TW,Mianhua Islet,,,25.48483,122.10535,EPSG:4326,400,1e-05,Digitaria sericea,,KL_Plant_0000074,55903,t0073704,Digitaria sericea,Plantae,species,絹毛馬唐,accepted,
2014-00-00_Plant_Mianhua Islet_0398,HumanObservation,,2014-00-00_Plant_Mianhua Islet_0398,社團法人基隆市野鳥學會 (Wild Bird Society of Keelung),,,,,,,,,2014,,2014,,,Line Transect Survey | Quadrat Sampling (Twelve 5*5 m² Quadrats),Asia,Taiwan,TW,Mianhua Islet,,,25.48483,122.10535,EPSG:4326,400,1e-05,Imperata cylindrica var. major,,KL_Plant_0000075,26121,t0087378,Imperata cylindrica var. major,Plantae,variety,白茅,accepted,
2014-00-00_Plant_Mianhua Islet_0399,HumanObservation,,2014-00-00_Plant_Mianhua Islet_0399,社團法人基隆市野鳥學會 (Wild Bird Society of Keelung),,,,,,,,,2014,,2014,,,Line Transect Survey | Quadrat Sampling (Twelve 5*5 m² Quadrats),Asia,Taiwan,TW,Mianhua Islet,,,25.48483,122.10535,EPSG:4326,400,1e-05,Paspalum orbiculare,,KL_Plant_0000078,23423,t0054713,Paspalum orbiculare,Plantae,species,圓果雀稗,accepted,
2014-00-00_Plant_Mianhua Islet_0400,HumanObservation,,2014-00-00_Plant_Mianhua Islet_0400,社團法人基隆市野鳥學會 (Wild Bird Society of Keelung),,,,,,,,,2014,,2014,,,Line Transect Survey | Quadrat Sampling (Twelve 5*5 m² Quadrats),Asia,Taiwan,TW,Mianhua Islet,,,25.48483,122.10535,EPSG:4326,400,1e-05,Paspalum vaginatum,,KL_Plant_0000080,23429,t0054719,Paspalum vaginatum,Plantae,species,海雀稗,accepted,
2014-00-00_Plant_Mianhua Islet_0401,HumanObservation,,2014-00-00_Plant_Mianhua Islet_0401,社團法人基隆市野鳥學會 (Wild Bird Society of Keelung),,,,,,,,,2014,,2014,,,Line Transect Survey | Quadrat Sampling (Twelve 5*5 m² Quadrats),Asia,Taiwan,TW,Mianhua Islet,,,25.48483,122.10535,EPSG:4326,400,1e-05,Setaria parviflora,,KL_Plant_0000083,59832,t0058251,Setaria parviflora,Plantae,species,莠狗尾草,accepted,
2014-00-00_Plant_Mianhua Islet_0402,HumanObservation,,2014-00-00_Plant_Mianhua Islet_0402,社團法人基隆市野鳥學會 (Wild Bird Society of Keelung),,,,,,,,,2014,,2014,,,Line Transect Survey | Quadrat Sampling (Twelve 5*5 m² Quadrats),Asia,Taiwan,TW,Mianhua Islet,,,25.48483,122.10535,EPSG:4326,400,1e-05,Zoysia japonica,,KL_Plant_0000086,24826,t0049406,Zoysia japonica,Plantae,species,日本芝,accepted,結縷草
2014-00-00_Plant_Mianhua Islet_0403,HumanObservation,,2014-00-00_Plant_Mianhua Islet_0403,社團法人基隆市野鳥學會 (Wild Bird Society of Keelung),,,,,,,,,2014,,2014,,,Line Transect Survey | Quadrat Sampling (Twelve 5*5 m² Quadrats),Asia,Taiwan,TW,Mianhua Islet,,,25.48483,122.10535,EPSG:4326,400,1e-05,Lycianthes biflora,,KL_Plant_0000089,57673,t0058473,Lycianthes biflora,Plantae,species,雙花龍葵,accepted,
2015-00-00_Plant_Mianhua Islet_0404,HumanObservation,,2015-00-00_Plant_Mianhua Islet_0404,社團法人基隆市野鳥學會 (Wild Bird Society of Keelung),,,,,,,,,2015,,2015,,,Line Transect Survey | Quadrat Sampling (Twelve 5*5 m² Quadrats),Asia,Taiwan,TW,Mianhua Islet,,,25.48483,122.10535,EPSG:4326,400,1e-05,Cyrtomium falcatum,,KL_Plant_0000001,25108,t0058916,Cyrtomium falcatum,Plantae,species,全緣貫眾蕨,accepted,
2015-00-00_Plant_Mianhua Islet_0405,HumanObservation,,2015-00-00_Plant_Mianhua Islet_0405,社團法人基隆市野鳥學會 (Wild Bird Society of Keelung),,,,,,,,,2015,,2015,,,Line Transect Survey | Quadrat Sampling (Twelve 5*5 m² Quadrats),Asia,Taiwan,TW,Mianhua Islet,,,25.48483,122.10535,EPSG:4326,400,1e-05,Pteris fauriei var. fauriei,,KL_Plant_0000002,145731,t0101197,Pteris fauriei var. fauriei,Plantae,variety,傅氏鳳尾蕨,accepted,
2015-00-00_Plant_Mianhua Islet_0406,HumanObservation,,2015-00-00_Plant_Mianhua Islet_0406,社團法人基隆市野鳥學會 (Wild Bird Society of Keelung),,,,,,,,,2015,,2015,,,Line Transect Survey | Quadrat Sampling (Twelve 5*5 m² Quadrats),Asia,Taiwan,TW,Mianhua Islet,,,25.48483,122.10535,EPSG:4326,400,1e-05,Haplopteris anguste-elongata,,KL_Plant_0000003,25322,t0026568,Haplopteris anguste-elongata,Plantae,species,姬書帶蕨,accepted,
2015-00-00_Plant_Mianhua Islet_0407,HumanObservation,,2015-00-00_Plant_Mianhua Islet_0407,社團法人基隆市野鳥學會 (Wild Bird Society of Keelung),,,,,,,,,2015,,2015,,,Line Transect Survey | Quadrat Sampling (Twelve 5*5 m² Quadrats),Asia,Taiwan,TW,Mianhua Islet,,,25.48483,122.10535,EPSG:4326,400,1e-05,Odontosoria biflora,,KL_Plant_0000004,58275,t0026476,Odontosoria biflora,Plantae,species,闊片烏蕨,accepted,
2015-00-00_Plant_Mianhua Islet_0408,HumanObservation,,2015-00-00_Plant_Mianhua Islet_0408,社團法人基隆市野鳥學會 (Wild Bird Society of Keelung),,,,,,,,,2015,,2015,,,Line Transect Survey | Quadrat Sampling (Twelve 5*5 m² Quadrats),Asia,Taiwan,TW,Mianhua Islet,,,25.48483,122.10535,EPSG:4326,400,1e-05,Nephrolepis biserrata,,KL_Plant_0000005,25551,t0026749,Nephrolepis biserrata,Plantae,species,長葉腎蕨,accepted,
2015-00-00_Plant_Mianhua Islet_0409,HumanObservation,,2015-00-00_Plant_Mianhua Islet_0409,社團法人基隆市野鳥學會 (Wild Bird Society of Keelung),,,,,,,,,2015,,2015,,,Line Transect Survey | Quadrat Sampling (Twelve 5*5 m² Quadrats),Asia,Taiwan,TW,Mianhua Islet,,,25.48483,122.10535,EPSG:4326,400,1e-05,Tetragonia tetragonoides,,KL_Plant_0000006,25847,t0055572,Tetragonia tetragonoides,Plantae,species,番杏,accepted,
2015-00-00_Plant_Mianhua Islet_0410,HumanObservation,,2015-00-00_Plant_Mianhua Islet_0410,社團法人基隆市野鳥學會 (Wild Bird Society of Keelung),,,,,,,,,2015,,2015,,,Line Transect Survey | Quadrat Sampling (Twelve 5*5 m² Quadrats),Asia,Taiwan,TW,Mianhua Islet,,,25.48483,122.10535,EPSG:4326,400,1e-05,Morus australis,,KL_Plant_0000008,23164,t0046326,Morus australis,Plantae,species,小葉桑,accepted,
2015-00-00_Plant_Mianhua Islet_0411,HumanObservation,,2015-00-00_Plant_Mianhua Islet_0411,社團法人基隆市野鳥學會 (Wild Bird Society of Keelung),,,,,,,,,2015,,2015,,,Line Transect Survey | Quadrat Sampling (Twelve 5*5 m² Quadrats),Asia,Taiwan,TW,Mianhua Islet,,,25.48483,122.10535,EPSG:4326,400,1e-05,Persicaria chinensis,,KL_Plant_0000009,58649,t0058947,Persicaria chinensis,Plantae,species,火炭母草,accepted,
2015-00-00_Plant_Mianhua Islet_0412,HumanObservation,,2015-00-00_Plant_Mianhua Islet_0412,社團法人基隆市野鳥學會 (Wild Bird Society of Keelung),,,,,,,,,2015,,2015,,,Line Transect Survey | Quadrat Sampling (Twelve 5*5 m² Quadrats),Asia,Taiwan,TW,Mianhua Islet,,,25.48483,122.10535,EPSG:4326,400,1e-05,Rumex japonicus,,KL_Plant_0000010,120410,t0059215,Rumex japonicus,Plantae,species,羊蹄,accepted,
2015-00-00_Plant_Mianhua Islet_0413,HumanObservation,,2015-00-00_Plant_Mianhua Islet_0413,社團法人基隆市野鳥學會 (Wild Bird Society of Keelung),,,,,,,,,2015,,2015,,,Line Transect Survey | Quadrat Sampling (Twelve 5*5 m² Quadrats),Asia,Taiwan,TW,Mianhua Islet,,,25.48483,122.10535,EPSG:4326,400,1e-05,Cocculus orbiculatus,,KL_Plant_0000011,55292,t0073343,Cocculus orbiculatus,Plantae,species,木防己,accepted,
2015-00-00_Plant_Mianhua Islet_0414,HumanObservation,,2015-00-00_Plant_Mianhua Islet_0414,社團法人基隆市野鳥學會 (Wild Bird Society of Keelung),,,,,,,,,2015,,2015,,,Line Transect Survey | Quadrat Sampling (Twelve 5*5 m² Quadrats),Asia,Taiwan,TW,Mianhua Islet,,,25.48483,122.10535,EPSG:4326,400,1e-05,Boerhavia glabrata,,KL_Plant_0000013,21022,t0040401,Boerhavia glabrata,Plantae,species,光果黃細心,accepted,
2015-00-00_Plant_Mianhua Islet_0415,HumanObservation,,2015-00-00_Plant_Mianhua Islet_0415,社團法人基隆市野鳥學會 (Wild Bird Society of Keelung),,,,,,,,,2015,,2015,,,Line Transect Survey | Quadrat Sampling (Twelve 5*5 m² Quadrats),Asia,Taiwan,TW,Mianhua Islet,,,25.48483,122.10535,EPSG:4326,400,1e-05,Portulaca oleracea,,KL_Plant_0000014,23727,t0054931,Portulaca oleracea,Plantae,species,馬齒莧,accepted,
2015-00-00_Plant_Mianhua Islet_0416,HumanObservation,,2015-00-00_Plant_Mianhua Islet_0416,社團法人基隆市野鳥學會 (Wild Bird Society of Keelung),,,,,,,,,2015,,2015,,,Line Transect Survey | Quadrat Sampling (Twelve 5*5 m² Quadrats),Asia,Taiwan,TW,Mianhua Islet,,,25.48483,122.10535,EPSG:4326,400,1e-05,Portulaca pilosa,,KL_Plant_0000015,23728,t0054932,Portulaca pilosa,Plantae,species,毛馬齒莧,accepted,
2015-00-00_Plant_Mianhua Islet_0417,HumanObservation,,2015-00-00_Plant_Mianhua Islet_0417,社團法人基隆市野鳥學會 (Wild Bird Society of Keelung),,,,,,,,,2015,,2015,,,Line Transect Survey | Quadrat Sampling (Twelve 5*5 m² Quadrats),Asia,Taiwan,TW,Mianhua Islet,,,25.48483,122.10535,EPSG:4326,400,1e-05,Chenopodium acuminatum,,KL_Plant_0000016,55050,t0073189,Chenopodium acuminatum,Plantae,species,變葉藜,accepted,
2015-00-00_Plant_Mianhua Islet_0418,HumanObservation,,2015-00-00_Plant_Mianhua Islet_0418,社團法人基隆市野鳥學會 (Wild Bird Society of Keelung),,,,,,,,,2015,,2015,,,Line Transect Survey | Quadrat Sampling (Twelve 5*5 m² Quadrats),Asia,Taiwan,TW,Mianhua Islet,,,25.48483,122.10535,EPSG:4326,400,1e-05,Sedum formosanum,,KL_Plant_0000019,24177,t0055292,Sedum formosanum,Plantae,species,台灣佛甲草,accepted,石板菜
2015-00-00_Plant_Mianhua Islet_0419,HumanObservation,,2015-00-00_Plant_Mianhua Islet_0419,社團法人基隆市野鳥學會 (Wild Bird Society of Keelung),,,,,,,,,2015,,2015,,,Line Transect Survey | Quadrat Sampling (Twelve 5*5 m² Quadrats),Asia,Taiwan,TW,Mianhua Islet,,,25.48483,122.10535,EPSG:4326,400,1e-05,Oxalis corniculata,,KL_Plant_0000020,23347,t0054668,Oxalis corniculata,Plantae,species,酢漿草,accepted,
2015-00-00_Plant_Mianhua Islet_0420,HumanObservation,,2015-00-00_Plant_Mianhua Islet_0420,社團法人基隆市野鳥學會 (Wild Bird Society of Keelung),,,,,,,,,2015,,2015,,,Line Transect Survey | Quadrat Sampling (Twelve 5*5 m² Quadrats),Asia,Taiwan,TW,Mianhua Islet,,,25.48483,122.10535,EPSG:4326,400,1e-05,Centella asiatica,,KL_Plant_0000021,54893,t0058743,Centella asiatica,Plantae,species,雷公根,accepted,
2015-00-00_Plant_Mianhua Islet_0421,HumanObservation,,2015-00-00_Plant_Mianhua Islet_0421,社團法人基隆市野鳥學會 (Wild Bird Society of Keelung),,,,,,,,,2015,,2015,,,Line Transect Survey | Quadrat Sampling (Twelve 5*5 m² Quadrats),Asia,Taiwan,TW,Mianhua Islet,,,25.48483,122.10535,EPSG:4326,400,1e-05,Lysimachia mauritiana,,KL_Plant_0000023,22991,t0054360,Lysimachia mauritiana,Plantae,species,茅毛珍珠菜,accepted,
2015-00-00_Plant_Mianhua Islet_0422,HumanObservation,,2015-00-00_Plant_Mianhua Islet_0422,社團法人基隆市野鳥學會 (Wild Bird Society of Keelung),,,,,,,,,2015,,2015,,,Line Transect Survey | Quadrat Sampling (Twelve 5*5 m² Quadrats),Asia,Taiwan,TW,Mianhua Islet,,,25.48483,122.10535,EPSG:4326,400,1e-05,Leptopetalum coreanum,,KL_Plant_0000024,57472,t0103362,Leptopetalum coreanum,Plantae,species,脈耳草,accepted,
2015-00-00_Plant_Mianhua Islet_0423,HumanObservation,,2015-00-00_Plant_Mianhua Islet_0423,社團法人基隆市野鳥學會 (Wild Bird Society of Keelung),,,,,,,,,2015,,2015,,,Line Transect Survey | Quadrat Sampling (Twelve 5*5 m² Quadrats),Asia,Taiwan,TW,Mianhua Islet,,,25.48483,122.10535,EPSG:4326,400,1e-05,Morinda umbellata,,KL_Plant_0000025,23162,t0054498,Morinda umbellata,Plantae,species,繖花藤,accepted,羊角藤
2015-00-00_Plant_Mianhua Islet_0424,HumanObservation,,2015-00-00_Plant_Mianhua Islet_0424,社團法人基隆市野鳥學會 (Wild Bird Society of Keelung),,,,,,,,,2015,,2015,,,Line Transect Survey | Quadrat Sampling (Twelve 5*5 m² Quadrats),Asia,Taiwan,TW,Mianhua Islet,,,25.48483,122.10535,EPSG:4326,400,1e-05,Dichondra micrantha,,KL_Plant_0000027,21810,t0053370,Dichondra micrantha,Plantae,species,馬蹄金,accepted,
2015-00-00_Plant_Mianhua Islet_0425,HumanObservation,,2015-00-00_Plant_Mianhua Islet_0425,社團法人基隆市野鳥學會 (Wild Bird Society of Keelung),,,,,,,,,2015,,2015,,,Line Transect Survey | Quadrat Sampling (Twelve 5*5 m² Quadrats),Asia,Taiwan,TW,Mianhua Islet,,,25.48483,122.10535,EPSG:4326,400,1e-05,Ipomoea pes-caprae,,KL_Plant_0000028,25371,t0100319,Ipomoea pes-caprae,Plantae,species,馬鞍藤,accepted,
2015-00-00_Plant_Mianhua Islet_0426,HumanObservation,,2015-00-00_Plant_Mianhua Islet_0426,社團法人基隆市野鳥學會 (Wild Bird Society of Keelung),,,,,,,,,2015,,2015,,,Line Transect Survey | Quadrat Sampling (Twelve 5*5 m² Quadrats),Asia,Taiwan,TW,Mianhua Islet,,,25.48483,122.10535,EPSG:4326,400,1e-05,Callicarpa japonica var. luxurians,,KL_Plant_0000029,25954,t0087359,Callicarpa japonica var. luxurians,Plantae,variety,朝鮮紫珠,accepted,
2015-00-00_Plant_Mianhua Islet_0427,HumanObservation,,2015-00-00_Plant_Mianhua Islet_0427,社團法人基隆市野鳥學會 (Wild Bird Society of Keelung),,,,,,,,,2015,,2015,,,Line Transect Survey | Quadrat Sampling (Twelve 5*5 m² Quadrats),Asia,Taiwan,TW,Mianhua Islet,,,25.48483,122.10535,EPSG:4326,400,1e-05,Leonurus japonicus,,KL_Plant_0000030,22790,t0054200,Leonurus japonicus,Plantae,species,益母草,accepted,
2015-00-00_Plant_Mianhua Islet_0428,HumanObservation,,2015-00-00_Plant_Mianhua Islet_0428,社團法人基隆市野鳥學會 (Wild Bird Society of Keelung),,,,,,,,,2015,,2015,,,Line Transect Survey | Quadrat Sampling (Twelve 5*5 m² Quadrats),Asia,Taiwan,TW,Mianhua Islet,,,25.48483,122.10535,EPSG:4326,400,1e-05,Corydalis koidzumiana,,KL_Plant_0000033,21549,t0053128,Corydalis koidzumiana,Plantae,species,密花黃堇,accepted,密花黃菫
2015-00-00_Plant_Mianhua Islet_0429,HumanObservation,,2015-00-00_Plant_Mianhua Islet_0429,社團法人基隆市野鳥學會 (Wild Bird Society of Keelung),,,,,,,,,2015,,2015,,,Line Transect Survey | Quadrat Sampling (Twelve 5*5 m² Quadrats),Asia,Taiwan,TW,Mianhua Islet,,,25.48483,122.10535,EPSG:4326,400,1e-05,Scaevola taccada,,KL_Plant_0000034,25749,t0055240,Scaevola taccada,Plantae,species,草海桐,accepted,
2015-00-00_Plant_Mianhua Islet_0430,HumanObservation,,2015-00-00_Plant_Mianhua Islet_0430,社團法人基隆市野鳥學會 (Wild Bird Society of Keelung),,,,,,,,,2015,,2015,,,Line Transect Survey | Quadrat Sampling (Twelve 5*5 m² Quadrats),Asia,Taiwan,TW,Mianhua Islet,,,25.48483,122.10535,EPSG:4326,400,1e-05,Artemisia capillaris,,KL_Plant_0000035,20715,t0052627,Artemisia capillaris,Plantae,species,茵陳蒿,accepted,
2015-00-00_Plant_Mianhua Islet_0431,HumanObservation,,2015-00-00_Plant_Mianhua Islet_0431,社團法人基隆市野鳥學會 (Wild Bird Society of Keelung),,,,,,,,,2015,,2015,,,Line Transect Survey | Quadrat Sampling (Twelve 5*5 m² Quadrats),Asia,Taiwan,TW,Mianhua Islet,,,25.48483,122.10535,EPSG:4326,400,1e-05,Conyza sumatrensis,,KL_Plant_0000039,55429,t0073443,Conyza sumatrensis,Plantae,species,野茼蒿,accepted,
2015-00-00_Plant_Mianhua Islet_0432,HumanObservation,,2015-00-00_Plant_Mianhua Islet_0432,社團法人基隆市野鳥學會 (Wild Bird Society of Keelung),,,,,,,,,2015,,2015,,,Line Transect Survey | Quadrat Sampling (Twelve 5*5 m² Quadrats),Asia,Taiwan,TW,Mianhua Islet,,,25.48483,122.10535,EPSG:4326,400,1e-05,Crossostephium chinense,,KL_Plant_0000040,21588,t0053159,Crossostephium chinense,Plantae,species,蘄艾,accepted,
2015-00-00_Plant_Mianhua Islet_0433,HumanObservation,,2015-00-00_Plant_Mianhua Islet_0433,社團法人基隆市野鳥學會 (Wild Bird Society of Keelung),,,,,,,,,2015,,2015,,,Line Transect Survey | Quadrat Sampling (Twelve 5*5 m² Quadrats),Asia,Taiwan,TW,Mianhua Islet,,,25.48483,122.10535,EPSG:4326,400,1e-05,Emilia sonchifolia,,KL_Plant_0000041,25212,t0053530,Emilia sonchifolia,Plantae,species,紫背草,accepted,一點紅 | 葉下紅
2015-00-00_Plant_Mianhua Islet_0434,HumanObservation,,2015-00-00_Plant_Mianhua Islet_0434,社團法人基隆市野鳥學會 (Wild Bird Society of Keelung),,,,,,,,,2015,,2015,,,Line Transect Survey | Quadrat Sampling (Twelve 5*5 m² Quadrats),Asia,Taiwan,TW,Mianhua Islet,,,25.48483,122.10535,EPSG:4326,400,1e-05,Gnaphalium luteoalbum subsp. affine,,KL_Plant_0000043,61275,t0057950,Gnaphalium luteoalbum subsp. affine,Plantae,subspecies,鼠麴草,accepted,
2015-00-00_Plant_Mianhua Islet_0435,HumanObservation,,2015-00-00_Plant_Mianhua Islet_0435,社團法人基隆市野鳥學會 (Wild Bird Society of Keelung),,,,,,,,,2015,,2015,,,Line Transect Survey | Quadrat Sampling (Twelve 5*5 m² Quadrats),Asia,Taiwan,TW,Mianhua Islet,,,25.48483,122.10535,EPSG:4326,400,1e-05,Wollastonia biflora,,KL_Plant_0000049,60736,t0069822,Wollastonia biflora,Plantae,species,雙花蟛蜞菊,accepted,
2015-00-00_Plant_Mianhua Islet_0436,HumanObservation,,2015-00-00_Plant_Mianhua Islet_0436,社團法人基隆市野鳥學會 (Wild Bird Society of Keelung),,,,,,,,,2015,,2015,,,Line Transect Survey | Quadrat Sampling (Twelve 5*5 m² Quadrats),Asia,Taiwan,TW,Mianhua Islet,,,25.48483,122.10535,EPSG:4326,400,1e-05,Wollastonia dentata,,KL_Plant_0000092,60737,t0057507,Wollastonia dentata,Plantae,species,大天蓬草舅,accepted,天蓬草舅
2015-00-00_Plant_Mianhua Islet_0437,HumanObservation,,2015-00-00_Plant_Mianhua Islet_0437,社團法人基隆市野鳥學會 (Wild Bird Society of Keelung),,,,,,,,,2015,,2015,,,Line Transect Survey | Quadrat Sampling (Twelve 5*5 m² Quadrats),Asia,Taiwan,TW,Mianhua Islet,,,25.48483,122.10535,EPSG:4326,400,1e-05,Youngia japonica,,KL_Plant_0000052,25907,t0069832,Youngia japonica,Plantae,species,黃鵪菜,accepted,
2015-00-00_Plant_Mianhua Islet_0438,HumanObservation,,2015-00-00_Plant_Mianhua Islet_0438,社團法人基隆市野鳥學會 (Wild Bird Society of Keelung),,,,,,,,,2015,,2015,,,Line Transect Survey | Quadrat Sampling (Twelve 5*5 m² Quadrats),Asia,Taiwan,TW,Mianhua Islet,,,25.48483,122.10535,EPSG:4326,400,1e-05,Oenothera laciniata,,KL_Plant_0000053,23277,t0046093,Oenothera laciniata,Plantae,species,裂葉月見草,accepted,
2015-00-00_Plant_Mianhua Islet_0439,HumanObservation,,2015-00-00_Plant_Mianhua Islet_0439,社團法人基隆市野鳥學會 (Wild Bird Society of Keelung),,,,,,,,,2015,,2015,,,Line Transect Survey | Quadrat Sampling (Twelve 5*5 m² Quadrats),Asia,Taiwan,TW,Mianhua Islet,,,25.48483,122.10535,EPSG:4326,400,1e-05,Raphanus raphanistrum subsp. sativus,,KL_Plant_0000054,144038,t0055045,Raphanus raphanistrum subsp. sativus,Plantae,subspecies,濱蘿蔔,accepted,濱萊菔
2015-00-00_Plant_Mianhua Islet_0440,HumanObservation,,2015-00-00_Plant_Mianhua Islet_0440,社團法人基隆市野鳥學會 (Wild Bird Society of Keelung),,,,,,,,,2015,,2015,,,Line Transect Survey | Quadrat Sampling (Twelve 5*5 m² Quadrats),Asia,Taiwan,TW,Mianhua Islet,,,25.48483,122.10535,EPSG:4326,400,1e-05,Vigna marina,,KL_Plant_0000056,25894,t0049306,Vigna marina,Plantae,species,濱豇豆,accepted,
2015-00-00_Plant_Mianhua Islet_0441,HumanObservation,,2015-00-00_Plant_Mianhua Islet_0441,社團法人基隆市野鳥學會 (Wild Bird Society of Keelung),,,,,,,,,2015,,2015,,,Line Transect Survey | Quadrat Sampling (Twelve 5*5 m² Quadrats),Asia,Taiwan,TW,Mianhua Islet,,,25.48483,122.10535,EPSG:4326,400,1e-05,Pilea peploides var. major,,KL_Plant_0000057,61485,t0086947,Pilea peploides var. major,Plantae,variety,齒葉矮冷水麻,accepted,苦水花 | 矮冷水麻
2015-00-00_Plant_Mianhua Islet_0442,HumanObservation,,2015-00-00_Plant_Mianhua Islet_0442,社團法人基隆市野鳥學會 (Wild Bird Society of Keelung),,,,,,,,,2015,,2015,,,Line Transect Survey | Quadrat Sampling (Twelve 5*5 m² Quadrats),Asia,Taiwan,TW,Mianhua Islet,,,25.48483,122.10535,EPSG:4326,400,1e-05,Commelina diffusa,,KL_Plant_0000059,21505,t0053100,Commelina diffusa,Plantae,species,竹仔菜,accepted,
2015-00-00_Plant_Mianhua Islet_0443,HumanObservation,,2015-00-00_Plant_Mianhua Islet_0443,社團法人基隆市野鳥學會 (Wild Bird Society of Keelung),,,,,,,,,2015,,2015,,,Line Transect Survey | Quadrat Sampling (Twelve 5*5 m² Quadrats),Asia,Taiwan,TW,Mianhua Islet,,,25.48483,122.10535,EPSG:4326,400,1e-05,Carex breviculmis,,KL_Plant_0000060,21205,t0052815,Carex breviculmis,Plantae,species,短莖宿柱薹,accepted,
2015-00-00_Plant_Mianhua Islet_0444,HumanObservation,,2015-00-00_Plant_Mianhua Islet_0444,社團法人基隆市野鳥學會 (Wild Bird Society of Keelung),,,,,,,,,2015,,2015,,,Line Transect Survey | Quadrat Sampling (Twelve 5*5 m² Quadrats),Asia,Taiwan,TW,Mianhua Islet,,,25.48483,122.10535,EPSG:4326,400,1e-05,Cyperus polystachyos,,KL_Plant_0000061,21705,t0055001,Cyperus polystachyos,Plantae,species,多柱扁莎,accepted,多枝扁莎
2015-00-00_Plant_Mianhua Islet_0445,HumanObservation,,2015-00-00_Plant_Mianhua Islet_0445,社團法人基隆市野鳥學會 (Wild Bird Society of Keelung),,,,,,,,,2015,,2015,,,Line Transect Survey | Quadrat Sampling (Twelve 5*5 m² Quadrats),Asia,Taiwan,TW,Mianhua Islet,,,25.48483,122.10535,EPSG:4326,400,1e-05,Brachiaria villosa,,KL_Plant_0000066,24962,t0040426,Brachiaria villosa,Plantae,species,毛臂形草,accepted,
2015-00-00_Plant_Mianhua Islet_0446,HumanObservation,,2015-00-00_Plant_Mianhua Islet_0446,社團法人基隆市野鳥學會 (Wild Bird Society of Keelung),,,,,,,,,2015,,2015,,,Line Transect Survey | Quadrat Sampling (Twelve 5*5 m² Quadrats),Asia,Taiwan,TW,Mianhua Islet,,,25.48483,122.10535,EPSG:4326,400,1e-05,Digitaria henryi,,KL_Plant_0000070,21820,t0053384,Digitaria henryi,Plantae,species,亨利馬唐,accepted,
2015-00-00_Plant_Mianhua Islet_0447,HumanObservation,,2015-00-00_Plant_Mianhua Islet_0447,社團法人基隆市野鳥學會 (Wild Bird Society of Keelung),,,,,,,,,2015,,2015,,,Line Transect Survey | Quadrat Sampling (Twelve 5*5 m² Quadrats),Asia,Taiwan,TW,Mianhua Islet,,,25.48483,122.10535,EPSG:4326,400,1e-05,Digitaria mollicoma,,KL_Plant_0000072,25162,t0053388,Digitaria mollicoma,Plantae,species,絨馬唐,accepted,大絨馬唐
2015-00-00_Plant_Mianhua Islet_0448,HumanObservation,,2015-00-00_Plant_Mianhua Islet_0448,社團法人基隆市野鳥學會 (Wild Bird Society of Keelung),,,,,,,,,2015,,2015,,,Line Transect Survey | Quadrat Sampling (Twelve 5*5 m² Quadrats),Asia,Taiwan,TW,Mianhua Islet,,,25.48483,122.10535,EPSG:4326,400,1e-05,Digitaria sericea,,KL_Plant_0000074,55903,t0073704,Digitaria sericea,Plantae,species,絹毛馬唐,accepted,
2015-00-00_Plant_Mianhua Islet_0449,HumanObservation,,2015-00-00_Plant_Mianhua Islet_0449,社團法人基隆市野鳥學會 (Wild Bird Society of Keelung),,,,,,,,,2015,,2015,,,Line Transect Survey | Quadrat Sampling (Twelve 5*5 m² Quadrats),Asia,Taiwan,TW,Mianhua Islet,,,25.48483,122.10535,EPSG:4326,400,1e-05,Imperata cylindrica var. major,,KL_Plant_0000075,26121,t0087378,Imperata cylindrica var. major,Plantae,variety,白茅,accepted,
2015-00-00_Plant_Mianhua Islet_0450,HumanObservation,,2015-00-00_Plant_Mianhua Islet_0450,社團法人基隆市野鳥學會 (Wild Bird Society of Keelung),,,,,,,,,2015,,2015,,,Line Transect Survey | Quadrat Sampling (Twelve 5*5 m² Quadrats),Asia,Taiwan,TW,Mianhua Islet,,,25.48483,122.10535,EPSG:4326,400,1e-05,Paspalum orbiculare,,KL_Plant_0000078,23423,t0054713,Paspalum orbiculare,Plantae,species,圓果雀稗,accepted,
2015-00-00_Plant_Mianhua Islet_0451,HumanObservation,,2015-00-00_Plant_Mianhua Islet_0451,社團法人基隆市野鳥學會 (Wild Bird Society of Keelung),,,,,,,,,2015,,2015,,,Line Transect Survey | Quadrat Sampling (Twelve 5*5 m² Quadrats),Asia,Taiwan,TW,Mianhua Islet,,,25.48483,122.10535,EPSG:4326,400,1e-05,Paspalum scrobiculatum,,KL_Plant_0000079,23426,t0054716,Paspalum scrobiculatum,Plantae,species,鴨姆草,accepted,
2015-00-00_Plant_Mianhua Islet_0452,HumanObservation,,2015-00-00_Plant_Mianhua Islet_0452,社團法人基隆市野鳥學會 (Wild Bird Society of Keelung),,,,,,,,,2015,,2015,,,Line Transect Survey | Quadrat Sampling (Twelve 5*5 m² Quadrats),Asia,Taiwan,TW,Mianhua Islet,,,25.48483,122.10535,EPSG:4326,400,1e-05,Paspalum vaginatum,,KL_Plant_0000080,23429,t0054719,Paspalum vaginatum,Plantae,species,海雀稗,accepted,
2015-00-00_Plant_Mianhua Islet_0453,HumanObservation,,2015-00-00_Plant_Mianhua Islet_0453,社團法人基隆市野鳥學會 (Wild Bird Society of Keelung),,,,,,,,,2015,,2015,,,Line Transect Survey | Quadrat Sampling (Twelve 5*5 m² Quadrats),Asia,Taiwan,TW,Mianhua Islet,,,25.48483,122.10535,EPSG:4326,400,1e-05,Setaria parviflora,,KL_Plant_0000083,59832,t0058251,Setaria parviflora,Plantae,species,莠狗尾草,accepted,
2015-00-00_Plant_Mianhua Islet_0454,HumanObservation,,2015-00-00_Plant_Mianhua Islet_0454,社團法人基隆市野鳥學會 (Wild Bird Society of Keelung),,,,,,,,,2015,,2015,,,Line Transect Survey | Quadrat Sampling (Twelve 5*5 m² Quadrats),Asia,Taiwan,TW,Mianhua Islet,,,25.48483,122.10535,EPSG:4326,400,1e-05,Zoysia japonica,,KL_Plant_0000086,24826,t0049406,Zoysia japonica,Plantae,species,日本芝,accepted,結縷草
2015-00-00_Plant_Mianhua Islet_0455,HumanObservation,,2015-00-00_Plant_Mianhua Islet_0455,社團法人基隆市野鳥學會 (Wild Bird Society of Keelung),,,,,,,,,2015,,2015,,,Line Transect Survey | Quadrat Sampling (Twelve 5*5 m² Quadrats),Asia,Taiwan,TW,Mianhua Islet,,,25.48483,122.10535,EPSG:4326,400,1e-05,Lycianthes biflora,,KL_Plant_0000089,57673,t0058473,Lycianthes biflora,Plantae,species,雙花龍葵,accepted,
2016-00-00_Plant_Mianhua Islet_0456,HumanObservation,,2016-00-00_Plant_Mianhua Islet_0456,社團法人基隆市野鳥學會 (Wild Bird Society of Keelung),,,,,,,,,2016,,2016,,,Line Transect Survey | Quadrat Sampling (Twelve 5*5 m² Quadrats),Asia,Taiwan,TW,Mianhua Islet,,,25.48483,122.10535,EPSG:4326,400,1e-05,Cyrtomium falcatum,,KL_Plant_0000001,25108,t0058916,Cyrtomium falcatum,Plantae,species,全緣貫眾蕨,accepted,
2016-00-00_Plant_Mianhua Islet_0457,HumanObservation,,2016-00-00_Plant_Mianhua Islet_0457,社團法人基隆市野鳥學會 (Wild Bird Society of Keelung),,,,,,,,,2016,,2016,,,Line Transect Survey | Quadrat Sampling (Twelve 5*5 m² Quadrats),Asia,Taiwan,TW,Mianhua Islet,,,25.48483,122.10535,EPSG:4326,400,1e-05,Pteris fauriei var. fauriei,,KL_Plant_0000002,145731,t0101197,Pteris fauriei var. fauriei,Plantae,variety,傅氏鳳尾蕨,accepted,
2016-00-00_Plant_Mianhua Islet_0458,HumanObservation,,2016-00-00_Plant_Mianhua Islet_0458,社團法人基隆市野鳥學會 (Wild Bird Society of Keelung),,,,,,,,,2016,,2016,,,Line Transect Survey | Quadrat Sampling (Twelve 5*5 m² Quadrats),Asia,Taiwan,TW,Mianhua Islet,,,25.48483,122.10535,EPSG:4326,400,1e-05,Haplopteris anguste-elongata,,KL_Plant_0000003,25322,t0026568,Haplopteris anguste-elongata,Plantae,species,姬書帶蕨,accepted,
2016-00-00_Plant_Mianhua Islet_0459,HumanObservation,,2016-00-00_Plant_Mianhua Islet_0459,社團法人基隆市野鳥學會 (Wild Bird Society of Keelung),,,,,,,,,2016,,2016,,,Line Transect Survey | Quadrat Sampling (Twelve 5*5 m² Quadrats),Asia,Taiwan,TW,Mianhua Islet,,,25.48483,122.10535,EPSG:4326,400,1e-05,Odontosoria biflora,,KL_Plant_0000004,58275,t0026476,Odontosoria biflora,Plantae,species,闊片烏蕨,accepted,
2016-00-00_Plant_Mianhua Islet_0460,HumanObservation,,2016-00-00_Plant_Mianhua Islet_0460,社團法人基隆市野鳥學會 (Wild Bird Society of Keelung),,,,,,,,,2016,,2016,,,Line Transect Survey | Quadrat Sampling (Twelve 5*5 m² Quadrats),Asia,Taiwan,TW,Mianhua Islet,,,25.48483,122.10535,EPSG:4326,400,1e-05,Nephrolepis biserrata,,KL_Plant_0000005,25551,t0026749,Nephrolepis biserrata,Plantae,species,長葉腎蕨,accepted,
2016-00-00_Plant_Mianhua Islet_0461,HumanObservation,,2016-00-00_Plant_Mianhua Islet_0461,社團法人基隆市野鳥學會 (Wild Bird Society of Keelung),,,,,,,,,2016,,2016,,,Line Transect Survey | Quadrat Sampling (Twelve 5*5 m² Quadrats),Asia,Taiwan,TW,Mianhua Islet,,,25.48483,122.10535,EPSG:4326,400,1e-05,Tetragonia tetragonoides,,KL_Plant_0000006,25847,t0055572,Tetragonia tetragonoides,Plantae,species,番杏,accepted,
2016-00-00_Plant_Mianhua Islet_0462,HumanObservation,,2016-00-00_Plant_Mianhua Islet_0462,社團法人基隆市野鳥學會 (Wild Bird Society of Keelung),,,,,,,,,2016,,2016,,,Line Transect Survey | Quadrat Sampling (Twelve 5*5 m² Quadrats),Asia,Taiwan,TW,Mianhua Islet,,,25.48483,122.10535,EPSG:4326,400,1e-05,Morus australis,,KL_Plant_0000008,23164,t0046326,Morus australis,Plantae,species,小葉桑,accepted,
2016-00-00_Plant_Mianhua Islet_0463,HumanObservation,,2016-00-00_Plant_Mianhua Islet_0463,社團法人基隆市野鳥學會 (Wild Bird Society of Keelung),,,,,,,,,2016,,2016,,,Line Transect Survey | Quadrat Sampling (Twelve 5*5 m² Quadrats),Asia,Taiwan,TW,Mianhua Islet,,,25.48483,122.10535,EPSG:4326,400,1e-05,Persicaria chinensis,,KL_Plant_0000009,58649,t0058947,Persicaria chinensis,Plantae,species,火炭母草,accepted,
2016-00-00_Plant_Mianhua Islet_0464,HumanObservation,,2016-00-00_Plant_Mianhua Islet_0464,社團法人基隆市野鳥學會 (Wild Bird Society of Keelung),,,,,,,,,2016,,2016,,,Line Transect Survey | Quadrat Sampling (Twelve 5*5 m² Quadrats),Asia,Taiwan,TW,Mianhua Islet,,,25.48483,122.10535,EPSG:4326,400,1e-05,Rumex japonicus,,KL_Plant_0000010,120410,t0059215,Rumex japonicus,Plantae,species,羊蹄,accepted,
2016-00-00_Plant_Mianhua Islet_0465,HumanObservation,,2016-00-00_Plant_Mianhua Islet_0465,社團法人基隆市野鳥學會 (Wild Bird Society of Keelung),,,,,,,,,2016,,2016,,,Line Transect Survey | Quadrat Sampling (Twelve 5*5 m² Quadrats),Asia,Taiwan,TW,Mianhua Islet,,,25.48483,122.10535,EPSG:4326,400,1e-05,Cocculus orbiculatus,,KL_Plant_0000011,55292,t0073343,Cocculus orbiculatus,Plantae,species,木防己,accepted,
2016-00-00_Plant_Mianhua Islet_0466,HumanObservation,,2016-00-00_Plant_Mianhua Islet_0466,社團法人基隆市野鳥學會 (Wild Bird Society of Keelung),,,,,,,,,2016,,2016,,,Line Transect Survey | Quadrat Sampling (Twelve 5*5 m² Quadrats),Asia,Taiwan,TW,Mianhua Islet,,,25.48483,122.10535,EPSG:4326,400,1e-05,Boerhavia glabrata,,KL_Plant_0000013,21022,t0040401,Boerhavia glabrata,Plantae,species,光果黃細心,accepted,
2016-00-00_Plant_Mianhua Islet_0467,HumanObservation,,2016-00-00_Plant_Mianhua Islet_0467,社團法人基隆市野鳥學會 (Wild Bird Society of Keelung),,,,,,,,,2016,,2016,,,Line Transect Survey | Quadrat Sampling (Twelve 5*5 m² Quadrats),Asia,Taiwan,TW,Mianhua Islet,,,25.48483,122.10535,EPSG:4326,400,1e-05,Portulaca oleracea,,KL_Plant_0000014,23727,t0054931,Portulaca oleracea,Plantae,species,馬齒莧,accepted,
2016-00-00_Plant_Mianhua Islet_0468,HumanObservation,,2016-00-00_Plant_Mianhua Islet_0468,社團法人基隆市野鳥學會 (Wild Bird Society of Keelung),,,,,,,,,2016,,2016,,,Line Transect Survey | Quadrat Sampling (Twelve 5*5 m² Quadrats),Asia,Taiwan,TW,Mianhua Islet,,,25.48483,122.10535,EPSG:4326,400,1e-05,Portulaca pilosa,,KL_Plant_0000015,23728,t0054932,Portulaca pilosa,Plantae,species,毛馬齒莧,accepted,
2016-00-00_Plant_Mianhua Islet_0469,HumanObservation,,2016-00-00_Plant_Mianhua Islet_0469,社團法人基隆市野鳥學會 (Wild Bird Society of Keelung),,,,,,,,,2016,,2016,,,Line Transect Survey | Quadrat Sampling (Twelve 5*5 m² Quadrats),Asia,Taiwan,TW,Mianhua Islet,,,25.48483,122.10535,EPSG:4326,400,1e-05,Chenopodium acuminatum,,KL_Plant_0000016,55050,t0073189,Chenopodium acuminatum,Plantae,species,變葉藜,accepted,
2016-00-00_Plant_Mianhua Islet_0470,HumanObservation,,2016-00-00_Plant_Mianhua Islet_0470,社團法人基隆市野鳥學會 (Wild Bird Society of Keelung),,,,,,,,,2016,,2016,,,Line Transect Survey | Quadrat Sampling (Twelve 5*5 m² Quadrats),Asia,Taiwan,TW,Mianhua Islet,,,25.48483,122.10535,EPSG:4326,400,1e-05,Sedum formosanum,,KL_Plant_0000019,24177,t0055292,Sedum formosanum,Plantae,species,台灣佛甲草,accepted,石板菜
2016-00-00_Plant_Mianhua Islet_0471,HumanObservation,,2016-00-00_Plant_Mianhua Islet_0471,社團法人基隆市野鳥學會 (Wild Bird Society of Keelung),,,,,,,,,2016,,2016,,,Line Transect Survey | Quadrat Sampling (Twelve 5*5 m² Quadrats),Asia,Taiwan,TW,Mianhua Islet,,,25.48483,122.10535,EPSG:4326,400,1e-05,Oxalis corniculata,,KL_Plant_0000020,23347,t0054668,Oxalis corniculata,Plantae,species,酢漿草,accepted,
2016-00-00_Plant_Mianhua Islet_0472,HumanObservation,,2016-00-00_Plant_Mianhua Islet_0472,社團法人基隆市野鳥學會 (Wild Bird Society of Keelung),,,,,,,,,2016,,2016,,,Line Transect Survey | Quadrat Sampling (Twelve 5*5 m² Quadrats),Asia,Taiwan,TW,Mianhua Islet,,,25.48483,122.10535,EPSG:4326,400,1e-05,Centella asiatica,,KL_Plant_0000021,54893,t0058743,Centella asiatica,Plantae,species,雷公根,accepted,
2016-00-00_Plant_Mianhua Islet_0473,HumanObservation,,2016-00-00_Plant_Mianhua Islet_0473,社團法人基隆市野鳥學會 (Wild Bird Society of Keelung),,,,,,,,,2016,,2016,,,Line Transect Survey | Quadrat Sampling (Twelve 5*5 m² Quadrats),Asia,Taiwan,TW,Mianhua Islet,,,25.48483,122.10535,EPSG:4326,400,1e-05,Lysimachia mauritiana,,KL_Plant_0000023,22991,t0054360,Lysimachia mauritiana,Plantae,species,茅毛珍珠菜,accepted,
2016-00-00_Plant_Mianhua Islet_0474,HumanObservation,,2016-00-00_Plant_Mianhua Islet_0474,社團法人基隆市野鳥學會 (Wild Bird Society of Keelung),,,,,,,,,2016,,2016,,,Line Transect Survey | Quadrat Sampling (Twelve 5*5 m² Quadrats),Asia,Taiwan,TW,Mianhua Islet,,,25.48483,122.10535,EPSG:4326,400,1e-05,Leptopetalum coreanum,,KL_Plant_0000024,57472,t0103362,Leptopetalum coreanum,Plantae,species,脈耳草,accepted,
2016-00-00_Plant_Mianhua Islet_0475,HumanObservation,,2016-00-00_Plant_Mianhua Islet_0475,社團法人基隆市野鳥學會 (Wild Bird Society of Keelung),,,,,,,,,2016,,2016,,,Line Transect Survey | Quadrat Sampling (Twelve 5*5 m² Quadrats),Asia,Taiwan,TW,Mianhua Islet,,,25.48483,122.10535,EPSG:4326,400,1e-05,Morinda umbellata,,KL_Plant_0000025,23162,t0054498,Morinda umbellata,Plantae,species,繖花藤,accepted,羊角藤
2016-00-00_Plant_Mianhua Islet_0476,HumanObservation,,2016-00-00_Plant_Mianhua Islet_0476,社團法人基隆市野鳥學會 (Wild Bird Society of Keelung),,,,,,,,,2016,,2016,,,Line Transect Survey | Quadrat Sampling (Twelve 5*5 m² Quadrats),Asia,Taiwan,TW,Mianhua Islet,,,25.48483,122.10535,EPSG:4326,400,1e-05,Dichondra micrantha,,KL_Plant_0000027,21810,t0053370,Dichondra micrantha,Plantae,species,馬蹄金,accepted,
2016-00-00_Plant_Mianhua Islet_0477,HumanObservation,,2016-00-00_Plant_Mianhua Islet_0477,社團法人基隆市野鳥學會 (Wild Bird Society of Keelung),,,,,,,,,2016,,2016,,,Line Transect Survey | Quadrat Sampling (Twelve 5*5 m² Quadrats),Asia,Taiwan,TW,Mianhua Islet,,,25.48483,122.10535,EPSG:4326,400,1e-05,Ipomoea pes-caprae,,KL_Plant_0000028,25371,t0100319,Ipomoea pes-caprae,Plantae,species,馬鞍藤,accepted,
2016-00-00_Plant_Mianhua Islet_0478,HumanObservation,,2016-00-00_Plant_Mianhua Islet_0478,社團法人基隆市野鳥學會 (Wild Bird Society of Keelung),,,,,,,,,2016,,2016,,,Line Transect Survey | Quadrat Sampling (Twelve 5*5 m² Quadrats),Asia,Taiwan,TW,Mianhua Islet,,,25.48483,122.10535,EPSG:4326,400,1e-05,Callicarpa japonica var. luxurians,,KL_Plant_0000029,25954,t0087359,Callicarpa japonica var. luxurians,Plantae,variety,朝鮮紫珠,accepted,
2016-00-00_Plant_Mianhua Islet_0479,HumanObservation,,2016-00-00_Plant_Mianhua Islet_0479,社團法人基隆市野鳥學會 (Wild Bird Society of Keelung),,,,,,,,,2016,,2016,,,Line Transect Survey | Quadrat Sampling (Twelve 5*5 m² Quadrats),Asia,Taiwan,TW,Mianhua Islet,,,25.48483,122.10535,EPSG:4326,400,1e-05,Leonurus japonicus,,KL_Plant_0000030,22790,t0054200,Leonurus japonicus,Plantae,species,益母草,accepted,
2016-00-00_Plant_Mianhua Islet_0480,HumanObservation,,2016-00-00_Plant_Mianhua Islet_0480,社團法人基隆市野鳥學會 (Wild Bird Society of Keelung),,,,,,,,,2016,,2016,,,Line Transect Survey | Quadrat Sampling (Twelve 5*5 m² Quadrats),Asia,Taiwan,TW,Mianhua Islet,,,25.48483,122.10535,EPSG:4326,400,1e-05,Corydalis koidzumiana,,KL_Plant_0000033,21549,t0053128,Corydalis koidzumiana,Plantae,species,密花黃堇,accepted,密花黃菫
2016-00-00_Plant_Mianhua Islet_0481,HumanObservation,,2016-00-00_Plant_Mianhua Islet_0481,社團法人基隆市野鳥學會 (Wild Bird Society of Keelung),,,,,,,,,2016,,2016,,,Line Transect Survey | Quadrat Sampling (Twelve 5*5 m² Quadrats),Asia,Taiwan,TW,Mianhua Islet,,,25.48483,122.10535,EPSG:4326,400,1e-05,Scaevola taccada,,KL_Plant_0000034,25749,t0055240,Scaevola taccada,Plantae,species,草海桐,accepted,
2016-00-00_Plant_Mianhua Islet_0482,HumanObservation,,2016-00-00_Plant_Mianhua Islet_0482,社團法人基隆市野鳥學會 (Wild Bird Society of Keelung),,,,,,,,,2016,,2016,,,Line Transect Survey | Quadrat Sampling (Twelve 5*5 m² Quadrats),Asia,Taiwan,TW,Mianhua Islet,,,25.48483,122.10535,EPSG:4326,400,1e-05,Artemisia capillaris,,KL_Plant_0000035,20715,t0052627,Artemisia capillaris,Plantae,species,茵陳蒿,accepted,
2016-00-00_Plant_Mianhua Islet_0483,HumanObservation,,2016-00-00_Plant_Mianhua Islet_0483,社團法人基隆市野鳥學會 (Wild Bird Society of Keelung),,,,,,,,,2016,,2016,,,Line Transect Survey | Quadrat Sampling (Twelve 5*5 m² Quadrats),Asia,Taiwan,TW,Mianhua Islet,,,25.48483,122.10535,EPSG:4326,400,1e-05,Conyza sumatrensis,,KL_Plant_0000039,55429,t0073443,Conyza sumatrensis,Plantae,species,野茼蒿,accepted,
2016-00-00_Plant_Mianhua Islet_0484,HumanObservation,,2016-00-00_Plant_Mianhua Islet_0484,社團法人基隆市野鳥學會 (Wild Bird Society of Keelung),,,,,,,,,2016,,2016,,,Line Transect Survey | Quadrat Sampling (Twelve 5*5 m² Quadrats),Asia,Taiwan,TW,Mianhua Islet,,,25.48483,122.10535,EPSG:4326,400,1e-05,Crossostephium chinense,,KL_Plant_0000040,21588,t0053159,Crossostephium chinense,Plantae,species,蘄艾,accepted,
2016-00-00_Plant_Mianhua Islet_0485,HumanObservation,,2016-00-00_Plant_Mianhua Islet_0485,社團法人基隆市野鳥學會 (Wild Bird Society of Keelung),,,,,,,,,2016,,2016,,,Line Transect Survey | Quadrat Sampling (Twelve 5*5 m² Quadrats),Asia,Taiwan,TW,Mianhua Islet,,,25.48483,122.10535,EPSG:4326,400,1e-05,Emilia sonchifolia,,KL_Plant_0000041,25212,t0053530,Emilia sonchifolia,Plantae,species,紫背草,accepted,一點紅 | 葉下紅
2016-00-00_Plant_Mianhua Islet_0486,HumanObservation,,2016-00-00_Plant_Mianhua Islet_0486,社團法人基隆市野鳥學會 (Wild Bird Society of Keelung),,,,,,,,,2016,,2016,,,Line Transect Survey | Quadrat Sampling (Twelve 5*5 m² Quadrats),Asia,Taiwan,TW,Mianhua Islet,,,25.48483,122.10535,EPSG:4326,400,1e-05,Gnaphalium luteoalbum subsp. affine,,KL_Plant_0000043,61275,t0057950,Gnaphalium luteoalbum subsp. affine,Plantae,subspecies,鼠麴草,accepted,
2016-00-00_Plant_Mianhua Islet_0487,HumanObservation,,2016-00-00_Plant_Mianhua Islet_0487,社團法人基隆市野鳥學會 (Wild Bird Society of Keelung),,,,,,,,,2016,,2016,,,Line Transect Survey | Quadrat Sampling (Twelve 5*5 m² Quadrats),Asia,Taiwan,TW,Mianhua Islet,,,25.48483,122.10535,EPSG:4326,400,1e-05,Gnaphalium purpureum,,KL_Plant_0000045,22352,t0053835,Gnaphalium purpureum,Plantae,species,鼠麴舅,accepted,
2016-00-00_Plant_Mianhua Islet_0488,HumanObservation,,2016-00-00_Plant_Mianhua Islet_0488,社團法人基隆市野鳥學會 (Wild Bird Society of Keelung),,,,,,,,,2016,,2016,,,Line Transect Survey | Quadrat Sampling (Twelve 5*5 m² Quadrats),Asia,Taiwan,TW,Mianhua Islet,,,25.48483,122.10535,EPSG:4326,400,1e-05,Wollastonia biflora,,KL_Plant_0000049,60736,t0069822,Wollastonia biflora,Plantae,species,雙花蟛蜞菊,accepted,
2016-00-00_Plant_Mianhua Islet_0489,HumanObservation,,2016-00-00_Plant_Mianhua Islet_0489,社團法人基隆市野鳥學會 (Wild Bird Society of Keelung),,,,,,,,,2016,,2016,,,Line Transect Survey | Quadrat Sampling (Twelve 5*5 m² Quadrats),Asia,Taiwan,TW,Mianhua Islet,,,25.48483,122.10535,EPSG:4326,400,1e-05,Wollastonia dentata,,KL_Plant_0000092,60737,t0057507,Wollastonia dentata,Plantae,species,大天蓬草舅,accepted,天蓬草舅
2016-00-00_Plant_Mianhua Islet_0490,HumanObservation,,2016-00-00_Plant_Mianhua Islet_0490,社團法人基隆市野鳥學會 (Wild Bird Society of Keelung),,,,,,,,,2016,,2016,,,Line Transect Survey | Quadrat Sampling (Twelve 5*5 m² Quadrats),Asia,Taiwan,TW,Mianhua Islet,,,25.48483,122.10535,EPSG:4326,400,1e-05,Youngia japonica,,KL_Plant_0000052,25907,t0069832,Youngia japonica,Plantae,species,黃鵪菜,accepted,
2016-00-00_Plant_Mianhua Islet_0491,HumanObservation,,2016-00-00_Plant_Mianhua Islet_0491,社團法人基隆市野鳥學會 (Wild Bird Society of Keelung),,,,,,,,,2016,,2016,,,Line Transect Survey | Quadrat Sampling (Twelve 5*5 m² Quadrats),Asia,Taiwan,TW,Mianhua Islet,,,25.48483,122.10535,EPSG:4326,400,1e-05,Oenothera laciniata,,KL_Plant_0000053,23277,t0046093,Oenothera laciniata,Plantae,species,裂葉月見草,accepted,
2016-00-00_Plant_Mianhua Islet_0492,HumanObservation,,2016-00-00_Plant_Mianhua Islet_0492,社團法人基隆市野鳥學會 (Wild Bird Society of Keelung),,,,,,,,,2016,,2016,,,Line Transect Survey | Quadrat Sampling (Twelve 5*5 m² Quadrats),Asia,Taiwan,TW,Mianhua Islet,,,25.48483,122.10535,EPSG:4326,400,1e-05,Raphanus raphanistrum subsp. sativus,,KL_Plant_0000054,144038,t0055045,Raphanus raphanistrum subsp. sativus,Plantae,subspecies,濱蘿蔔,accepted,濱萊菔
2016-00-00_Plant_Mianhua Islet_0493,HumanObservation,,2016-00-00_Plant_Mianhua Islet_0493,社團法人基隆市野鳥學會 (Wild Bird Society of Keelung),,,,,,,,,2016,,2016,,,Line Transect Survey | Quadrat Sampling (Twelve 5*5 m² Quadrats),Asia,Taiwan,TW,Mianhua Islet,,,25.48483,122.10535,EPSG:4326,400,1e-05,Vigna marina,,KL_Plant_0000056,25894,t0049306,Vigna marina,Plantae,species,濱豇豆,accepted,
2016-00-00_Plant_Mianhua Islet_0494,HumanObservation,,2016-00-00_Plant_Mianhua Islet_0494,社團法人基隆市野鳥學會 (Wild Bird Society of Keelung),,,,,,,,,2016,,2016,,,Line Transect Survey | Quadrat Sampling (Twelve 5*5 m² Quadrats),Asia,Taiwan,TW,Mianhua Islet,,,25.48483,122.10535,EPSG:4326,400,1e-05,Pilea peploides var. major,,KL_Plant_0000057,61485,t0086947,Pilea peploides var. major,Plantae,variety,齒葉矮冷水麻,accepted,苦水花 | 矮冷水麻
2016-00-00_Plant_Mianhua Islet_0495,HumanObservation,,2016-00-00_Plant_Mianhua Islet_0495,社團法人基隆市野鳥學會 (Wild Bird Society of Keelung),,,,,,,,,2016,,2016,,,Line Transect Survey | Quadrat Sampling (Twelve 5*5 m² Quadrats),Asia,Taiwan,TW,Mianhua Islet,,,25.48483,122.10535,EPSG:4326,400,1e-05,Commelina diffusa,,KL_Plant_0000059,21505,t0053100,Commelina diffusa,Plantae,species,竹仔菜,accepted,
2016-00-00_Plant_Mianhua Islet_0496,HumanObservation,,2016-00-00_Plant_Mianhua Islet_0496,社團法人基隆市野鳥學會 (Wild Bird Society of Keelung),,,,,,,,,2016,,2016,,,Line Transect Survey | Quadrat Sampling (Twelve 5*5 m² Quadrats),Asia,Taiwan,TW,Mianhua Islet,,,25.48483,122.10535,EPSG:4326,400,1e-05,Carex breviculmis,,KL_Plant_0000060,21205,t0052815,Carex breviculmis,Plantae,species,短莖宿柱薹,accepted,
2016-00-00_Plant_Mianhua Islet_0497,HumanObservation,,2016-00-00_Plant_Mianhua Islet_0497,社團法人基隆市野鳥學會 (Wild Bird Society of Keelung),,,,,,,,,2016,,2016,,,Line Transect Survey | Quadrat Sampling (Twelve 5*5 m² Quadrats),Asia,Taiwan,TW,Mianhua Islet,,,25.48483,122.10535,EPSG:4326,400,1e-05,Cyperus polystachyos,,KL_Plant_0000061,21705,t0055001,Cyperus polystachyos,Plantae,species,多柱扁莎,accepted,多枝扁莎
2016-00-00_Plant_Mianhua Islet_0498,HumanObservation,,2016-00-00_Plant_Mianhua Islet_0498,社團法人基隆市野鳥學會 (Wild Bird Society of Keelung),,,,,,,,,2016,,2016,,,Line Transect Survey | Quadrat Sampling (Twelve 5*5 m² Quadrats),Asia,Taiwan,TW,Mianhua Islet,,,25.48483,122.10535,EPSG:4326,400,1e-05,Brachiaria villosa,,KL_Plant_0000066,24962,t0040426,Brachiaria villosa,Plantae,species,毛臂形草,accepted,
2016-00-00_Plant_Mianhua Islet_0499,HumanObservation,,2016-00-00_Plant_Mianhua Islet_0499,社團法人基隆市野鳥學會 (Wild Bird Society of Keelung),,,,,,,,,2016,,2016,,,Line Transect Survey | Quadrat Sampling (Twelve 5*5 m² Quadrats),Asia,Taiwan,TW,Mianhua Islet,,,25.48483,122.10535,EPSG:4326,400,1e-05,Digitaria ciliaris,,KL_Plant_0000069,25157,t0053380,Digitaria ciliaris,Plantae,species,升馬唐,accepted,
2016-00-00_Plant_Mianhua Islet_0500,HumanObservation,,2016-00-00_Plant_Mianhua Islet_0500,社團法人基隆市野鳥學會 (Wild Bird Society of Keelung),,,,,,,,,2016,,2016,,,Line Transect Survey | Quadrat Sampling (Twelve 5*5 m² Quadrats),Asia,Taiwan,TW,Mianhua Islet,,,25.48483,122.10535,EPSG:4326,400,1e-05,Digitaria henryi,,KL_Plant_0000070,21820,t0053384,Digitaria henryi,Plantae,species,亨利馬唐,accepted,
2016-00-00_Plant_Mianhua Islet_0501,HumanObservation,,2016-00-00_Plant_Mianhua Islet_0501,社團法人基隆市野鳥學會 (Wild Bird Society of Keelung),,,,,,,,,2016,,2016,,,Line Transect Survey | Quadrat Sampling (Twelve 5*5 m² Quadrats),Asia,Taiwan,TW,Mianhua Islet,,,25.48483,122.10535,EPSG:4326,400,1e-05,Digitaria mollicoma,,KL_Plant_0000072,25162,t0053388,Digitaria mollicoma,Plantae,species,絨馬唐,accepted,大絨馬唐
2016-00-00_Plant_Mianhua Islet_0502,HumanObservation,,2016-00-00_Plant_Mianhua Islet_0502,社團法人基隆市野鳥學會 (Wild Bird Society of Keelung),,,,,,,,,2016,,2016,,,Line Transect Survey | Quadrat Sampling (Twelve 5*5 m² Quadrats),Asia,Taiwan,TW,Mianhua Islet,,,25.48483,122.10535,EPSG:4326,400,1e-05,Digitaria sericea,,KL_Plant_0000074,55903,t0073704,Digitaria sericea,Plantae,species,絹毛馬唐,accepted,
2016-00-00_Plant_Mianhua Islet_0503,HumanObservation,,2016-00-00_Plant_Mianhua Islet_0503,社團法人基隆市野鳥學會 (Wild Bird Society of Keelung),,,,,,,,,2016,,2016,,,Line Transect Survey | Quadrat Sampling (Twelve 5*5 m² Quadrats),Asia,Taiwan,TW,Mianhua Islet,,,25.48483,122.10535,EPSG:4326,400,1e-05,Imperata cylindrica var. major,,KL_Plant_0000075,26121,t0087378,Imperata cylindrica var. major,Plantae,variety,白茅,accepted,
2016-00-00_Plant_Mianhua Islet_0504,HumanObservation,,2016-00-00_Plant_Mianhua Islet_0504,社團法人基隆市野鳥學會 (Wild Bird Society of Keelung),,,,,,,,,2016,,2016,,,Line Transect Survey | Quadrat Sampling (Twelve 5*5 m² Quadrats),Asia,Taiwan,TW,Mianhua Islet,,,25.48483,122.10535,EPSG:4326,400,1e-05,Paspalum orbiculare,,KL_Plant_0000078,23423,t0054713,Paspalum orbiculare,Plantae,species,圓果雀稗,accepted,
2016-00-00_Plant_Mianhua Islet_0505,HumanObservation,,2016-00-00_Plant_Mianhua Islet_0505,社團法人基隆市野鳥學會 (Wild Bird Society of Keelung),,,,,,,,,2016,,2016,,,Line Transect Survey | Quadrat Sampling (Twelve 5*5 m² Quadrats),Asia,Taiwan,TW,Mianhua Islet,,,25.48483,122.10535,EPSG:4326,400,1e-05,Paspalum scrobiculatum,,KL_Plant_0000079,23426,t0054716,Paspalum scrobiculatum,Plantae,species,鴨姆草,accepted,
2016-00-00_Plant_Mianhua Islet_0506,HumanObservation,,2016-00-00_Plant_Mianhua Islet_0506,社團法人基隆市野鳥學會 (Wild Bird Society of Keelung),,,,,,,,,2016,,2016,,,Line Transect Survey | Quadrat Sampling (Twelve 5*5 m² Quadrats),Asia,Taiwan,TW,Mianhua Islet,,,25.48483,122.10535,EPSG:4326,400,1e-05,Paspalum vaginatum,,KL_Plant_0000080,23429,t0054719,Paspalum vaginatum,Plantae,species,海雀稗,accepted,
2016-00-00_Plant_Mianhua Islet_0507,HumanObservation,,2016-00-00_Plant_Mianhua Islet_0507,社團法人基隆市野鳥學會 (Wild Bird Society of Keelung),,,,,,,,,2016,,2016,,,Line Transect Survey | Quadrat Sampling (Twelve 5*5 m² Quadrats),Asia,Taiwan,TW,Mianhua Islet,,,25.48483,122.10535,EPSG:4326,400,1e-05,Setaria parviflora,,KL_Plant_0000083,59832,t0058251,Setaria parviflora,Plantae,species,莠狗尾草,accepted,
2016-00-00_Plant_Mianhua Islet_0508,HumanObservation,,2016-00-00_Plant_Mianhua Islet_0508,社團法人基隆市野鳥學會 (Wild Bird Society of Keelung),,,,,,,,,2016,,2016,,,Line Transect Survey | Quadrat Sampling (Twelve 5*5 m² Quadrats),Asia,Taiwan,TW,Mianhua Islet,,,25.48483,122.10535,EPSG:4326,400,1e-05,Zoysia japonica,,KL_Plant_0000086,24826,t0049406,Zoysia japonica,Plantae,species,日本芝,accepted,結縷草
2016-00-00_Plant_Mianhua Islet_0509,HumanObservation,,2016-00-00_Plant_Mianhua Islet_0509,社團法人基隆市野鳥學會 (Wild Bird Society of Keelung),,,,,,,,,2016,,2016,,,Line Transect Survey | Quadrat Sampling (Twelve 5*5 m² Quadrats),Asia,Taiwan,TW,Mianhua Islet,,,25.48483,122.10535,EPSG:4326,400,1e-05,Zoysia sinica,,KL_Plant_0000087,24827,t0049409,Zoysia sinica,Plantae,species,中華結縷草,accepted,
2017-00-00_Plant_Mianhua Islet_0510,HumanObservation,,2017-00-00_Plant_Mianhua Islet_0510,社團法人基隆市野鳥學會 (Wild Bird Society of Keelung),,,,,,,,,2017,,2017,,,Line Transect Survey | Quadrat Sampling (Twelve 5*5 m² Quadrats),Asia,Taiwan,TW,Mianhua Islet,,,25.48483,122.10535,EPSG:4326,400,1e-05,Cyrtomium falcatum,,KL_Plant_0000001,25108,t0058916,Cyrtomium falcatum,Plantae,species,全緣貫眾蕨,accepted,
2017-00-00_Plant_Mianhua Islet_0511,HumanObservation,,2017-00-00_Plant_Mianhua Islet_0511,社團法人基隆市野鳥學會 (Wild Bird Society of Keelung),,,,,,,,,2017,,2017,,,Line Transect Survey | Quadrat Sampling (Twelve 5*5 m² Quadrats),Asia,Taiwan,TW,Mianhua Islet,,,25.48483,122.10535,EPSG:4326,400,1e-05,Pteris fauriei var. fauriei,,KL_Plant_0000002,145731,t0101197,Pteris fauriei var. fauriei,Plantae,variety,傅氏鳳尾蕨,accepted,
2017-00-00_Plant_Mianhua Islet_0512,HumanObservation,,2017-00-00_Plant_Mianhua Islet_0512,社團法人基隆市野鳥學會 (Wild Bird Society of Keelung),,,,,,,,,2017,,2017,,,Line Transect Survey | Quadrat Sampling (Twelve 5*5 m² Quadrats),Asia,Taiwan,TW,Mianhua Islet,,,25.48483,122.10535,EPSG:4326,400,1e-05,Haplopteris anguste-elongata,,KL_Plant_0000003,25322,t0026568,Haplopteris anguste-elongata,Plantae,species,姬書帶蕨,accepted,
2017-00-00_Plant_Mianhua Islet_0513,HumanObservation,,2017-00-00_Plant_Mianhua Islet_0513,社團法人基隆市野鳥學會 (Wild Bird Society of Keelung),,,,,,,,,2017,,2017,,,Line Transect Survey | Quadrat Sampling (Twelve 5*5 m² Quadrats),Asia,Taiwan,TW,Mianhua Islet,,,25.48483,122.10535,EPSG:4326,400,1e-05,Odontosoria biflora,,KL_Plant_0000004,58275,t0026476,Odontosoria biflora,Plantae,species,闊片烏蕨,accepted,
2017-00-00_Plant_Mianhua Islet_0514,HumanObservation,,2017-00-00_Plant_Mianhua Islet_0514,社團法人基隆市野鳥學會 (Wild Bird Society of Keelung),,,,,,,,,2017,,2017,,,Line Transect Survey | Quadrat Sampling (Twelve 5*5 m² Quadrats),Asia,Taiwan,TW,Mianhua Islet,,,25.48483,122.10535,EPSG:4326,400,1e-05,Nephrolepis biserrata,,KL_Plant_0000005,25551,t0026749,Nephrolepis biserrata,Plantae,species,長葉腎蕨,accepted,
2017-00-00_Plant_Mianhua Islet_0515,HumanObservation,,2017-00-00_Plant_Mianhua Islet_0515,社團法人基隆市野鳥學會 (Wild Bird Society of Keelung),,,,,,,,,2017,,2017,,,Line Transect Survey | Quadrat Sampling (Twelve 5*5 m² Quadrats),Asia,Taiwan,TW,Mianhua Islet,,,25.48483,122.10535,EPSG:4326,400,1e-05,Tetragonia tetragonoides,,KL_Plant_0000006,25847,t0055572,Tetragonia tetragonoides,Plantae,species,番杏,accepted,
2017-00-00_Plant_Mianhua Islet_0516,HumanObservation,,2017-00-00_Plant_Mianhua Islet_0516,社團法人基隆市野鳥學會 (Wild Bird Society of Keelung),,,,,,,,,2017,,2017,,,Line Transect Survey | Quadrat Sampling (Twelve 5*5 m² Quadrats),Asia,Taiwan,TW,Mianhua Islet,,,25.48483,122.10535,EPSG:4326,400,1e-05,Morus australis,,KL_Plant_0000008,23164,t0046326,Morus australis,Plantae,species,小葉桑,accepted,
2017-00-00_Plant_Mianhua Islet_0517,HumanObservation,,2017-00-00_Plant_Mianhua Islet_0517,社團法人基隆市野鳥學會 (Wild Bird Society of Keelung),,,,,,,,,2017,,2017,,,Line Transect Survey | Quadrat Sampling (Twelve 5*5 m² Quadrats),Asia,Taiwan,TW,Mianhua Islet,,,25.48483,122.10535,EPSG:4326,400,1e-05,Persicaria chinensis,,KL_Plant_0000009,58649,t0058947,Persicaria chinensis,Plantae,species,火炭母草,accepted,
2017-00-00_Plant_Mianhua Islet_0518,HumanObservation,,2017-00-00_Plant_Mianhua Islet_0518,社團法人基隆市野鳥學會 (Wild Bird Society of Keelung),,,,,,,,,2017,,2017,,,Line Transect Survey | Quadrat Sampling (Twelve 5*5 m² Quadrats),Asia,Taiwan,TW,Mianhua Islet,,,25.48483,122.10535,EPSG:4326,400,1e-05,Rumex japonicus,,KL_Plant_0000010,120410,t0059215,Rumex japonicus,Plantae,species,羊蹄,accepted,
2017-00-00_Plant_Mianhua Islet_0519,HumanObservation,,2017-00-00_Plant_Mianhua Islet_0519,社團法人基隆市野鳥學會 (Wild Bird Society of Keelung),,,,,,,,,2017,,2017,,,Line Transect Survey | Quadrat Sampling (Twelve 5*5 m² Quadrats),Asia,Taiwan,TW,Mianhua Islet,,,25.48483,122.10535,EPSG:4326,400,1e-05,Cocculus orbiculatus,,KL_Plant_0000011,55292,t0073343,Cocculus orbiculatus,Plantae,species,木防己,accepted,
2017-00-00_Plant_Mianhua Islet_0520,HumanObservation,,2017-00-00_Plant_Mianhua Islet_0520,社團法人基隆市野鳥學會 (Wild Bird Society of Keelung),,,,,,,,,2017,,2017,,,Line Transect Survey | Quadrat Sampling (Twelve 5*5 m² Quadrats),Asia,Taiwan,TW,Mianhua Islet,,,25.48483,122.10535,EPSG:4326,400,1e-05,Boerhavia glabrata,,KL_Plant_0000013,21022,t0040401,Boerhavia glabrata,Plantae,species,光果黃細心,accepted,
2017-00-00_Plant_Mianhua Islet_0521,HumanObservation,,2017-00-00_Plant_Mianhua Islet_0521,社團法人基隆市野鳥學會 (Wild Bird Society of Keelung),,,,,,,,,2017,,2017,,,Line Transect Survey | Quadrat Sampling (Twelve 5*5 m² Quadrats),Asia,Taiwan,TW,Mianhua Islet,,,25.48483,122.10535,EPSG:4326,400,1e-05,Portulaca oleracea,,KL_Plant_0000014,23727,t0054931,Portulaca oleracea,Plantae,species,馬齒莧,accepted,
2017-00-00_Plant_Mianhua Islet_0522,HumanObservation,,2017-00-00_Plant_Mianhua Islet_0522,社團法人基隆市野鳥學會 (Wild Bird Society of Keelung),,,,,,,,,2017,,2017,,,Line Transect Survey | Quadrat Sampling (Twelve 5*5 m² Quadrats),Asia,Taiwan,TW,Mianhua Islet,,,25.48483,122.10535,EPSG:4326,400,1e-05,Portulaca pilosa,,KL_Plant_0000015,23728,t0054932,Portulaca pilosa,Plantae,species,毛馬齒莧,accepted,
2017-00-00_Plant_Mianhua Islet_0523,HumanObservation,,2017-00-00_Plant_Mianhua Islet_0523,社團法人基隆市野鳥學會 (Wild Bird Society of Keelung),,,,,,,,,2017,,2017,,,Line Transect Survey | Quadrat Sampling (Twelve 5*5 m² Quadrats),Asia,Taiwan,TW,Mianhua Islet,,,25.48483,122.10535,EPSG:4326,400,1e-05,Chenopodium acuminatum,,KL_Plant_0000016,55050,t0073189,Chenopodium acuminatum,Plantae,species,變葉藜,accepted,
2017-00-00_Plant_Mianhua Islet_0524,HumanObservation,,2017-00-00_Plant_Mianhua Islet_0524,社團法人基隆市野鳥學會 (Wild Bird Society of Keelung),,,,,,,,,2017,,2017,,,Line Transect Survey | Quadrat Sampling (Twelve 5*5 m² Quadrats),Asia,Taiwan,TW,Mianhua Islet,,,25.48483,122.10535,EPSG:4326,400,1e-05,Sedum formosanum,,KL_Plant_0000019,24177,t0055292,Sedum formosanum,Plantae,species,台灣佛甲草,accepted,石板菜
2017-00-00_Plant_Mianhua Islet_0525,HumanObservation,,2017-00-00_Plant_Mianhua Islet_0525,社團法人基隆市野鳥學會 (Wild Bird Society of Keelung),,,,,,,,,2017,,2017,,,Line Transect Survey | Quadrat Sampling (Twelve 5*5 m² Quadrats),Asia,Taiwan,TW,Mianhua Islet,,,25.48483,122.10535,EPSG:4326,400,1e-05,Oxalis corniculata,,KL_Plant_0000020,23347,t0054668,Oxalis corniculata,Plantae,species,酢漿草,accepted,
2017-00-00_Plant_Mianhua Islet_0526,HumanObservation,,2017-00-00_Plant_Mianhua Islet_0526,社團法人基隆市野鳥學會 (Wild Bird Society of Keelung),,,,,,,,,2017,,2017,,,Line Transect Survey | Quadrat Sampling (Twelve 5*5 m² Quadrats),Asia,Taiwan,TW,Mianhua Islet,,,25.48483,122.10535,EPSG:4326,400,1e-05,Centella asiatica,,KL_Plant_0000021,54893,t0058743,Centella asiatica,Plantae,species,雷公根,accepted,
2017-00-00_Plant_Mianhua Islet_0527,HumanObservation,,2017-00-00_Plant_Mianhua Islet_0527,社團法人基隆市野鳥學會 (Wild Bird Society of Keelung),,,,,,,,,2017,,2017,,,Line Transect Survey | Quadrat Sampling (Twelve 5*5 m² Quadrats),Asia,Taiwan,TW,Mianhua Islet,,,25.48483,122.10535,EPSG:4326,400,1e-05,Lysimachia mauritiana,,KL_Plant_0000023,22991,t0054360,Lysimachia mauritiana,Plantae,species,茅毛珍珠菜,accepted,
2017-00-00_Plant_Mianhua Islet_0528,HumanObservation,,2017-00-00_Plant_Mianhua Islet_0528,社團法人基隆市野鳥學會 (Wild Bird Society of Keelung),,,,,,,,,2017,,2017,,,Line Transect Survey | Quadrat Sampling (Twelve 5*5 m² Quadrats),Asia,Taiwan,TW,Mianhua Islet,,,25.48483,122.10535,EPSG:4326,400,1e-05,Leptopetalum coreanum,,KL_Plant_0000024,57472,t0103362,Leptopetalum coreanum,Plantae,species,脈耳草,accepted,
2017-00-00_Plant_Mianhua Islet_0529,HumanObservation,,2017-00-00_Plant_Mianhua Islet_0529,社團法人基隆市野鳥學會 (Wild Bird Society of Keelung),,,,,,,,,2017,,2017,,,Line Transect Survey | Quadrat Sampling (Twelve 5*5 m² Quadrats),Asia,Taiwan,TW,Mianhua Islet,,,25.48483,122.10535,EPSG:4326,400,1e-05,Dichondra micrantha,,KL_Plant_0000027,21810,t0053370,Dichondra micrantha,Plantae,species,馬蹄金,accepted,
2017-00-00_Plant_Mianhua Islet_0530,HumanObservation,,2017-00-00_Plant_Mianhua Islet_0530,社團法人基隆市野鳥學會 (Wild Bird Society of Keelung),,,,,,,,,2017,,2017,,,Line Transect Survey | Quadrat Sampling (Twelve 5*5 m² Quadrats),Asia,Taiwan,TW,Mianhua Islet,,,25.48483,122.10535,EPSG:4326,400,1e-05,Ipomoea pes-caprae,,KL_Plant_0000028,25371,t0100319,Ipomoea pes-caprae,Plantae,species,馬鞍藤,accepted,
2017-00-00_Plant_Mianhua Islet_0531,HumanObservation,,2017-00-00_Plant_Mianhua Islet_0531,社團法人基隆市野鳥學會 (Wild Bird Society of Keelung),,,,,,,,,2017,,2017,,,Line Transect Survey | Quadrat Sampling (Twelve 5*5 m² Quadrats),Asia,Taiwan,TW,Mianhua Islet,,,25.48483,122.10535,EPSG:4326,400,1e-05,Callicarpa japonica var. luxurians,,KL_Plant_0000029,25954,t0087359,Callicarpa japonica var. luxurians,Plantae,variety,朝鮮紫珠,accepted,
2017-00-00_Plant_Mianhua Islet_0532,HumanObservation,,2017-00-00_Plant_Mianhua Islet_0532,社團法人基隆市野鳥學會 (Wild Bird Society of Keelung),,,,,,,,,2017,,2017,,,Line Transect Survey | Quadrat Sampling (Twelve 5*5 m² Quadrats),Asia,Taiwan,TW,Mianhua Islet,,,25.48483,122.10535,EPSG:4326,400,1e-05,Leonurus japonicus,,KL_Plant_0000030,22790,t0054200,Leonurus japonicus,Plantae,species,益母草,accepted,
2017-00-00_Plant_Mianhua Islet_0533,HumanObservation,,2017-00-00_Plant_Mianhua Islet_0533,社團法人基隆市野鳥學會 (Wild Bird Society of Keelung),,,,,,,,,2017,,2017,,,Line Transect Survey | Quadrat Sampling (Twelve 5*5 m² Quadrats),Asia,Taiwan,TW,Mianhua Islet,,,25.48483,122.10535,EPSG:4326,400,1e-05,Corydalis koidzumiana,,KL_Plant_0000033,21549,t0053128,Corydalis koidzumiana,Plantae,species,密花黃堇,accepted,密花黃菫
2017-00-00_Plant_Mianhua Islet_0534,HumanObservation,,2017-00-00_Plant_Mianhua Islet_0534,社團法人基隆市野鳥學會 (Wild Bird Society of Keelung),,,,,,,,,2017,,2017,,,Line Transect Survey | Quadrat Sampling (Twelve 5*5 m² Quadrats),Asia,Taiwan,TW,Mianhua Islet,,,25.48483,122.10535,EPSG:4326,400,1e-05,Scaevola taccada,,KL_Plant_0000034,25749,t0055240,Scaevola taccada,Plantae,species,草海桐,accepted,
2017-00-00_Plant_Mianhua Islet_0535,HumanObservation,,2017-00-00_Plant_Mianhua Islet_0535,社團法人基隆市野鳥學會 (Wild Bird Society of Keelung),,,,,,,,,2017,,2017,,,Line Transect Survey | Quadrat Sampling (Twelve 5*5 m² Quadrats),Asia,Taiwan,TW,Mianhua Islet,,,25.48483,122.10535,EPSG:4326,400,1e-05,Artemisia capillaris,,KL_Plant_0000035,20715,t0052627,Artemisia capillaris,Plantae,species,茵陳蒿,accepted,
2017-00-00_Plant_Mianhua Islet_0536,HumanObservation,,2017-00-00_Plant_Mianhua Islet_0536,社團法人基隆市野鳥學會 (Wild Bird Society of Keelung),,,,,,,,,2017,,2017,,,Line Transect Survey | Quadrat Sampling (Twelve 5*5 m² Quadrats),Asia,Taiwan,TW,Mianhua Islet,,,25.48483,122.10535,EPSG:4326,400,1e-05,Bidens pilosa var. radiata,,KL_Plant_0000036,60926,t0086645,Bidens pilosa var. radiata,Plantae,variety,大花咸豐草,accepted,大花鬼針草 | 大花婆婆針 | 大白花鬼針 | 同治草 | 黏人草
2017-00-00_Plant_Mianhua Islet_0537,HumanObservation,,2017-00-00_Plant_Mianhua Islet_0537,社團法人基隆市野鳥學會 (Wild Bird Society of Keelung),,,,,,,,,2017,,2017,,,Line Transect Survey | Quadrat Sampling (Twelve 5*5 m² Quadrats),Asia,Taiwan,TW,Mianhua Islet,,,25.48483,122.10535,EPSG:4326,400,1e-05,Conyza bonariensis,,KL_Plant_0000037,25059,t0053106,Conyza bonariensis,Plantae,species,美洲假蓬,accepted,野桐蒿 | 野塘蒿
2017-00-00_Plant_Mianhua Islet_0538,HumanObservation,,2017-00-00_Plant_Mianhua Islet_0538,社團法人基隆市野鳥學會 (Wild Bird Society of Keelung),,,,,,,,,2017,,2017,,,Line Transect Survey | Quadrat Sampling (Twelve 5*5 m² Quadrats),Asia,Taiwan,TW,Mianhua Islet,,,25.48483,122.10535,EPSG:4326,400,1e-05,Conyza sumatrensis,,KL_Plant_0000039,55429,t0073443,Conyza sumatrensis,Plantae,species,野茼蒿,accepted,
2017-00-00_Plant_Mianhua Islet_0539,HumanObservation,,2017-00-00_Plant_Mianhua Islet_0539,社團法人基隆市野鳥學會 (Wild Bird Society of Keelung),,,,,,,,,2017,,2017,,,Line Transect Survey | Quadrat Sampling (Twelve 5*5 m² Quadrats),Asia,Taiwan,TW,Mianhua Islet,,,25.48483,122.10535,EPSG:4326,400,1e-05,Crossostephium chinense,,KL_Plant_0000040,21588,t0053159,Crossostephium chinense,Plantae,species,蘄艾,accepted,
2017-00-00_Plant_Mianhua Islet_0540,HumanObservation,,2017-00-00_Plant_Mianhua Islet_0540,社團法人基隆市野鳥學會 (Wild Bird Society of Keelung),,,,,,,,,2017,,2017,,,Line Transect Survey | Quadrat Sampling (Twelve 5*5 m² Quadrats),Asia,Taiwan,TW,Mianhua Islet,,,25.48483,122.10535,EPSG:4326,400,1e-05,Emilia sonchifolia,,KL_Plant_0000041,25212,t0053530,Emilia sonchifolia,Plantae,species,紫背草,accepted,一點紅 | 葉下紅
2017-00-00_Plant_Mianhua Islet_0541,HumanObservation,,2017-00-00_Plant_Mianhua Islet_0541,社團法人基隆市野鳥學會 (Wild Bird Society of Keelung),,,,,,,,,2017,,2017,,,Line Transect Survey | Quadrat Sampling (Twelve 5*5 m² Quadrats),Asia,Taiwan,TW,Mianhua Islet,,,25.48483,122.10535,EPSG:4326,400,1e-05,Gnaphalium luteoalbum subsp. affine,,KL_Plant_0000043,61275,t0057950,Gnaphalium luteoalbum subsp. affine,Plantae,subspecies,鼠麴草,accepted,
2017-00-00_Plant_Mianhua Islet_0542,HumanObservation,,2017-00-00_Plant_Mianhua Islet_0542,社團法人基隆市野鳥學會 (Wild Bird Society of Keelung),,,,,,,,,2017,,2017,,,Line Transect Survey | Quadrat Sampling (Twelve 5*5 m² Quadrats),Asia,Taiwan,TW,Mianhua Islet,,,25.48483,122.10535,EPSG:4326,400,1e-05,Gnaphalium calviceps,,KL_Plant_0000044,22348,t0053831,Gnaphalium calviceps,Plantae,species,直莖鼠麴草,accepted,
2017-00-00_Plant_Mianhua Islet_0543,HumanObservation,,2017-00-00_Plant_Mianhua Islet_0543,社團法人基隆市野鳥學會 (Wild Bird Society of Keelung),,,,,,,,,2017,,2017,,,Line Transect Survey | Quadrat Sampling (Twelve 5*5 m² Quadrats),Asia,Taiwan,TW,Mianhua Islet,,,25.48483,122.10535,EPSG:4326,400,1e-05,Gnaphalium purpureum,,KL_Plant_0000045,22352,t0053835,Gnaphalium purpureum,Plantae,species,鼠麴舅,accepted,
2017-00-00_Plant_Mianhua Islet_0544,HumanObservation,,2017-00-00_Plant_Mianhua Islet_0544,社團法人基隆市野鳥學會 (Wild Bird Society of Keelung),,,,,,,,,2017,,2017,,,Line Transect Survey | Quadrat Sampling (Twelve 5*5 m² Quadrats),Asia,Taiwan,TW,Mianhua Islet,,,25.48483,122.10535,EPSG:4326,400,1e-05,Wollastonia dentata,,KL_Plant_0000092,60737,t0057507,Wollastonia dentata,Plantae,species,大天蓬草舅,accepted,天蓬草舅
2017-00-00_Plant_Mianhua Islet_0545,HumanObservation,,2017-00-00_Plant_Mianhua Islet_0545,社團法人基隆市野鳥學會 (Wild Bird Society of Keelung),,,,,,,,,2017,,2017,,,Line Transect Survey | Quadrat Sampling (Twelve 5*5 m² Quadrats),Asia,Taiwan,TW,Mianhua Islet,,,25.48483,122.10535,EPSG:4326,400,1e-05,Youngia japonica,,KL_Plant_0000052,25907,t0069832,Youngia japonica,Plantae,species,黃鵪菜,accepted,
2017-00-00_Plant_Mianhua Islet_0546,HumanObservation,,2017-00-00_Plant_Mianhua Islet_0546,社團法人基隆市野鳥學會 (Wild Bird Society of Keelung),,,,,,,,,2017,,2017,,,Line Transect Survey | Quadrat Sampling (Twelve 5*5 m² Quadrats),Asia,Taiwan,TW,Mianhua Islet,,,25.48483,122.10535,EPSG:4326,400,1e-05,Oenothera laciniata,,KL_Plant_0000053,23277,t0046093,Oenothera laciniata,Plantae,species,裂葉月見草,accepted,
2017-00-00_Plant_Mianhua Islet_0547,HumanObservation,,2017-00-00_Plant_Mianhua Islet_0547,社團法人基隆市野鳥學會 (Wild Bird Society of Keelung),,,,,,,,,2017,,2017,,,Line Transect Survey | Quadrat Sampling (Twelve 5*5 m² Quadrats),Asia,Taiwan,TW,Mianhua Islet,,,25.48483,122.10535,EPSG:4326,400,1e-05,Raphanus raphanistrum subsp. sativus,,KL_Plant_0000054,144038,t0055045,Raphanus raphanistrum subsp. sativus,Plantae,subspecies,濱蘿蔔,accepted,濱萊菔
2017-00-00_Plant_Mianhua Islet_0548,HumanObservation,,2017-00-00_Plant_Mianhua Islet_0548,社團法人基隆市野鳥學會 (Wild Bird Society of Keelung),,,,,,,,,2017,,2017,,,Line Transect Survey | Quadrat Sampling (Twelve 5*5 m² Quadrats),Asia,Taiwan,TW,Mianhua Islet,,,25.48483,122.10535,EPSG:4326,400,1e-05,Vigna marina,,KL_Plant_0000056,25894,t0049306,Vigna marina,Plantae,species,濱豇豆,accepted,
2017-00-00_Plant_Mianhua Islet_0549,HumanObservation,,2017-00-00_Plant_Mianhua Islet_0549,社團法人基隆市野鳥學會 (Wild Bird Society of Keelung),,,,,,,,,2017,,2017,,,Line Transect Survey | Quadrat Sampling (Twelve 5*5 m² Quadrats),Asia,Taiwan,TW,Mianhua Islet,,,25.48483,122.10535,EPSG:4326,400,1e-05,Pilea peploides var. major,,KL_Plant_0000057,61485,t0086947,Pilea peploides var. major,Plantae,variety,齒葉矮冷水麻,accepted,苦水花 | 矮冷水麻
2017-00-00_Plant_Mianhua Islet_0550,HumanObservation,,2017-00-00_Plant_Mianhua Islet_0550,社團法人基隆市野鳥學會 (Wild Bird Society of Keelung),,,,,,,,,2017,,2017,,,Line Transect Survey | Quadrat Sampling (Twelve 5*5 m² Quadrats),Asia,Taiwan,TW,Mianhua Islet,,,25.48483,122.10535,EPSG:4326,400,1e-05,Commelina diffusa,,KL_Plant_0000059,21505,t0053100,Commelina diffusa,Plantae,species,竹仔菜,accepted,
2017-00-00_Plant_Mianhua Islet_0551,HumanObservation,,2017-00-00_Plant_Mianhua Islet_0551,社團法人基隆市野鳥學會 (Wild Bird Society of Keelung),,,,,,,,,2017,,2017,,,Line Transect Survey | Quadrat Sampling (Twelve 5*5 m² Quadrats),Asia,Taiwan,TW,Mianhua Islet,,,25.48483,122.10535,EPSG:4326,400,1e-05,Carex breviculmis,,KL_Plant_0000060,21205,t0052815,Carex breviculmis,Plantae,species,短莖宿柱薹,accepted,
2017-00-00_Plant_Mianhua Islet_0552,HumanObservation,,2017-00-00_Plant_Mianhua Islet_0552,社團法人基隆市野鳥學會 (Wild Bird Society of Keelung),,,,,,,,,2017,,2017,,,Line Transect Survey | Quadrat Sampling (Twelve 5*5 m² Quadrats),Asia,Taiwan,TW,Mianhua Islet,,,25.48483,122.10535,EPSG:4326,400,1e-05,Cyperus polystachyos,,KL_Plant_0000061,21705,t0055001,Cyperus polystachyos,Plantae,species,多柱扁莎,accepted,多枝扁莎
2017-00-00_Plant_Mianhua Islet_0553,HumanObservation,,2017-00-00_Plant_Mianhua Islet_0553,社團法人基隆市野鳥學會 (Wild Bird Society of Keelung),,,,,,,,,2017,,2017,,,Line Transect Survey | Quadrat Sampling (Twelve 5*5 m² Quadrats),Asia,Taiwan,TW,Mianhua Islet,,,25.48483,122.10535,EPSG:4326,400,1e-05,Fimbristylis dichotoma,,KL_Plant_0000063,25271,t0053700,Fimbristylis dichotoma,Plantae,species,竹子飄拂草,accepted,
2017-00-00_Plant_Mianhua Islet_0554,HumanObservation,,2017-00-00_Plant_Mianhua Islet_0554,社團法人基隆市野鳥學會 (Wild Bird Society of Keelung),,,,,,,,,2017,,2017,,,Line Transect Survey | Quadrat Sampling (Twelve 5*5 m² Quadrats),Asia,Taiwan,TW,Mianhua Islet,,,25.48483,122.10535,EPSG:4326,400,1e-05,Brachiaria villosa,,KL_Plant_0000066,24962,t0040426,Brachiaria villosa,Plantae,species,毛臂形草,accepted,
2017-00-00_Plant_Mianhua Islet_0555,HumanObservation,,2017-00-00_Plant_Mianhua Islet_0555,社團法人基隆市野鳥學會 (Wild Bird Society of Keelung),,,,,,,,,2017,,2017,,,Line Transect Survey | Quadrat Sampling (Twelve 5*5 m² Quadrats),Asia,Taiwan,TW,Mianhua Islet,,,25.48483,122.10535,EPSG:4326,400,1e-05,Digitaria ciliaris,,KL_Plant_0000069,25157,t0053380,Digitaria ciliaris,Plantae,species,升馬唐,accepted,
2017-00-00_Plant_Mianhua Islet_0556,HumanObservation,,2017-00-00_Plant_Mianhua Islet_0556,社團法人基隆市野鳥學會 (Wild Bird Society of Keelung),,,,,,,,,2017,,2017,,,Line Transect Survey | Quadrat Sampling (Twelve 5*5 m² Quadrats),Asia,Taiwan,TW,Mianhua Islet,,,25.48483,122.10535,EPSG:4326,400,1e-05,Digitaria henryi,,KL_Plant_0000070,21820,t0053384,Digitaria henryi,Plantae,species,亨利馬唐,accepted,
2017-00-00_Plant_Mianhua Islet_0557,HumanObservation,,2017-00-00_Plant_Mianhua Islet_0557,社團法人基隆市野鳥學會 (Wild Bird Society of Keelung),,,,,,,,,2017,,2017,,,Line Transect Survey | Quadrat Sampling (Twelve 5*5 m² Quadrats),Asia,Taiwan,TW,Mianhua Islet,,,25.48483,122.10535,EPSG:4326,400,1e-05,Digitaria mollicoma,,KL_Plant_0000072,25162,t0053388,Digitaria mollicoma,Plantae,species,絨馬唐,accepted,大絨馬唐
2017-00-00_Plant_Mianhua Islet_0558,HumanObservation,,2017-00-00_Plant_Mianhua Islet_0558,社團法人基隆市野鳥學會 (Wild Bird Society of Keelung),,,,,,,,,2017,,2017,,,Line Transect Survey | Quadrat Sampling (Twelve 5*5 m² Quadrats),Asia,Taiwan,TW,Mianhua Islet,,,25.48483,122.10535,EPSG:4326,400,1e-05,Digitaria sericea,,KL_Plant_0000074,55903,t0073704,Digitaria sericea,Plantae,species,絹毛馬唐,accepted,
2017-00-00_Plant_Mianhua Islet_0559,HumanObservation,,2017-00-00_Plant_Mianhua Islet_0559,社團法人基隆市野鳥學會 (Wild Bird Society of Keelung),,,,,,,,,2017,,2017,,,Line Transect Survey | Quadrat Sampling (Twelve 5*5 m² Quadrats),Asia,Taiwan,TW,Mianhua Islet,,,25.48483,122.10535,EPSG:4326,400,1e-05,Imperata cylindrica var. major,,KL_Plant_0000075,26121,t0087378,Imperata cylindrica var. major,Plantae,variety,白茅,accepted,
2017-00-00_Plant_Mianhua Islet_0560,HumanObservation,,2017-00-00_Plant_Mianhua Islet_0560,社團法人基隆市野鳥學會 (Wild Bird Society of Keelung),,,,,,,,,2017,,2017,,,Line Transect Survey | Quadrat Sampling (Twelve 5*5 m² Quadrats),Asia,Taiwan,TW,Mianhua Islet,,,25.48483,122.10535,EPSG:4326,400,1e-05,Paspalum orbiculare,,KL_Plant_0000078,23423,t0054713,Paspalum orbiculare,Plantae,species,圓果雀稗,accepted,
2017-00-00_Plant_Mianhua Islet_0561,HumanObservation,,2017-00-00_Plant_Mianhua Islet_0561,社團法人基隆市野鳥學會 (Wild Bird Society of Keelung),,,,,,,,,2017,,2017,,,Line Transect Survey | Quadrat Sampling (Twelve 5*5 m² Quadrats),Asia,Taiwan,TW,Mianhua Islet,,,25.48483,122.10535,EPSG:4326,400,1e-05,Paspalum scrobiculatum,,KL_Plant_0000079,23426,t0054716,Paspalum scrobiculatum,Plantae,species,鴨姆草,accepted,
2017-00-00_Plant_Mianhua Islet_0562,HumanObservation,,2017-00-00_Plant_Mianhua Islet_0562,社團法人基隆市野鳥學會 (Wild Bird Society of Keelung),,,,,,,,,2017,,2017,,,Line Transect Survey | Quadrat Sampling (Twelve 5*5 m² Quadrats),Asia,Taiwan,TW,Mianhua Islet,,,25.48483,122.10535,EPSG:4326,400,1e-05,Paspalum vaginatum,,KL_Plant_0000080,23429,t0054719,Paspalum vaginatum,Plantae,species,海雀稗,accepted,
2017-00-00_Plant_Mianhua Islet_0563,HumanObservation,,2017-00-00_Plant_Mianhua Islet_0563,社團法人基隆市野鳥學會 (Wild Bird Society of Keelung),,,,,,,,,2017,,2017,,,Line Transect Survey | Quadrat Sampling (Twelve 5*5 m² Quadrats),Asia,Taiwan,TW,Mianhua Islet,,,25.48483,122.10535,EPSG:4326,400,1e-05,Setaria parviflora,,KL_Plant_0000083,59832,t0058251,Setaria parviflora,Plantae,species,莠狗尾草,accepted,
2017-00-00_Plant_Mianhua Islet_0564,HumanObservation,,2017-00-00_Plant_Mianhua Islet_0564,社團法人基隆市野鳥學會 (Wild Bird Society of Keelung),,,,,,,,,2017,,2017,,,Line Transect Survey | Quadrat Sampling (Twelve 5*5 m² Quadrats),Asia,Taiwan,TW,Mianhua Islet,,,25.48483,122.10535,EPSG:4326,400,1e-05,Zoysia sinica,,KL_Plant_0000087,24827,t0049409,Zoysia sinica,Plantae,species,中華結縷草,accepted,
2017-00-00_Plant_Mianhua Islet_0565,HumanObservation,,2017-00-00_Plant_Mianhua Islet_0565,社團法人基隆市野鳥學會 (Wild Bird Society of Keelung),,,,,,,,,2017,,2017,,,Line Transect Survey | Quadrat Sampling (Twelve 5*5 m² Quadrats),Asia,Taiwan,TW,Mianhua Islet,,,25.48483,122.10535,EPSG:4326,400,1e-05,Terminalia catappa,,KL_Plant_0000090,24473,t0055570,Terminalia catappa,Plantae,species,欖仁,accepted,
2018-00-00_Plant_Mianhua Islet_0566,HumanObservation,,2018-00-00_Plant_Mianhua Islet_0566,社團法人基隆市野鳥學會 (Wild Bird Society of Keelung),,,,,,,,,2018,,2018,,,Line Transect Survey | Quadrat Sampling (Twelve 5*5 m² Quadrats),Asia,Taiwan,TW,Mianhua Islet,,,25.48483,122.10535,EPSG:4326,400,1e-05,Cyrtomium falcatum,,KL_Plant_0000001,25108,t0058916,Cyrtomium falcatum,Plantae,species,全緣貫眾蕨,accepted,
2018-00-00_Plant_Mianhua Islet_0567,HumanObservation,,2018-00-00_Plant_Mianhua Islet_0567,社團法人基隆市野鳥學會 (Wild Bird Society of Keelung),,,,,,,,,2018,,2018,,,Line Transect Survey | Quadrat Sampling (Twelve 5*5 m² Quadrats),Asia,Taiwan,TW,Mianhua Islet,,,25.48483,122.10535,EPSG:4326,400,1e-05,Pteris fauriei var. fauriei,,KL_Plant_0000002,145731,t0101197,Pteris fauriei var. fauriei,Plantae,variety,傅氏鳳尾蕨,accepted,
2018-00-00_Plant_Mianhua Islet_0568,HumanObservation,,2018-00-00_Plant_Mianhua Islet_0568,社團法人基隆市野鳥學會 (Wild Bird Society of Keelung),,,,,,,,,2018,,2018,,,Line Transect Survey | Quadrat Sampling (Twelve 5*5 m² Quadrats),Asia,Taiwan,TW,Mianhua Islet,,,25.48483,122.10535,EPSG:4326,400,1e-05,Haplopteris anguste-elongata,,KL_Plant_0000003,25322,t0026568,Haplopteris anguste-elongata,Plantae,species,姬書帶蕨,accepted,
2018-00-00_Plant_Mianhua Islet_0569,HumanObservation,,2018-00-00_Plant_Mianhua Islet_0569,社團法人基隆市野鳥學會 (Wild Bird Society of Keelung),,,,,,,,,2018,,2018,,,Line Transect Survey | Quadrat Sampling (Twelve 5*5 m² Quadrats),Asia,Taiwan,TW,Mianhua Islet,,,25.48483,122.10535,EPSG:4326,400,1e-05,Odontosoria biflora,,KL_Plant_0000004,58275,t0026476,Odontosoria biflora,Plantae,species,闊片烏蕨,accepted,
2018-00-00_Plant_Mianhua Islet_0570,HumanObservation,,2018-00-00_Plant_Mianhua Islet_0570,社團法人基隆市野鳥學會 (Wild Bird Society of Keelung),,,,,,,,,2018,,2018,,,Line Transect Survey | Quadrat Sampling (Twelve 5*5 m² Quadrats),Asia,Taiwan,TW,Mianhua Islet,,,25.48483,122.10535,EPSG:4326,400,1e-05,Nephrolepis biserrata,,KL_Plant_0000005,25551,t0026749,Nephrolepis biserrata,Plantae,species,長葉腎蕨,accepted,
2018-00-00_Plant_Mianhua Islet_0571,HumanObservation,,2018-00-00_Plant_Mianhua Islet_0571,社團法人基隆市野鳥學會 (Wild Bird Society of Keelung),,,,,,,,,2018,,2018,,,Line Transect Survey | Quadrat Sampling (Twelve 5*5 m² Quadrats),Asia,Taiwan,TW,Mianhua Islet,,,25.48483,122.10535,EPSG:4326,400,1e-05,Tetragonia tetragonoides,,KL_Plant_0000006,25847,t0055572,Tetragonia tetragonoides,Plantae,species,番杏,accepted,
2018-00-00_Plant_Mianhua Islet_0572,HumanObservation,,2018-00-00_Plant_Mianhua Islet_0572,社團法人基隆市野鳥學會 (Wild Bird Society of Keelung),,,,,,,,,2018,,2018,,,Line Transect Survey | Quadrat Sampling (Twelve 5*5 m² Quadrats),Asia,Taiwan,TW,Mianhua Islet,,,25.48483,122.10535,EPSG:4326,400,1e-05,Morus australis,,KL_Plant_0000008,23164,t0046326,Morus australis,Plantae,species,小葉桑,accepted,
2018-00-00_Plant_Mianhua Islet_0573,HumanObservation,,2018-00-00_Plant_Mianhua Islet_0573,社團法人基隆市野鳥學會 (Wild Bird Society of Keelung),,,,,,,,,2018,,2018,,,Line Transect Survey | Quadrat Sampling (Twelve 5*5 m² Quadrats),Asia,Taiwan,TW,Mianhua Islet,,,25.48483,122.10535,EPSG:4326,400,1e-05,Persicaria chinensis,,KL_Plant_0000009,58649,t0058947,Persicaria chinensis,Plantae,species,火炭母草,accepted,
2018-00-00_Plant_Mianhua Islet_0574,HumanObservation,,2018-00-00_Plant_Mianhua Islet_0574,社團法人基隆市野鳥學會 (Wild Bird Society of Keelung),,,,,,,,,2018,,2018,,,Line Transect Survey | Quadrat Sampling (Twelve 5*5 m² Quadrats),Asia,Taiwan,TW,Mianhua Islet,,,25.48483,122.10535,EPSG:4326,400,1e-05,Rumex japonicus,,KL_Plant_0000010,120410,t0059215,Rumex japonicus,Plantae,species,羊蹄,accepted,
2018-00-00_Plant_Mianhua Islet_0575,HumanObservation,,2018-00-00_Plant_Mianhua Islet_0575,社團法人基隆市野鳥學會 (Wild Bird Society of Keelung),,,,,,,,,2018,,2018,,,Line Transect Survey | Quadrat Sampling (Twelve 5*5 m² Quadrats),Asia,Taiwan,TW,Mianhua Islet,,,25.48483,122.10535,EPSG:4326,400,1e-05,Cocculus orbiculatus,,KL_Plant_0000011,55292,t0073343,Cocculus orbiculatus,Plantae,species,木防己,accepted,
2018-00-00_Plant_Mianhua Islet_0576,HumanObservation,,2018-00-00_Plant_Mianhua Islet_0576,社團法人基隆市野鳥學會 (Wild Bird Society of Keelung),,,,,,,,,2018,,2018,,,Line Transect Survey | Quadrat Sampling (Twelve 5*5 m² Quadrats),Asia,Taiwan,TW,Mianhua Islet,,,25.48483,122.10535,EPSG:4326,400,1e-05,Boerhavia glabrata,,KL_Plant_0000013,21022,t0040401,Boerhavia glabrata,Plantae,species,光果黃細心,accepted,
2018-00-00_Plant_Mianhua Islet_0577,HumanObservation,,2018-00-00_Plant_Mianhua Islet_0577,社團法人基隆市野鳥學會 (Wild Bird Society of Keelung),,,,,,,,,2018,,2018,,,Line Transect Survey | Quadrat Sampling (Twelve 5*5 m² Quadrats),Asia,Taiwan,TW,Mianhua Islet,,,25.48483,122.10535,EPSG:4326,400,1e-05,Portulaca oleracea,,KL_Plant_0000014,23727,t0054931,Portulaca oleracea,Plantae,species,馬齒莧,accepted,
2018-00-00_Plant_Mianhua Islet_0578,HumanObservation,,2018-00-00_Plant_Mianhua Islet_0578,社團法人基隆市野鳥學會 (Wild Bird Society of Keelung),,,,,,,,,2018,,2018,,,Line Transect Survey | Quadrat Sampling (Twelve 5*5 m² Quadrats),Asia,Taiwan,TW,Mianhua Islet,,,25.48483,122.10535,EPSG:4326,400,1e-05,Portulaca pilosa,,KL_Plant_0000015,23728,t0054932,Portulaca pilosa,Plantae,species,毛馬齒莧,accepted,
2018-00-00_Plant_Mianhua Islet_0579,HumanObservation,,2018-00-00_Plant_Mianhua Islet_0579,社團法人基隆市野鳥學會 (Wild Bird Society of Keelung),,,,,,,,,2018,,2018,,,Line Transect Survey | Quadrat Sampling (Twelve 5*5 m² Quadrats),Asia,Taiwan,TW,Mianhua Islet,,,25.48483,122.10535,EPSG:4326,400,1e-05,Chenopodium acuminatum,,KL_Plant_0000016,55050,t0073189,Chenopodium acuminatum,Plantae,species,變葉藜,accepted,
2018-00-00_Plant_Mianhua Islet_0580,HumanObservation,,2018-00-00_Plant_Mianhua Islet_0580,社團法人基隆市野鳥學會 (Wild Bird Society of Keelung),,,,,,,,,2018,,2018,,,Line Transect Survey | Quadrat Sampling (Twelve 5*5 m² Quadrats),Asia,Taiwan,TW,Mianhua Islet,,,25.48483,122.10535,EPSG:4326,400,1e-05,Sedum formosanum,,KL_Plant_0000019,24177,t0055292,Sedum formosanum,Plantae,species,台灣佛甲草,accepted,石板菜
2018-00-00_Plant_Mianhua Islet_0581,HumanObservation,,2018-00-00_Plant_Mianhua Islet_0581,社團法人基隆市野鳥學會 (Wild Bird Society of Keelung),,,,,,,,,2018,,2018,,,Line Transect Survey | Quadrat Sampling (Twelve 5*5 m² Quadrats),Asia,Taiwan,TW,Mianhua Islet,,,25.48483,122.10535,EPSG:4326,400,1e-05,Oxalis corniculata,,KL_Plant_0000020,23347,t0054668,Oxalis corniculata,Plantae,species,酢漿草,accepted,
2018-00-00_Plant_Mianhua Islet_0582,HumanObservation,,2018-00-00_Plant_Mianhua Islet_0582,社團法人基隆市野鳥學會 (Wild Bird Society of Keelung),,,,,,,,,2018,,2018,,,Line Transect Survey | Quadrat Sampling (Twelve 5*5 m² Quadrats),Asia,Taiwan,TW,Mianhua Islet,,,25.48483,122.10535,EPSG:4326,400,1e-05,Centella asiatica,,KL_Plant_0000021,54893,t0058743,Centella asiatica,Plantae,species,雷公根,accepted,
2018-00-00_Plant_Mianhua Islet_0583,HumanObservation,,2018-00-00_Plant_Mianhua Islet_0583,社團法人基隆市野鳥學會 (Wild Bird Society of Keelung),,,,,,,,,2018,,2018,,,Line Transect Survey | Quadrat Sampling (Twelve 5*5 m² Quadrats),Asia,Taiwan,TW,Mianhua Islet,,,25.48483,122.10535,EPSG:4326,400,1e-05,Pittosporum tobira,,KL_Plant_0000022,58902,t0075339,Pittosporum tobira,Plantae,species,海桐,accepted,
2018-00-00_Plant_Mianhua Islet_0584,HumanObservation,,2018-00-00_Plant_Mianhua Islet_0584,社團法人基隆市野鳥學會 (Wild Bird Society of Keelung),,,,,,,,,2018,,2018,,,Line Transect Survey | Quadrat Sampling (Twelve 5*5 m² Quadrats),Asia,Taiwan,TW,Mianhua Islet,,,25.48483,122.10535,EPSG:4326,400,1e-05,Lysimachia mauritiana,,KL_Plant_0000023,22991,t0054360,Lysimachia mauritiana,Plantae,species,茅毛珍珠菜,accepted,
2018-00-00_Plant_Mianhua Islet_0585,HumanObservation,,2018-00-00_Plant_Mianhua Islet_0585,社團法人基隆市野鳥學會 (Wild Bird Society of Keelung),,,,,,,,,2018,,2018,,,Line Transect Survey | Quadrat Sampling (Twelve 5*5 m² Quadrats),Asia,Taiwan,TW,Mianhua Islet,,,25.48483,122.10535,EPSG:4326,400,1e-05,Leptopetalum coreanum,,KL_Plant_0000024,57472,t0103362,Leptopetalum coreanum,Plantae,species,脈耳草,accepted,
2018-00-00_Plant_Mianhua Islet_0586,HumanObservation,,2018-00-00_Plant_Mianhua Islet_0586,社團法人基隆市野鳥學會 (Wild Bird Society of Keelung),,,,,,,,,2018,,2018,,,Line Transect Survey | Quadrat Sampling (Twelve 5*5 m² Quadrats),Asia,Taiwan,TW,Mianhua Islet,,,25.48483,122.10535,EPSG:4326,400,1e-05,Dichondra micrantha,,KL_Plant_0000027,21810,t0053370,Dichondra micrantha,Plantae,species,馬蹄金,accepted,
2018-00-00_Plant_Mianhua Islet_0587,HumanObservation,,2018-00-00_Plant_Mianhua Islet_0587,社團法人基隆市野鳥學會 (Wild Bird Society of Keelung),,,,,,,,,2018,,2018,,,Line Transect Survey | Quadrat Sampling (Twelve 5*5 m² Quadrats),Asia,Taiwan,TW,Mianhua Islet,,,25.48483,122.10535,EPSG:4326,400,1e-05,Ipomoea pes-caprae,,KL_Plant_0000028,25371,t0100319,Ipomoea pes-caprae,Plantae,species,馬鞍藤,accepted,
2018-00-00_Plant_Mianhua Islet_0588,HumanObservation,,2018-00-00_Plant_Mianhua Islet_0588,社團法人基隆市野鳥學會 (Wild Bird Society of Keelung),,,,,,,,,2018,,2018,,,Line Transect Survey | Quadrat Sampling (Twelve 5*5 m² Quadrats),Asia,Taiwan,TW,Mianhua Islet,,,25.48483,122.10535,EPSG:4326,400,1e-05,Callicarpa japonica var. luxurians,,KL_Plant_0000029,25954,t0087359,Callicarpa japonica var. luxurians,Plantae,variety,朝鮮紫珠,accepted,
2018-00-00_Plant_Mianhua Islet_0589,HumanObservation,,2018-00-00_Plant_Mianhua Islet_0589,社團法人基隆市野鳥學會 (Wild Bird Society of Keelung),,,,,,,,,2018,,2018,,,Line Transect Survey | Quadrat Sampling (Twelve 5*5 m² Quadrats),Asia,Taiwan,TW,Mianhua Islet,,,25.48483,122.10535,EPSG:4326,400,1e-05,Leonurus japonicus,,KL_Plant_0000030,22790,t0054200,Leonurus japonicus,Plantae,species,益母草,accepted,
2018-00-00_Plant_Mianhua Islet_0590,HumanObservation,,2018-00-00_Plant_Mianhua Islet_0590,社團法人基隆市野鳥學會 (Wild Bird Society of Keelung),,,,,,,,,2018,,2018,,,Line Transect Survey | Quadrat Sampling (Twelve 5*5 m² Quadrats),Asia,Taiwan,TW,Mianhua Islet,,,25.48483,122.10535,EPSG:4326,400,1e-05,Corydalis koidzumiana,,KL_Plant_0000033,21549,t0053128,Corydalis koidzumiana,Plantae,species,密花黃堇,accepted,密花黃菫
2018-00-00_Plant_Mianhua Islet_0591,HumanObservation,,2018-00-00_Plant_Mianhua Islet_0591,社團法人基隆市野鳥學會 (Wild Bird Society of Keelung),,,,,,,,,2018,,2018,,,Line Transect Survey | Quadrat Sampling (Twelve 5*5 m² Quadrats),Asia,Taiwan,TW,Mianhua Islet,,,25.48483,122.10535,EPSG:4326,400,1e-05,Scaevola taccada,,KL_Plant_0000034,25749,t0055240,Scaevola taccada,Plantae,species,草海桐,accepted,
2018-00-00_Plant_Mianhua Islet_0592,HumanObservation,,2018-00-00_Plant_Mianhua Islet_0592,社團法人基隆市野鳥學會 (Wild Bird Society of Keelung),,,,,,,,,2018,,2018,,,Line Transect Survey | Quadrat Sampling (Twelve 5*5 m² Quadrats),Asia,Taiwan,TW,Mianhua Islet,,,25.48483,122.10535,EPSG:4326,400,1e-05,Artemisia capillaris,,KL_Plant_0000035,20715,t0052627,Artemisia capillaris,Plantae,species,茵陳蒿,accepted,
2018-00-00_Plant_Mianhua Islet_0593,HumanObservation,,2018-00-00_Plant_Mianhua Islet_0593,社團法人基隆市野鳥學會 (Wild Bird Society of Keelung),,,,,,,,,2018,,2018,,,Line Transect Survey | Quadrat Sampling (Twelve 5*5 m² Quadrats),Asia,Taiwan,TW,Mianhua Islet,,,25.48483,122.10535,EPSG:4326,400,1e-05,Conyza bonariensis,,KL_Plant_0000037,25059,t0053106,Conyza bonariensis,Plantae,species,美洲假蓬,accepted,野桐蒿 | 野塘蒿
2018-00-00_Plant_Mianhua Islet_0594,HumanObservation,,2018-00-00_Plant_Mianhua Islet_0594,社團法人基隆市野鳥學會 (Wild Bird Society of Keelung),,,,,,,,,2018,,2018,,,Line Transect Survey | Quadrat Sampling (Twelve 5*5 m² Quadrats),Asia,Taiwan,TW,Mianhua Islet,,,25.48483,122.10535,EPSG:4326,400,1e-05,Conyza sumatrensis,,KL_Plant_0000039,55429,t0073443,Conyza sumatrensis,Plantae,species,野茼蒿,accepted,
2018-00-00_Plant_Mianhua Islet_0595,HumanObservation,,2018-00-00_Plant_Mianhua Islet_0595,社團法人基隆市野鳥學會 (Wild Bird Society of Keelung),,,,,,,,,2018,,2018,,,Line Transect Survey | Quadrat Sampling (Twelve 5*5 m² Quadrats),Asia,Taiwan,TW,Mianhua Islet,,,25.48483,122.10535,EPSG:4326,400,1e-05,Crossostephium chinense,,KL_Plant_0000040,21588,t0053159,Crossostephium chinense,Plantae,species,蘄艾,accepted,
2018-00-00_Plant_Mianhua Islet_0596,HumanObservation,,2018-00-00_Plant_Mianhua Islet_0596,社團法人基隆市野鳥學會 (Wild Bird Society of Keelung),,,,,,,,,2018,,2018,,,Line Transect Survey | Quadrat Sampling (Twelve 5*5 m² Quadrats),Asia,Taiwan,TW,Mianhua Islet,,,25.48483,122.10535,EPSG:4326,400,1e-05,Emilia sonchifolia,,KL_Plant_0000041,25212,t0053530,Emilia sonchifolia,Plantae,species,紫背草,accepted,一點紅 | 葉下紅
2018-00-00_Plant_Mianhua Islet_0597,HumanObservation,,2018-00-00_Plant_Mianhua Islet_0597,社團法人基隆市野鳥學會 (Wild Bird Society of Keelung),,,,,,,,,2018,,2018,,,Line Transect Survey | Quadrat Sampling (Twelve 5*5 m² Quadrats),Asia,Taiwan,TW,Mianhua Islet,,,25.48483,122.10535,EPSG:4326,400,1e-05,Gnaphalium luteoalbum subsp. affine,,KL_Plant_0000043,61275,t0057950,Gnaphalium luteoalbum subsp. affine,Plantae,subspecies,鼠麴草,accepted,
2018-00-00_Plant_Mianhua Islet_0598,HumanObservation,,2018-00-00_Plant_Mianhua Islet_0598,社團法人基隆市野鳥學會 (Wild Bird Society of Keelung),,,,,,,,,2018,,2018,,,Line Transect Survey | Quadrat Sampling (Twelve 5*5 m² Quadrats),Asia,Taiwan,TW,Mianhua Islet,,,25.48483,122.10535,EPSG:4326,400,1e-05,Gnaphalium calviceps,,KL_Plant_0000044,22348,t0053831,Gnaphalium calviceps,Plantae,species,直莖鼠麴草,accepted,
2018-00-00_Plant_Mianhua Islet_0599,HumanObservation,,2018-00-00_Plant_Mianhua Islet_0599,社團法人基隆市野鳥學會 (Wild Bird Society of Keelung),,,,,,,,,2018,,2018,,,Line Transect Survey | Quadrat Sampling (Twelve 5*5 m² Quadrats),Asia,Taiwan,TW,Mianhua Islet,,,25.48483,122.10535,EPSG:4326,400,1e-05,Gnaphalium purpureum,,KL_Plant_0000045,22352,t0053835,Gnaphalium purpureum,Plantae,species,鼠麴舅,accepted,
2018-00-00_Plant_Mianhua Islet_0600,HumanObservation,,2018-00-00_Plant_Mianhua Islet_0600,社團法人基隆市野鳥學會 (Wild Bird Society of Keelung),,,,,,,,,2018,,2018,,,Line Transect Survey | Quadrat Sampling (Twelve 5*5 m² Quadrats),Asia,Taiwan,TW,Mianhua Islet,,,25.48483,122.10535,EPSG:4326,400,1e-05,Wollastonia biflora,,KL_Plant_0000049,60736,t0069822,Wollastonia biflora,Plantae,species,雙花蟛蜞菊,accepted,
2018-00-00_Plant_Mianhua Islet_0601,HumanObservation,,2018-00-00_Plant_Mianhua Islet_0601,社團法人基隆市野鳥學會 (Wild Bird Society of Keelung),,,,,,,,,2018,,2018,,,Line Transect Survey | Quadrat Sampling (Twelve 5*5 m² Quadrats),Asia,Taiwan,TW,Mianhua Islet,,,25.48483,122.10535,EPSG:4326,400,1e-05,Wollastonia dentata,,KL_Plant_0000092,60737,t0057507,Wollastonia dentata,Plantae,species,大天蓬草舅,accepted,天蓬草舅
2018-00-00_Plant_Mianhua Islet_0602,HumanObservation,,2018-00-00_Plant_Mianhua Islet_0602,社團法人基隆市野鳥學會 (Wild Bird Society of Keelung),,,,,,,,,2018,,2018,,,Line Transect Survey | Quadrat Sampling (Twelve 5*5 m² Quadrats),Asia,Taiwan,TW,Mianhua Islet,,,25.48483,122.10535,EPSG:4326,400,1e-05,Youngia japonica,,KL_Plant_0000052,25907,t0069832,Youngia japonica,Plantae,species,黃鵪菜,accepted,
2018-00-00_Plant_Mianhua Islet_0603,HumanObservation,,2018-00-00_Plant_Mianhua Islet_0603,社團法人基隆市野鳥學會 (Wild Bird Society of Keelung),,,,,,,,,2018,,2018,,,Line Transect Survey | Quadrat Sampling (Twelve 5*5 m² Quadrats),Asia,Taiwan,TW,Mianhua Islet,,,25.48483,122.10535,EPSG:4326,400,1e-05,Oenothera laciniata,,KL_Plant_0000053,23277,t0046093,Oenothera laciniata,Plantae,species,裂葉月見草,accepted,
2018-00-00_Plant_Mianhua Islet_0604,HumanObservation,,2018-00-00_Plant_Mianhua Islet_0604,社團法人基隆市野鳥學會 (Wild Bird Society of Keelung),,,,,,,,,2018,,2018,,,Line Transect Survey | Quadrat Sampling (Twelve 5*5 m² Quadrats),Asia,Taiwan,TW,Mianhua Islet,,,25.48483,122.10535,EPSG:4326,400,1e-05,Raphanus raphanistrum subsp. sativus,,KL_Plant_0000054,144038,t0055045,Raphanus raphanistrum subsp. sativus,Plantae,subspecies,濱蘿蔔,accepted,濱萊菔
2018-00-00_Plant_Mianhua Islet_0605,HumanObservation,,2018-00-00_Plant_Mianhua Islet_0605,社團法人基隆市野鳥學會 (Wild Bird Society of Keelung),,,,,,,,,2018,,2018,,,Line Transect Survey | Quadrat Sampling (Twelve 5*5 m² Quadrats),Asia,Taiwan,TW,Mianhua Islet,,,25.48483,122.10535,EPSG:4326,400,1e-05,Vigna marina,,KL_Plant_0000056,25894,t0049306,Vigna marina,Plantae,species,濱豇豆,accepted,
2018-00-00_Plant_Mianhua Islet_0606,HumanObservation,,2018-00-00_Plant_Mianhua Islet_0606,社團法人基隆市野鳥學會 (Wild Bird Society of Keelung),,,,,,,,,2018,,2018,,,Line Transect Survey | Quadrat Sampling (Twelve 5*5 m² Quadrats),Asia,Taiwan,TW,Mianhua Islet,,,25.48483,122.10535,EPSG:4326,400,1e-05,Pilea peploides var. major,,KL_Plant_0000057,61485,t0086947,Pilea peploides var. major,Plantae,variety,齒葉矮冷水麻,accepted,苦水花 | 矮冷水麻
2018-00-00_Plant_Mianhua Islet_0607,HumanObservation,,2018-00-00_Plant_Mianhua Islet_0607,社團法人基隆市野鳥學會 (Wild Bird Society of Keelung),,,,,,,,,2018,,2018,,,Line Transect Survey | Quadrat Sampling (Twelve 5*5 m² Quadrats),Asia,Taiwan,TW,Mianhua Islet,,,25.48483,122.10535,EPSG:4326,400,1e-05,Commelina diffusa,,KL_Plant_0000059,21505,t0053100,Commelina diffusa,Plantae,species,竹仔菜,accepted,
2018-00-00_Plant_Mianhua Islet_0608,HumanObservation,,2018-00-00_Plant_Mianhua Islet_0608,社團法人基隆市野鳥學會 (Wild Bird Society of Keelung),,,,,,,,,2018,,2018,,,Line Transect Survey | Quadrat Sampling (Twelve 5*5 m² Quadrats),Asia,Taiwan,TW,Mianhua Islet,,,25.48483,122.10535,EPSG:4326,400,1e-05,Carex breviculmis,,KL_Plant_0000060,21205,t0052815,Carex breviculmis,Plantae,species,短莖宿柱薹,accepted,
2018-00-00_Plant_Mianhua Islet_0609,HumanObservation,,2018-00-00_Plant_Mianhua Islet_0609,社團法人基隆市野鳥學會 (Wild Bird Society of Keelung),,,,,,,,,2018,,2018,,,Line Transect Survey | Quadrat Sampling (Twelve 5*5 m² Quadrats),Asia,Taiwan,TW,Mianhua Islet,,,25.48483,122.10535,EPSG:4326,400,1e-05,Cyperus polystachyos,,KL_Plant_0000061,21705,t0055001,Cyperus polystachyos,Plantae,species,多柱扁莎,accepted,多枝扁莎
2018-00-00_Plant_Mianhua Islet_0610,HumanObservation,,2018-00-00_Plant_Mianhua Islet_0610,社團法人基隆市野鳥學會 (Wild Bird Society of Keelung),,,,,,,,,2018,,2018,,,Line Transect Survey | Quadrat Sampling (Twelve 5*5 m² Quadrats),Asia,Taiwan,TW,Mianhua Islet,,,25.48483,122.10535,EPSG:4326,400,1e-05,Fimbristylis dichotoma,,KL_Plant_0000063,25271,t0053700,Fimbristylis dichotoma,Plantae,species,竹子飄拂草,accepted,
2018-00-00_Plant_Mianhua Islet_0611,HumanObservation,,2018-00-00_Plant_Mianhua Islet_0611,社團法人基隆市野鳥學會 (Wild Bird Society of Keelung),,,,,,,,,2018,,2018,,,Line Transect Survey | Quadrat Sampling (Twelve 5*5 m² Quadrats),Asia,Taiwan,TW,Mianhua Islet,,,25.48483,122.10535,EPSG:4326,400,1e-05,Brachiaria villosa,,KL_Plant_0000066,24962,t0040426,Brachiaria villosa,Plantae,species,毛臂形草,accepted,
2018-00-00_Plant_Mianhua Islet_0612,HumanObservation,,2018-00-00_Plant_Mianhua Islet_0612,社團法人基隆市野鳥學會 (Wild Bird Society of Keelung),,,,,,,,,2018,,2018,,,Line Transect Survey | Quadrat Sampling (Twelve 5*5 m² Quadrats),Asia,Taiwan,TW,Mianhua Islet,,,25.48483,122.10535,EPSG:4326,400,1e-05,Digitaria henryi,,KL_Plant_0000070,21820,t0053384,Digitaria henryi,Plantae,species,亨利馬唐,accepted,
2018-00-00_Plant_Mianhua Islet_0613,HumanObservation,,2018-00-00_Plant_Mianhua Islet_0613,社團法人基隆市野鳥學會 (Wild Bird Society of Keelung),,,,,,,,,2018,,2018,,,Line Transect Survey | Quadrat Sampling (Twelve 5*5 m² Quadrats),Asia,Taiwan,TW,Mianhua Islet,,,25.48483,122.10535,EPSG:4326,400,1e-05,Digitaria mollicoma,,KL_Plant_0000072,25162,t0053388,Digitaria mollicoma,Plantae,species,絨馬唐,accepted,大絨馬唐
2018-00-00_Plant_Mianhua Islet_0614,HumanObservation,,2018-00-00_Plant_Mianhua Islet_0614,社團法人基隆市野鳥學會 (Wild Bird Society of Keelung),,,,,,,,,2018,,2018,,,Line Transect Survey | Quadrat Sampling (Twelve 5*5 m² Quadrats),Asia,Taiwan,TW,Mianhua Islet,,,25.48483,122.10535,EPSG:4326,400,1e-05,Digitaria sericea,,KL_Plant_0000074,55903,t0073704,Digitaria sericea,Plantae,species,絹毛馬唐,accepted,
2018-00-00_Plant_Mianhua Islet_0615,HumanObservation,,2018-00-00_Plant_Mianhua Islet_0615,社團法人基隆市野鳥學會 (Wild Bird Society of Keelung),,,,,,,,,2018,,2018,,,Line Transect Survey | Quadrat Sampling (Twelve 5*5 m² Quadrats),Asia,Taiwan,TW,Mianhua Islet,,,25.48483,122.10535,EPSG:4326,400,1e-05,Imperata cylindrica var. major,,KL_Plant_0000075,26121,t0087378,Imperata cylindrica var. major,Plantae,variety,白茅,accepted,
2018-00-00_Plant_Mianhua Islet_0616,HumanObservation,,2018-00-00_Plant_Mianhua Islet_0616,社團法人基隆市野鳥學會 (Wild Bird Society of Keelung),,,,,,,,,2018,,2018,,,Line Transect Survey | Quadrat Sampling (Twelve 5*5 m² Quadrats),Asia,Taiwan,TW,Mianhua Islet,,,25.48483,122.10535,EPSG:4326,400,1e-05,Paspalum orbiculare,,KL_Plant_0000078,23423,t0054713,Paspalum orbiculare,Plantae,species,圓果雀稗,accepted,
2018-00-00_Plant_Mianhua Islet_0617,HumanObservation,,2018-00-00_Plant_Mianhua Islet_0617,社團法人基隆市野鳥學會 (Wild Bird Society of Keelung),,,,,,,,,2018,,2018,,,Line Transect Survey | Quadrat Sampling (Twelve 5*5 m² Quadrats),Asia,Taiwan,TW,Mianhua Islet,,,25.48483,122.10535,EPSG:4326,400,1e-05,Paspalum scrobiculatum,,KL_Plant_0000079,23426,t0054716,Paspalum scrobiculatum,Plantae,species,鴨姆草,accepted,
2018-00-00_Plant_Mianhua Islet_0618,HumanObservation,,2018-00-00_Plant_Mianhua Islet_0618,社團法人基隆市野鳥學會 (Wild Bird Society of Keelung),,,,,,,,,2018,,2018,,,Line Transect Survey | Quadrat Sampling (Twelve 5*5 m² Quadrats),Asia,Taiwan,TW,Mianhua Islet,,,25.48483,122.10535,EPSG:4326,400,1e-05,Paspalum vaginatum,,KL_Plant_0000080,23429,t0054719,Paspalum vaginatum,Plantae,species,海雀稗,accepted,
2018-00-00_Plant_Mianhua Islet_0619,HumanObservation,,2018-00-00_Plant_Mianhua Islet_0619,社團法人基隆市野鳥學會 (Wild Bird Society of Keelung),,,,,,,,,2018,,2018,,,Line Transect Survey | Quadrat Sampling (Twelve 5*5 m² Quadrats),Asia,Taiwan,TW,Mianhua Islet,,,25.48483,122.10535,EPSG:4326,400,1e-05,Setaria parviflora,,KL_Plant_0000083,59832,t0058251,Setaria parviflora,Plantae,species,莠狗尾草,accepted,
2018-00-00_Plant_Mianhua Islet_0620,HumanObservation,,2018-00-00_Plant_Mianhua Islet_0620,社團法人基隆市野鳥學會 (Wild Bird Society of Keelung),,,,,,,,,2018,,2018,,,Line Transect Survey | Quadrat Sampling (Twelve 5*5 m² Quadrats),Asia,Taiwan,TW,Mianhua Islet,,,25.48483,122.10535,EPSG:4326,400,1e-05,Zoysia sinica,,KL_Plant_0000087,24827,t0049409,Zoysia sinica,Plantae,species,中華結縷草,accepted,
2018-00-00_Plant_Mianhua Islet_0621,HumanObservation,,2018-00-00_Plant_Mianhua Islet_0621,社團法人基隆市野鳥學會 (Wild Bird Society of Keelung),,,,,,,,,2018,,2018,,,Line Transect Survey | Quadrat Sampling (Twelve 5*5 m² Quadrats),Asia,Taiwan,TW,Mianhua Islet,,,25.48483,122.10535,EPSG:4326,400,1e-05,Terminalia catappa,,KL_Plant_0000090,24473,t0055570,Terminalia catappa,Plantae,species,欖仁,accepted,
2019-00-00_Plant_Mianhua Islet_0622,HumanObservation,,2019-00-00_Plant_Mianhua Islet_0622,台灣休閒漁業發展協會 (Taiwan Leisure Fishery Development Association),,,,,,,,,2019,,2019,,,Line Transect Survey,Asia,Taiwan,TW,Mianhua Islet,,,25.48483,122.10535,EPSG:4326,400,1e-05,Cyrtomium falcatum,,KL_Plant_0000001,25108,t0058916,Cyrtomium falcatum,Plantae,species,全緣貫眾蕨,accepted,
2019-00-00_Plant_Mianhua Islet_0623,HumanObservation,,2019-00-00_Plant_Mianhua Islet_0623,台灣休閒漁業發展協會 (Taiwan Leisure Fishery Development Association),,,,,,,,,2019,,2019,,,Line Transect Survey,Asia,Taiwan,TW,Mianhua Islet,,,25.48483,122.10535,EPSG:4326,400,1e-05,Pteris fauriei var. fauriei,,KL_Plant_0000002,145731,t0101197,Pteris fauriei var. fauriei,Plantae,variety,傅氏鳳尾蕨,accepted,
2019-00-00_Plant_Mianhua Islet_0624,HumanObservation,,2019-00-00_Plant_Mianhua Islet_0624,台灣休閒漁業發展協會 (Taiwan Leisure Fishery Development Association),,,,,,,,,2019,,2019,,,Line Transect Survey,Asia,Taiwan,TW,Mianhua Islet,,,25.48483,122.10535,EPSG:4326,400,1e-05,Haplopteris anguste-elongata,,KL_Plant_0000003,25322,t0026568,Haplopteris anguste-elongata,Plantae,species,姬書帶蕨,accepted,
2019-00-00_Plant_Mianhua Islet_0625,HumanObservation,,2019-00-00_Plant_Mianhua Islet_0625,台灣休閒漁業發展協會 (Taiwan Leisure Fishery Development Association),,,,,,,,,2019,,2019,,,Line Transect Survey,Asia,Taiwan,TW,Mianhua Islet,,,25.48483,122.10535,EPSG:4326,400,1e-05,Odontosoria biflora,,KL_Plant_0000004,58275,t0026476,Odontosoria biflora,Plantae,species,闊片烏蕨,accepted,
2019-00-00_Plant_Mianhua Islet_0626,HumanObservation,,2019-00-00_Plant_Mianhua Islet_0626,台灣休閒漁業發展協會 (Taiwan Leisure Fishery Development Association),,,,,,,,,2019,,2019,,,Line Transect Survey,Asia,Taiwan,TW,Mianhua Islet,,,25.48483,122.10535,EPSG:4326,400,1e-05,Nephrolepis biserrata,,KL_Plant_0000005,25551,t0026749,Nephrolepis biserrata,Plantae,species,長葉腎蕨,accepted,
2019-00-00_Plant_Mianhua Islet_0627,HumanObservation,,2019-00-00_Plant_Mianhua Islet_0627,台灣休閒漁業發展協會 (Taiwan Leisure Fishery Development Association),,,,,,,,,2019,,2019,,,Line Transect Survey,Asia,Taiwan,TW,Mianhua Islet,,,25.48483,122.10535,EPSG:4326,400,1e-05,Tetragonia tetragonoides,,KL_Plant_0000006,25847,t0055572,Tetragonia tetragonoides,Plantae,species,番杏,accepted,
2019-00-00_Plant_Mianhua Islet_0628,HumanObservation,,2019-00-00_Plant_Mianhua Islet_0628,台灣休閒漁業發展協會 (Taiwan Leisure Fishery Development Association),,,,,,,,,2019,,2019,,,Line Transect Survey,Asia,Taiwan,TW,Mianhua Islet,,,25.48483,122.10535,EPSG:4326,400,1e-05,Morus australis,,KL_Plant_0000008,23164,t0046326,Morus australis,Plantae,species,小葉桑,accepted,
2019-00-00_Plant_Mianhua Islet_0629,HumanObservation,,2019-00-00_Plant_Mianhua Islet_0629,台灣休閒漁業發展協會 (Taiwan Leisure Fishery Development Association),,,,,,,,,2019,,2019,,,Line Transect Survey,Asia,Taiwan,TW,Mianhua Islet,,,25.48483,122.10535,EPSG:4326,400,1e-05,Persicaria chinensis,,KL_Plant_0000009,58649,t0058947,Persicaria chinensis,Plantae,species,火炭母草,accepted,
2019-00-00_Plant_Mianhua Islet_0630,HumanObservation,,2019-00-00_Plant_Mianhua Islet_0630,台灣休閒漁業發展協會 (Taiwan Leisure Fishery Development Association),,,,,,,,,2019,,2019,,,Line Transect Survey,Asia,Taiwan,TW,Mianhua Islet,,,25.48483,122.10535,EPSG:4326,400,1e-05,Rumex japonicus,,KL_Plant_0000010,120410,t0059215,Rumex japonicus,Plantae,species,羊蹄,accepted,
2019-00-00_Plant_Mianhua Islet_0631,HumanObservation,,2019-00-00_Plant_Mianhua Islet_0631,台灣休閒漁業發展協會 (Taiwan Leisure Fishery Development Association),,,,,,,,,2019,,2019,,,Line Transect Survey,Asia,Taiwan,TW,Mianhua Islet,,,25.48483,122.10535,EPSG:4326,400,1e-05,Cocculus orbiculatus,,KL_Plant_0000011,55292,t0073343,Cocculus orbiculatus,Plantae,species,木防己,accepted,
2019-00-00_Plant_Mianhua Islet_0632,HumanObservation,,2019-00-00_Plant_Mianhua Islet_0632,台灣休閒漁業發展協會 (Taiwan Leisure Fishery Development Association),,,,,,,,,2019,,2019,,,Line Transect Survey,Asia,Taiwan,TW,Mianhua Islet,,,25.48483,122.10535,EPSG:4326,400,1e-05,Boerhavia glabrata,,KL_Plant_0000013,21022,t0040401,Boerhavia glabrata,Plantae,species,光果黃細心,accepted,
2019-00-00_Plant_Mianhua Islet_0633,HumanObservation,,2019-00-00_Plant_Mianhua Islet_0633,台灣休閒漁業發展協會 (Taiwan Leisure Fishery Development Association),,,,,,,,,2019,,2019,,,Line Transect Survey,Asia,Taiwan,TW,Mianhua Islet,,,25.48483,122.10535,EPSG:4326,400,1e-05,Portulaca oleracea,,KL_Plant_0000014,23727,t0054931,Portulaca oleracea,Plantae,species,馬齒莧,accepted,
2019-00-00_Plant_Mianhua Islet_0634,HumanObservation,,2019-00-00_Plant_Mianhua Islet_0634,台灣休閒漁業發展協會 (Taiwan Leisure Fishery Development Association),,,,,,,,,2019,,2019,,,Line Transect Survey,Asia,Taiwan,TW,Mianhua Islet,,,25.48483,122.10535,EPSG:4326,400,1e-05,Portulaca pilosa,,KL_Plant_0000015,23728,t0054932,Portulaca pilosa,Plantae,species,毛馬齒莧,accepted,
2019-00-00_Plant_Mianhua Islet_0635,HumanObservation,,2019-00-00_Plant_Mianhua Islet_0635,台灣休閒漁業發展協會 (Taiwan Leisure Fishery Development Association),,,,,,,,,2019,,2019,,,Line Transect Survey,Asia,Taiwan,TW,Mianhua Islet,,,25.48483,122.10535,EPSG:4326,400,1e-05,Chenopodium acuminatum,,KL_Plant_0000016,55050,t0073189,Chenopodium acuminatum,Plantae,species,變葉藜,accepted,
2019-00-00_Plant_Mianhua Islet_0636,HumanObservation,,2019-00-00_Plant_Mianhua Islet_0636,台灣休閒漁業發展協會 (Taiwan Leisure Fishery Development Association),,,,,,,,,2019,,2019,,,Line Transect Survey,Asia,Taiwan,TW,Mianhua Islet,,,25.48483,122.10535,EPSG:4326,400,1e-05,Sedum formosanum,,KL_Plant_0000019,24177,t0055292,Sedum formosanum,Plantae,species,台灣佛甲草,accepted,石板菜
2019-00-00_Plant_Mianhua Islet_0637,HumanObservation,,2019-00-00_Plant_Mianhua Islet_0637,台灣休閒漁業發展協會 (Taiwan Leisure Fishery Development Association),,,,,,,,,2019,,2019,,,Line Transect Survey,Asia,Taiwan,TW,Mianhua Islet,,,25.48483,122.10535,EPSG:4326,400,1e-05,Oxalis corniculata,,KL_Plant_0000020,23347,t0054668,Oxalis corniculata,Plantae,species,酢漿草,accepted,
2019-00-00_Plant_Mianhua Islet_0638,HumanObservation,,2019-00-00_Plant_Mianhua Islet_0638,台灣休閒漁業發展協會 (Taiwan Leisure Fishery Development Association),,,,,,,,,2019,,2019,,,Line Transect Survey,Asia,Taiwan,TW,Mianhua Islet,,,25.48483,122.10535,EPSG:4326,400,1e-05,Centella asiatica,,KL_Plant_0000021,54893,t0058743,Centella asiatica,Plantae,species,雷公根,accepted,
2019-00-00_Plant_Mianhua Islet_0639,HumanObservation,,2019-00-00_Plant_Mianhua Islet_0639,台灣休閒漁業發展協會 (Taiwan Leisure Fishery Development Association),,,,,,,,,2019,,2019,,,Line Transect Survey,Asia,Taiwan,TW,Mianhua Islet,,,25.48483,122.10535,EPSG:4326,400,1e-05,Lysimachia mauritiana,,KL_Plant_0000023,22991,t0054360,Lysimachia mauritiana,Plantae,species,茅毛珍珠菜,accepted,
2019-00-00_Plant_Mianhua Islet_0640,HumanObservation,,2019-00-00_Plant_Mianhua Islet_0640,台灣休閒漁業發展協會 (Taiwan Leisure Fishery Development Association),,,,,,,,,2019,,2019,,,Line Transect Survey,Asia,Taiwan,TW,Mianhua Islet,,,25.48483,122.10535,EPSG:4326,400,1e-05,Leptopetalum coreanum,,KL_Plant_0000024,57472,t0103362,Leptopetalum coreanum,Plantae,species,脈耳草,accepted,
2019-00-00_Plant_Mianhua Islet_0641,HumanObservation,,2019-00-00_Plant_Mianhua Islet_0641,台灣休閒漁業發展協會 (Taiwan Leisure Fishery Development Association),,,,,,,,,2019,,2019,,,Line Transect Survey,Asia,Taiwan,TW,Mianhua Islet,,,25.48483,122.10535,EPSG:4326,400,1e-05,Dichondra micrantha,,KL_Plant_0000027,21810,t0053370,Dichondra micrantha,Plantae,species,馬蹄金,accepted,
2019-00-00_Plant_Mianhua Islet_0642,HumanObservation,,2019-00-00_Plant_Mianhua Islet_0642,台灣休閒漁業發展協會 (Taiwan Leisure Fishery Development Association),,,,,,,,,2019,,2019,,,Line Transect Survey,Asia,Taiwan,TW,Mianhua Islet,,,25.48483,122.10535,EPSG:4326,400,1e-05,Ipomoea pes-caprae,,KL_Plant_0000028,25371,t0100319,Ipomoea pes-caprae,Plantae,species,馬鞍藤,accepted,
2019-00-00_Plant_Mianhua Islet_0643,HumanObservation,,2019-00-00_Plant_Mianhua Islet_0643,台灣休閒漁業發展協會 (Taiwan Leisure Fishery Development Association),,,,,,,,,2019,,2019,,,Line Transect Survey,Asia,Taiwan,TW,Mianhua Islet,,,25.48483,122.10535,EPSG:4326,400,1e-05,Callicarpa japonica var. luxurians,,KL_Plant_0000029,25954,t0087359,Callicarpa japonica var. luxurians,Plantae,variety,朝鮮紫珠,accepted,
2019-00-00_Plant_Mianhua Islet_0644,HumanObservation,,2019-00-00_Plant_Mianhua Islet_0644,台灣休閒漁業發展協會 (Taiwan Leisure Fishery Development Association),,,,,,,,,2019,,2019,,,Line Transect Survey,Asia,Taiwan,TW,Mianhua Islet,,,25.48483,122.10535,EPSG:4326,400,1e-05,Leonurus japonicus,,KL_Plant_0000030,22790,t0054200,Leonurus japonicus,Plantae,species,益母草,accepted,
2019-00-00_Plant_Mianhua Islet_0645,HumanObservation,,2019-00-00_Plant_Mianhua Islet_0645,台灣休閒漁業發展協會 (Taiwan Leisure Fishery Development Association),,,,,,,,,2019,,2019,,,Line Transect Survey,Asia,Taiwan,TW,Mianhua Islet,,,25.48483,122.10535,EPSG:4326,400,1e-05,Corydalis koidzumiana,,KL_Plant_0000033,21549,t0053128,Corydalis koidzumiana,Plantae,species,密花黃堇,accepted,密花黃菫
2019-00-00_Plant_Mianhua Islet_0646,HumanObservation,,2019-00-00_Plant_Mianhua Islet_0646,台灣休閒漁業發展協會 (Taiwan Leisure Fishery Development Association),,,,,,,,,2019,,2019,,,Line Transect Survey,Asia,Taiwan,TW,Mianhua Islet,,,25.48483,122.10535,EPSG:4326,400,1e-05,Scaevola taccada,,KL_Plant_0000034,25749,t0055240,Scaevola taccada,Plantae,species,草海桐,accepted,
2019-00-00_Plant_Mianhua Islet_0647,HumanObservation,,2019-00-00_Plant_Mianhua Islet_0647,台灣休閒漁業發展協會 (Taiwan Leisure Fishery Development Association),,,,,,,,,2019,,2019,,,Line Transect Survey,Asia,Taiwan,TW,Mianhua Islet,,,25.48483,122.10535,EPSG:4326,400,1e-05,Artemisia capillaris,,KL_Plant_0000035,20715,t0052627,Artemisia capillaris,Plantae,species,茵陳蒿,accepted,
2019-00-00_Plant_Mianhua Islet_0648,HumanObservation,,2019-00-00_Plant_Mianhua Islet_0648,台灣休閒漁業發展協會 (Taiwan Leisure Fishery Development Association),,,,,,,,,2019,,2019,,,Line Transect Survey,Asia,Taiwan,TW,Mianhua Islet,,,25.48483,122.10535,EPSG:4326,400,1e-05,Conyza sumatrensis,,KL_Plant_0000039,55429,t0073443,Conyza sumatrensis,Plantae,species,野茼蒿,accepted,
2019-00-00_Plant_Mianhua Islet_0649,HumanObservation,,2019-00-00_Plant_Mianhua Islet_0649,台灣休閒漁業發展協會 (Taiwan Leisure Fishery Development Association),,,,,,,,,2019,,2019,,,Line Transect Survey,Asia,Taiwan,TW,Mianhua Islet,,,25.48483,122.10535,EPSG:4326,400,1e-05,Crossostephium chinense,,KL_Plant_0000040,21588,t0053159,Crossostephium chinense,Plantae,species,蘄艾,accepted,
2019-00-00_Plant_Mianhua Islet_0650,HumanObservation,,2019-00-00_Plant_Mianhua Islet_0650,台灣休閒漁業發展協會 (Taiwan Leisure Fishery Development Association),,,,,,,,,2019,,2019,,,Line Transect Survey,Asia,Taiwan,TW,Mianhua Islet,,,25.48483,122.10535,EPSG:4326,400,1e-05,Emilia sonchifolia,,KL_Plant_0000041,25212,t0053530,Emilia sonchifolia,Plantae,species,紫背草,accepted,一點紅 | 葉下紅
2019-00-00_Plant_Mianhua Islet_0651,HumanObservation,,2019-00-00_Plant_Mianhua Islet_0651,台灣休閒漁業發展協會 (Taiwan Leisure Fishery Development Association),,,,,,,,,2019,,2019,,,Line Transect Survey,Asia,Taiwan,TW,Mianhua Islet,,,25.48483,122.10535,EPSG:4326,400,1e-05,Gnaphalium luteoalbum subsp. affine,,KL_Plant_0000043,61275,t0057950,Gnaphalium luteoalbum subsp. affine,Plantae,subspecies,鼠麴草,accepted,
2019-00-00_Plant_Mianhua Islet_0652,HumanObservation,,2019-00-00_Plant_Mianhua Islet_0652,台灣休閒漁業發展協會 (Taiwan Leisure Fishery Development Association),,,,,,,,,2019,,2019,,,Line Transect Survey,Asia,Taiwan,TW,Mianhua Islet,,,25.48483,122.10535,EPSG:4326,400,1e-05,Gnaphalium purpureum,,KL_Plant_0000045,22352,t0053835,Gnaphalium purpureum,Plantae,species,鼠麴舅,accepted,
2019-00-00_Plant_Mianhua Islet_0653,HumanObservation,,2019-00-00_Plant_Mianhua Islet_0653,台灣休閒漁業發展協會 (Taiwan Leisure Fishery Development Association),,,,,,,,,2019,,2019,,,Line Transect Survey,Asia,Taiwan,TW,Mianhua Islet,,,25.48483,122.10535,EPSG:4326,400,1e-05,Wollastonia dentata,,KL_Plant_0000092,60737,t0057507,Wollastonia dentata,Plantae,species,大天蓬草舅,accepted,天蓬草舅
2019-00-00_Plant_Mianhua Islet_0654,HumanObservation,,2019-00-00_Plant_Mianhua Islet_0654,台灣休閒漁業發展協會 (Taiwan Leisure Fishery Development Association),,,,,,,,,2019,,2019,,,Line Transect Survey,Asia,Taiwan,TW,Mianhua Islet,,,25.48483,122.10535,EPSG:4326,400,1e-05,Youngia japonica,,KL_Plant_0000052,25907,t0069832,Youngia japonica,Plantae,species,黃鵪菜,accepted,
2019-00-00_Plant_Mianhua Islet_0655,HumanObservation,,2019-00-00_Plant_Mianhua Islet_0655,台灣休閒漁業發展協會 (Taiwan Leisure Fishery Development Association),,,,,,,,,2019,,2019,,,Line Transect Survey,Asia,Taiwan,TW,Mianhua Islet,,,25.48483,122.10535,EPSG:4326,400,1e-05,Oenothera laciniata,,KL_Plant_0000053,23277,t0046093,Oenothera laciniata,Plantae,species,裂葉月見草,accepted,
2019-00-00_Plant_Mianhua Islet_0656,HumanObservation,,2019-00-00_Plant_Mianhua Islet_0656,台灣休閒漁業發展協會 (Taiwan Leisure Fishery Development Association),,,,,,,,,2019,,2019,,,Line Transect Survey,Asia,Taiwan,TW,Mianhua Islet,,,25.48483,122.10535,EPSG:4326,400,1e-05,Raphanus raphanistrum subsp. sativus,,KL_Plant_0000054,144038,t0055045,Raphanus raphanistrum subsp. sativus,Plantae,subspecies,濱蘿蔔,accepted,濱萊菔
2019-00-00_Plant_Mianhua Islet_0657,HumanObservation,,2019-00-00_Plant_Mianhua Islet_0657,台灣休閒漁業發展協會 (Taiwan Leisure Fishery Development Association),,,,,,,,,2019,,2019,,,Line Transect Survey,Asia,Taiwan,TW,Mianhua Islet,,,25.48483,122.10535,EPSG:4326,400,1e-05,Vigna marina,,KL_Plant_0000056,25894,t0049306,Vigna marina,Plantae,species,濱豇豆,accepted,
2019-00-00_Plant_Mianhua Islet_0658,HumanObservation,,2019-00-00_Plant_Mianhua Islet_0658,台灣休閒漁業發展協會 (Taiwan Leisure Fishery Development Association),,,,,,,,,2019,,2019,,,Line Transect Survey,Asia,Taiwan,TW,Mianhua Islet,,,25.48483,122.10535,EPSG:4326,400,1e-05,Pilea peploides var. major,,KL_Plant_0000057,61485,t0086947,Pilea peploides var. major,Plantae,variety,齒葉矮冷水麻,accepted,苦水花 | 矮冷水麻
2019-00-00_Plant_Mianhua Islet_0659,HumanObservation,,2019-00-00_Plant_Mianhua Islet_0659,台灣休閒漁業發展協會 (Taiwan Leisure Fishery Development Association),,,,,,,,,2019,,2019,,,Line Transect Survey,Asia,Taiwan,TW,Mianhua Islet,,,25.48483,122.10535,EPSG:4326,400,1e-05,Commelina diffusa,,KL_Plant_0000059,21505,t0053100,Commelina diffusa,Plantae,species,竹仔菜,accepted,
2019-00-00_Plant_Mianhua Islet_0660,HumanObservation,,2019-00-00_Plant_Mianhua Islet_0660,台灣休閒漁業發展協會 (Taiwan Leisure Fishery Development Association),,,,,,,,,2019,,2019,,,Line Transect Survey,Asia,Taiwan,TW,Mianhua Islet,,,25.48483,122.10535,EPSG:4326,400,1e-05,Carex breviculmis,,KL_Plant_0000060,21205,t0052815,Carex breviculmis,Plantae,species,短莖宿柱薹,accepted,
2019-00-00_Plant_Mianhua Islet_0661,HumanObservation,,2019-00-00_Plant_Mianhua Islet_0661,台灣休閒漁業發展協會 (Taiwan Leisure Fishery Development Association),,,,,,,,,2019,,2019,,,Line Transect Survey,Asia,Taiwan,TW,Mianhua Islet,,,25.48483,122.10535,EPSG:4326,400,1e-05,Cyperus polystachyos,,KL_Plant_0000061,21705,t0055001,Cyperus polystachyos,Plantae,species,多柱扁莎,accepted,多枝扁莎
2019-00-00_Plant_Mianhua Islet_0662,HumanObservation,,2019-00-00_Plant_Mianhua Islet_0662,台灣休閒漁業發展協會 (Taiwan Leisure Fishery Development Association),,,,,,,,,2019,,2019,,,Line Transect Survey,Asia,Taiwan,TW,Mianhua Islet,,,25.48483,122.10535,EPSG:4326,400,1e-05,Brachiaria villosa,,KL_Plant_0000066,24962,t0040426,Brachiaria villosa,Plantae,species,毛臂形草,accepted,
2019-00-00_Plant_Mianhua Islet_0663,HumanObservation,,2019-00-00_Plant_Mianhua Islet_0663,台灣休閒漁業發展協會 (Taiwan Leisure Fishery Development Association),,,,,,,,,2019,,2019,,,Line Transect Survey,Asia,Taiwan,TW,Mianhua Islet,,,25.48483,122.10535,EPSG:4326,400,1e-05,Digitaria mollicoma,,KL_Plant_0000072,25162,t0053388,Digitaria mollicoma,Plantae,species,絨馬唐,accepted,大絨馬唐
2019-00-00_Plant_Mianhua Islet_0664,HumanObservation,,2019-00-00_Plant_Mianhua Islet_0664,台灣休閒漁業發展協會 (Taiwan Leisure Fishery Development Association),,,,,,,,,2019,,2019,,,Line Transect Survey,Asia,Taiwan,TW,Mianhua Islet,,,25.48483,122.10535,EPSG:4326,400,1e-05,Digitaria sericea,,KL_Plant_0000074,55903,t0073704,Digitaria sericea,Plantae,species,絹毛馬唐,accepted,
2019-00-00_Plant_Mianhua Islet_0665,HumanObservation,,2019-00-00_Plant_Mianhua Islet_0665,台灣休閒漁業發展協會 (Taiwan Leisure Fishery Development Association),,,,,,,,,2019,,2019,,,Line Transect Survey,Asia,Taiwan,TW,Mianhua Islet,,,25.48483,122.10535,EPSG:4326,400,1e-05,Imperata cylindrica var. major,,KL_Plant_0000075,26121,t0087378,Imperata cylindrica var. major,Plantae,variety,白茅,accepted,
2019-00-00_Plant_Mianhua Islet_0666,HumanObservation,,2019-00-00_Plant_Mianhua Islet_0666,台灣休閒漁業發展協會 (Taiwan Leisure Fishery Development Association),,,,,,,,,2019,,2019,,,Line Transect Survey,Asia,Taiwan,TW,Mianhua Islet,,,25.48483,122.10535,EPSG:4326,400,1e-05,Paspalum orbiculare,,KL_Plant_0000078,23423,t0054713,Paspalum orbiculare,Plantae,species,圓果雀稗,accepted,
2019-00-00_Plant_Mianhua Islet_0667,HumanObservation,,2019-00-00_Plant_Mianhua Islet_0667,台灣休閒漁業發展協會 (Taiwan Leisure Fishery Development Association),,,,,,,,,2019,,2019,,,Line Transect Survey,Asia,Taiwan,TW,Mianhua Islet,,,25.48483,122.10535,EPSG:4326,400,1e-05,Paspalum scrobiculatum,,KL_Plant_0000079,23426,t0054716,Paspalum scrobiculatum,Plantae,species,鴨姆草,accepted,
2019-00-00_Plant_Mianhua Islet_0668,HumanObservation,,2019-00-00_Plant_Mianhua Islet_0668,台灣休閒漁業發展協會 (Taiwan Leisure Fishery Development Association),,,,,,,,,2019,,2019,,,Line Transect Survey,Asia,Taiwan,TW,Mianhua Islet,,,25.48483,122.10535,EPSG:4326,400,1e-05,Paspalum vaginatum,,KL_Plant_0000080,23429,t0054719,Paspalum vaginatum,Plantae,species,海雀稗,accepted,
2019-00-00_Plant_Mianhua Islet_0669,HumanObservation,,2019-00-00_Plant_Mianhua Islet_0669,台灣休閒漁業發展協會 (Taiwan Leisure Fishery Development Association),,,,,,,,,2019,,2019,,,Line Transect Survey,Asia,Taiwan,TW,Mianhua Islet,,,25.48483,122.10535,EPSG:4326,400,1e-05,Setaria parviflora,,KL_Plant_0000083,59832,t0058251,Setaria parviflora,Plantae,species,莠狗尾草,accepted,
2019-00-00_Plant_Mianhua Islet_0670,HumanObservation,,2019-00-00_Plant_Mianhua Islet_0670,台灣休閒漁業發展協會 (Taiwan Leisure Fishery Development Association),,,,,,,,,2019,,2019,,,Line Transect Survey,Asia,Taiwan,TW,Mianhua Islet,,,25.48483,122.10535,EPSG:4326,400,1e-05,Terminalia catappa,,KL_Plant_0000090,24473,t0055570,Terminalia catappa,Plantae,species,欖仁,accepted,
2020-00-00_Plant_Mianhua Islet_0671,HumanObservation,,2020-00-00_Plant_Mianhua Islet_0671,社團法人基隆市野鳥學會 (Wild Bird Society of Keelung),,,,,,,,,2020,,2020,,,Quadrat Sampling (Twelve 5*5 m² Quadrats),Asia,Taiwan,TW,Mianhua Islet,,,25.48483,122.10535,EPSG:4326,400,1e-05,Cyrtomium falcatum,,KL_Plant_0000001,25108,t0058916,Cyrtomium falcatum,Plantae,species,全緣貫眾蕨,accepted,
2020-00-00_Plant_Mianhua Islet_0672,HumanObservation,,2020-00-00_Plant_Mianhua Islet_0672,社團法人基隆市野鳥學會 (Wild Bird Society of Keelung),,,,,,,,,2020,,2020,,,Quadrat Sampling (Twelve 5*5 m² Quadrats),Asia,Taiwan,TW,Mianhua Islet,,,25.48483,122.10535,EPSG:4326,400,1e-05,Pteris fauriei var. fauriei,,KL_Plant_0000002,145731,t0101197,Pteris fauriei var. fauriei,Plantae,variety,傅氏鳳尾蕨,accepted,
2020-00-00_Plant_Mianhua Islet_0673,HumanObservation,,2020-00-00_Plant_Mianhua Islet_0673,社團法人基隆市野鳥學會 (Wild Bird Society of Keelung),,,,,,,,,2020,,2020,,,Quadrat Sampling (Twelve 5*5 m² Quadrats),Asia,Taiwan,TW,Mianhua Islet,,,25.48483,122.10535,EPSG:4326,400,1e-05,Haplopteris anguste-elongata,,KL_Plant_0000003,25322,t0026568,Haplopteris anguste-elongata,Plantae,species,姬書帶蕨,accepted,
2020-00-00_Plant_Mianhua Islet_0674,HumanObservation,,2020-00-00_Plant_Mianhua Islet_0674,社團法人基隆市野鳥學會 (Wild Bird Society of Keelung),,,,,,,,,2020,,2020,,,Quadrat Sampling (Twelve 5*5 m² Quadrats),Asia,Taiwan,TW,Mianhua Islet,,,25.48483,122.10535,EPSG:4326,400,1e-05,Odontosoria biflora,,KL_Plant_0000004,58275,t0026476,Odontosoria biflora,Plantae,species,闊片烏蕨,accepted,
2020-00-00_Plant_Mianhua Islet_0675,HumanObservation,,2020-00-00_Plant_Mianhua Islet_0675,社團法人基隆市野鳥學會 (Wild Bird Society of Keelung),,,,,,,,,2020,,2020,,,Quadrat Sampling (Twelve 5*5 m² Quadrats),Asia,Taiwan,TW,Mianhua Islet,,,25.48483,122.10535,EPSG:4326,400,1e-05,Nephrolepis biserrata,,KL_Plant_0000005,25551,t0026749,Nephrolepis biserrata,Plantae,species,長葉腎蕨,accepted,
2020-00-00_Plant_Mianhua Islet_0676,HumanObservation,,2020-00-00_Plant_Mianhua Islet_0676,社團法人基隆市野鳥學會 (Wild Bird Society of Keelung),,,,,,,,,2020,,2020,,,Quadrat Sampling (Twelve 5*5 m² Quadrats),Asia,Taiwan,TW,Mianhua Islet,,,25.48483,122.10535,EPSG:4326,400,1e-05,Tetragonia tetragonoides,,KL_Plant_0000006,25847,t0055572,Tetragonia tetragonoides,Plantae,species,番杏,accepted,
2020-00-00_Plant_Mianhua Islet_0677,HumanObservation,,2020-00-00_Plant_Mianhua Islet_0677,社團法人基隆市野鳥學會 (Wild Bird Society of Keelung),,,,,,,,,2020,,2020,,,Quadrat Sampling (Twelve 5*5 m² Quadrats),Asia,Taiwan,TW,Mianhua Islet,,,25.48483,122.10535,EPSG:4326,400,1e-05,Morus australis,,KL_Plant_0000008,23164,t0046326,Morus australis,Plantae,species,小葉桑,accepted,
2020-00-00_Plant_Mianhua Islet_0678,HumanObservation,,2020-00-00_Plant_Mianhua Islet_0678,社團法人基隆市野鳥學會 (Wild Bird Society of Keelung),,,,,,,,,2020,,2020,,,Quadrat Sampling (Twelve 5*5 m² Quadrats),Asia,Taiwan,TW,Mianhua Islet,,,25.48483,122.10535,EPSG:4326,400,1e-05,Persicaria chinensis,,KL_Plant_0000009,58649,t0058947,Persicaria chinensis,Plantae,species,火炭母草,accepted,
2020-00-00_Plant_Mianhua Islet_0679,HumanObservation,,2020-00-00_Plant_Mianhua Islet_0679,社團法人基隆市野鳥學會 (Wild Bird Society of Keelung),,,,,,,,,2020,,2020,,,Quadrat Sampling (Twelve 5*5 m² Quadrats),Asia,Taiwan,TW,Mianhua Islet,,,25.48483,122.10535,EPSG:4326,400,1e-05,Rumex japonicus,,KL_Plant_0000010,120410,t0059215,Rumex japonicus,Plantae,species,羊蹄,accepted,
2020-00-00_Plant_Mianhua Islet_0680,HumanObservation,,2020-00-00_Plant_Mianhua Islet_0680,社團法人基隆市野鳥學會 (Wild Bird Society of Keelung),,,,,,,,,2020,,2020,,,Quadrat Sampling (Twelve 5*5 m² Quadrats),Asia,Taiwan,TW,Mianhua Islet,,,25.48483,122.10535,EPSG:4326,400,1e-05,Cocculus orbiculatus,,KL_Plant_0000011,55292,t0073343,Cocculus orbiculatus,Plantae,species,木防己,accepted,
2020-00-00_Plant_Mianhua Islet_0681,HumanObservation,,2020-00-00_Plant_Mianhua Islet_0681,社團法人基隆市野鳥學會 (Wild Bird Society of Keelung),,,,,,,,,2020,,2020,,,Quadrat Sampling (Twelve 5*5 m² Quadrats),Asia,Taiwan,TW,Mianhua Islet,,,25.48483,122.10535,EPSG:4326,400,1e-05,Boerhavia glabrata,,KL_Plant_0000013,21022,t0040401,Boerhavia glabrata,Plantae,species,光果黃細心,accepted,
2020-00-00_Plant_Mianhua Islet_0682,HumanObservation,,2020-00-00_Plant_Mianhua Islet_0682,社團法人基隆市野鳥學會 (Wild Bird Society of Keelung),,,,,,,,,2020,,2020,,,Quadrat Sampling (Twelve 5*5 m² Quadrats),Asia,Taiwan,TW,Mianhua Islet,,,25.48483,122.10535,EPSG:4326,400,1e-05,Portulaca oleracea,,KL_Plant_0000014,23727,t0054931,Portulaca oleracea,Plantae,species,馬齒莧,accepted,
2020-00-00_Plant_Mianhua Islet_0683,HumanObservation,,2020-00-00_Plant_Mianhua Islet_0683,社團法人基隆市野鳥學會 (Wild Bird Society of Keelung),,,,,,,,,2020,,2020,,,Quadrat Sampling (Twelve 5*5 m² Quadrats),Asia,Taiwan,TW,Mianhua Islet,,,25.48483,122.10535,EPSG:4326,400,1e-05,Portulaca pilosa,,KL_Plant_0000015,23728,t0054932,Portulaca pilosa,Plantae,species,毛馬齒莧,accepted,
2020-00-00_Plant_Mianhua Islet_0684,HumanObservation,,2020-00-00_Plant_Mianhua Islet_0684,社團法人基隆市野鳥學會 (Wild Bird Society of Keelung),,,,,,,,,2020,,2020,,,Quadrat Sampling (Twelve 5*5 m² Quadrats),Asia,Taiwan,TW,Mianhua Islet,,,25.48483,122.10535,EPSG:4326,400,1e-05,Chenopodium acuminatum,,KL_Plant_0000016,55050,t0073189,Chenopodium acuminatum,Plantae,species,變葉藜,accepted,
2020-00-00_Plant_Mianhua Islet_0685,HumanObservation,,2020-00-00_Plant_Mianhua Islet_0685,社團法人基隆市野鳥學會 (Wild Bird Society of Keelung),,,,,,,,,2020,,2020,,,Quadrat Sampling (Twelve 5*5 m² Quadrats),Asia,Taiwan,TW,Mianhua Islet,,,25.48483,122.10535,EPSG:4326,400,1e-05,Sedum formosanum,,KL_Plant_0000019,24177,t0055292,Sedum formosanum,Plantae,species,台灣佛甲草,accepted,石板菜
2020-00-00_Plant_Mianhua Islet_0686,HumanObservation,,2020-00-00_Plant_Mianhua Islet_0686,社團法人基隆市野鳥學會 (Wild Bird Society of Keelung),,,,,,,,,2020,,2020,,,Quadrat Sampling (Twelve 5*5 m² Quadrats),Asia,Taiwan,TW,Mianhua Islet,,,25.48483,122.10535,EPSG:4326,400,1e-05,Oxalis corniculata,,KL_Plant_0000020,23347,t0054668,Oxalis corniculata,Plantae,species,酢漿草,accepted,
2020-00-00_Plant_Mianhua Islet_0687,HumanObservation,,2020-00-00_Plant_Mianhua Islet_0687,社團法人基隆市野鳥學會 (Wild Bird Society of Keelung),,,,,,,,,2020,,2020,,,Quadrat Sampling (Twelve 5*5 m² Quadrats),Asia,Taiwan,TW,Mianhua Islet,,,25.48483,122.10535,EPSG:4326,400,1e-05,Centella asiatica,,KL_Plant_0000021,54893,t0058743,Centella asiatica,Plantae,species,雷公根,accepted,
2020-00-00_Plant_Mianhua Islet_0688,HumanObservation,,2020-00-00_Plant_Mianhua Islet_0688,社團法人基隆市野鳥學會 (Wild Bird Society of Keelung),,,,,,,,,2020,,2020,,,Quadrat Sampling (Twelve 5*5 m² Quadrats),Asia,Taiwan,TW,Mianhua Islet,,,25.48483,122.10535,EPSG:4326,400,1e-05,Pittosporum tobira,,KL_Plant_0000022,58902,t0075339,Pittosporum tobira,Plantae,species,海桐,accepted,
2020-00-00_Plant_Mianhua Islet_0689,HumanObservation,,2020-00-00_Plant_Mianhua Islet_0689,社團法人基隆市野鳥學會 (Wild Bird Society of Keelung),,,,,,,,,2020,,2020,,,Quadrat Sampling (Twelve 5*5 m² Quadrats),Asia,Taiwan,TW,Mianhua Islet,,,25.48483,122.10535,EPSG:4326,400,1e-05,Lysimachia mauritiana,,KL_Plant_0000023,22991,t0054360,Lysimachia mauritiana,Plantae,species,茅毛珍珠菜,accepted,
2020-00-00_Plant_Mianhua Islet_0690,HumanObservation,,2020-00-00_Plant_Mianhua Islet_0690,社團法人基隆市野鳥學會 (Wild Bird Society of Keelung),,,,,,,,,2020,,2020,,,Quadrat Sampling (Twelve 5*5 m² Quadrats),Asia,Taiwan,TW,Mianhua Islet,,,25.48483,122.10535,EPSG:4326,400,1e-05,Leptopetalum coreanum,,KL_Plant_0000024,57472,t0103362,Leptopetalum coreanum,Plantae,species,脈耳草,accepted,
2020-00-00_Plant_Mianhua Islet_0691,HumanObservation,,2020-00-00_Plant_Mianhua Islet_0691,社團法人基隆市野鳥學會 (Wild Bird Society of Keelung),,,,,,,,,2020,,2020,,,Quadrat Sampling (Twelve 5*5 m² Quadrats),Asia,Taiwan,TW,Mianhua Islet,,,25.48483,122.10535,EPSG:4326,400,1e-05,Dichondra micrantha,,KL_Plant_0000027,21810,t0053370,Dichondra micrantha,Plantae,species,馬蹄金,accepted,
2020-00-00_Plant_Mianhua Islet_0692,HumanObservation,,2020-00-00_Plant_Mianhua Islet_0692,社團法人基隆市野鳥學會 (Wild Bird Society of Keelung),,,,,,,,,2020,,2020,,,Quadrat Sampling (Twelve 5*5 m² Quadrats),Asia,Taiwan,TW,Mianhua Islet,,,25.48483,122.10535,EPSG:4326,400,1e-05,Ipomoea pes-caprae,,KL_Plant_0000028,25371,t0100319,Ipomoea pes-caprae,Plantae,species,馬鞍藤,accepted,
2020-00-00_Plant_Mianhua Islet_0693,HumanObservation,,2020-00-00_Plant_Mianhua Islet_0693,社團法人基隆市野鳥學會 (Wild Bird Society of Keelung),,,,,,,,,2020,,2020,,,Quadrat Sampling (Twelve 5*5 m² Quadrats),Asia,Taiwan,TW,Mianhua Islet,,,25.48483,122.10535,EPSG:4326,400,1e-05,Callicarpa japonica var. luxurians,,KL_Plant_0000029,25954,t0087359,Callicarpa japonica var. luxurians,Plantae,variety,朝鮮紫珠,accepted,
2020-00-00_Plant_Mianhua Islet_0694,HumanObservation,,2020-00-00_Plant_Mianhua Islet_0694,社團法人基隆市野鳥學會 (Wild Bird Society of Keelung),,,,,,,,,2020,,2020,,,Quadrat Sampling (Twelve 5*5 m² Quadrats),Asia,Taiwan,TW,Mianhua Islet,,,25.48483,122.10535,EPSG:4326,400,1e-05,Leonurus japonicus,,KL_Plant_0000030,22790,t0054200,Leonurus japonicus,Plantae,species,益母草,accepted,
2020-00-00_Plant_Mianhua Islet_0695,HumanObservation,,2020-00-00_Plant_Mianhua Islet_0695,社團法人基隆市野鳥學會 (Wild Bird Society of Keelung),,,,,,,,,2020,,2020,,,Quadrat Sampling (Twelve 5*5 m² Quadrats),Asia,Taiwan,TW,Mianhua Islet,,,25.48483,122.10535,EPSG:4326,400,1e-05,Corydalis koidzumiana,,KL_Plant_0000033,21549,t0053128,Corydalis koidzumiana,Plantae,species,密花黃堇,accepted,密花黃菫
2020-00-00_Plant_Mianhua Islet_0696,HumanObservation,,2020-00-00_Plant_Mianhua Islet_0696,社團法人基隆市野鳥學會 (Wild Bird Society of Keelung),,,,,,,,,2020,,2020,,,Quadrat Sampling (Twelve 5*5 m² Quadrats),Asia,Taiwan,TW,Mianhua Islet,,,25.48483,122.10535,EPSG:4326,400,1e-05,Scaevola taccada,,KL_Plant_0000034,25749,t0055240,Scaevola taccada,Plantae,species,草海桐,accepted,
2020-00-00_Plant_Mianhua Islet_0697,HumanObservation,,2020-00-00_Plant_Mianhua Islet_0697,社團法人基隆市野鳥學會 (Wild Bird Society of Keelung),,,,,,,,,2020,,2020,,,Quadrat Sampling (Twelve 5*5 m² Quadrats),Asia,Taiwan,TW,Mianhua Islet,,,25.48483,122.10535,EPSG:4326,400,1e-05,Artemisia capillaris,,KL_Plant_0000035,20715,t0052627,Artemisia capillaris,Plantae,species,茵陳蒿,accepted,
2020-00-00_Plant_Mianhua Islet_0698,HumanObservation,,2020-00-00_Plant_Mianhua Islet_0698,社團法人基隆市野鳥學會 (Wild Bird Society of Keelung),,,,,,,,,2020,,2020,,,Quadrat Sampling (Twelve 5*5 m² Quadrats),Asia,Taiwan,TW,Mianhua Islet,,,25.48483,122.10535,EPSG:4326,400,1e-05,Conyza bonariensis,,KL_Plant_0000037,25059,t0053106,Conyza bonariensis,Plantae,species,美洲假蓬,accepted,野桐蒿 | 野塘蒿
2020-00-00_Plant_Mianhua Islet_0699,HumanObservation,,2020-00-00_Plant_Mianhua Islet_0699,社團法人基隆市野鳥學會 (Wild Bird Society of Keelung),,,,,,,,,2020,,2020,,,Quadrat Sampling (Twelve 5*5 m² Quadrats),Asia,Taiwan,TW,Mianhua Islet,,,25.48483,122.10535,EPSG:4326,400,1e-05,Conyza sumatrensis,,KL_Plant_0000039,55429,t0073443,Conyza sumatrensis,Plantae,species,野茼蒿,accepted,
2020-00-00_Plant_Mianhua Islet_0700,HumanObservation,,2020-00-00_Plant_Mianhua Islet_0700,社團法人基隆市野鳥學會 (Wild Bird Society of Keelung),,,,,,,,,2020,,2020,,,Quadrat Sampling (Twelve 5*5 m² Quadrats),Asia,Taiwan,TW,Mianhua Islet,,,25.48483,122.10535,EPSG:4326,400,1e-05,Crossostephium chinense,,KL_Plant_0000040,21588,t0053159,Crossostephium chinense,Plantae,species,蘄艾,accepted,
2020-00-00_Plant_Mianhua Islet_0701,HumanObservation,,2020-00-00_Plant_Mianhua Islet_0701,社團法人基隆市野鳥學會 (Wild Bird Society of Keelung),,,,,,,,,2020,,2020,,,Quadrat Sampling (Twelve 5*5 m² Quadrats),Asia,Taiwan,TW,Mianhua Islet,,,25.48483,122.10535,EPSG:4326,400,1e-05,Emilia sonchifolia,,KL_Plant_0000041,25212,t0053530,Emilia sonchifolia,Plantae,species,紫背草,accepted,一點紅 | 葉下紅
2020-00-00_Plant_Mianhua Islet_0702,HumanObservation,,2020-00-00_Plant_Mianhua Islet_0702,社團法人基隆市野鳥學會 (Wild Bird Society of Keelung),,,,,,,,,2020,,2020,,,Quadrat Sampling (Twelve 5*5 m² Quadrats),Asia,Taiwan,TW,Mianhua Islet,,,25.48483,122.10535,EPSG:4326,400,1e-05,Gnaphalium luteoalbum subsp. affine,,KL_Plant_0000043,61275,t0057950,Gnaphalium luteoalbum subsp. affine,Plantae,subspecies,鼠麴草,accepted,
2020-00-00_Plant_Mianhua Islet_0703,HumanObservation,,2020-00-00_Plant_Mianhua Islet_0703,社團法人基隆市野鳥學會 (Wild Bird Society of Keelung),,,,,,,,,2020,,2020,,,Quadrat Sampling (Twelve 5*5 m² Quadrats),Asia,Taiwan,TW,Mianhua Islet,,,25.48483,122.10535,EPSG:4326,400,1e-05,Gnaphalium calviceps,,KL_Plant_0000044,22348,t0053831,Gnaphalium calviceps,Plantae,species,直莖鼠麴草,accepted,
2020-00-00_Plant_Mianhua Islet_0704,HumanObservation,,2020-00-00_Plant_Mianhua Islet_0704,社團法人基隆市野鳥學會 (Wild Bird Society of Keelung),,,,,,,,,2020,,2020,,,Quadrat Sampling (Twelve 5*5 m² Quadrats),Asia,Taiwan,TW,Mianhua Islet,,,25.48483,122.10535,EPSG:4326,400,1e-05,Gnaphalium purpureum,,KL_Plant_0000045,22352,t0053835,Gnaphalium purpureum,Plantae,species,鼠麴舅,accepted,
2020-00-00_Plant_Mianhua Islet_0705,HumanObservation,,2020-00-00_Plant_Mianhua Islet_0705,社團法人基隆市野鳥學會 (Wild Bird Society of Keelung),,,,,,,,,2020,,2020,,,Quadrat Sampling (Twelve 5*5 m² Quadrats),Asia,Taiwan,TW,Mianhua Islet,,,25.48483,122.10535,EPSG:4326,400,1e-05,Sonchus oleraceus,,KL_Plant_0000048,24320,t0055402,Sonchus oleraceus,Plantae,species,苦滇菜,accepted,
2020-00-00_Plant_Mianhua Islet_0706,HumanObservation,,2020-00-00_Plant_Mianhua Islet_0706,社團法人基隆市野鳥學會 (Wild Bird Society of Keelung),,,,,,,,,2020,,2020,,,Quadrat Sampling (Twelve 5*5 m² Quadrats),Asia,Taiwan,TW,Mianhua Islet,,,25.48483,122.10535,EPSG:4326,400,1e-05,Wollastonia biflora,,KL_Plant_0000049,60736,t0069822,Wollastonia biflora,Plantae,species,雙花蟛蜞菊,accepted,
2020-00-00_Plant_Mianhua Islet_0707,HumanObservation,,2020-00-00_Plant_Mianhua Islet_0707,社團法人基隆市野鳥學會 (Wild Bird Society of Keelung),,,,,,,,,2020,,2020,,,Quadrat Sampling (Twelve 5*5 m² Quadrats),Asia,Taiwan,TW,Mianhua Islet,,,25.48483,122.10535,EPSG:4326,400,1e-05,Wollastonia dentata,,KL_Plant_0000092,60737,t0057507,Wollastonia dentata,Plantae,species,大天蓬草舅,accepted,天蓬草舅
2020-00-00_Plant_Mianhua Islet_0708,HumanObservation,,2020-00-00_Plant_Mianhua Islet_0708,社團法人基隆市野鳥學會 (Wild Bird Society of Keelung),,,,,,,,,2020,,2020,,,Quadrat Sampling (Twelve 5*5 m² Quadrats),Asia,Taiwan,TW,Mianhua Islet,,,25.48483,122.10535,EPSG:4326,400,1e-05,Youngia japonica,,KL_Plant_0000052,25907,t0069832,Youngia japonica,Plantae,species,黃鵪菜,accepted,
2020-00-00_Plant_Mianhua Islet_0709,HumanObservation,,2020-00-00_Plant_Mianhua Islet_0709,社團法人基隆市野鳥學會 (Wild Bird Society of Keelung),,,,,,,,,2020,,2020,,,Quadrat Sampling (Twelve 5*5 m² Quadrats),Asia,Taiwan,TW,Mianhua Islet,,,25.48483,122.10535,EPSG:4326,400,1e-05,Oenothera laciniata,,KL_Plant_0000053,23277,t0046093,Oenothera laciniata,Plantae,species,裂葉月見草,accepted,
2020-00-00_Plant_Mianhua Islet_0710,HumanObservation,,2020-00-00_Plant_Mianhua Islet_0710,社團法人基隆市野鳥學會 (Wild Bird Society of Keelung),,,,,,,,,2020,,2020,,,Quadrat Sampling (Twelve 5*5 m² Quadrats),Asia,Taiwan,TW,Mianhua Islet,,,25.48483,122.10535,EPSG:4326,400,1e-05,Raphanus raphanistrum subsp. sativus,,KL_Plant_0000054,144038,t0055045,Raphanus raphanistrum subsp. sativus,Plantae,subspecies,濱蘿蔔,accepted,濱萊菔
2020-00-00_Plant_Mianhua Islet_0711,HumanObservation,,2020-00-00_Plant_Mianhua Islet_0711,社團法人基隆市野鳥學會 (Wild Bird Society of Keelung),,,,,,,,,2020,,2020,,,Quadrat Sampling (Twelve 5*5 m² Quadrats),Asia,Taiwan,TW,Mianhua Islet,,,25.48483,122.10535,EPSG:4326,400,1e-05,Vigna marina,,KL_Plant_0000056,25894,t0049306,Vigna marina,Plantae,species,濱豇豆,accepted,
2020-00-00_Plant_Mianhua Islet_0712,HumanObservation,,2020-00-00_Plant_Mianhua Islet_0712,社團法人基隆市野鳥學會 (Wild Bird Society of Keelung),,,,,,,,,2020,,2020,,,Quadrat Sampling (Twelve 5*5 m² Quadrats),Asia,Taiwan,TW,Mianhua Islet,,,25.48483,122.10535,EPSG:4326,400,1e-05,Pilea peploides var. major,,KL_Plant_0000057,61485,t0086947,Pilea peploides var. major,Plantae,variety,齒葉矮冷水麻,accepted,苦水花 | 矮冷水麻
2020-00-00_Plant_Mianhua Islet_0713,HumanObservation,,2020-00-00_Plant_Mianhua Islet_0713,社團法人基隆市野鳥學會 (Wild Bird Society of Keelung),,,,,,,,,2020,,2020,,,Quadrat Sampling (Twelve 5*5 m² Quadrats),Asia,Taiwan,TW,Mianhua Islet,,,25.48483,122.10535,EPSG:4326,400,1e-05,Commelina diffusa,,KL_Plant_0000059,21505,t0053100,Commelina diffusa,Plantae,species,竹仔菜,accepted,
2020-00-00_Plant_Mianhua Islet_0714,HumanObservation,,2020-00-00_Plant_Mianhua Islet_0714,社團法人基隆市野鳥學會 (Wild Bird Society of Keelung),,,,,,,,,2020,,2020,,,Quadrat Sampling (Twelve 5*5 m² Quadrats),Asia,Taiwan,TW,Mianhua Islet,,,25.48483,122.10535,EPSG:4326,400,1e-05,Carex breviculmis,,KL_Plant_0000060,21205,t0052815,Carex breviculmis,Plantae,species,短莖宿柱薹,accepted,
2020-00-00_Plant_Mianhua Islet_0715,HumanObservation,,2020-00-00_Plant_Mianhua Islet_0715,社團法人基隆市野鳥學會 (Wild Bird Society of Keelung),,,,,,,,,2020,,2020,,,Quadrat Sampling (Twelve 5*5 m² Quadrats),Asia,Taiwan,TW,Mianhua Islet,,,25.48483,122.10535,EPSG:4326,400,1e-05,Cyperus polystachyos,,KL_Plant_0000061,21705,t0055001,Cyperus polystachyos,Plantae,species,多柱扁莎,accepted,多枝扁莎
2020-00-00_Plant_Mianhua Islet_0716,HumanObservation,,2020-00-00_Plant_Mianhua Islet_0716,社團法人基隆市野鳥學會 (Wild Bird Society of Keelung),,,,,,,,,2020,,2020,,,Quadrat Sampling (Twelve 5*5 m² Quadrats),Asia,Taiwan,TW,Mianhua Islet,,,25.48483,122.10535,EPSG:4326,400,1e-05,Fimbristylis dichotoma,,KL_Plant_0000063,25271,t0053700,Fimbristylis dichotoma,Plantae,species,竹子飄拂草,accepted,
2020-00-00_Plant_Mianhua Islet_0717,HumanObservation,,2020-00-00_Plant_Mianhua Islet_0717,社團法人基隆市野鳥學會 (Wild Bird Society of Keelung),,,,,,,,,2020,,2020,,,Quadrat Sampling (Twelve 5*5 m² Quadrats),Asia,Taiwan,TW,Mianhua Islet,,,25.48483,122.10535,EPSG:4326,400,1e-05,Brachiaria villosa,,KL_Plant_0000066,24962,t0040426,Brachiaria villosa,Plantae,species,毛臂形草,accepted,
2020-00-00_Plant_Mianhua Islet_0718,HumanObservation,,2020-00-00_Plant_Mianhua Islet_0718,社團法人基隆市野鳥學會 (Wild Bird Society of Keelung),,,,,,,,,2020,,2020,,,Quadrat Sampling (Twelve 5*5 m² Quadrats),Asia,Taiwan,TW,Mianhua Islet,,,25.48483,122.10535,EPSG:4326,400,1e-05,Digitaria henryi,,KL_Plant_0000070,21820,t0053384,Digitaria henryi,Plantae,species,亨利馬唐,accepted,
2020-00-00_Plant_Mianhua Islet_0719,HumanObservation,,2020-00-00_Plant_Mianhua Islet_0719,社團法人基隆市野鳥學會 (Wild Bird Society of Keelung),,,,,,,,,2020,,2020,,,Quadrat Sampling (Twelve 5*5 m² Quadrats),Asia,Taiwan,TW,Mianhua Islet,,,25.48483,122.10535,EPSG:4326,400,1e-05,Digitaria mollicoma,,KL_Plant_0000072,25162,t0053388,Digitaria mollicoma,Plantae,species,絨馬唐,accepted,大絨馬唐
2020-00-00_Plant_Mianhua Islet_0720,HumanObservation,,2020-00-00_Plant_Mianhua Islet_0720,社團法人基隆市野鳥學會 (Wild Bird Society of Keelung),,,,,,,,,2020,,2020,,,Quadrat Sampling (Twelve 5*5 m² Quadrats),Asia,Taiwan,TW,Mianhua Islet,,,25.48483,122.10535,EPSG:4326,400,1e-05,Digitaria sericea,,KL_Plant_0000074,55903,t0073704,Digitaria sericea,Plantae,species,絹毛馬唐,accepted,
2020-00-00_Plant_Mianhua Islet_0721,HumanObservation,,2020-00-00_Plant_Mianhua Islet_0721,社團法人基隆市野鳥學會 (Wild Bird Society of Keelung),,,,,,,,,2020,,2020,,,Quadrat Sampling (Twelve 5*5 m² Quadrats),Asia,Taiwan,TW,Mianhua Islet,,,25.48483,122.10535,EPSG:4326,400,1e-05,Imperata cylindrica var. major,,KL_Plant_0000075,26121,t0087378,Imperata cylindrica var. major,Plantae,variety,白茅,accepted,
2020-00-00_Plant_Mianhua Islet_0722,HumanObservation,,2020-00-00_Plant_Mianhua Islet_0722,社團法人基隆市野鳥學會 (Wild Bird Society of Keelung),,,,,,,,,2020,,2020,,,Quadrat Sampling (Twelve 5*5 m² Quadrats),Asia,Taiwan,TW,Mianhua Islet,,,25.48483,122.10535,EPSG:4326,400,1e-05,Paspalum orbiculare,,KL_Plant_0000078,23423,t0054713,Paspalum orbiculare,Plantae,species,圓果雀稗,accepted,
2020-00-00_Plant_Mianhua Islet_0723,HumanObservation,,2020-00-00_Plant_Mianhua Islet_0723,社團法人基隆市野鳥學會 (Wild Bird Society of Keelung),,,,,,,,,2020,,2020,,,Quadrat Sampling (Twelve 5*5 m² Quadrats),Asia,Taiwan,TW,Mianhua Islet,,,25.48483,122.10535,EPSG:4326,400,1e-05,Paspalum scrobiculatum,,KL_Plant_0000079,23426,t0054716,Paspalum scrobiculatum,Plantae,species,鴨姆草,accepted,
2020-00-00_Plant_Mianhua Islet_0724,HumanObservation,,2020-00-00_Plant_Mianhua Islet_0724,社團法人基隆市野鳥學會 (Wild Bird Society of Keelung),,,,,,,,,2020,,2020,,,Quadrat Sampling (Twelve 5*5 m² Quadrats),Asia,Taiwan,TW,Mianhua Islet,,,25.48483,122.10535,EPSG:4326,400,1e-05,Paspalum vaginatum,,KL_Plant_0000080,23429,t0054719,Paspalum vaginatum,Plantae,species,海雀稗,accepted,
2020-00-00_Plant_Mianhua Islet_0725,HumanObservation,,2020-00-00_Plant_Mianhua Islet_0725,社團法人基隆市野鳥學會 (Wild Bird Society of Keelung),,,,,,,,,2020,,2020,,,Quadrat Sampling (Twelve 5*5 m² Quadrats),Asia,Taiwan,TW,Mianhua Islet,,,25.48483,122.10535,EPSG:4326,400,1e-05,Setaria parviflora,,KL_Plant_0000083,59832,t0058251,Setaria parviflora,Plantae,species,莠狗尾草,accepted,
2020-00-00_Plant_Mianhua Islet_0726,HumanObservation,,2020-00-00_Plant_Mianhua Islet_0726,社團法人基隆市野鳥學會 (Wild Bird Society of Keelung),,,,,,,,,2020,,2020,,,Quadrat Sampling (Twelve 5*5 m² Quadrats),Asia,Taiwan,TW,Mianhua Islet,,,25.48483,122.10535,EPSG:4326,400,1e-05,Zoysia sinica,,KL_Plant_0000087,24827,t0049409,Zoysia sinica,Plantae,species,中華結縷草,accepted,
2020-00-00_Plant_Mianhua Islet_0727,HumanObservation,,2020-00-00_Plant_Mianhua Islet_0727,社團法人基隆市野鳥學會 (Wild Bird Society of Keelung),,,,,,,,,2020,,2020,,,Quadrat Sampling (Twelve 5*5 m² Quadrats),Asia,Taiwan,TW,Mianhua Islet,,,25.48483,122.10535,EPSG:4326,400,1e-05,Pemphis acidula,,KL_Plant_0000091,23446,t0054735,Pemphis acidula,Plantae,species,水芫花,accepted,
2021-08-26_Plant_MianhuaIslet_71_01,HumanObservation,,2021-08-26_Plant_MianhuaIslet_71_01,研海生態顧問股份有限公司 (Ceta explorers Company Limited),,,,,,,,,2021-08-26,,2021,8,26,Quadrat Sampling (5*5 m² Quadrat),Asia,Taiwan,TW,MianhuaIslet_Plant_71,,,25.48488,122.10485,EPSG:4326,10,1e-05,Portulaca pilosa,,KL_Plant_0000015,23728,t0054932,Portulaca pilosa,Plantae,species,毛馬齒莧,accepted,
2021-08-26_Plant_MianhuaIslet_71_02,HumanObservation,,2021-08-26_Plant_MianhuaIslet_71_02,研海生態顧問股份有限公司 (Ceta explorers Company Limited),,,,,,,,,2021-08-26,,2021,8,26,Quadrat Sampling (5*5 m² Quadrat),Asia,Taiwan,TW,MianhuaIslet_Plant_71,,,25.48488,122.10485,EPSG:4326,10,1e-05,Cyperus polystachyos,,KL_Plant_0000061,21705,t0055001,Cyperus polystachyos,Plantae,species,多柱扁莎,accepted,多枝扁莎
2021-08-26_Plant_MianhuaIslet_71_03,HumanObservation,,2021-08-26_Plant_MianhuaIslet_71_03,研海生態顧問股份有限公司 (Ceta explorers Company Limited),,,,,,,,,2021-08-26,,2021,8,26,Quadrat Sampling (5*5 m² Quadrat),Asia,Taiwan,TW,MianhuaIslet_Plant_71,,,25.48488,122.10485,EPSG:4326,10,1e-05,Emilia sonchifolia,,KL_Plant_0000041,25212,t0053530,Emilia sonchifolia,Plantae,species,紫背草,accepted,一點紅 | 葉下紅
2021-08-26_Plant_MianhuaIslet_71_04,HumanObservation,,2021-08-26_Plant_MianhuaIslet_71_04,研海生態顧問股份有限公司 (Ceta explorers Company Limited),,,,,,,,乾枯花序,2021-08-26,,2021,8,26,Quadrat Sampling (5*5 m² Quadrat),Asia,Taiwan,TW,MianhuaIslet_Plant_71,,,25.48488,122.10485,EPSG:4326,10,1e-05,Conyza sumatrensis,,KL_Plant_0000039,55429,t0073443,Conyza sumatrensis,Plantae,species,野茼蒿,accepted,
2021-08-26_Plant_MianhuaIslet_71_05,HumanObservation,,2021-08-26_Plant_MianhuaIslet_71_05,研海生態顧問股份有限公司 (Ceta explorers Company Limited),,,,,,,,,2021-08-26,,2021,8,26,Quadrat Sampling (5*5 m² Quadrat),Asia,Taiwan,TW,MianhuaIslet_Plant_71,,,25.48488,122.10485,EPSG:4326,10,1e-05,Ipomoea pes-caprae,,KL_Plant_0000028,25371,t0100319,Ipomoea pes-caprae,Plantae,species,馬鞍藤,accepted,
2021-08-26_Plant_MianhuaIslet_71_06,HumanObservation,,2021-08-26_Plant_MianhuaIslet_71_06,研海生態顧問股份有限公司 (Ceta explorers Company Limited),,,,,,,,,2021-08-26,,2021,8,26,Quadrat Sampling (5*5 m² Quadrat),Asia,Taiwan,TW,MianhuaIslet_Plant_71,,,25.48488,122.10485,EPSG:4326,10,1e-05,Zoysia sinica,,KL_Plant_0000087,24827,t0049409,Zoysia sinica,Plantae,species,中華結縷草,accepted,
2021-08-26_Plant_MianhuaIslet_71_07,HumanObservation,,2021-08-26_Plant_MianhuaIslet_71_07,研海生態顧問股份有限公司 (Ceta explorers Company Limited),,,,,,,,,2021-08-26,,2021,8,26,Quadrat Sampling (5*5 m² Quadrat),Asia,Taiwan,TW,MianhuaIslet_Plant_71,,,25.48488,122.10485,EPSG:4326,10,1e-05,Oenothera laciniata,,KL_Plant_0000053,23277,t0046093,Oenothera laciniata,Plantae,species,裂葉月見草,accepted,
2021-08-26_Plant_MianhuaIslet_71_08,HumanObservation,,2021-08-26_Plant_MianhuaIslet_71_08,研海生態顧問股份有限公司 (Ceta explorers Company Limited),,,,,,,,,2021-08-26,,2021,8,26,Quadrat Sampling (5*5 m² Quadrat),Asia,Taiwan,TW,MianhuaIslet_Plant_71,,,25.48488,122.10485,EPSG:4326,10,1e-05,Digitaria henryi,,KL_Plant_0000070,21820,t0053384,Digitaria henryi,Plantae,species,亨利馬唐,accepted,
2021-08-26_Plant_MianhuaIslet_73_01,HumanObservation,,2021-08-26_Plant_MianhuaIslet_73_01,研海生態顧問股份有限公司 (Ceta explorers Company Limited),,,,,,,,,2021-08-26,,2021,8,26,Quadrat Sampling (5*5 m² Quadrat),Asia,Taiwan,TW,MianhuaIslet_Plant_73,,,25.48498,122.10509,EPSG:4326,10,1e-05,Artemisia capillaris,,KL_Plant_0000035,20715,t0052627,Artemisia capillaris,Plantae,species,茵陳蒿,accepted,
2021-08-26_Plant_MianhuaIslet_73_02,HumanObservation,,2021-08-26_Plant_MianhuaIslet_73_02,研海生態顧問股份有限公司 (Ceta explorers Company Limited),,,,,,,,,2021-08-26,,2021,8,26,Quadrat Sampling (5*5 m² Quadrat),Asia,Taiwan,TW,MianhuaIslet_Plant_73,,,25.48498,122.10509,EPSG:4326,10,1e-05,Zoysia sinica,,KL_Plant_0000087,24827,t0049409,Zoysia sinica,Plantae,species,中華結縷草,accepted,
2021-08-26_Plant_MianhuaIslet_73_03,HumanObservation,,2021-08-26_Plant_MianhuaIslet_73_03,研海生態顧問股份有限公司 (Ceta explorers Company Limited),,,,,,,,,2021-08-26,,2021,8,26,Quadrat Sampling (5*5 m² Quadrat),Asia,Taiwan,TW,MianhuaIslet_Plant_73,,,25.48498,122.10509,EPSG:4326,10,1e-05,Ipomoea pes-caprae,,KL_Plant_0000028,25371,t0100319,Ipomoea pes-caprae,Plantae,species,馬鞍藤,accepted,
2021-08-26_Plant_MianhuaIslet_73_04,HumanObservation,,2021-08-26_Plant_MianhuaIslet_73_04,研海生態顧問股份有限公司 (Ceta explorers Company Limited),,,,,,,,,2021-08-26,,2021,8,26,Quadrat Sampling (5*5 m² Quadrat),Asia,Taiwan,TW,MianhuaIslet_Plant_73,,,25.48498,122.10509,EPSG:4326,10,1e-05,Lysimachia mauritiana,,KL_Plant_0000023,22991,t0054360,Lysimachia mauritiana,Plantae,species,茅毛珍珠菜,accepted,
2021-08-26_Plant_MianhuaIslet_73_05,HumanObservation,,2021-08-26_Plant_MianhuaIslet_73_05,研海生態顧問股份有限公司 (Ceta explorers Company Limited),,,,,,,,,2021-08-26,,2021,8,26,Quadrat Sampling (5*5 m² Quadrat),Asia,Taiwan,TW,MianhuaIslet_Plant_73,,,25.48498,122.10509,EPSG:4326,10,1e-05,Centella asiatica,,KL_Plant_0000021,54893,t0058743,Centella asiatica,Plantae,species,雷公根,accepted,
2021-08-26_Plant_MianhuaIslet_73_06,HumanObservation,,2021-08-26_Plant_MianhuaIslet_73_06,研海生態顧問股份有限公司 (Ceta explorers Company Limited),,,,,,,,,2021-08-26,,2021,8,26,Quadrat Sampling (5*5 m² Quadrat),Asia,Taiwan,TW,MianhuaIslet_Plant_73,,,25.48498,122.10509,EPSG:4326,10,1e-05,Oenothera laciniata,,KL_Plant_0000053,23277,t0046093,Oenothera laciniata,Plantae,species,裂葉月見草,accepted,
2021-08-26_Plant_MianhuaIslet_73_07,HumanObservation,,2021-08-26_Plant_MianhuaIslet_73_07,研海生態顧問股份有限公司 (Ceta explorers Company Limited),,,,,,,,,2021-08-26,,2021,8,26,Quadrat Sampling (5*5 m² Quadrat),Asia,Taiwan,TW,MianhuaIslet_Plant_73,,,25.48498,122.10509,EPSG:4326,10,1e-05,Oxalis corniculata,,KL_Plant_0000020,23347,t0054668,Oxalis corniculata,Plantae,species,酢漿草,accepted,
2021-08-26_Plant_MianhuaIslet_73_08,HumanObservation,,2021-08-26_Plant_MianhuaIslet_73_08,研海生態顧問股份有限公司 (Ceta explorers Company Limited),,,,,,,,,2021-08-26,,2021,8,26,Quadrat Sampling (5*5 m² Quadrat),Asia,Taiwan,TW,MianhuaIslet_Plant_73,,,25.48498,122.10509,EPSG:4326,10,1e-05,Portulaca pilosa,,KL_Plant_0000015,23728,t0054932,Portulaca pilosa,Plantae,species,毛馬齒莧,accepted,
2021-08-26_Plant_MianhuaIslet_73_09,HumanObservation,,2021-08-26_Plant_MianhuaIslet_73_09,研海生態顧問股份有限公司 (Ceta explorers Company Limited),,,,,,,,,2021-08-26,,2021,8,26,Quadrat Sampling (5*5 m² Quadrat),Asia,Taiwan,TW,MianhuaIslet_Plant_73,,,25.48498,122.10509,EPSG:4326,10,1e-05,Cyperus polystachyos,,KL_Plant_0000061,21705,t0055001,Cyperus polystachyos,Plantae,species,多柱扁莎,accepted,多枝扁莎
2021-08-26_Plant_MianhuaIslet_73_10,HumanObservation,,2021-08-26_Plant_MianhuaIslet_73_10,研海生態顧問股份有限公司 (Ceta explorers Company Limited),,,,,,,,,2021-08-26,,2021,8,26,Quadrat Sampling (5*5 m² Quadrat),Asia,Taiwan,TW,MianhuaIslet_Plant_73,,,25.48498,122.10509,EPSG:4326,10,1e-05,Digitaria henryi,,KL_Plant_0000070,21820,t0053384,Digitaria henryi,Plantae,species,亨利馬唐,accepted,
2021-08-26_Plant_MianhuaIslet_73_11,HumanObservation,,2021-08-26_Plant_MianhuaIslet_73_11,研海生態顧問股份有限公司 (Ceta explorers Company Limited),,,,,,,,,2021-08-26,,2021,8,26,Quadrat Sampling (5*5 m² Quadrat),Asia,Taiwan,TW,MianhuaIslet_Plant_73,,,25.48498,122.10509,EPSG:4326,10,1e-05,Emilia sonchifolia,,KL_Plant_0000041,25212,t0053530,Emilia sonchifolia,Plantae,species,紫背草,accepted,一點紅 | 葉下紅
2021-08-26_Plant_MianhuaIslet_73_12,HumanObservation,,2021-08-26_Plant_MianhuaIslet_73_12,研海生態顧問股份有限公司 (Ceta explorers Company Limited),,,,,,,,,2021-08-26,,2021,8,26,Quadrat Sampling (5*5 m² Quadrat),Asia,Taiwan,TW,MianhuaIslet_Plant_73,,,25.48498,122.10509,EPSG:4326,10,1e-05,Vigna marina,,KL_Plant_0000056,25894,t0049306,Vigna marina,Plantae,species,濱豇豆,accepted,
2021-08-26_Plant_MianhuaIslet_73_13,HumanObservation,,2021-08-26_Plant_MianhuaIslet_73_13,研海生態顧問股份有限公司 (Ceta explorers Company Limited),,,,,,,,,2021-08-26,,2021,8,26,Quadrat Sampling (5*5 m² Quadrat),Asia,Taiwan,TW,MianhuaIslet_Plant_73,,,25.48498,122.10509,EPSG:4326,10,1e-05,Conyza sumatrensis,,KL_Plant_0000039,55429,t0073443,Conyza sumatrensis,Plantae,species,野茼蒿,accepted,
2021-08-26_Plant_MianhuaIslet_73_14,HumanObservation,,2021-08-26_Plant_MianhuaIslet_73_14,研海生態顧問股份有限公司 (Ceta explorers Company Limited),,,,,,,,,2021-08-26,,2021,8,26,Quadrat Sampling (5*5 m² Quadrat),Asia,Taiwan,TW,MianhuaIslet_Plant_73,,,25.48498,122.10509,EPSG:4326,10,1e-05,Digitaria mollicoma,,KL_Plant_0000072,25162,t0053388,Digitaria mollicoma,Plantae,species,絨馬唐,accepted,大絨馬唐
2021-08-26_Plant_MianhuaIslet_94_01,HumanObservation,,2021-08-26_Plant_MianhuaIslet_94_01,研海生態顧問股份有限公司 (Ceta explorers Company Limited),,,,,,,,,2021-08-26,,2021,8,26,Quadrat Sampling (5*5 m² Quadrat),Asia,Taiwan,TW,MianhuaIslet_Plant_94,,,25.48704,122.10489,EPSG:4326,10,1e-05,Crossostephium chinense,,KL_Plant_0000040,21588,t0053159,Crossostephium chinense,Plantae,species,蘄艾,accepted,
2021-08-26_Plant_MianhuaIslet_94_02,HumanObservation,,2021-08-26_Plant_MianhuaIslet_94_02,研海生態顧問股份有限公司 (Ceta explorers Company Limited),,,,,,,,,2021-08-26,,2021,8,26,Quadrat Sampling (5*5 m² Quadrat),Asia,Taiwan,TW,MianhuaIslet_Plant_94,,,25.48704,122.10489,EPSG:4326,10,1e-05,Lysimachia mauritiana,,KL_Plant_0000023,22991,t0054360,Lysimachia mauritiana,Plantae,species,茅毛珍珠菜,accepted,
2021-08-26_Plant_MianhuaIslet_94_03,HumanObservation,,2021-08-26_Plant_MianhuaIslet_94_03,研海生態顧問股份有限公司 (Ceta explorers Company Limited),,,,,,,,,2021-08-26,,2021,8,26,Quadrat Sampling (5*5 m² Quadrat),Asia,Taiwan,TW,MianhuaIslet_Plant_94,,,25.48704,122.10489,EPSG:4326,10,1e-05,Ipomoea pes-caprae,,KL_Plant_0000028,25371,t0100319,Ipomoea pes-caprae,Plantae,species,馬鞍藤,accepted,
2021-08-26_Plant_MianhuaIslet_94_04,HumanObservation,,2021-08-26_Plant_MianhuaIslet_94_04,研海生態顧問股份有限公司 (Ceta explorers Company Limited),,,,,,,,,2021-08-26,,2021,8,26,Quadrat Sampling (5*5 m² Quadrat),Asia,Taiwan,TW,MianhuaIslet_Plant_94,,,25.48704,122.10489,EPSG:4326,10,1e-05,Pteris fauriei var. fauriei,,KL_Plant_0000002,145731,t0101197,Pteris fauriei var. fauriei,Plantae,variety,傅氏鳳尾蕨,accepted,
2021-08-26_Plant_MianhuaIslet_94_05,HumanObservation,,2021-08-26_Plant_MianhuaIslet_94_05,研海生態顧問股份有限公司 (Ceta explorers Company Limited),,,,,,,,,2021-08-26,,2021,8,26,Quadrat Sampling (5*5 m² Quadrat),Asia,Taiwan,TW,MianhuaIslet_Plant_94,,,25.48704,122.10489,EPSG:4326,10,1e-05,Cyperus polystachyos,,KL_Plant_0000061,21705,t0055001,Cyperus polystachyos,Plantae,species,多柱扁莎,accepted,多枝扁莎
2021-08-26_Plant_MianhuaIslet_94_06,HumanObservation,,2021-08-26_Plant_MianhuaIslet_94_06,研海生態顧問股份有限公司 (Ceta explorers Company Limited),,,,,,,,,2021-08-26,,2021,8,26,Quadrat Sampling (5*5 m² Quadrat),Asia,Taiwan,TW,MianhuaIslet_Plant_94,,,25.48704,122.10489,EPSG:4326,10,1e-05,Sedum formosanum,,KL_Plant_0000019,24177,t0055292,Sedum formosanum,Plantae,species,台灣佛甲草,accepted,石板菜
2021-08-26_Plant_MianhuaIslet_94_07,HumanObservation,,2021-08-26_Plant_MianhuaIslet_94_07,研海生態顧問股份有限公司 (Ceta explorers Company Limited),,,,,,,,,2021-08-26,,2021,8,26,Quadrat Sampling (5*5 m² Quadrat),Asia,Taiwan,TW,MianhuaIslet_Plant_94,,,25.48704,122.10489,EPSG:4326,10,1e-05,Portulaca pilosa,,KL_Plant_0000015,23728,t0054932,Portulaca pilosa,Plantae,species,毛馬齒莧,accepted,
2021-08-26_Plant_MianhuaIslet_96_08,HumanObservation,,2021-08-26_Plant_MianhuaIslet_96_08,研海生態顧問股份有限公司 (Ceta explorers Company Limited),,,,,,,,,2021-08-26,,2021,8,26,Quadrat Sampling (5*5 m² Quadrat),Asia,Taiwan,TW,MianhuaIslet_Plant_96,,,25.48744,122.10523,EPSG:4326,10,1e-05,Ipomoea pes-caprae,,KL_Plant_0000028,25371,t0100319,Ipomoea pes-caprae,Plantae,species,馬鞍藤,accepted,
2021-08-26_Plant_MianhuaIslet_96_09,HumanObservation,,2021-08-26_Plant_MianhuaIslet_96_09,研海生態顧問股份有限公司 (Ceta explorers Company Limited),,,,,,,,,2021-08-26,,2021,8,26,Quadrat Sampling (5*5 m² Quadrat),Asia,Taiwan,TW,MianhuaIslet_Plant_96,,,25.48744,122.10523,EPSG:4326,10,1e-05,Cyperus polystachyos,,KL_Plant_0000061,21705,t0055001,Cyperus polystachyos,Plantae,species,多柱扁莎,accepted,多枝扁莎
2021-08-26_Plant_MianhuaIslet_96_10,HumanObservation,,2021-08-26_Plant_MianhuaIslet_96_10,研海生態顧問股份有限公司 (Ceta explorers Company Limited),,,,,,,,,2021-08-26,,2021,8,26,Quadrat Sampling (5*5 m² Quadrat),Asia,Taiwan,TW,MianhuaIslet_Plant_96,,,25.48744,122.10523,EPSG:4326,10,1e-05,Digitaria mollicoma,,KL_Plant_0000072,25162,t0053388,Digitaria mollicoma,Plantae,species,絨馬唐,accepted,大絨馬唐
2021-08-26_Plant_MianhuaIslet_96_11,HumanObservation,,2021-08-26_Plant_MianhuaIslet_96_11,研海生態顧問股份有限公司 (Ceta explorers Company Limited),,,,,,,,,2021-08-26,,2021,8,26,Quadrat Sampling (5*5 m² Quadrat),Asia,Taiwan,TW,MianhuaIslet_Plant_96,,,25.48744,122.10523,EPSG:4326,10,1e-05,Chenopodium acuminatum,,KL_Plant_0000016,55050,t0073189,Chenopodium acuminatum,Plantae,species,變葉藜,accepted,
2021-08-26_Plant_MianhuaIslet_96_12,HumanObservation,,2021-08-26_Plant_MianhuaIslet_96_12,研海生態顧問股份有限公司 (Ceta explorers Company Limited),,,,,,,,,2021-08-26,,2021,8,26,Quadrat Sampling (5*5 m² Quadrat),Asia,Taiwan,TW,MianhuaIslet_Plant_96,,,25.48744,122.10523,EPSG:4326,10,1e-05,Lysimachia mauritiana,,KL_Plant_0000023,22991,t0054360,Lysimachia mauritiana,Plantae,species,茅毛珍珠菜,accepted,
2021-08-26_Plant_MianhuaIslet_96_13,HumanObservation,,2021-08-26_Plant_MianhuaIslet_96_13,研海生態顧問股份有限公司 (Ceta explorers Company Limited),,,,,,,,,2021-08-26,,2021,8,26,Quadrat Sampling (5*5 m² Quadrat),Asia,Taiwan,TW,MianhuaIslet_Plant_96,,,25.48744,122.10523,EPSG:4326,10,1e-05,Crossostephium chinense,,KL_Plant_0000040,21588,t0053159,Crossostephium chinense,Plantae,species,蘄艾,accepted,
2021-08-26_Plant_MianhuaIslet_96_14,HumanObservation,,2021-08-26_Plant_MianhuaIslet_96_14,研海生態顧問股份有限公司 (Ceta explorers Company Limited),,,,,,,,,2021-08-26,,2021,8,26,Quadrat Sampling (5*5 m² Quadrat),Asia,Taiwan,TW,MianhuaIslet_Plant_96,,,25.48744,122.10523,EPSG:4326,10,1e-05,Portulaca pilosa,,KL_Plant_0000015,23728,t0054932,Portulaca pilosa,Plantae,species,毛馬齒莧,accepted,
2021-08-26_Plant_MianhuaIslet_97_01,HumanObservation,,2021-08-26_Plant_MianhuaIslet_97_01,研海生態顧問股份有限公司 (Ceta explorers Company Limited),,,,,,,,,2021-08-26,,2021,8,26,Quadrat Sampling (5*5 m² Quadrat),Asia,Taiwan,TW,MianhuaIslet_Plant_97,,,25.48637,122.1061,EPSG:4326,10,1e-05,Crossostephium chinense,,KL_Plant_0000040,21588,t0053159,Crossostephium chinense,Plantae,species,蘄艾,accepted,
2021-08-26_Plant_MianhuaIslet_97_02,HumanObservation,,2021-08-26_Plant_MianhuaIslet_97_02,研海生態顧問股份有限公司 (Ceta explorers Company Limited),,,,,,,,,2021-08-26,,2021,8,26,Quadrat Sampling (5*5 m² Quadrat),Asia,Taiwan,TW,MianhuaIslet_Plant_97,,,25.48637,122.1061,EPSG:4326,10,1e-05,Ipomoea pes-caprae,,KL_Plant_0000028,25371,t0100319,Ipomoea pes-caprae,Plantae,species,馬鞍藤,accepted,
2021-08-26_Plant_MianhuaIslet_97_03,HumanObservation,,2021-08-26_Plant_MianhuaIslet_97_03,研海生態顧問股份有限公司 (Ceta explorers Company Limited),,,,,,,,,2021-08-26,,2021,8,26,Quadrat Sampling (5*5 m² Quadrat),Asia,Taiwan,TW,MianhuaIslet_Plant_97,,,25.48637,122.1061,EPSG:4326,10,1e-05,Zoysia sinica,,KL_Plant_0000087,24827,t0049409,Zoysia sinica,Plantae,species,中華結縷草,accepted,
2021-08-26_Plant_MianhuaIslet_97_04,HumanObservation,,2021-08-26_Plant_MianhuaIslet_97_04,研海生態顧問股份有限公司 (Ceta explorers Company Limited),,,,,,,,,2021-08-26,,2021,8,26,Quadrat Sampling (5*5 m² Quadrat),Asia,Taiwan,TW,MianhuaIslet_Plant_97,,,25.48637,122.1061,EPSG:4326,10,1e-05,Cyperus polystachyos,,KL_Plant_0000061,21705,t0055001,Cyperus polystachyos,Plantae,species,多柱扁莎,accepted,多枝扁莎
2021-08-26_Plant_MianhuaIslet_97_05,HumanObservation,,2021-08-26_Plant_MianhuaIslet_97_05,研海生態顧問股份有限公司 (Ceta explorers Company Limited),,,,,,,,,2021-08-26,,2021,8,26,Quadrat Sampling (5*5 m² Quadrat),Asia,Taiwan,TW,MianhuaIslet_Plant_97,,,25.48637,122.1061,EPSG:4326,10,1e-05,Oxalis corniculata,,KL_Plant_0000020,23347,t0054668,Oxalis corniculata,Plantae,species,酢漿草,accepted,
2021-08-26_Plant_MianhuaIslet_97_06,HumanObservation,,2021-08-26_Plant_MianhuaIslet_97_06,研海生態顧問股份有限公司 (Ceta explorers Company Limited),,,,,,,,,2021-08-26,,2021,8,26,Quadrat Sampling (5*5 m² Quadrat),Asia,Taiwan,TW,MianhuaIslet_Plant_97,,,25.48637,122.1061,EPSG:4326,10,1e-05,Conyza sumatrensis,,KL_Plant_0000039,55429,t0073443,Conyza sumatrensis,Plantae,species,野茼蒿,accepted,
2021-08-26_Plant_MianhuaIslet_97_07,HumanObservation,,2021-08-26_Plant_MianhuaIslet_97_07,研海生態顧問股份有限公司 (Ceta explorers Company Limited),,,,,,,,,2021-08-26,,2021,8,26,Quadrat Sampling (5*5 m² Quadrat),Asia,Taiwan,TW,MianhuaIslet_Plant_97,,,25.48637,122.1061,EPSG:4326,10,1e-05,Centella asiatica,,KL_Plant_0000021,54893,t0058743,Centella asiatica,Plantae,species,雷公根,accepted,
2021-08-26_Plant_MianhuaIslet_97_08,HumanObservation,,2021-08-26_Plant_MianhuaIslet_97_08,研海生態顧問股份有限公司 (Ceta explorers Company Limited),,,,,,,,,2021-08-26,,2021,8,26,Quadrat Sampling (5*5 m² Quadrat),Asia,Taiwan,TW,MianhuaIslet_Plant_97,,,25.48637,122.1061,EPSG:4326,10,1e-05,Lysimachia mauritiana,,KL_Plant_0000023,22991,t0054360,Lysimachia mauritiana,Plantae,species,茅毛珍珠菜,accepted,
2021-08-26_Plant_MianhuaIslet_97_09,HumanObservation,,2021-08-26_Plant_MianhuaIslet_97_09,研海生態顧問股份有限公司 (Ceta explorers Company Limited),,,,,,,,,2021-08-26,,2021,8,26,Quadrat Sampling (5*5 m² Quadrat),Asia,Taiwan,TW,MianhuaIslet_Plant_97,,,25.48637,122.1061,EPSG:4326,10,1e-05,Emilia sonchifolia,,KL_Plant_0000041,25212,t0053530,Emilia sonchifolia,Plantae,species,紫背草,accepted,一點紅 | 葉下紅
2021-08-26_Plant_MianhuaIslet_97_10,HumanObservation,,2021-08-26_Plant_MianhuaIslet_97_10,研海生態顧問股份有限公司 (Ceta explorers Company Limited),,,,,,,,,2021-08-26,,2021,8,26,Quadrat Sampling (5*5 m² Quadrat),Asia,Taiwan,TW,MianhuaIslet_Plant_97,,,25.48637,122.1061,EPSG:4326,10,1e-05,Cocculus orbiculatus,,KL_Plant_0000011,55292,t0073343,Cocculus orbiculatus,Plantae,species,木防己,accepted,
2021-08-26_Plant_MianhuaIslet_97_11,HumanObservation,,2021-08-26_Plant_MianhuaIslet_97_11,研海生態顧問股份有限公司 (Ceta explorers Company Limited),,,,,,,,,2021-08-26,,2021,8,26,Quadrat Sampling (5*5 m² Quadrat),Asia,Taiwan,TW,MianhuaIslet_Plant_97,,,25.48637,122.1061,EPSG:4326,10,1e-05,Digitaria henryi,,KL_Plant_0000070,21820,t0053384,Digitaria henryi,Plantae,species,亨利馬唐,accepted,
2021-08-26_Plant_MianhuaIslet_97_12,HumanObservation,,2021-08-26_Plant_MianhuaIslet_97_12,研海生態顧問股份有限公司 (Ceta explorers Company Limited),,,,,,,,,2021-08-26,,2021,8,26,Quadrat Sampling (5*5 m² Quadrat),Asia,Taiwan,TW,MianhuaIslet_Plant_97,,,25.48637,122.1061,EPSG:4326,10,1e-05,Youngia japonica,,KL_Plant_0000052,25907,t0069832,Youngia japonica,Plantae,species,黃鵪菜,accepted,
2021-08-27_Plant_MianhuaIslet_72_01,HumanObservation,,2021-08-27_Plant_MianhuaIslet_72_01,研海生態顧問股份有限公司 (Ceta explorers Company Limited),,,,,,,,,2021-08-27,,2021,8,27,Quadrat Sampling (5*5 m² Quadrat),Asia,Taiwan,TW,MianhuaIslet_Plant_72,,,25.48488,122.10495,EPSG:4326,10,1e-05,Fimbristylis dichotoma,,KL_Plant_0000063,25271,t0053700,Fimbristylis dichotoma,Plantae,species,竹子飄拂草,accepted,
2021-08-27_Plant_MianhuaIslet_72_02,HumanObservation,,2021-08-27_Plant_MianhuaIslet_72_02,研海生態顧問股份有限公司 (Ceta explorers Company Limited),,,,,,,,,2021-08-27,,2021,8,27,Quadrat Sampling (5*5 m² Quadrat),Asia,Taiwan,TW,MianhuaIslet_Plant_72,,,25.48488,122.10495,EPSG:4326,10,1e-05,Zoysia sinica,,KL_Plant_0000087,24827,t0049409,Zoysia sinica,Plantae,species,中華結縷草,accepted,
2021-08-27_Plant_MianhuaIslet_72_03,HumanObservation,,2021-08-27_Plant_MianhuaIslet_72_03,研海生態顧問股份有限公司 (Ceta explorers Company Limited),,,,,,,,,2021-08-27,,2021,8,27,Quadrat Sampling (5*5 m² Quadrat),Asia,Taiwan,TW,MianhuaIslet_Plant_72,,,25.48488,122.10495,EPSG:4326,10,1e-05,Ipomoea pes-caprae,,KL_Plant_0000028,25371,t0100319,Ipomoea pes-caprae,Plantae,species,馬鞍藤,accepted,
2021-08-27_Plant_MianhuaIslet_72_04,HumanObservation,,2021-08-27_Plant_MianhuaIslet_72_04,研海生態顧問股份有限公司 (Ceta explorers Company Limited),,,,,,,,,2021-08-27,,2021,8,27,Quadrat Sampling (5*5 m² Quadrat),Asia,Taiwan,TW,MianhuaIslet_Plant_72,,,25.48488,122.10495,EPSG:4326,10,1e-05,Oenothera laciniata,,KL_Plant_0000053,23277,t0046093,Oenothera laciniata,Plantae,species,裂葉月見草,accepted,
2021-08-27_Plant_MianhuaIslet_72_05,HumanObservation,,2021-08-27_Plant_MianhuaIslet_72_05,研海生態顧問股份有限公司 (Ceta explorers Company Limited),,,,,,,,,2021-08-27,,2021,8,27,Quadrat Sampling (5*5 m² Quadrat),Asia,Taiwan,TW,MianhuaIslet_Plant_72,,,25.48488,122.10495,EPSG:4326,10,1e-05,Lysimachia mauritiana,,KL_Plant_0000023,22991,t0054360,Lysimachia mauritiana,Plantae,species,茅毛珍珠菜,accepted,
2021-08-27_Plant_MianhuaIslet_72_06,HumanObservation,,2021-08-27_Plant_MianhuaIslet_72_06,研海生態顧問股份有限公司 (Ceta explorers Company Limited),,,,,,,,,2021-08-27,,2021,8,27,Quadrat Sampling (5*5 m² Quadrat),Asia,Taiwan,TW,MianhuaIslet_Plant_72,,,25.48488,122.10495,EPSG:4326,10,1e-05,Conyza sumatrensis,,KL_Plant_0000039,55429,t0073443,Conyza sumatrensis,Plantae,species,野茼蒿,accepted,
2021-08-27_Plant_MianhuaIslet_72_07,HumanObservation,,2021-08-27_Plant_MianhuaIslet_72_07,研海生態顧問股份有限公司 (Ceta explorers Company Limited),,,,,,,,,2021-08-27,,2021,8,27,Quadrat Sampling (5*5 m² Quadrat),Asia,Taiwan,TW,MianhuaIslet_Plant_72,,,25.48488,122.10495,EPSG:4326,10,1e-05,Emilia sonchifolia,,KL_Plant_0000041,25212,t0053530,Emilia sonchifolia,Plantae,species,紫背草,accepted,一點紅 | 葉下紅
2021-08-27_Plant_MianhuaIslet_72_08,HumanObservation,,2021-08-27_Plant_MianhuaIslet_72_08,研海生態顧問股份有限公司 (Ceta explorers Company Limited),,,,,,,,,2021-08-27,,2021,8,27,Quadrat Sampling (5*5 m² Quadrat),Asia,Taiwan,TW,MianhuaIslet_Plant_72,,,25.48488,122.10495,EPSG:4326,10,1e-05,Portulaca pilosa,,KL_Plant_0000015,23728,t0054932,Portulaca pilosa,Plantae,species,毛馬齒莧,accepted,
2021-08-27_Plant_MianhuaIslet_72_09,HumanObservation,,2021-08-27_Plant_MianhuaIslet_72_09,研海生態顧問股份有限公司 (Ceta explorers Company Limited),,,,,,,,,2021-08-27,,2021,8,27,Quadrat Sampling (5*5 m² Quadrat),Asia,Taiwan,TW,MianhuaIslet_Plant_72,,,25.48488,122.10495,EPSG:4326,10,1e-05,Centella asiatica,,KL_Plant_0000021,54893,t0058743,Centella asiatica,Plantae,species,雷公根,accepted,
2021-08-27_Plant_MianhuaIslet_74_01,HumanObservation,,2021-08-27_Plant_MianhuaIslet_74_01,研海生態顧問股份有限公司 (Ceta explorers Company Limited),,,,,,,,,2021-08-27,,2021,8,27,Quadrat Sampling (5*5 m² Quadrat),Asia,Taiwan,TW,MianhuaIslet_Plant_74,,,25.48427,122.10484,EPSG:4326,10,1e-05,Crossostephium chinense,,KL_Plant_0000040,21588,t0053159,Crossostephium chinense,Plantae,species,蘄艾,accepted,
2021-08-27_Plant_MianhuaIslet_74_02,HumanObservation,,2021-08-27_Plant_MianhuaIslet_74_02,研海生態顧問股份有限公司 (Ceta explorers Company Limited),,,,,,,,,2021-08-27,,2021,8,27,Quadrat Sampling (5*5 m² Quadrat),Asia,Taiwan,TW,MianhuaIslet_Plant_74,,,25.48427,122.10484,EPSG:4326,10,1e-05,Oxalis corniculata,,KL_Plant_0000020,23347,t0054668,Oxalis corniculata,Plantae,species,酢漿草,accepted,
2021-08-27_Plant_MianhuaIslet_74_03,HumanObservation,,2021-08-27_Plant_MianhuaIslet_74_03,研海生態顧問股份有限公司 (Ceta explorers Company Limited),,,,,,,,,2021-08-27,,2021,8,27,Quadrat Sampling (5*5 m² Quadrat),Asia,Taiwan,TW,MianhuaIslet_Plant_74,,,25.48427,122.10484,EPSG:4326,10,1e-05,Ipomoea pes-caprae,,KL_Plant_0000028,25371,t0100319,Ipomoea pes-caprae,Plantae,species,馬鞍藤,accepted,
2021-08-27_Plant_MianhuaIslet_74_04,HumanObservation,,2021-08-27_Plant_MianhuaIslet_74_04,研海生態顧問股份有限公司 (Ceta explorers Company Limited),,,,,,,,,2021-08-27,,2021,8,27,Quadrat Sampling (5*5 m² Quadrat),Asia,Taiwan,TW,MianhuaIslet_Plant_74,,,25.48427,122.10484,EPSG:4326,10,1e-05,Centella asiatica,,KL_Plant_0000021,54893,t0058743,Centella asiatica,Plantae,species,雷公根,accepted,
2021-08-27_Plant_MianhuaIslet_74_05,HumanObservation,,2021-08-27_Plant_MianhuaIslet_74_05,研海生態顧問股份有限公司 (Ceta explorers Company Limited),,,,,,,,,2021-08-27,,2021,8,27,Quadrat Sampling (5*5 m² Quadrat),Asia,Taiwan,TW,MianhuaIslet_Plant_74,,,25.48427,122.10484,EPSG:4326,10,1e-05,Portulaca pilosa,,KL_Plant_0000015,23728,t0054932,Portulaca pilosa,Plantae,species,毛馬齒莧,accepted,
2021-08-27_Plant_MianhuaIslet_74_06,HumanObservation,,2021-08-27_Plant_MianhuaIslet_74_06,研海生態顧問股份有限公司 (Ceta explorers Company Limited),,,,,,,,,2021-08-27,,2021,8,27,Quadrat Sampling (5*5 m² Quadrat),Asia,Taiwan,TW,MianhuaIslet_Plant_74,,,25.48427,122.10484,EPSG:4326,10,1e-05,Lysimachia mauritiana,,KL_Plant_0000023,22991,t0054360,Lysimachia mauritiana,Plantae,species,茅毛珍珠菜,accepted,
2021-08-27_Plant_MianhuaIslet_74_07,HumanObservation,,2021-08-27_Plant_MianhuaIslet_74_07,研海生態顧問股份有限公司 (Ceta explorers Company Limited),,,,,,,,,2021-08-27,,2021,8,27,Quadrat Sampling (5*5 m² Quadrat),Asia,Taiwan,TW,MianhuaIslet_Plant_74,,,25.48427,122.10484,EPSG:4326,10,1e-05,Digitaria henryi,,KL_Plant_0000070,21820,t0053384,Digitaria henryi,Plantae,species,亨利馬唐,accepted,
2021-08-27_Plant_MianhuaIslet_74_08,HumanObservation,,2021-08-27_Plant_MianhuaIslet_74_08,研海生態顧問股份有限公司 (Ceta explorers Company Limited),,,,,,,,,2021-08-27,,2021,8,27,Quadrat Sampling (5*5 m² Quadrat),Asia,Taiwan,TW,MianhuaIslet_Plant_74,,,25.48427,122.10484,EPSG:4326,10,1e-05,Sedum formosanum,,KL_Plant_0000019,24177,t0055292,Sedum formosanum,Plantae,species,台灣佛甲草,accepted,石板菜
2021-08-27_Plant_MianhuaIslet_74_09,HumanObservation,,2021-08-27_Plant_MianhuaIslet_74_09,研海生態顧問股份有限公司 (Ceta explorers Company Limited),,,,,,,,,2021-08-27,,2021,8,27,Quadrat Sampling (5*5 m² Quadrat),Asia,Taiwan,TW,MianhuaIslet_Plant_74,,,25.48427,122.10484,EPSG:4326,10,1e-05,Oenothera laciniata,,KL_Plant_0000053,23277,t0046093,Oenothera laciniata,Plantae,species,裂葉月見草,accepted,
2021-08-27_Plant_MianhuaIslet_74_10,HumanObservation,,2021-08-27_Plant_MianhuaIslet_74_10,研海生態顧問股份有限公司 (Ceta explorers Company Limited),,,,,,,,,2021-08-27,,2021,8,27,Quadrat Sampling (5*5 m² Quadrat),Asia,Taiwan,TW,MianhuaIslet_Plant_74,,,25.48427,122.10484,EPSG:4326,10,1e-05,Digitaria mollicoma,,KL_Plant_0000072,25162,t0053388,Digitaria mollicoma,Plantae,species,絨馬唐,accepted,大絨馬唐
2021-08-27_Plant_MianhuaIslet_75_01,HumanObservation,,2021-08-27_Plant_MianhuaIslet_75_01,研海生態顧問股份有限公司 (Ceta explorers Company Limited),,,,,,,,,2021-08-27,,2021,8,27,Quadrat Sampling (5*5 m² Quadrat),Asia,Taiwan,TW,MianhuaIslet_Plant_75,,,25.48473,122.10604,EPSG:4326,10,1e-05,Crossostephium chinense,,KL_Plant_0000040,21588,t0053159,Crossostephium chinense,Plantae,species,蘄艾,accepted,
2021-08-27_Plant_MianhuaIslet_75_02,HumanObservation,,2021-08-27_Plant_MianhuaIslet_75_02,研海生態顧問股份有限公司 (Ceta explorers Company Limited),,,,,,,,,2021-08-27,,2021,8,27,Quadrat Sampling (5*5 m² Quadrat),Asia,Taiwan,TW,MianhuaIslet_Plant_75,,,25.48473,122.10604,EPSG:4326,10,1e-05,Lysimachia mauritiana,,KL_Plant_0000023,22991,t0054360,Lysimachia mauritiana,Plantae,species,茅毛珍珠菜,accepted,
2021-08-27_Plant_MianhuaIslet_75_03,HumanObservation,,2021-08-27_Plant_MianhuaIslet_75_03,研海生態顧問股份有限公司 (Ceta explorers Company Limited),,,,,,,,,2021-08-27,,2021,8,27,Quadrat Sampling (5*5 m² Quadrat),Asia,Taiwan,TW,MianhuaIslet_Plant_75,,,25.48473,122.10604,EPSG:4326,10,1e-05,Ipomoea pes-caprae,,KL_Plant_0000028,25371,t0100319,Ipomoea pes-caprae,Plantae,species,馬鞍藤,accepted,
2021-08-27_Plant_MianhuaIslet_75_04,HumanObservation,,2021-08-27_Plant_MianhuaIslet_75_04,研海生態顧問股份有限公司 (Ceta explorers Company Limited),,,,,,,,,2021-08-27,,2021,8,27,Quadrat Sampling (5*5 m² Quadrat),Asia,Taiwan,TW,MianhuaIslet_Plant_75,,,25.48473,122.10604,EPSG:4326,10,1e-05,Portulaca pilosa,,KL_Plant_0000015,23728,t0054932,Portulaca pilosa,Plantae,species,毛馬齒莧,accepted,
2021-08-27_Plant_MianhuaIslet_75_05,HumanObservation,,2021-08-27_Plant_MianhuaIslet_75_05,研海生態顧問股份有限公司 (Ceta explorers Company Limited),,,,,,,,,2021-08-27,,2021,8,27,Quadrat Sampling (5*5 m² Quadrat),Asia,Taiwan,TW,MianhuaIslet_Plant_75,,,25.48473,122.10604,EPSG:4326,10,1e-05,Leptopetalum coreanum,,KL_Plant_0000024,57472,t0103362,Leptopetalum coreanum,Plantae,species,脈耳草,accepted,
2021-08-27_Plant_MianhuaIslet_75_06,HumanObservation,,2021-08-27_Plant_MianhuaIslet_75_06,研海生態顧問股份有限公司 (Ceta explorers Company Limited),,,,,,,,乾枯,2021-08-27,,2021,8,27,Quadrat Sampling (5*5 m² Quadrat),Asia,Taiwan,TW,MianhuaIslet_Plant_75,,,25.48473,122.10604,EPSG:4326,10,1e-05,Chenopodium acuminatum,,KL_Plant_0000016,55050,t0073189,Chenopodium acuminatum,Plantae,species,變葉藜,accepted,
2021-08-27_Plant_MianhuaIslet_76_01,HumanObservation,,2021-08-27_Plant_MianhuaIslet_76_01,研海生態顧問股份有限公司 (Ceta explorers Company Limited),,,,,,,,,2021-08-27,,2021,8,27,Quadrat Sampling (5*5 m² Quadrat),Asia,Taiwan,TW,MianhuaIslet_Plant_76,,,25.4844,122.10626,EPSG:4326,10,1e-05,Crossostephium chinense,,KL_Plant_0000040,21588,t0053159,Crossostephium chinense,Plantae,species,蘄艾,accepted,
2021-08-27_Plant_MianhuaIslet_76_02,HumanObservation,,2021-08-27_Plant_MianhuaIslet_76_02,研海生態顧問股份有限公司 (Ceta explorers Company Limited),,,,,,,,,2021-08-27,,2021,8,27,Quadrat Sampling (5*5 m² Quadrat),Asia,Taiwan,TW,MianhuaIslet_Plant_76,,,25.4844,122.10626,EPSG:4326,10,1e-05,Portulaca pilosa,,KL_Plant_0000015,23728,t0054932,Portulaca pilosa,Plantae,species,毛馬齒莧,accepted,
2021-08-27_Plant_MianhuaIslet_76_03,HumanObservation,,2021-08-27_Plant_MianhuaIslet_76_03,研海生態顧問股份有限公司 (Ceta explorers Company Limited),,,,,,,,,2021-08-27,,2021,8,27,Quadrat Sampling (5*5 m² Quadrat),Asia,Taiwan,TW,MianhuaIslet_Plant_76,,,25.4844,122.10626,EPSG:4326,10,1e-05,Lysimachia mauritiana,,KL_Plant_0000023,22991,t0054360,Lysimachia mauritiana,Plantae,species,茅毛珍珠菜,accepted,
2021-08-27_Plant_MianhuaIslet_76_04,HumanObservation,,2021-08-27_Plant_MianhuaIslet_76_04,研海生態顧問股份有限公司 (Ceta explorers Company Limited),,,,,,,,,2021-08-27,,2021,8,27,Quadrat Sampling (5*5 m² Quadrat),Asia,Taiwan,TW,MianhuaIslet_Plant_76,,,25.4844,122.10626,EPSG:4326,10,1e-05,Sedum formosanum,,KL_Plant_0000019,24177,t0055292,Sedum formosanum,Plantae,species,台灣佛甲草,accepted,石板菜
2021-08-27_Plant_MianhuaIslet_76_05,HumanObservation,,2021-08-27_Plant_MianhuaIslet_76_05,研海生態顧問股份有限公司 (Ceta explorers Company Limited),,,,,,,,,2021-08-27,,2021,8,27,Quadrat Sampling (5*5 m² Quadrat),Asia,Taiwan,TW,MianhuaIslet_Plant_76,,,25.4844,122.10626,EPSG:4326,10,1e-05,Leptopetalum coreanum,,KL_Plant_0000024,57472,t0103362,Leptopetalum coreanum,Plantae,species,脈耳草,accepted,
2021-09-21_Plant_MianhuaIslet_70_01,HumanObservation,,2021-09-21_Plant_MianhuaIslet_70_01,研海生態顧問股份有限公司 (Ceta explorers Company Limited),,,,,,,,,2021-09-21,,2021,9,21,Quadrat Sampling (5*5 m² Quadrat),Asia,Taiwan,TW,MianhuaIslet_Plant_70,,,25.48548,122.10439,EPSG:4326,10,1e-05,Ipomoea pes-caprae,,KL_Plant_0000028,25371,t0100319,Ipomoea pes-caprae,Plantae,species,馬鞍藤,accepted,
2021-09-21_Plant_MianhuaIslet_70_02,HumanObservation,,2021-09-21_Plant_MianhuaIslet_70_02,研海生態顧問股份有限公司 (Ceta explorers Company Limited),,,,,,,,,2021-09-21,,2021,9,21,Quadrat Sampling (5*5 m² Quadrat),Asia,Taiwan,TW,MianhuaIslet_Plant_70,,,25.48548,122.10439,EPSG:4326,10,1e-05,Vigna marina,,KL_Plant_0000056,25894,t0049306,Vigna marina,Plantae,species,濱豇豆,accepted,
2021-09-21_Plant_MianhuaIslet_70_03,HumanObservation,,2021-09-21_Plant_MianhuaIslet_70_03,研海生態顧問股份有限公司 (Ceta explorers Company Limited),,,,,,,,,2021-09-21,,2021,9,21,Quadrat Sampling (5*5 m² Quadrat),Asia,Taiwan,TW,MianhuaIslet_Plant_70,,,25.48548,122.10439,EPSG:4326,10,1e-05,Crossostephium chinense,,KL_Plant_0000040,21588,t0053159,Crossostephium chinense,Plantae,species,蘄艾,accepted,
2021-09-21_Plant_MianhuaIslet_70_04,HumanObservation,,2021-09-21_Plant_MianhuaIslet_70_04,研海生態顧問股份有限公司 (Ceta explorers Company Limited),,,,,,,,,2021-09-21,,2021,9,21,Quadrat Sampling (5*5 m² Quadrat),Asia,Taiwan,TW,MianhuaIslet_Plant_70,,,25.48548,122.10439,EPSG:4326,10,1e-05,Leonurus japonicus,,KL_Plant_0000030,22790,t0054200,Leonurus japonicus,Plantae,species,益母草,accepted,
2021-09-21_Plant_MianhuaIslet_70_05,HumanObservation,,2021-09-21_Plant_MianhuaIslet_70_05,研海生態顧問股份有限公司 (Ceta explorers Company Limited),,,,,,,,,2021-09-21,,2021,9,21,Quadrat Sampling (5*5 m² Quadrat),Asia,Taiwan,TW,MianhuaIslet_Plant_70,,,25.48548,122.10439,EPSG:4326,10,1e-05,Wollastonia dentata,,KL_Plant_0000092,60737,t0057507,Wollastonia dentata,Plantae,species,大天蓬草舅,accepted,天蓬草舅
2021-09-21_Plant_MianhuaIslet_70_06,HumanObservation,,2021-09-21_Plant_MianhuaIslet_70_06,研海生態顧問股份有限公司 (Ceta explorers Company Limited),,,,,,,,,2021-09-21,,2021,9,21,Quadrat Sampling (5*5 m² Quadrat),Asia,Taiwan,TW,MianhuaIslet_Plant_70,,,25.48548,122.10439,EPSG:4326,10,1e-05,Scaevola taccada,,KL_Plant_0000034,25749,t0055240,Scaevola taccada,Plantae,species,草海桐,accepted,
2021-09-21_Plant_MianhuaIslet_77_01,HumanObservation,,2021-09-21_Plant_MianhuaIslet_77_01,研海生態顧問股份有限公司 (Ceta explorers Company Limited),,,,,,,,,2021-09-21,,2021,9,21,Quadrat Sampling (5*5 m² Quadrat),Asia,Taiwan,TW,MianhuaIslet_Plant_77,,,25.48339,122.10557,EPSG:4326,10,1e-05,Crossostephium chinense,,KL_Plant_0000040,21588,t0053159,Crossostephium chinense,Plantae,species,蘄艾,accepted,
2021-09-21_Plant_MianhuaIslet_77_02,HumanObservation,,2021-09-21_Plant_MianhuaIslet_77_02,研海生態顧問股份有限公司 (Ceta explorers Company Limited),,,,,,,,,2021-09-21,,2021,9,21,Quadrat Sampling (5*5 m² Quadrat),Asia,Taiwan,TW,MianhuaIslet_Plant_77,,,25.48339,122.10557,EPSG:4326,10,1e-05,Ipomoea pes-caprae,,KL_Plant_0000028,25371,t0100319,Ipomoea pes-caprae,Plantae,species,馬鞍藤,accepted,
2021-09-21_Plant_MianhuaIslet_77_03,HumanObservation,,2021-09-21_Plant_MianhuaIslet_77_03,研海生態顧問股份有限公司 (Ceta explorers Company Limited),,,,,,,,,2021-09-21,,2021,9,21,Quadrat Sampling (5*5 m² Quadrat),Asia,Taiwan,TW,MianhuaIslet_Plant_77,,,25.48339,122.10557,EPSG:4326,10,1e-05,Centella asiatica,,KL_Plant_0000021,54893,t0058743,Centella asiatica,Plantae,species,雷公根,accepted,
2021-09-21_Plant_MianhuaIslet_77_04,HumanObservation,,2021-09-21_Plant_MianhuaIslet_77_04,研海生態顧問股份有限公司 (Ceta explorers Company Limited),,,,,,,,,2021-09-21,,2021,9,21,Quadrat Sampling (5*5 m² Quadrat),Asia,Taiwan,TW,MianhuaIslet_Plant_77,,,25.48339,122.10557,EPSG:4326,10,1e-05,Zoysia sinica,,KL_Plant_0000087,24827,t0049409,Zoysia sinica,Plantae,species,中華結縷草,accepted,
2021-09-21_Plant_MianhuaIslet_77_05,HumanObservation,,2021-09-21_Plant_MianhuaIslet_77_05,研海生態顧問股份有限公司 (Ceta explorers Company Limited),,,,,,,,,2021-09-21,,2021,9,21,Quadrat Sampling (5*5 m² Quadrat),Asia,Taiwan,TW,MianhuaIslet_Plant_77,,,25.48339,122.10557,EPSG:4326,10,1e-05,Cyperus polystachyos,,KL_Plant_0000061,21705,t0055001,Cyperus polystachyos,Plantae,species,多柱扁莎,accepted,多枝扁莎
2021-09-21_Plant_MianhuaIslet_77_06,HumanObservation,,2021-09-21_Plant_MianhuaIslet_77_06,研海生態顧問股份有限公司 (Ceta explorers Company Limited),,,,,,,,,2021-09-21,,2021,9,21,Quadrat Sampling (5*5 m² Quadrat),Asia,Taiwan,TW,MianhuaIslet_Plant_77,,,25.48339,122.10557,EPSG:4326,10,1e-05,Portulaca pilosa,,KL_Plant_0000015,23728,t0054932,Portulaca pilosa,Plantae,species,毛馬齒莧,accepted,
2021-09-21_Plant_MianhuaIslet_77_07,HumanObservation,,2021-09-21_Plant_MianhuaIslet_77_07,研海生態顧問股份有限公司 (Ceta explorers Company Limited),,,,,,,,,2021-09-21,,2021,9,21,Quadrat Sampling (5*5 m² Quadrat),Asia,Taiwan,TW,MianhuaIslet_Plant_77,,,25.48339,122.10557,EPSG:4326,10,1e-05,Sedum formosanum,,KL_Plant_0000019,24177,t0055292,Sedum formosanum,Plantae,species,台灣佛甲草,accepted,石板菜
2021-09-21_Plant_MianhuaIslet_77_08,HumanObservation,,2021-09-21_Plant_MianhuaIslet_77_08,研海生態顧問股份有限公司 (Ceta explorers Company Limited),,,,,,,,,2021-09-21,,2021,9,21,Quadrat Sampling (5*5 m² Quadrat),Asia,Taiwan,TW,MianhuaIslet_Plant_77,,,25.48339,122.10557,EPSG:4326,10,1e-05,Digitaria ciliaris,,KL_Plant_0000069,25157,t0053380,Digitaria ciliaris,Plantae,species,升馬唐,accepted,
2021-09-21_Plant_MianhuaIslet_77_09,HumanObservation,,2021-09-21_Plant_MianhuaIslet_77_09,研海生態顧問股份有限公司 (Ceta explorers Company Limited),,,,,,,,,2021-09-21,,2021,9,21,Quadrat Sampling (5*5 m² Quadrat),Asia,Taiwan,TW,MianhuaIslet_Plant_77,,,25.48339,122.10557,EPSG:4326,10,1e-05,Emilia sonchifolia,,KL_Plant_0000041,25212,t0053530,Emilia sonchifolia,Plantae,species,紫背草,accepted,一點紅 | 葉下紅
2021-09-21_Plant_MianhuaIslet_78_01,HumanObservation,,2021-09-21_Plant_MianhuaIslet_78_01,研海生態顧問股份有限公司 (Ceta explorers Company Limited),,,,,,,,,2021-09-21,,2021,9,21,Quadrat Sampling (5*5 m² Quadrat),Asia,Taiwan,TW,MianhuaIslet_Plant_78,,,25.48333,122.10418,EPSG:4326,10,1e-05,Ipomoea pes-caprae,,KL_Plant_0000028,25371,t0100319,Ipomoea pes-caprae,Plantae,species,馬鞍藤,accepted,
2021-09-21_Plant_MianhuaIslet_78_02,HumanObservation,,2021-09-21_Plant_MianhuaIslet_78_02,研海生態顧問股份有限公司 (Ceta explorers Company Limited),,,,,,,,,2021-09-21,,2021,9,21,Quadrat Sampling (5*5 m² Quadrat),Asia,Taiwan,TW,MianhuaIslet_Plant_78,,,25.48333,122.10418,EPSG:4326,10,1e-05,Oxalis corniculata,,KL_Plant_0000020,23347,t0054668,Oxalis corniculata,Plantae,species,酢漿草,accepted,
2021-09-21_Plant_MianhuaIslet_78_03,HumanObservation,,2021-09-21_Plant_MianhuaIslet_78_03,研海生態顧問股份有限公司 (Ceta explorers Company Limited),,,,,,,,,2021-09-21,,2021,9,21,Quadrat Sampling (5*5 m² Quadrat),Asia,Taiwan,TW,MianhuaIslet_Plant_78,,,25.48333,122.10418,EPSG:4326,10,1e-05,Imperata cylindrica var. major,,KL_Plant_0000075,26121,t0087378,Imperata cylindrica var. major,Plantae,variety,白茅,accepted,
2021-09-21_Plant_MianhuaIslet_78_04,HumanObservation,,2021-09-21_Plant_MianhuaIslet_78_04,研海生態顧問股份有限公司 (Ceta explorers Company Limited),,,,,,,,,2021-09-21,,2021,9,21,Quadrat Sampling (5*5 m² Quadrat),Asia,Taiwan,TW,MianhuaIslet_Plant_78,,,25.48333,122.10418,EPSG:4326,10,1e-05,Centella asiatica,,KL_Plant_0000021,54893,t0058743,Centella asiatica,Plantae,species,雷公根,accepted,
2021-09-21_Plant_MianhuaIslet_78_05,HumanObservation,,2021-09-21_Plant_MianhuaIslet_78_05,研海生態顧問股份有限公司 (Ceta explorers Company Limited),,,,,,,,,2021-09-21,,2021,9,21,Quadrat Sampling (5*5 m² Quadrat),Asia,Taiwan,TW,MianhuaIslet_Plant_78,,,25.48333,122.10418,EPSG:4326,10,1e-05,Zoysia sinica,,KL_Plant_0000087,24827,t0049409,Zoysia sinica,Plantae,species,中華結縷草,accepted,
2021-09-21_Plant_MianhuaIslet_78_06,HumanObservation,,2021-09-21_Plant_MianhuaIslet_78_06,研海生態顧問股份有限公司 (Ceta explorers Company Limited),,,,,,,,,2021-09-21,,2021,9,21,Quadrat Sampling (5*5 m² Quadrat),Asia,Taiwan,TW,MianhuaIslet_Plant_78,,,25.48333,122.10418,EPSG:4326,10,1e-05,Leonurus japonicus,,KL_Plant_0000030,22790,t0054200,Leonurus japonicus,Plantae,species,益母草,accepted,
2021-09-21_Plant_MianhuaIslet_78_07,HumanObservation,,2021-09-21_Plant_MianhuaIslet_78_07,研海生態顧問股份有限公司 (Ceta explorers Company Limited),,,,,,,,,2021-09-21,,2021,9,21,Quadrat Sampling (5*5 m² Quadrat),Asia,Taiwan,TW,MianhuaIslet_Plant_78,,,25.48333,122.10418,EPSG:4326,10,1e-05,Commelina diffusa,,KL_Plant_0000059,21505,t0053100,Commelina diffusa,Plantae,species,竹仔菜,accepted,
2021-09-21_Plant_MianhuaIslet_78_08,HumanObservation,,2021-09-21_Plant_MianhuaIslet_78_08,研海生態顧問股份有限公司 (Ceta explorers Company Limited),,,,,,,,,2021-09-21,,2021,9,21,Quadrat Sampling (5*5 m² Quadrat),Asia,Taiwan,TW,MianhuaIslet_Plant_78,,,25.48333,122.10418,EPSG:4326,10,1e-05,Digitaria henryi,,KL_Plant_0000070,21820,t0053384,Digitaria henryi,Plantae,species,亨利馬唐,accepted,
2021-09-21_Plant_MianhuaIslet_78_09,HumanObservation,,2021-09-21_Plant_MianhuaIslet_78_09,研海生態顧問股份有限公司 (Ceta explorers Company Limited),,,,,,,,,2021-09-21,,2021,9,21,Quadrat Sampling (5*5 m² Quadrat),Asia,Taiwan,TW,MianhuaIslet_Plant_78,,,25.48333,122.10418,EPSG:4326,10,1e-05,Paspalum orbiculare,,KL_Plant_0000078,23423,t0054713,Paspalum orbiculare,Plantae,species,圓果雀稗,accepted,
2021-09-21_Plant_MianhuaIslet_78_10,HumanObservation,,2021-09-21_Plant_MianhuaIslet_78_10,研海生態顧問股份有限公司 (Ceta explorers Company Limited),,,,,,,,,2021-09-21,,2021,9,21,Quadrat Sampling (5*5 m² Quadrat),Asia,Taiwan,TW,MianhuaIslet_Plant_78,,,25.48333,122.10418,EPSG:4326,10,1e-05,Lysimachia mauritiana,,KL_Plant_0000023,22991,t0054360,Lysimachia mauritiana,Plantae,species,茅毛珍珠菜,accepted,
2021-09-21_Plant_MianhuaIslet_78_11,HumanObservation,,2021-09-21_Plant_MianhuaIslet_78_11,研海生態顧問股份有限公司 (Ceta explorers Company Limited),,,,,,,,,2021-09-21,,2021,9,21,Quadrat Sampling (5*5 m² Quadrat),Asia,Taiwan,TW,MianhuaIslet_Plant_78,,,25.48333,122.10418,EPSG:4326,10,1e-05,Cyperus polystachyos,,KL_Plant_0000061,21705,t0055001,Cyperus polystachyos,Plantae,species,多柱扁莎,accepted,多枝扁莎
2021-09-21_Plant_MianhuaIslet_78_12,HumanObservation,,2021-09-21_Plant_MianhuaIslet_78_12,研海生態顧問股份有限公司 (Ceta explorers Company Limited),,,,,,,,,2021-09-21,,2021,9,21,Quadrat Sampling (5*5 m² Quadrat),Asia,Taiwan,TW,MianhuaIslet_Plant_78,,,25.48333,122.10418,EPSG:4326,10,1e-05,Emilia sonchifolia,,KL_Plant_0000041,25212,t0053530,Emilia sonchifolia,Plantae,species,紫背草,accepted,一點紅 | 葉下紅
2021-09-21_Plant_MianhuaIslet_78_13,HumanObservation,,2021-09-21_Plant_MianhuaIslet_78_13,研海生態顧問股份有限公司 (Ceta explorers Company Limited),,,,,,,,,2021-09-21,,2021,9,21,Quadrat Sampling (5*5 m² Quadrat),Asia,Taiwan,TW,MianhuaIslet_Plant_78,,,25.48333,122.10418,EPSG:4326,10,1e-05,Crossostephium chinense,,KL_Plant_0000040,21588,t0053159,Crossostephium chinense,Plantae,species,蘄艾,accepted,
2022-03-15_Plant_MianhuaIslet_74_01,HumanObservation,,2022-03-15_Plant_MianhuaIslet_74_01,研海生態顧問股份有限公司 (Ceta explorers Company Limited),,,,,,,,,2022-03-15,,2022,3,15,Quadrat Sampling (5*5 m² Quadrat),Asia,Taiwan,TW,MianhuaIslet_Plant_74,,,25.48427,122.10484,EPSG:4326,10,1e-05,Oxalis corniculata,,KL_Plant_0000020,23347,t0054668,Oxalis corniculata,Plantae,species,酢漿草,accepted,
2022-03-15_Plant_MianhuaIslet_74_02,HumanObservation,,2022-03-15_Plant_MianhuaIslet_74_02,研海生態顧問股份有限公司 (Ceta explorers Company Limited),,,,,,,,,2022-03-15,,2022,3,15,Quadrat Sampling (5*5 m² Quadrat),Asia,Taiwan,TW,MianhuaIslet_Plant_74,,,25.48427,122.10484,EPSG:4326,10,1e-05,Crossostephium chinense,,KL_Plant_0000040,21588,t0053159,Crossostephium chinense,Plantae,species,蘄艾,accepted,
2022-03-15_Plant_MianhuaIslet_74_03,HumanObservation,,2022-03-15_Plant_MianhuaIslet_74_03,研海生態顧問股份有限公司 (Ceta explorers Company Limited),,,,,,,,,2022-03-15,,2022,3,15,Quadrat Sampling (5*5 m² Quadrat),Asia,Taiwan,TW,MianhuaIslet_Plant_74,,,25.48427,122.10484,EPSG:4326,10,1e-05,Ipomoea pes-caprae,,KL_Plant_0000028,25371,t0100319,Ipomoea pes-caprae,Plantae,species,馬鞍藤,accepted,
2022-03-15_Plant_MianhuaIslet_74_04,HumanObservation,,2022-03-15_Plant_MianhuaIslet_74_04,研海生態顧問股份有限公司 (Ceta explorers Company Limited),,,,,,,,,2022-03-15,,2022,3,15,Quadrat Sampling (5*5 m² Quadrat),Asia,Taiwan,TW,MianhuaIslet_Plant_74,,,25.48427,122.10484,EPSG:4326,10,1e-05,Portulaca pilosa,,KL_Plant_0000015,23728,t0054932,Portulaca pilosa,Plantae,species,毛馬齒莧,accepted,
2022-03-15_Plant_MianhuaIslet_74_05,HumanObservation,,2022-03-15_Plant_MianhuaIslet_74_05,研海生態顧問股份有限公司 (Ceta explorers Company Limited),,,,,,,,,2022-03-15,,2022,3,15,Quadrat Sampling (5*5 m² Quadrat),Asia,Taiwan,TW,MianhuaIslet_Plant_74,,,25.48427,122.10484,EPSG:4326,10,1e-05,Lysimachia mauritiana,,KL_Plant_0000023,22991,t0054360,Lysimachia mauritiana,Plantae,species,茅毛珍珠菜,accepted,
2022-03-15_Plant_MianhuaIslet_74_06,HumanObservation,,2022-03-15_Plant_MianhuaIslet_74_06,研海生態顧問股份有限公司 (Ceta explorers Company Limited),,,,,,,,乾果,2022-03-15,,2022,3,15,Quadrat Sampling (5*5 m² Quadrat),Asia,Taiwan,TW,MianhuaIslet_Plant_74,,,25.48427,122.10484,EPSG:4326,10,1e-05,Oenothera laciniata,,KL_Plant_0000053,23277,t0046093,Oenothera laciniata,Plantae,species,裂葉月見草,accepted,
2022-03-15_Plant_MianhuaIslet_74_07,HumanObservation,,2022-03-15_Plant_MianhuaIslet_74_07,研海生態顧問股份有限公司 (Ceta explorers Company Limited),,,,,,,,乾枯,2022-03-15,,2022,3,15,Quadrat Sampling (5*5 m² Quadrat),Asia,Taiwan,TW,MianhuaIslet_Plant_74,,,25.48427,122.10484,EPSG:4326,10,1e-05,Emilia sonchifolia,,KL_Plant_0000041,25212,t0053530,Emilia sonchifolia,Plantae,species,紫背草,accepted,一點紅 | 葉下紅
2022-03-15_Plant_MianhuaIslet_74_08,HumanObservation,,2022-03-15_Plant_MianhuaIslet_74_08,研海生態顧問股份有限公司 (Ceta explorers Company Limited),,,,,,,,乾枯,2022-03-15,,2022,3,15,Quadrat Sampling (5*5 m² Quadrat),Asia,Taiwan,TW,MianhuaIslet_Plant_74,,,25.48427,122.10484,EPSG:4326,10,1e-05,Digitaria henryi,,KL_Plant_0000070,21820,t0053384,Digitaria henryi,Plantae,species,亨利馬唐,accepted,
2022-03-15_Plant_MianhuaIslet_74_09,HumanObservation,,2022-03-15_Plant_MianhuaIslet_74_09,研海生態顧問股份有限公司 (Ceta explorers Company Limited),,,,,,,,,2022-03-15,,2022,3,15,Quadrat Sampling (5*5 m² Quadrat),Asia,Taiwan,TW,MianhuaIslet_Plant_74,,,25.48427,122.10484,EPSG:4326,10,1e-05,Sedum formosanum,,KL_Plant_0000019,24177,t0055292,Sedum formosanum,Plantae,species,台灣佛甲草,accepted,石板菜
2022-03-15_Plant_MianhuaIslet_74_10,HumanObservation,,2022-03-15_Plant_MianhuaIslet_74_10,研海生態顧問股份有限公司 (Ceta explorers Company Limited),,,,,,,,,2022-03-15,,2022,3,15,Quadrat Sampling (5*5 m² Quadrat),Asia,Taiwan,TW,MianhuaIslet_Plant_74,,,25.48427,122.10484,EPSG:4326,10,1e-05,Centella asiatica,,KL_Plant_0000021,54893,t0058743,Centella asiatica,Plantae,species,雷公根,accepted,
2022-03-15_Plant_MianhuaIslet_74_11,HumanObservation,,2022-03-15_Plant_MianhuaIslet_74_11,研海生態顧問股份有限公司 (Ceta explorers Company Limited),,,,,,,,,2022-03-15,,2022,3,15,Quadrat Sampling (5*5 m² Quadrat),Asia,Taiwan,TW,MianhuaIslet_Plant_74,,,25.48427,122.10484,EPSG:4326,10,1e-05,Digitaria mollicoma,,KL_Plant_0000072,25162,t0053388,Digitaria mollicoma,Plantae,species,絨馬唐,accepted,大絨馬唐
2022-03-15_Plant_MianhuaIslet_74_12,HumanObservation,,2022-03-15_Plant_MianhuaIslet_74_12,研海生態顧問股份有限公司 (Ceta explorers Company Limited),,,,,,,,,2022-03-15,,2022,3,15,Quadrat Sampling (5*5 m² Quadrat),Asia,Taiwan,TW,MianhuaIslet_Plant_74,,,25.48427,122.10484,EPSG:4326,10,1e-05,Youngia japonica,,KL_Plant_0000052,25907,t0069832,Youngia japonica,Plantae,species,黃鵪菜,accepted,
2022-03-15_Plant_MianhuaIslet_74_13,HumanObservation,,2022-03-15_Plant_MianhuaIslet_74_13,研海生態顧問股份有限公司 (Ceta explorers Company Limited),,,,,,,,,2022-03-15,,2022,3,15,Quadrat Sampling (5*5 m² Quadrat),Asia,Taiwan,TW,MianhuaIslet_Plant_74,,,25.48427,122.10484,EPSG:4326,10,1e-05,Raphanus raphanistrum subsp. sativus,,KL_Plant_0000054,144038,t0055045,Raphanus raphanistrum subsp. sativus,Plantae,subspecies,濱蘿蔔,accepted,濱萊菔
2022-03-15_Plant_MianhuaIslet_77_01,HumanObservation,,2022-03-15_Plant_MianhuaIslet_77_01,研海生態顧問股份有限公司 (Ceta explorers Company Limited),,,,,,,,,2022-03-15,,2022,3,15,Quadrat Sampling (5*5 m² Quadrat),Asia,Taiwan,TW,MianhuaIslet_Plant_77,,,25.48339,122.10557,EPSG:4326,10,1e-05,Zoysia sinica,,KL_Plant_0000087,24827,t0049409,Zoysia sinica,Plantae,species,中華結縷草,accepted,
2022-03-15_Plant_MianhuaIslet_77_02,HumanObservation,,2022-03-15_Plant_MianhuaIslet_77_02,研海生態顧問股份有限公司 (Ceta explorers Company Limited),,,,,,,,71樣區因7月調查時樣區乾旱因此9月重作,2022-03-15,,2022,3,15,Quadrat Sampling (5*5 m² Quadrat),Asia,Taiwan,TW,MianhuaIslet_Plant_77,,,25.48339,122.10557,EPSG:4326,10,1e-05,Crossostephium chinense,,KL_Plant_0000040,21588,t0053159,Crossostephium chinense,Plantae,species,蘄艾,accepted,
2022-03-15_Plant_MianhuaIslet_77_03,HumanObservation,,2022-03-15_Plant_MianhuaIslet_77_03,研海生態顧問股份有限公司 (Ceta explorers Company Limited),,,,,,,,,2022-03-15,,2022,3,15,Quadrat Sampling (5*5 m² Quadrat),Asia,Taiwan,TW,MianhuaIslet_Plant_77,,,25.48339,122.10557,EPSG:4326,10,1e-05,Ipomoea pes-caprae,,KL_Plant_0000028,25371,t0100319,Ipomoea pes-caprae,Plantae,species,馬鞍藤,accepted,
2022-03-15_Plant_MianhuaIslet_77_04,HumanObservation,,2022-03-15_Plant_MianhuaIslet_77_04,研海生態顧問股份有限公司 (Ceta explorers Company Limited),,,,,,,,,2022-03-15,,2022,3,15,Quadrat Sampling (5*5 m² Quadrat),Asia,Taiwan,TW,MianhuaIslet_Plant_77,,,25.48339,122.10557,EPSG:4326,10,1e-05,Centella asiatica,,KL_Plant_0000021,54893,t0058743,Centella asiatica,Plantae,species,雷公根,accepted,
2022-03-15_Plant_MianhuaIslet_77_05,HumanObservation,,2022-03-15_Plant_MianhuaIslet_77_05,研海生態顧問股份有限公司 (Ceta explorers Company Limited),,,,,,,,,2022-03-15,,2022,3,15,Quadrat Sampling (5*5 m² Quadrat),Asia,Taiwan,TW,MianhuaIslet_Plant_77,,,25.48339,122.10557,EPSG:4326,10,1e-05,Lysimachia mauritiana,,KL_Plant_0000023,22991,t0054360,Lysimachia mauritiana,Plantae,species,茅毛珍珠菜,accepted,
2022-03-15_Plant_MianhuaIslet_77_06,HumanObservation,,2022-03-15_Plant_MianhuaIslet_77_06,研海生態顧問股份有限公司 (Ceta explorers Company Limited),,,,,,,,,2022-03-15,,2022,3,15,Quadrat Sampling (5*5 m² Quadrat),Asia,Taiwan,TW,MianhuaIslet_Plant_77,,,25.48339,122.10557,EPSG:4326,10,1e-05,Cyperus polystachyos,,KL_Plant_0000061,21705,t0055001,Cyperus polystachyos,Plantae,species,多柱扁莎,accepted,多枝扁莎
2022-03-15_Plant_MianhuaIslet_77_07,HumanObservation,,2022-03-15_Plant_MianhuaIslet_77_07,研海生態顧問股份有限公司 (Ceta explorers Company Limited),,,,,,,,,2022-03-15,,2022,3,15,Quadrat Sampling (5*5 m² Quadrat),Asia,Taiwan,TW,MianhuaIslet_Plant_77,,,25.48339,122.10557,EPSG:4326,10,1e-05,Emilia sonchifolia,,KL_Plant_0000041,25212,t0053530,Emilia sonchifolia,Plantae,species,紫背草,accepted,一點紅 | 葉下紅
2022-03-15_Plant_MianhuaIslet_77_08,HumanObservation,,2022-03-15_Plant_MianhuaIslet_77_08,研海生態顧問股份有限公司 (Ceta explorers Company Limited),,,,,,,,,2022-03-15,,2022,3,15,Quadrat Sampling (5*5 m² Quadrat),Asia,Taiwan,TW,MianhuaIslet_Plant_77,,,25.48339,122.10557,EPSG:4326,10,1e-05,Digitaria ciliaris,,KL_Plant_0000069,25157,t0053380,Digitaria ciliaris,Plantae,species,升馬唐,accepted,
2022-03-15_Plant_MianhuaIslet_77_09,HumanObservation,,2022-03-15_Plant_MianhuaIslet_77_09,研海生態顧問股份有限公司 (Ceta explorers Company Limited),,,,,,,,,2022-03-15,,2022,3,15,Quadrat Sampling (5*5 m² Quadrat),Asia,Taiwan,TW,MianhuaIslet_Plant_77,,,25.48339,122.10557,EPSG:4326,10,1e-05,Sedum formosanum,,KL_Plant_0000019,24177,t0055292,Sedum formosanum,Plantae,species,台灣佛甲草,accepted,石板菜
2022-03-15_Plant_MianhuaIslet_77_10,HumanObservation,,2022-03-15_Plant_MianhuaIslet_77_10,研海生態顧問股份有限公司 (Ceta explorers Company Limited),,,,,,,,,2022-03-15,,2022,3,15,Quadrat Sampling (5*5 m² Quadrat),Asia,Taiwan,TW,MianhuaIslet_Plant_77,,,25.48339,122.10557,EPSG:4326,10,1e-05,Youngia japonica,,KL_Plant_0000052,25907,t0069832,Youngia japonica,Plantae,species,黃鵪菜,accepted,
2022-03-15_Plant_MianhuaIslet_77_11,HumanObservation,,2022-03-15_Plant_MianhuaIslet_77_11,研海生態顧問股份有限公司 (Ceta explorers Company Limited),,,,,,,,,2022-03-15,,2022,3,15,Quadrat Sampling (5*5 m² Quadrat),Asia,Taiwan,TW,MianhuaIslet_Plant_77,,,25.48339,122.10557,EPSG:4326,10,1e-05,Oxalis corniculata,,KL_Plant_0000020,23347,t0054668,Oxalis corniculata,Plantae,species,酢漿草,accepted,
2022-03-15_Plant_MianhuaIslet_77_12,HumanObservation,,2022-03-15_Plant_MianhuaIslet_77_12,研海生態顧問股份有限公司 (Ceta explorers Company Limited),,,,,,,,,2022-03-15,,2022,3,15,Quadrat Sampling (5*5 m² Quadrat),Asia,Taiwan,TW,MianhuaIslet_Plant_77,,,25.48339,122.10557,EPSG:4326,10,1e-05,Digitaria mollicoma,,KL_Plant_0000072,25162,t0053388,Digitaria mollicoma,Plantae,species,絨馬唐,accepted,大絨馬唐
2022-03-15_Plant_MianhuaIslet_78_01,HumanObservation,,2022-03-15_Plant_MianhuaIslet_78_01,研海生態顧問股份有限公司 (Ceta explorers Company Limited),,,,,,,,,2022-03-15,,2022,3,15,Quadrat Sampling (5*5 m² Quadrat),Asia,Taiwan,TW,MianhuaIslet_Plant_78,,,25.48333,122.10418,EPSG:4326,10,1e-05,Carex breviculmis,,KL_Plant_0000060,21205,t0052815,Carex breviculmis,Plantae,species,短莖宿柱薹,accepted,
2022-03-15_Plant_MianhuaIslet_78_02,HumanObservation,,2022-03-15_Plant_MianhuaIslet_78_02,研海生態顧問股份有限公司 (Ceta explorers Company Limited),,,,,,,,,2022-03-15,,2022,3,15,Quadrat Sampling (5*5 m² Quadrat),Asia,Taiwan,TW,MianhuaIslet_Plant_78,,,25.48333,122.10418,EPSG:4326,10,1e-05,Crossostephium chinense,,KL_Plant_0000040,21588,t0053159,Crossostephium chinense,Plantae,species,蘄艾,accepted,
2022-03-15_Plant_MianhuaIslet_78_03,HumanObservation,,2022-03-15_Plant_MianhuaIslet_78_03,研海生態顧問股份有限公司 (Ceta explorers Company Limited),,,,,,,,,2022-03-15,,2022,3,15,Quadrat Sampling (5*5 m² Quadrat),Asia,Taiwan,TW,MianhuaIslet_Plant_78,,,25.48333,122.10418,EPSG:4326,10,1e-05,Ipomoea pes-caprae,,KL_Plant_0000028,25371,t0100319,Ipomoea pes-caprae,Plantae,species,馬鞍藤,accepted,
2022-03-15_Plant_MianhuaIslet_78_04,HumanObservation,,2022-03-15_Plant_MianhuaIslet_78_04,研海生態顧問股份有限公司 (Ceta explorers Company Limited),,,,,,,,,2022-03-15,,2022,3,15,Quadrat Sampling (5*5 m² Quadrat),Asia,Taiwan,TW,MianhuaIslet_Plant_78,,,25.48333,122.10418,EPSG:4326,10,1e-05,Imperata cylindrica var. major,,KL_Plant_0000075,26121,t0087378,Imperata cylindrica var. major,Plantae,variety,白茅,accepted,
2022-03-15_Plant_MianhuaIslet_78_05,HumanObservation,,2022-03-15_Plant_MianhuaIslet_78_05,研海生態顧問股份有限公司 (Ceta explorers Company Limited),,,,,,,,乾枯果序,2022-03-15,,2022,3,15,Quadrat Sampling (5*5 m² Quadrat),Asia,Taiwan,TW,MianhuaIslet_Plant_78,,,25.48333,122.10418,EPSG:4326,10,1e-05,Lysimachia mauritiana,,KL_Plant_0000023,22991,t0054360,Lysimachia mauritiana,Plantae,species,茅毛珍珠菜,accepted,
2022-03-15_Plant_MianhuaIslet_78_06,HumanObservation,,2022-03-15_Plant_MianhuaIslet_78_06,研海生態顧問股份有限公司 (Ceta explorers Company Limited),,,,,,,,,2022-03-15,,2022,3,15,Quadrat Sampling (5*5 m² Quadrat),Asia,Taiwan,TW,MianhuaIslet_Plant_78,,,25.48333,122.10418,EPSG:4326,10,1e-05,Zoysia sinica,,KL_Plant_0000087,24827,t0049409,Zoysia sinica,Plantae,species,中華結縷草,accepted,
2022-03-15_Plant_MianhuaIslet_78_07,HumanObservation,,2022-03-15_Plant_MianhuaIslet_78_07,研海生態顧問股份有限公司 (Ceta explorers Company Limited),,,,,,,,,2022-03-15,,2022,3,15,Quadrat Sampling (5*5 m² Quadrat),Asia,Taiwan,TW,MianhuaIslet_Plant_78,,,25.48333,122.10418,EPSG:4326,10,1e-05,Centella asiatica,,KL_Plant_0000021,54893,t0058743,Centella asiatica,Plantae,species,雷公根,accepted,
2022-03-15_Plant_MianhuaIslet_78_08,HumanObservation,,2022-03-15_Plant_MianhuaIslet_78_08,研海生態顧問股份有限公司 (Ceta explorers Company Limited),,,,,,,,大部分乾枯,2022-03-15,,2022,3,15,Quadrat Sampling (5*5 m² Quadrat),Asia,Taiwan,TW,MianhuaIslet_Plant_78,,,25.48333,122.10418,EPSG:4326,10,1e-05,Digitaria henryi,,KL_Plant_0000070,21820,t0053384,Digitaria henryi,Plantae,species,亨利馬唐,accepted,
2022-03-15_Plant_MianhuaIslet_78_09,HumanObservation,,2022-03-15_Plant_MianhuaIslet_78_09,研海生態顧問股份有限公司 (Ceta explorers Company Limited),,,,,,,,,2022-03-15,,2022,3,15,Quadrat Sampling (5*5 m² Quadrat),Asia,Taiwan,TW,MianhuaIslet_Plant_78,,,25.48333,122.10418,EPSG:4326,10,1e-05,Leonurus japonicus,,KL_Plant_0000030,22790,t0054200,Leonurus japonicus,Plantae,species,益母草,accepted,
2022-03-15_Plant_MianhuaIslet_78_10,HumanObservation,,2022-03-15_Plant_MianhuaIslet_78_10,研海生態顧問股份有限公司 (Ceta explorers Company Limited),,,,,,,,,2022-03-15,,2022,3,15,Quadrat Sampling (5*5 m² Quadrat),Asia,Taiwan,TW,MianhuaIslet_Plant_78,,,25.48333,122.10418,EPSG:4326,10,1e-05,Paspalum orbiculare,,KL_Plant_0000078,23423,t0054713,Paspalum orbiculare,Plantae,species,圓果雀稗,accepted,
2022-03-15_Plant_MianhuaIslet_78_11,HumanObservation,,2022-03-15_Plant_MianhuaIslet_78_11,研海生態顧問股份有限公司 (Ceta explorers Company Limited),,,,,,,,乾枯果序,2022-03-15,,2022,3,15,Quadrat Sampling (5*5 m² Quadrat),Asia,Taiwan,TW,MianhuaIslet_Plant_78,,,25.48333,122.10418,EPSG:4326,10,1e-05,Commelina diffusa,,KL_Plant_0000059,21505,t0053100,Commelina diffusa,Plantae,species,竹仔菜,accepted,
2022-03-15_Plant_MianhuaIslet_78_12,HumanObservation,,2022-03-15_Plant_MianhuaIslet_78_12,研海生態顧問股份有限公司 (Ceta explorers Company Limited),,,,,,,,,2022-03-15,,2022,3,15,Quadrat Sampling (5*5 m² Quadrat),Asia,Taiwan,TW,MianhuaIslet_Plant_78,,,25.48333,122.10418,EPSG:4326,10,1e-05,Cyperus polystachyos,,KL_Plant_0000061,21705,t0055001,Cyperus polystachyos,Plantae,species,多柱扁莎,accepted,多枝扁莎
2022-03-15_Plant_MianhuaIslet_78_13,HumanObservation,,2022-03-15_Plant_MianhuaIslet_78_13,研海生態顧問股份有限公司 (Ceta explorers Company Limited),,,,,,,,73樣區因7月調查時樣區旱因此9月重作,2022-03-15,,2022,3,15,Quadrat Sampling (5*5 m² Quadrat),Asia,Taiwan,TW,MianhuaIslet_Plant_78,,,25.48333,122.10418,EPSG:4326,10,1e-05,Setaria parviflora,,KL_Plant_0000083,59832,t0058251,Setaria parviflora,Plantae,species,莠狗尾草,accepted,
2022-03-15_Plant_MianhuaIslet_78_14,HumanObservation,,2022-03-15_Plant_MianhuaIslet_78_14,研海生態顧問股份有限公司 (Ceta explorers Company Limited),,,,,,,,,2022-03-15,,2022,3,15,Quadrat Sampling (5*5 m² Quadrat),Asia,Taiwan,TW,MianhuaIslet_Plant_78,,,25.48333,122.10418,EPSG:4326,10,1e-05,Raphanus raphanistrum subsp. sativus,,KL_Plant_0000054,144038,t0055045,Raphanus raphanistrum subsp. sativus,Plantae,subspecies,濱蘿蔔,accepted,濱萊菔
2022-03-15_Plant_MianhuaIslet_78_15,HumanObservation,,2022-03-15_Plant_MianhuaIslet_78_15,研海生態顧問股份有限公司 (Ceta explorers Company Limited),,,,,,,,,2022-03-15,,2022,3,15,Quadrat Sampling (5*5 m² Quadrat),Asia,Taiwan,TW,MianhuaIslet_Plant_78,,,25.48333,122.10418,EPSG:4326,10,1e-05,Oxalis corniculata,,KL_Plant_0000020,23347,t0054668,Oxalis corniculata,Plantae,species,酢漿草,accepted,
2022-03-15_Plant_MianhuaIslet_78_16,HumanObservation,,2022-03-15_Plant_MianhuaIslet_78_16,研海生態顧問股份有限公司 (Ceta explorers Company Limited),,,,,,,,,2022-03-15,,2022,3,15,Quadrat Sampling (5*5 m² Quadrat),Asia,Taiwan,TW,MianhuaIslet_Plant_78,,,25.48333,122.10418,EPSG:4326,10,1e-05,Sonchus oleraceus,,KL_Plant_0000048,24320,t0055402,Sonchus oleraceus,Plantae,species,苦滇菜,accepted,
2022-03-15_Plant_MianhuaIslet_78_17,HumanObservation,,2022-03-15_Plant_MianhuaIslet_78_17,研海生態顧問股份有限公司 (Ceta explorers Company Limited),,,,,,,,,2022-03-15,,2022,3,15,Quadrat Sampling (5*5 m² Quadrat),Asia,Taiwan,TW,MianhuaIslet_Plant_78,,,25.48333,122.10418,EPSG:4326,10,1e-05,Persicaria chinensis,,KL_Plant_0000009,58649,t0058947,Persicaria chinensis,Plantae,species,火炭母草,accepted,
2022-03-15_Plant_MianhuaIslet_78_18,HumanObservation,,2022-03-15_Plant_MianhuaIslet_78_18,研海生態顧問股份有限公司 (Ceta explorers Company Limited),,,,,,,,,2022-03-15,,2022,3,15,Quadrat Sampling (5*5 m² Quadrat),Asia,Taiwan,TW,MianhuaIslet_Plant_78,,,25.48333,122.10418,EPSG:4326,10,1e-05,Youngia japonica,,KL_Plant_0000052,25907,t0069832,Youngia japonica,Plantae,species,黃鵪菜,accepted,
2022-03-15_Plant_MianhuaIslet_78_19,HumanObservation,,2022-03-15_Plant_MianhuaIslet_78_19,研海生態顧問股份有限公司 (Ceta explorers Company Limited),,,,,,,,乾果序,2022-03-15,,2022,3,15,Quadrat Sampling (5*5 m² Quadrat),Asia,Taiwan,TW,MianhuaIslet_Plant_78,,,25.48333,122.10418,EPSG:4326,10,1e-05,Emilia sonchifolia,,KL_Plant_0000041,25212,t0053530,Emilia sonchifolia,Plantae,species,紫背草,accepted,一點紅 | 葉下紅
2022-03-15_Plant_MianhuaIslet_PostFire_01,HumanObservation,,2022-03-15_Plant_MianhuaIslet_PostFire_01,研海生態顧問股份有限公司 (Ceta explorers Company Limited),,,,,,,,,2022-03-15,,2022,3,15,Quadrat Sampling (10*10 m² Quadrat),Asia,Taiwan,TW,MianhuaIslet_Plant_PostFire,,,25.48506,122.10434,EPSG:4326,20,1e-05,Zoysia sinica,,KL_Plant_0000087,24827,t0049409,Zoysia sinica,Plantae,species,中華結縷草,accepted,
2022-03-15_Plant_MianhuaIslet_PostFire_02,HumanObservation,,2022-03-15_Plant_MianhuaIslet_PostFire_02,研海生態顧問股份有限公司 (Ceta explorers Company Limited),,,,,,,,,2022-03-15,,2022,3,15,Quadrat Sampling (10*10 m² Quadrat),Asia,Taiwan,TW,MianhuaIslet_Plant_PostFire,,,25.48506,122.10434,EPSG:4326,20,1e-05,Crossostephium chinense,,KL_Plant_0000040,21588,t0053159,Crossostephium chinense,Plantae,species,蘄艾,accepted,
2022-03-15_Plant_MianhuaIslet_PostFire_03,HumanObservation,,2022-03-15_Plant_MianhuaIslet_PostFire_03,研海生態顧問股份有限公司 (Ceta explorers Company Limited),,,,,,,,,2022-03-15,,2022,3,15,Quadrat Sampling (10*10 m² Quadrat),Asia,Taiwan,TW,MianhuaIslet_Plant_PostFire,,,25.48506,122.10434,EPSG:4326,20,1e-05,Ipomoea pes-caprae,,KL_Plant_0000028,25371,t0100319,Ipomoea pes-caprae,Plantae,species,馬鞍藤,accepted,
2022-03-15_Plant_MianhuaIslet_PostFire_04,HumanObservation,,2022-03-15_Plant_MianhuaIslet_PostFire_04,研海生態顧問股份有限公司 (Ceta explorers Company Limited),,,,,,,,,2022-03-15,,2022,3,15,Quadrat Sampling (10*10 m² Quadrat),Asia,Taiwan,TW,MianhuaIslet_Plant_PostFire,,,25.48506,122.10434,EPSG:4326,20,1e-05,Portulaca pilosa,,KL_Plant_0000015,23728,t0054932,Portulaca pilosa,Plantae,species,毛馬齒莧,accepted,
2022-03-15_Plant_MianhuaIslet_PostFire_05,HumanObservation,,2022-03-15_Plant_MianhuaIslet_PostFire_05,研海生態顧問股份有限公司 (Ceta explorers Company Limited),,,,,,,,,2022-03-15,,2022,3,15,Quadrat Sampling (10*10 m² Quadrat),Asia,Taiwan,TW,MianhuaIslet_Plant_PostFire,,,25.48506,122.10434,EPSG:4326,20,1e-05,Lysimachia mauritiana,,KL_Plant_0000023,22991,t0054360,Lysimachia mauritiana,Plantae,species,茅毛珍珠菜,accepted,
2022-03-15_Plant_MianhuaIslet_PostFire_06,HumanObservation,,2022-03-15_Plant_MianhuaIslet_PostFire_06,研海生態顧問股份有限公司 (Ceta explorers Company Limited),,,,,,,,,2022-03-15,,2022,3,15,Quadrat Sampling (10*10 m² Quadrat),Asia,Taiwan,TW,MianhuaIslet_Plant_PostFire,,,25.48506,122.10434,EPSG:4326,20,1e-05,Oenothera laciniata,,KL_Plant_0000053,23277,t0046093,Oenothera laciniata,Plantae,species,裂葉月見草,accepted,
2022-03-15_Plant_MianhuaIslet_PostFire_07,HumanObservation,,2022-03-15_Plant_MianhuaIslet_PostFire_07,研海生態顧問股份有限公司 (Ceta explorers Company Limited),,,,,,,,,2022-03-15,,2022,3,15,Quadrat Sampling (10*10 m² Quadrat),Asia,Taiwan,TW,MianhuaIslet_Plant_PostFire,,,25.48506,122.10434,EPSG:4326,20,1e-05,Emilia sonchifolia,,KL_Plant_0000041,25212,t0053530,Emilia sonchifolia,Plantae,species,紫背草,accepted,一點紅 | 葉下紅
2022-03-15_Plant_MianhuaIslet_PostFire_08,HumanObservation,,2022-03-15_Plant_MianhuaIslet_PostFire_08,研海生態顧問股份有限公司 (Ceta explorers Company Limited),,,,,,,,,2022-03-15,,2022,3,15,Quadrat Sampling (10*10 m² Quadrat),Asia,Taiwan,TW,MianhuaIslet_Plant_PostFire,,,25.48506,122.10434,EPSG:4326,20,1e-05,Digitaria ciliaris,,KL_Plant_0000069,25157,t0053380,Digitaria ciliaris,Plantae,species,升馬唐,accepted,
2022-03-15_Plant_MianhuaIslet_PostFire_09,HumanObservation,,2022-03-15_Plant_MianhuaIslet_PostFire_09,研海生態顧問股份有限公司 (Ceta explorers Company Limited),,,,,,,,,2022-03-15,,2022,3,15,Quadrat Sampling (10*10 m² Quadrat),Asia,Taiwan,TW,MianhuaIslet_Plant_PostFire,,,25.48506,122.10434,EPSG:4326,20,1e-05,Sedum formosanum,,KL_Plant_0000019,24177,t0055292,Sedum formosanum,Plantae,species,台灣佛甲草,accepted,石板菜
2022-03-15_Plant_MianhuaIslet_PostFire_10,HumanObservation,,2022-03-15_Plant_MianhuaIslet_PostFire_10,研海生態顧問股份有限公司 (Ceta explorers Company Limited),,,,,,,,,2022-03-15,,2022,3,15,Quadrat Sampling (10*10 m² Quadrat),Asia,Taiwan,TW,MianhuaIslet_Plant_PostFire,,,25.48506,122.10434,EPSG:4326,20,1e-05,Centella asiatica,,KL_Plant_0000021,54893,t0058743,Centella asiatica,Plantae,species,雷公根,accepted,
2022-03-15_Plant_MianhuaIslet_PostFire_11,HumanObservation,,2022-03-15_Plant_MianhuaIslet_PostFire_11,研海生態顧問股份有限公司 (Ceta explorers Company Limited),,,,,,,,,2022-03-15,,2022,3,15,Quadrat Sampling (10*10 m² Quadrat),Asia,Taiwan,TW,MianhuaIslet_Plant_PostFire,,,25.48506,122.10434,EPSG:4326,20,1e-05,Cyperus polystachyos,,KL_Plant_0000061,21705,t0055001,Cyperus polystachyos,Plantae,species,多柱扁莎,accepted,多枝扁莎
2022-03-15_Plant_MianhuaIslet_PostFire_12,HumanObservation,,2022-03-15_Plant_MianhuaIslet_PostFire_12,研海生態顧問股份有限公司 (Ceta explorers Company Limited),,,,,,,,,2022-03-15,,2022,3,15,Quadrat Sampling (10*10 m² Quadrat),Asia,Taiwan,TW,MianhuaIslet_Plant_PostFire,,,25.48506,122.10434,EPSG:4326,20,1e-05,Sagina japonica,,KL_Plant_0000007,25741,t0055186,Sagina japonica,Plantae,species,瓜槌草,accepted,
2022-03-15_Plant_MianhuaIslet_PostFire_13,HumanObservation,,2022-03-15_Plant_MianhuaIslet_PostFire_13,研海生態顧問股份有限公司 (Ceta explorers Company Limited),,,,,,,,,2022-03-15,,2022,3,15,Quadrat Sampling (10*10 m² Quadrat),Asia,Taiwan,TW,MianhuaIslet_Plant_PostFire,,,25.48506,122.10434,EPSG:4326,20,1e-05,Oxalis corniculata,,KL_Plant_0000020,23347,t0054668,Oxalis corniculata,Plantae,species,酢漿草,accepted,
2022-03-15_Plant_MianhuaIslet_PostFire_14,HumanObservation,,2022-03-15_Plant_MianhuaIslet_PostFire_14,研海生態顧問股份有限公司 (Ceta explorers Company Limited),,,,,,,,,2022-03-15,,2022,3,15,Quadrat Sampling (10*10 m² Quadrat),Asia,Taiwan,TW,MianhuaIslet_Plant_PostFire,,,25.48506,122.10434,EPSG:4326,20,1e-05,Pilea peploides var. major,,KL_Plant_0000057,61485,t0086947,Pilea peploides var. major,Plantae,variety,齒葉矮冷水麻,accepted,苦水花 | 矮冷水麻
2022-03-15_Plant_MianhuaIslet_PostFire_15,HumanObservation,,2022-03-15_Plant_MianhuaIslet_PostFire_15,研海生態顧問股份有限公司 (Ceta explorers Company Limited),,,,,,,,,2022-03-15,,2022,3,15,Quadrat Sampling (10*10 m² Quadrat),Asia,Taiwan,TW,MianhuaIslet_Plant_PostFire,,,25.48506,122.10434,EPSG:4326,20,1e-05,Gnaphalium luteoalbum subsp. affine,,KL_Plant_0000043,61275,t0057950,Gnaphalium luteoalbum subsp. affine,Plantae,subspecies,鼠麴草,accepted,
2022-03-15_Plant_MianhuaIslet_PostFire_16,HumanObservation,,2022-03-15_Plant_MianhuaIslet_PostFire_16,研海生態顧問股份有限公司 (Ceta explorers Company Limited),,,,,,,,,2022-03-15,,2022,3,15,Quadrat Sampling (10*10 m² Quadrat),Asia,Taiwan,TW,MianhuaIslet_Plant_PostFire,,,25.48506,122.10434,EPSG:4326,20,1e-05,Sonchus oleraceus,,KL_Plant_0000048,24320,t0055402,Sonchus oleraceus,Plantae,species,苦滇菜,accepted,
2022-06-04_Plant_MianhuaIslet_PostFire_17,HumanObservation,,2022-06-04_Plant_MianhuaIslet_PostFire_17,研海生態顧問股份有限公司 (Ceta explorers Company Limited),,,,,,,,,2022-06-04,,2022,6,4,Quadrat Sampling (10*10 m² Quadrat),Asia,Taiwan,TW,MianhuaIslet_Plant_PostFire,,,25.48506,122.10434,EPSG:4326,20,1e-05,Zoysia sinica,,KL_Plant_0000087,24827,t0049409,Zoysia sinica,Plantae,species,中華結縷草,accepted,
2022-06-04_Plant_MianhuaIslet_PostFire_18,HumanObservation,,2022-06-04_Plant_MianhuaIslet_PostFire_18,研海生態顧問股份有限公司 (Ceta explorers Company Limited),,,,,,,,,2022-06-04,,2022,6,4,Quadrat Sampling (10*10 m² Quadrat),Asia,Taiwan,TW,MianhuaIslet_Plant_PostFire,,,25.48506,122.10434,EPSG:4326,20,1e-05,Crossostephium chinense,,KL_Plant_0000040,21588,t0053159,Crossostephium chinense,Plantae,species,蘄艾,accepted,
2022-06-04_Plant_MianhuaIslet_PostFire_19,HumanObservation,,2022-06-04_Plant_MianhuaIslet_PostFire_19,研海生態顧問股份有限公司 (Ceta explorers Company Limited),,,,,,,,,2022-06-04,,2022,6,4,Quadrat Sampling (10*10 m² Quadrat),Asia,Taiwan,TW,MianhuaIslet_Plant_PostFire,,,25.48506,122.10434,EPSG:4326,20,1e-05,Ipomoea pes-caprae,,KL_Plant_0000028,25371,t0100319,Ipomoea pes-caprae,Plantae,species,馬鞍藤,accepted,
2022-06-04_Plant_MianhuaIslet_PostFire_20,HumanObservation,,2022-06-04_Plant_MianhuaIslet_PostFire_20,研海生態顧問股份有限公司 (Ceta explorers Company Limited),,,,,,,,,2022-06-04,,2022,6,4,Quadrat Sampling (10*10 m² Quadrat),Asia,Taiwan,TW,MianhuaIslet_Plant_PostFire,,,25.48506,122.10434,EPSG:4326,20,1e-05,Portulaca pilosa,,KL_Plant_0000015,23728,t0054932,Portulaca pilosa,Plantae,species,毛馬齒莧,accepted,
2022-06-04_Plant_MianhuaIslet_PostFire_21,HumanObservation,,2022-06-04_Plant_MianhuaIslet_PostFire_21,研海生態顧問股份有限公司 (Ceta explorers Company Limited),,,,,,,,,2022-06-04,,2022,6,4,Quadrat Sampling (10*10 m² Quadrat),Asia,Taiwan,TW,MianhuaIslet_Plant_PostFire,,,25.48506,122.10434,EPSG:4326,20,1e-05,Lysimachia mauritiana,,KL_Plant_0000023,22991,t0054360,Lysimachia mauritiana,Plantae,species,茅毛珍珠菜,accepted,
2022-06-04_Plant_MianhuaIslet_PostFire_22,HumanObservation,,2022-06-04_Plant_MianhuaIslet_PostFire_22,研海生態顧問股份有限公司 (Ceta explorers Company Limited),,,,,,,,,2022-06-04,,2022,6,4,Quadrat Sampling (10*10 m² Quadrat),Asia,Taiwan,TW,MianhuaIslet_Plant_PostFire,,,25.48506,122.10434,EPSG:4326,20,1e-05,Oenothera laciniata,,KL_Plant_0000053,23277,t0046093,Oenothera laciniata,Plantae,species,裂葉月見草,accepted,
2022-06-04_Plant_MianhuaIslet_PostFire_23,HumanObservation,,2022-06-04_Plant_MianhuaIslet_PostFire_23,研海生態顧問股份有限公司 (Ceta explorers Company Limited),,,,,,,,乾枯果序& 少數新芽,2022-06-04,,2022,6,4,Quadrat Sampling (10*10 m² Quadrat),Asia,Taiwan,TW,MianhuaIslet_Plant_PostFire,,,25.48506,122.10434,EPSG:4326,20,1e-05,Digitaria henryi,,KL_Plant_0000070,21820,t0053384,Digitaria henryi,Plantae,species,亨利馬唐,accepted,
2022-06-04_Plant_MianhuaIslet_PostFire_24,HumanObservation,,2022-06-04_Plant_MianhuaIslet_PostFire_24,研海生態顧問股份有限公司 (Ceta explorers Company Limited),,,,,,,,,2022-06-04,,2022,6,4,Quadrat Sampling (10*10 m² Quadrat),Asia,Taiwan,TW,MianhuaIslet_Plant_PostFire,,,25.48506,122.10434,EPSG:4326,20,1e-05,Centella asiatica,,KL_Plant_0000021,54893,t0058743,Centella asiatica,Plantae,species,雷公根,accepted,
2022-06-04_Plant_MianhuaIslet_PostFire_25,HumanObservation,,2022-06-04_Plant_MianhuaIslet_PostFire_25,研海生態顧問股份有限公司 (Ceta explorers Company Limited),,,,,,,,,2022-06-04,,2022,6,4,Quadrat Sampling (10*10 m² Quadrat),Asia,Taiwan,TW,MianhuaIslet_Plant_PostFire,,,25.48506,122.10434,EPSG:4326,20,1e-05,Cyperus polystachyos,,KL_Plant_0000061,21705,t0055001,Cyperus polystachyos,Plantae,species,多柱扁莎,accepted,多枝扁莎
2022-06-04_Plant_MianhuaIslet_PostFire_26,HumanObservation,,2022-06-04_Plant_MianhuaIslet_PostFire_26,研海生態顧問股份有限公司 (Ceta explorers Company Limited),,,,,,,,,2022-06-04,,2022,6,4,Quadrat Sampling (10*10 m² Quadrat),Asia,Taiwan,TW,MianhuaIslet_Plant_PostFire,,,25.48506,122.10434,EPSG:4326,20,1e-05,Youngia japonica,,KL_Plant_0000052,25907,t0069832,Youngia japonica,Plantae,species,黃鵪菜,accepted,
2022-06-04_Plant_MianhuaIslet_PostFire_27,HumanObservation,,2022-06-04_Plant_MianhuaIslet_PostFire_27,研海生態顧問股份有限公司 (Ceta explorers Company Limited),,,,,,,,,2022-06-04,,2022,6,4,Quadrat Sampling (10*10 m² Quadrat),Asia,Taiwan,TW,MianhuaIslet_Plant_PostFire,,,25.48506,122.10434,EPSG:4326,20,1e-05,Conyza sumatrensis,,KL_Plant_0000039,55429,t0073443,Conyza sumatrensis,Plantae,species,野茼蒿,accepted,
2022-06-04_Plant_MianhuaIslet_PostFire_28,HumanObservation,,2022-06-04_Plant_MianhuaIslet_PostFire_28,研海生態顧問股份有限公司 (Ceta explorers Company Limited),,,,,,,,,2022-06-04,,2022,6,4,Quadrat Sampling (10*10 m² Quadrat),Asia,Taiwan,TW,MianhuaIslet_Plant_PostFire,,,25.48506,122.10434,EPSG:4326,20,1e-05,Gnaphalium luteoalbum subsp. affine,,KL_Plant_0000043,61275,t0057950,Gnaphalium luteoalbum subsp. affine,Plantae,subspecies,鼠麴草,accepted,
2022-06-04_Plant_MianhuaIslet_PostFire_29,HumanObservation,,2022-06-04_Plant_MianhuaIslet_PostFire_29,研海生態顧問股份有限公司 (Ceta explorers Company Limited),,,,,,,,,2022-06-04,,2022,6,4,Quadrat Sampling (10*10 m² Quadrat),Asia,Taiwan,TW,MianhuaIslet_Plant_PostFire,,,25.48506,122.10434,EPSG:4326,20,1e-05,Paspalum vaginatum,,KL_Plant_0000080,23429,t0054719,Paspalum vaginatum,Plantae,species,海雀稗,accepted,
2022-07-26_Plant_MianhuaIslet_71_01,HumanObservation,,2022-07-26_Plant_MianhuaIslet_71_01,研海生態顧問股份有限公司 (Ceta explorers Company Limited),,,,,,,,,2022-07-26,,2022,7,26,Quadrat Sampling (5*5 m² Quadrat),Asia,Taiwan,TW,MianhuaIslet_Plant_71,,,25.48488,122.10485,EPSG:4326,10,1e-05,Zoysia sinica,,KL_Plant_0000087,24827,t0049409,Zoysia sinica,Plantae,species,中華結縷草,accepted,
2022-07-26_Plant_MianhuaIslet_71_02,HumanObservation,,2022-07-26_Plant_MianhuaIslet_71_02,研海生態顧問股份有限公司 (Ceta explorers Company Limited),,,,,,,,,2022-07-26,,2022,7,26,Quadrat Sampling (5*5 m² Quadrat),Asia,Taiwan,TW,MianhuaIslet_Plant_71,,,25.48488,122.10485,EPSG:4326,10,1e-05,Cyperus polystachyos,,KL_Plant_0000061,21705,t0055001,Cyperus polystachyos,Plantae,species,多柱扁莎,accepted,多枝扁莎
2022-07-26_Plant_MianhuaIslet_71_03,HumanObservation,,2022-07-26_Plant_MianhuaIslet_71_03,研海生態顧問股份有限公司 (Ceta explorers Company Limited),,,,,,,,,2022-07-26,,2022,7,26,Quadrat Sampling (5*5 m² Quadrat),Asia,Taiwan,TW,MianhuaIslet_Plant_71,,,25.48488,122.10485,EPSG:4326,10,1e-05,Oenothera laciniata,,KL_Plant_0000053,23277,t0046093,Oenothera laciniata,Plantae,species,裂葉月見草,accepted,
2022-07-26_Plant_MianhuaIslet_71_04,HumanObservation,,2022-07-26_Plant_MianhuaIslet_71_04,研海生態顧問股份有限公司 (Ceta explorers Company Limited),,,,,,,,,2022-07-26,,2022,7,26,Quadrat Sampling (5*5 m² Quadrat),Asia,Taiwan,TW,MianhuaIslet_Plant_71,,,25.48488,122.10485,EPSG:4326,10,1e-05,Portulaca pilosa,,KL_Plant_0000015,23728,t0054932,Portulaca pilosa,Plantae,species,毛馬齒莧,accepted,
2022-07-26_Plant_MianhuaIslet_71_05,HumanObservation,,2022-07-26_Plant_MianhuaIslet_71_05,研海生態顧問股份有限公司 (Ceta explorers Company Limited),,,,,,,,,2022-07-26,,2022,7,26,Quadrat Sampling (5*5 m² Quadrat),Asia,Taiwan,TW,MianhuaIslet_Plant_71,,,25.48488,122.10485,EPSG:4326,10,1e-05,Conyza sumatrensis,,KL_Plant_0000039,55429,t0073443,Conyza sumatrensis,Plantae,species,野茼蒿,accepted,
2022-07-26_Plant_MianhuaIslet_71_06,HumanObservation,,2022-07-26_Plant_MianhuaIslet_71_06,研海生態顧問股份有限公司 (Ceta explorers Company Limited),,,,,,,,,2022-07-26,,2022,7,26,Quadrat Sampling (5*5 m² Quadrat),Asia,Taiwan,TW,MianhuaIslet_Plant_71,,,25.48488,122.10485,EPSG:4326,10,1e-05,Ipomoea pes-caprae,,KL_Plant_0000028,25371,t0100319,Ipomoea pes-caprae,Plantae,species,馬鞍藤,accepted,
2022-07-26_Plant_MianhuaIslet_71_07,HumanObservation,,2022-07-26_Plant_MianhuaIslet_71_07,研海生態顧問股份有限公司 (Ceta explorers Company Limited),,,,,,,,,2022-07-26,,2022,7,26,Quadrat Sampling (5*5 m² Quadrat),Asia,Taiwan,TW,MianhuaIslet_Plant_71,,,25.48488,122.10485,EPSG:4326,10,1e-05,Emilia sonchifolia,,KL_Plant_0000041,25212,t0053530,Emilia sonchifolia,Plantae,species,紫背草,accepted,一點紅 | 葉下紅
2022-07-26_Plant_MianhuaIslet_71_08,HumanObservation,,2022-07-26_Plant_MianhuaIslet_71_08,研海生態顧問股份有限公司 (Ceta explorers Company Limited),,,,,,,,,2022-07-26,,2022,7,26,Quadrat Sampling (5*5 m² Quadrat),Asia,Taiwan,TW,MianhuaIslet_Plant_71,,,25.48488,122.10485,EPSG:4326,10,1e-05,Fimbristylis dichotoma,,KL_Plant_0000063,25271,t0053700,Fimbristylis dichotoma,Plantae,species,竹子飄拂草,accepted,
2022-07-26_Plant_MianhuaIslet_72_01,HumanObservation,,2022-07-26_Plant_MianhuaIslet_72_01,研海生態顧問股份有限公司 (Ceta explorers Company Limited),,,,,,,,,2022-07-26,,2022,7,26,Quadrat Sampling (5*5 m² Quadrat),Asia,Taiwan,TW,MianhuaIslet_Plant_72,,,25.48488,122.10495,EPSG:4326,10,1e-05,Zoysia sinica,,KL_Plant_0000087,24827,t0049409,Zoysia sinica,Plantae,species,中華結縷草,accepted,
2022-07-26_Plant_MianhuaIslet_72_02,HumanObservation,,2022-07-26_Plant_MianhuaIslet_72_02,研海生態顧問股份有限公司 (Ceta explorers Company Limited),,,,,,,,硬短莖宿柱薹,2022-07-26,,2022,7,26,Quadrat Sampling (5*5 m² Quadrat),Asia,Taiwan,TW,MianhuaIslet_Plant_72,,,25.48488,122.10495,EPSG:4326,10,1e-05,Cyperus polystachyos,,KL_Plant_0000061,21705,t0055001,Cyperus polystachyos,Plantae,species,多柱扁莎,accepted,多枝扁莎
2022-07-26_Plant_MianhuaIslet_72_03,HumanObservation,,2022-07-26_Plant_MianhuaIslet_72_03,研海生態顧問股份有限公司 (Ceta explorers Company Limited),,,,,,,,,2022-07-26,,2022,7,26,Quadrat Sampling (5*5 m² Quadrat),Asia,Taiwan,TW,MianhuaIslet_Plant_72,,,25.48488,122.10495,EPSG:4326,10,1e-05,Portulaca pilosa,,KL_Plant_0000015,23728,t0054932,Portulaca pilosa,Plantae,species,毛馬齒莧,accepted,
2022-07-26_Plant_MianhuaIslet_72_04,HumanObservation,,2022-07-26_Plant_MianhuaIslet_72_04,研海生態顧問股份有限公司 (Ceta explorers Company Limited),,,,,,,,,2022-07-26,,2022,7,26,Quadrat Sampling (5*5 m² Quadrat),Asia,Taiwan,TW,MianhuaIslet_Plant_72,,,25.48488,122.10495,EPSG:4326,10,1e-05,Oenothera laciniata,,KL_Plant_0000053,23277,t0046093,Oenothera laciniata,Plantae,species,裂葉月見草,accepted,
2022-07-26_Plant_MianhuaIslet_76_01,HumanObservation,,2022-07-26_Plant_MianhuaIslet_76_01,研海生態顧問股份有限公司 (Ceta explorers Company Limited),,,,,,,,,2022-07-26,,2022,7,26,Quadrat Sampling (5*5 m² Quadrat),Asia,Taiwan,TW,MianhuaIslet_Plant_76,,,25.4844,122.10626,EPSG:4326,10,1e-05,Crossostephium chinense,,KL_Plant_0000040,21588,t0053159,Crossostephium chinense,Plantae,species,蘄艾,accepted,
2022-07-26_Plant_MianhuaIslet_76_02,HumanObservation,,2022-07-26_Plant_MianhuaIslet_76_02,研海生態顧問股份有限公司 (Ceta explorers Company Limited),,,,,,,,,2022-07-26,,2022,7,26,Quadrat Sampling (5*5 m² Quadrat),Asia,Taiwan,TW,MianhuaIslet_Plant_76,,,25.4844,122.10626,EPSG:4326,10,1e-05,Lysimachia mauritiana,,KL_Plant_0000023,22991,t0054360,Lysimachia mauritiana,Plantae,species,茅毛珍珠菜,accepted,
2022-07-26_Plant_MianhuaIslet_76_03,HumanObservation,,2022-07-26_Plant_MianhuaIslet_76_03,研海生態顧問股份有限公司 (Ceta explorers Company Limited),,,,,,,,,2022-07-26,,2022,7,26,Quadrat Sampling (5*5 m² Quadrat),Asia,Taiwan,TW,MianhuaIslet_Plant_76,,,25.4844,122.10626,EPSG:4326,10,1e-05,Portulaca pilosa,,KL_Plant_0000015,23728,t0054932,Portulaca pilosa,Plantae,species,毛馬齒莧,accepted,
2022-07-26_Plant_MianhuaIslet_76_04,HumanObservation,,2022-07-26_Plant_MianhuaIslet_76_04,研海生態顧問股份有限公司 (Ceta explorers Company Limited),,,,,,,,,2022-07-26,,2022,7,26,Quadrat Sampling (5*5 m² Quadrat),Asia,Taiwan,TW,MianhuaIslet_Plant_76,,,25.4844,122.10626,EPSG:4326,10,1e-05,Sedum formosanum,,KL_Plant_0000019,24177,t0055292,Sedum formosanum,Plantae,species,台灣佛甲草,accepted,石板菜
2022-07-26_Plant_MianhuaIslet_76_05,HumanObservation,,2022-07-26_Plant_MianhuaIslet_76_05,研海生態顧問股份有限公司 (Ceta explorers Company Limited),,,,,,,,,2022-07-26,,2022,7,26,Quadrat Sampling (5*5 m² Quadrat),Asia,Taiwan,TW,MianhuaIslet_Plant_76,,,25.4844,122.10626,EPSG:4326,10,1e-05,Cyperus polystachyos,,KL_Plant_0000061,21705,t0055001,Cyperus polystachyos,Plantae,species,多柱扁莎,accepted,多枝扁莎
2022-07-26_Plant_MianhuaIslet_94_01,HumanObservation,,2022-07-26_Plant_MianhuaIslet_94_01,研海生態顧問股份有限公司 (Ceta explorers Company Limited),,,,,,,,,2022-07-26,,2022,7,26,Quadrat Sampling (5*5 m² Quadrat),Asia,Taiwan,TW,MianhuaIslet_Plant_94,,,25.48704,122.10489,EPSG:4326,10,1e-05,Ipomoea pes-caprae,,KL_Plant_0000028,25371,t0100319,Ipomoea pes-caprae,Plantae,species,馬鞍藤,accepted,
2022-07-26_Plant_MianhuaIslet_94_02,HumanObservation,,2022-07-26_Plant_MianhuaIslet_94_02,研海生態顧問股份有限公司 (Ceta explorers Company Limited),,,,,,,,,2022-07-26,,2022,7,26,Quadrat Sampling (5*5 m² Quadrat),Asia,Taiwan,TW,MianhuaIslet_Plant_94,,,25.48704,122.10489,EPSG:4326,10,1e-05,Lysimachia mauritiana,,KL_Plant_0000023,22991,t0054360,Lysimachia mauritiana,Plantae,species,茅毛珍珠菜,accepted,
2022-07-26_Plant_MianhuaIslet_94_03,HumanObservation,,2022-07-26_Plant_MianhuaIslet_94_03,研海生態顧問股份有限公司 (Ceta explorers Company Limited),,,,,,,,,2022-07-26,,2022,7,26,Quadrat Sampling (5*5 m² Quadrat),Asia,Taiwan,TW,MianhuaIslet_Plant_94,,,25.48704,122.10489,EPSG:4326,10,1e-05,Crossostephium chinense,,KL_Plant_0000040,21588,t0053159,Crossostephium chinense,Plantae,species,蘄艾,accepted,
2022-07-26_Plant_MianhuaIslet_94_04,HumanObservation,,2022-07-26_Plant_MianhuaIslet_94_04,研海生態顧問股份有限公司 (Ceta explorers Company Limited),,,,,,,,,2022-07-26,,2022,7,26,Quadrat Sampling (5*5 m² Quadrat),Asia,Taiwan,TW,MianhuaIslet_Plant_94,,,25.48704,122.10489,EPSG:4326,10,1e-05,Oxalis corniculata,,KL_Plant_0000020,23347,t0054668,Oxalis corniculata,Plantae,species,酢漿草,accepted,
2022-07-26_Plant_MianhuaIslet_94_05,HumanObservation,,2022-07-26_Plant_MianhuaIslet_94_05,研海生態顧問股份有限公司 (Ceta explorers Company Limited),,,,,,,,,2022-07-26,,2022,7,26,Quadrat Sampling (5*5 m² Quadrat),Asia,Taiwan,TW,MianhuaIslet_Plant_94,,,25.48704,122.10489,EPSG:4326,10,1e-05,Cyperus polystachyos,,KL_Plant_0000061,21705,t0055001,Cyperus polystachyos,Plantae,species,多柱扁莎,accepted,多枝扁莎
2022-07-26_Plant_MianhuaIslet_94_06,HumanObservation,,2022-07-26_Plant_MianhuaIslet_94_06,研海生態顧問股份有限公司 (Ceta explorers Company Limited),,,,,,,,,2022-07-26,,2022,7,26,Quadrat Sampling (5*5 m² Quadrat),Asia,Taiwan,TW,MianhuaIslet_Plant_94,,,25.48704,122.10489,EPSG:4326,10,1e-05,Conyza sumatrensis,,KL_Plant_0000039,55429,t0073443,Conyza sumatrensis,Plantae,species,野茼蒿,accepted,
2022-07-26_Plant_MianhuaIslet_94_07,HumanObservation,,2022-07-26_Plant_MianhuaIslet_94_07,研海生態顧問股份有限公司 (Ceta explorers Company Limited),,,,,,,,,2022-07-26,,2022,7,26,Quadrat Sampling (5*5 m² Quadrat),Asia,Taiwan,TW,MianhuaIslet_Plant_94,,,25.48704,122.10489,EPSG:4326,10,1e-05,Digitaria henryi,,KL_Plant_0000070,21820,t0053384,Digitaria henryi,Plantae,species,亨利馬唐,accepted,
2022-07-26_Plant_MianhuaIslet_94_08,HumanObservation,,2022-07-26_Plant_MianhuaIslet_94_08,研海生態顧問股份有限公司 (Ceta explorers Company Limited),,,,,,,,,2022-07-26,,2022,7,26,Quadrat Sampling (5*5 m² Quadrat),Asia,Taiwan,TW,MianhuaIslet_Plant_94,,,25.48704,122.10489,EPSG:4326,10,1e-05,Digitaria mollicoma,,KL_Plant_0000072,25162,t0053388,Digitaria mollicoma,Plantae,species,絨馬唐,accepted,大絨馬唐
2022-07-26_Plant_MianhuaIslet_96_01,HumanObservation,,2022-07-26_Plant_MianhuaIslet_96_01,研海生態顧問股份有限公司 (Ceta explorers Company Limited),,,,,,,,,2022-07-26,,2022,7,26,Quadrat Sampling (5*5 m² Quadrat),Asia,Taiwan,TW,MianhuaIslet_Plant_96,,,25.48744,122.10523,EPSG:4326,10,1e-05,Digitaria mollicoma,,KL_Plant_0000072,25162,t0053388,Digitaria mollicoma,Plantae,species,絨馬唐,accepted,大絨馬唐
2022-07-26_Plant_MianhuaIslet_96_02,HumanObservation,,2022-07-26_Plant_MianhuaIslet_96_02,研海生態顧問股份有限公司 (Ceta explorers Company Limited),,,,,,,,,2022-07-26,,2022,7,26,Quadrat Sampling (5*5 m² Quadrat),Asia,Taiwan,TW,MianhuaIslet_Plant_96,,,25.48744,122.10523,EPSG:4326,10,1e-05,Ipomoea pes-caprae,,KL_Plant_0000028,25371,t0100319,Ipomoea pes-caprae,Plantae,species,馬鞍藤,accepted,
2022-07-26_Plant_MianhuaIslet_96_03,HumanObservation,,2022-07-26_Plant_MianhuaIslet_96_03,研海生態顧問股份有限公司 (Ceta explorers Company Limited),,,,,,,,,2022-07-26,,2022,7,26,Quadrat Sampling (5*5 m² Quadrat),Asia,Taiwan,TW,MianhuaIslet_Plant_96,,,25.48744,122.10523,EPSG:4326,10,1e-05,Chenopodium acuminatum,,KL_Plant_0000016,55050,t0073189,Chenopodium acuminatum,Plantae,species,變葉藜,accepted,
2022-07-26_Plant_MianhuaIslet_96_04,HumanObservation,,2022-07-26_Plant_MianhuaIslet_96_04,研海生態顧問股份有限公司 (Ceta explorers Company Limited),,,,,,,,,2022-07-26,,2022,7,26,Quadrat Sampling (5*5 m² Quadrat),Asia,Taiwan,TW,MianhuaIslet_Plant_96,,,25.48744,122.10523,EPSG:4326,10,1e-05,Cyperus polystachyos,,KL_Plant_0000061,21705,t0055001,Cyperus polystachyos,Plantae,species,多柱扁莎,accepted,多枝扁莎
2022-07-26_Plant_MianhuaIslet_96_05,HumanObservation,,2022-07-26_Plant_MianhuaIslet_96_05,研海生態顧問股份有限公司 (Ceta explorers Company Limited),,,,,,,,乾枯,2022-07-26,,2022,7,26,Quadrat Sampling (5*5 m² Quadrat),Asia,Taiwan,TW,MianhuaIslet_Plant_96,,,25.48744,122.10523,EPSG:4326,10,1e-05,Lysimachia mauritiana,,KL_Plant_0000023,22991,t0054360,Lysimachia mauritiana,Plantae,species,茅毛珍珠菜,accepted,
2022-07-26_Plant_MianhuaIslet_96_06,HumanObservation,,2022-07-26_Plant_MianhuaIslet_96_06,研海生態顧問股份有限公司 (Ceta explorers Company Limited),,,,,,,,,2022-07-26,,2022,7,26,Quadrat Sampling (5*5 m² Quadrat),Asia,Taiwan,TW,MianhuaIslet_Plant_96,,,25.48744,122.10523,EPSG:4326,10,1e-05,Crossostephium chinense,,KL_Plant_0000040,21588,t0053159,Crossostephium chinense,Plantae,species,蘄艾,accepted,
2022-07-26_Plant_MianhuaIslet_96_07,HumanObservation,,2022-07-26_Plant_MianhuaIslet_96_07,研海生態顧問股份有限公司 (Ceta explorers Company Limited),,,,,,,,,2022-07-26,,2022,7,26,Quadrat Sampling (5*5 m² Quadrat),Asia,Taiwan,TW,MianhuaIslet_Plant_96,,,25.48744,122.10523,EPSG:4326,10,1e-05,Portulaca oleracea,,KL_Plant_0000014,23727,t0054931,Portulaca oleracea,Plantae,species,馬齒莧,accepted,
2022-07-26_Plant_MianhuaIslet_96_08,HumanObservation,,2022-07-26_Plant_MianhuaIslet_96_08,研海生態顧問股份有限公司 (Ceta explorers Company Limited),,,,,,,,,2022-07-26,,2022,7,26,Quadrat Sampling (5*5 m² Quadrat),Asia,Taiwan,TW,MianhuaIslet_Plant_96,,,25.48744,122.10523,EPSG:4326,10,1e-05,Portulaca pilosa,,KL_Plant_0000015,23728,t0054932,Portulaca pilosa,Plantae,species,毛馬齒莧,accepted,
2022-07-26_Plant_MianhuaIslet_97_01,HumanObservation,,2022-07-26_Plant_MianhuaIslet_97_01,研海生態顧問股份有限公司 (Ceta explorers Company Limited),,,,,,,,,2022-07-26,,2022,7,26,Quadrat Sampling (5*5 m² Quadrat),Asia,Taiwan,TW,MianhuaIslet_Plant_97,,,25.48637,122.1061,EPSG:4326,10,1e-05,Cocculus orbiculatus,,KL_Plant_0000011,55292,t0073343,Cocculus orbiculatus,Plantae,species,木防己,accepted,
2022-07-26_Plant_MianhuaIslet_97_02,HumanObservation,,2022-07-26_Plant_MianhuaIslet_97_02,研海生態顧問股份有限公司 (Ceta explorers Company Limited),,,,,,,,草皮幾乎完全乾死，可辨認有亨利馬唐和絨馬唐，但無法估算覆蓋度,2022-07-26,,2022,7,26,Quadrat Sampling (5*5 m² Quadrat),Asia,Taiwan,TW,MianhuaIslet_Plant_97,,,25.48637,122.1061,EPSG:4326,10,1e-05,Zoysia sinica,,KL_Plant_0000087,24827,t0049409,Zoysia sinica,Plantae,species,中華結縷草,accepted,
2022-07-26_Plant_MianhuaIslet_97_03,HumanObservation,,2022-07-26_Plant_MianhuaIslet_97_03,研海生態顧問股份有限公司 (Ceta explorers Company Limited),,,,,,,,草皮幾乎完全乾死，可辨認有亨利馬唐和絨馬唐，但無法估算覆蓋度,2022-07-26,,2022,7,26,Quadrat Sampling (5*5 m² Quadrat),Asia,Taiwan,TW,MianhuaIslet_Plant_97,,,25.48637,122.1061,EPSG:4326,10,1e-05,Cyperus polystachyos,,KL_Plant_0000061,21705,t0055001,Cyperus polystachyos,Plantae,species,多柱扁莎,accepted,多枝扁莎
2022-07-26_Plant_MianhuaIslet_97_04,HumanObservation,,2022-07-26_Plant_MianhuaIslet_97_04,研海生態顧問股份有限公司 (Ceta explorers Company Limited),,,,,,,,94樣區因7月調查時樣區旱因此9月重作,2022-07-26,,2022,7,26,Quadrat Sampling (5*5 m² Quadrat),Asia,Taiwan,TW,MianhuaIslet_Plant_97,,,25.48637,122.1061,EPSG:4326,10,1e-05,Ipomoea pes-caprae,,KL_Plant_0000028,25371,t0100319,Ipomoea pes-caprae,Plantae,species,馬鞍藤,accepted,
2022-07-26_Plant_MianhuaIslet_97_05,HumanObservation,,2022-07-26_Plant_MianhuaIslet_97_05,研海生態顧問股份有限公司 (Ceta explorers Company Limited),,,,,,,,,2022-07-26,,2022,7,26,Quadrat Sampling (5*5 m² Quadrat),Asia,Taiwan,TW,MianhuaIslet_Plant_97,,,25.48637,122.1061,EPSG:4326,10,1e-05,Oxalis corniculata,,KL_Plant_0000020,23347,t0054668,Oxalis corniculata,Plantae,species,酢漿草,accepted,
2022-07-26_Plant_MianhuaIslet_97_06,HumanObservation,,2022-07-26_Plant_MianhuaIslet_97_06,研海生態顧問股份有限公司 (Ceta explorers Company Limited),,,,,,,,,2022-07-26,,2022,7,26,Quadrat Sampling (5*5 m² Quadrat),Asia,Taiwan,TW,MianhuaIslet_Plant_97,,,25.48637,122.1061,EPSG:4326,10,1e-05,Lysimachia mauritiana,,KL_Plant_0000023,22991,t0054360,Lysimachia mauritiana,Plantae,species,茅毛珍珠菜,accepted,
2022-07-26_Plant_MianhuaIslet_97_07,HumanObservation,,2022-07-26_Plant_MianhuaIslet_97_07,研海生態顧問股份有限公司 (Ceta explorers Company Limited),,,,,,,,,2022-07-26,,2022,7,26,Quadrat Sampling (5*5 m² Quadrat),Asia,Taiwan,TW,MianhuaIslet_Plant_97,,,25.48637,122.1061,EPSG:4326,10,1e-05,Paspalum orbiculare,,KL_Plant_0000078,23423,t0054713,Paspalum orbiculare,Plantae,species,圓果雀稗,accepted,
2022-07-26_Plant_MianhuaIslet_97_08,HumanObservation,,2022-07-26_Plant_MianhuaIslet_97_08,研海生態顧問股份有限公司 (Ceta explorers Company Limited),,,,,,,,,2022-07-26,,2022,7,26,Quadrat Sampling (5*5 m² Quadrat),Asia,Taiwan,TW,MianhuaIslet_Plant_97,,,25.48637,122.1061,EPSG:4326,10,1e-05,Digitaria henryi,,KL_Plant_0000070,21820,t0053384,Digitaria henryi,Plantae,species,亨利馬唐,accepted,
2022-07-26_Plant_MianhuaIslet_97_09,HumanObservation,,2022-07-26_Plant_MianhuaIslet_97_09,研海生態顧問股份有限公司 (Ceta explorers Company Limited),,,,,,,,,2022-07-26,,2022,7,26,Quadrat Sampling (5*5 m² Quadrat),Asia,Taiwan,TW,MianhuaIslet_Plant_97,,,25.48637,122.1061,EPSG:4326,10,1e-05,Emilia sonchifolia,,KL_Plant_0000041,25212,t0053530,Emilia sonchifolia,Plantae,species,紫背草,accepted,一點紅 | 葉下紅
2022-07-26_Plant_MianhuaIslet_97_10,HumanObservation,,2022-07-26_Plant_MianhuaIslet_97_10,研海生態顧問股份有限公司 (Ceta explorers Company Limited),,,,,,,,,2022-07-26,,2022,7,26,Quadrat Sampling (5*5 m² Quadrat),Asia,Taiwan,TW,MianhuaIslet_Plant_97,,,25.48637,122.1061,EPSG:4326,10,1e-05,Conyza sumatrensis,,KL_Plant_0000039,55429,t0073443,Conyza sumatrensis,Plantae,species,野茼蒿,accepted,
2022-07-26_Plant_MianhuaIslet_97_11,HumanObservation,,2022-07-26_Plant_MianhuaIslet_97_11,研海生態顧問股份有限公司 (Ceta explorers Company Limited),,,,,,,,,2022-07-26,,2022,7,26,Quadrat Sampling (5*5 m² Quadrat),Asia,Taiwan,TW,MianhuaIslet_Plant_97,,,25.48637,122.1061,EPSG:4326,10,1e-05,Digitaria mollicoma,,KL_Plant_0000072,25162,t0053388,Digitaria mollicoma,Plantae,species,絨馬唐,accepted,大絨馬唐
2022-07-27_Plant_MianhuaIslet_73_01,HumanObservation,,2022-07-27_Plant_MianhuaIslet_73_01,研海生態顧問股份有限公司 (Ceta explorers Company Limited),,,,,,,,,2022-07-27,,2022,7,27,Quadrat Sampling (5*5 m² Quadrat),Asia,Taiwan,TW,MianhuaIslet_Plant_73,,,25.48498,122.10509,EPSG:4326,10,1e-05,Ipomoea pes-caprae,,KL_Plant_0000028,25371,t0100319,Ipomoea pes-caprae,Plantae,species,馬鞍藤,accepted,
2022-07-27_Plant_MianhuaIslet_73_02,HumanObservation,,2022-07-27_Plant_MianhuaIslet_73_02,研海生態顧問股份有限公司 (Ceta explorers Company Limited),,,,,,,,,2022-07-27,,2022,7,27,Quadrat Sampling (5*5 m² Quadrat),Asia,Taiwan,TW,MianhuaIslet_Plant_73,,,25.48498,122.10509,EPSG:4326,10,1e-05,Oxalis corniculata,,KL_Plant_0000020,23347,t0054668,Oxalis corniculata,Plantae,species,酢漿草,accepted,
2022-07-27_Plant_MianhuaIslet_73_03,HumanObservation,,2022-07-27_Plant_MianhuaIslet_73_03,研海生態顧問股份有限公司 (Ceta explorers Company Limited),,,,,,,,,2022-07-27,,2022,7,27,Quadrat Sampling (5*5 m² Quadrat),Asia,Taiwan,TW,MianhuaIslet_Plant_73,,,25.48498,122.10509,EPSG:4326,10,1e-05,Digitaria mollicoma,,KL_Plant_0000072,25162,t0053388,Digitaria mollicoma,Plantae,species,絨馬唐,accepted,大絨馬唐
2022-07-27_Plant_MianhuaIslet_73_04,HumanObservation,,2022-07-27_Plant_MianhuaIslet_73_04,研海生態顧問股份有限公司 (Ceta explorers Company Limited),,,,,,,,,2022-07-27,,2022,7,27,Quadrat Sampling (5*5 m² Quadrat),Asia,Taiwan,TW,MianhuaIslet_Plant_73,,,25.48498,122.10509,EPSG:4326,10,1e-05,Oenothera laciniata,,KL_Plant_0000053,23277,t0046093,Oenothera laciniata,Plantae,species,裂葉月見草,accepted,
2022-07-27_Plant_MianhuaIslet_73_05,HumanObservation,,2022-07-27_Plant_MianhuaIslet_73_05,研海生態顧問股份有限公司 (Ceta explorers Company Limited),,,,,,,,,2022-07-27,,2022,7,27,Quadrat Sampling (5*5 m² Quadrat),Asia,Taiwan,TW,MianhuaIslet_Plant_73,,,25.48498,122.10509,EPSG:4326,10,1e-05,Portulaca pilosa,,KL_Plant_0000015,23728,t0054932,Portulaca pilosa,Plantae,species,毛馬齒莧,accepted,
2022-07-27_Plant_MianhuaIslet_73_06,HumanObservation,,2022-07-27_Plant_MianhuaIslet_73_06,研海生態顧問股份有限公司 (Ceta explorers Company Limited),,,,,,,,,2022-07-27,,2022,7,27,Quadrat Sampling (5*5 m² Quadrat),Asia,Taiwan,TW,MianhuaIslet_Plant_73,,,25.48498,122.10509,EPSG:4326,10,1e-05,Emilia sonchifolia,,KL_Plant_0000041,25212,t0053530,Emilia sonchifolia,Plantae,species,紫背草,accepted,一點紅 | 葉下紅
2022-07-27_Plant_MianhuaIslet_73_07,HumanObservation,,2022-07-27_Plant_MianhuaIslet_73_07,研海生態顧問股份有限公司 (Ceta explorers Company Limited),,,,,,,,,2022-07-27,,2022,7,27,Quadrat Sampling (5*5 m² Quadrat),Asia,Taiwan,TW,MianhuaIslet_Plant_73,,,25.48498,122.10509,EPSG:4326,10,1e-05,Boerhavia glabrata,,KL_Plant_0000013,21022,t0040401,Boerhavia glabrata,Plantae,species,光果黃細心,accepted,
2022-07-27_Plant_MianhuaIslet_73_08,HumanObservation,,2022-07-27_Plant_MianhuaIslet_73_08,研海生態顧問股份有限公司 (Ceta explorers Company Limited),,,,,,,,,2022-07-27,,2022,7,27,Quadrat Sampling (5*5 m² Quadrat),Asia,Taiwan,TW,MianhuaIslet_Plant_73,,,25.48498,122.10509,EPSG:4326,10,1e-05,Digitaria henryi,,KL_Plant_0000070,21820,t0053384,Digitaria henryi,Plantae,species,亨利馬唐,accepted,
2022-07-27_Plant_MianhuaIslet_73_09,HumanObservation,,2022-07-27_Plant_MianhuaIslet_73_09,研海生態顧問股份有限公司 (Ceta explorers Company Limited),,,,,,,,,2022-07-27,,2022,7,27,Quadrat Sampling (5*5 m² Quadrat),Asia,Taiwan,TW,MianhuaIslet_Plant_73,,,25.48498,122.10509,EPSG:4326,10,1e-05,Cyperus polystachyos,,KL_Plant_0000061,21705,t0055001,Cyperus polystachyos,Plantae,species,多柱扁莎,accepted,多枝扁莎
2022-07-27_Plant_MianhuaIslet_73_10,HumanObservation,,2022-07-27_Plant_MianhuaIslet_73_10,研海生態顧問股份有限公司 (Ceta explorers Company Limited),,,,,,,,,2022-07-27,,2022,7,27,Quadrat Sampling (5*5 m² Quadrat),Asia,Taiwan,TW,MianhuaIslet_Plant_73,,,25.48498,122.10509,EPSG:4326,10,1e-05,Artemisia capillaris,,KL_Plant_0000035,20715,t0052627,Artemisia capillaris,Plantae,species,茵陳蒿,accepted,
2022-07-27_Plant_MianhuaIslet_73_11,HumanObservation,,2022-07-27_Plant_MianhuaIslet_73_11,研海生態顧問股份有限公司 (Ceta explorers Company Limited),,,,,,,,,2022-07-27,,2022,7,27,Quadrat Sampling (5*5 m² Quadrat),Asia,Taiwan,TW,MianhuaIslet_Plant_73,,,25.48498,122.10509,EPSG:4326,10,1e-05,Conyza sumatrensis,,KL_Plant_0000039,55429,t0073443,Conyza sumatrensis,Plantae,species,野茼蒿,accepted,
2022-07-27_Plant_MianhuaIslet_73_12,HumanObservation,,2022-07-27_Plant_MianhuaIslet_73_12,研海生態顧問股份有限公司 (Ceta explorers Company Limited),,,,,,,,,2022-07-27,,2022,7,27,Quadrat Sampling (5*5 m² Quadrat),Asia,Taiwan,TW,MianhuaIslet_Plant_73,,,25.48498,122.10509,EPSG:4326,10,1e-05,Sedum formosanum,,KL_Plant_0000019,24177,t0055292,Sedum formosanum,Plantae,species,台灣佛甲草,accepted,石板菜
2022-07-27_Plant_MianhuaIslet_73_13,HumanObservation,,2022-07-27_Plant_MianhuaIslet_73_13,研海生態顧問股份有限公司 (Ceta explorers Company Limited),,,,,,,,,2022-07-27,,2022,7,27,Quadrat Sampling (5*5 m² Quadrat),Asia,Taiwan,TW,MianhuaIslet_Plant_73,,,25.48498,122.10509,EPSG:4326,10,1e-05,Zoysia sinica,,KL_Plant_0000087,24827,t0049409,Zoysia sinica,Plantae,species,中華結縷草,accepted,
2022-07-27_Plant_MianhuaIslet_75_01,HumanObservation,,2022-07-27_Plant_MianhuaIslet_75_01,研海生態顧問股份有限公司 (Ceta explorers Company Limited),,,,,,,,,2022-07-27,,2022,7,27,Quadrat Sampling (5*5 m² Quadrat),Asia,Taiwan,TW,MianhuaIslet_Plant_75,,,25.48473,122.10604,EPSG:4326,10,1e-05,Crossostephium chinense,,KL_Plant_0000040,21588,t0053159,Crossostephium chinense,Plantae,species,蘄艾,accepted,
2022-07-27_Plant_MianhuaIslet_75_02,HumanObservation,,2022-07-27_Plant_MianhuaIslet_75_02,研海生態顧問股份有限公司 (Ceta explorers Company Limited),,,,,,,,,2022-07-27,,2022,7,27,Quadrat Sampling (5*5 m² Quadrat),Asia,Taiwan,TW,MianhuaIslet_Plant_75,,,25.48473,122.10604,EPSG:4326,10,1e-05,Lysimachia mauritiana,,KL_Plant_0000023,22991,t0054360,Lysimachia mauritiana,Plantae,species,茅毛珍珠菜,accepted,
2022-07-27_Plant_MianhuaIslet_75_03,HumanObservation,,2022-07-27_Plant_MianhuaIslet_75_03,研海生態顧問股份有限公司 (Ceta explorers Company Limited),,,,,,,,,2022-07-27,,2022,7,27,Quadrat Sampling (5*5 m² Quadrat),Asia,Taiwan,TW,MianhuaIslet_Plant_75,,,25.48473,122.10604,EPSG:4326,10,1e-05,Chenopodium acuminatum,,KL_Plant_0000016,55050,t0073189,Chenopodium acuminatum,Plantae,species,變葉藜,accepted,
2022-07-27_Plant_MianhuaIslet_75_04,HumanObservation,,2022-07-27_Plant_MianhuaIslet_75_04,研海生態顧問股份有限公司 (Ceta explorers Company Limited),,,,,,,,,2022-07-27,,2022,7,27,Quadrat Sampling (5*5 m² Quadrat),Asia,Taiwan,TW,MianhuaIslet_Plant_75,,,25.48473,122.10604,EPSG:4326,10,1e-05,Conyza sumatrensis,,KL_Plant_0000039,55429,t0073443,Conyza sumatrensis,Plantae,species,野茼蒿,accepted,
2022-07-27_Plant_MianhuaIslet_75_05,HumanObservation,,2022-07-27_Plant_MianhuaIslet_75_05,研海生態顧問股份有限公司 (Ceta explorers Company Limited),,,,,,,,,2022-07-27,,2022,7,27,Quadrat Sampling (5*5 m² Quadrat),Asia,Taiwan,TW,MianhuaIslet_Plant_75,,,25.48473,122.10604,EPSG:4326,10,1e-05,Portulaca pilosa,,KL_Plant_0000015,23728,t0054932,Portulaca pilosa,Plantae,species,毛馬齒莧,accepted,
2022-07-27_Plant_MianhuaIslet_75_06,HumanObservation,,2022-07-27_Plant_MianhuaIslet_75_06,研海生態顧問股份有限公司 (Ceta explorers Company Limited),,,,,,,,,2022-07-27,,2022,7,27,Quadrat Sampling (5*5 m² Quadrat),Asia,Taiwan,TW,MianhuaIslet_Plant_75,,,25.48473,122.10604,EPSG:4326,10,1e-05,Sedum formosanum,,KL_Plant_0000019,24177,t0055292,Sedum formosanum,Plantae,species,台灣佛甲草,accepted,石板菜
2022-09-30_Plant_MianhuaIslet_70_01,HumanObservation,,2022-09-30_Plant_MianhuaIslet_70_01,研海生態顧問股份有限公司 (Ceta explorers Company Limited),,,,,,,,,2022-09-30,,2022,9,30,Quadrat Sampling (5*5 m² Quadrat),Asia,Taiwan,TW,MianhuaIslet_Plant_70,,,25.48548,122.10439,EPSG:4326,10,1e-05,Scaevola taccada,,KL_Plant_0000034,25749,t0055240,Scaevola taccada,Plantae,species,草海桐,accepted,
2022-09-30_Plant_MianhuaIslet_70_02,HumanObservation,,2022-09-30_Plant_MianhuaIslet_70_02,研海生態顧問股份有限公司 (Ceta explorers Company Limited),,,,,,,,,2022-09-30,,2022,9,30,Quadrat Sampling (5*5 m² Quadrat),Asia,Taiwan,TW,MianhuaIslet_Plant_70,,,25.48548,122.10439,EPSG:4326,10,1e-05,Wollastonia dentata,,KL_Plant_0000092,60737,t0057507,Wollastonia dentata,Plantae,species,大天蓬草舅,accepted,天蓬草舅
2022-09-30_Plant_MianhuaIslet_70_03,HumanObservation,,2022-09-30_Plant_MianhuaIslet_70_03,研海生態顧問股份有限公司 (Ceta explorers Company Limited),,,,,,,,,2022-09-30,,2022,9,30,Quadrat Sampling (5*5 m² Quadrat),Asia,Taiwan,TW,MianhuaIslet_Plant_70,,,25.48548,122.10439,EPSG:4326,10,1e-05,Ipomoea pes-caprae,,KL_Plant_0000028,25371,t0100319,Ipomoea pes-caprae,Plantae,species,馬鞍藤,accepted,
2022-09-30_Plant_MianhuaIslet_70_04,HumanObservation,,2022-09-30_Plant_MianhuaIslet_70_04,研海生態顧問股份有限公司 (Ceta explorers Company Limited),,,,,,,,,2022-09-30,,2022,9,30,Quadrat Sampling (5*5 m² Quadrat),Asia,Taiwan,TW,MianhuaIslet_Plant_70,,,25.48548,122.10439,EPSG:4326,10,1e-05,Lysimachia mauritiana,,KL_Plant_0000023,22991,t0054360,Lysimachia mauritiana,Plantae,species,茅毛珍珠菜,accepted,
2022-09-30_Plant_MianhuaIslet_70_05,HumanObservation,,2022-09-30_Plant_MianhuaIslet_70_05,研海生態顧問股份有限公司 (Ceta explorers Company Limited),,,,,,,,,2022-09-30,,2022,9,30,Quadrat Sampling (5*5 m² Quadrat),Asia,Taiwan,TW,MianhuaIslet_Plant_70,,,25.48548,122.10439,EPSG:4326,10,1e-05,Vigna marina,,KL_Plant_0000056,25894,t0049306,Vigna marina,Plantae,species,濱豇豆,accepted,
2022-09-30_Plant_MianhuaIslet_70_06,HumanObservation,,2022-09-30_Plant_MianhuaIslet_70_06,研海生態顧問股份有限公司 (Ceta explorers Company Limited),,,,,,,,,2022-09-30,,2022,9,30,Quadrat Sampling (5*5 m² Quadrat),Asia,Taiwan,TW,MianhuaIslet_Plant_70,,,25.48548,122.10439,EPSG:4326,10,1e-05,Leonurus japonicus,,KL_Plant_0000030,22790,t0054200,Leonurus japonicus,Plantae,species,益母草,accepted,
2022-09-30_Plant_MianhuaIslet_71_01,HumanObservation,,2022-09-30_Plant_MianhuaIslet_71_01,研海生態顧問股份有限公司 (Ceta explorers Company Limited),,,,,,,,,2022-09-30,,2022,9,30,Quadrat Sampling (5*5 m² Quadrat),Asia,Taiwan,TW,MianhuaIslet_Plant_71,,,25.48488,122.10485,EPSG:4326,10,1e-05,Zoysia sinica,,KL_Plant_0000087,24827,t0049409,Zoysia sinica,Plantae,species,中華結縷草,accepted,
2022-09-30_Plant_MianhuaIslet_71_02,HumanObservation,,2022-09-30_Plant_MianhuaIslet_71_02,研海生態顧問股份有限公司 (Ceta explorers Company Limited),,,,,,,,,2022-09-30,,2022,9,30,Quadrat Sampling (5*5 m² Quadrat),Asia,Taiwan,TW,MianhuaIslet_Plant_71,,,25.48488,122.10485,EPSG:4326,10,1e-05,Oenothera laciniata,,KL_Plant_0000053,23277,t0046093,Oenothera laciniata,Plantae,species,裂葉月見草,accepted,
2022-09-30_Plant_MianhuaIslet_71_03,HumanObservation,,2022-09-30_Plant_MianhuaIslet_71_03,研海生態顧問股份有限公司 (Ceta explorers Company Limited),,,,,,,,,2022-09-30,,2022,9,30,Quadrat Sampling (5*5 m² Quadrat),Asia,Taiwan,TW,MianhuaIslet_Plant_71,,,25.48488,122.10485,EPSG:4326,10,1e-05,Portulaca pilosa,,KL_Plant_0000015,23728,t0054932,Portulaca pilosa,Plantae,species,毛馬齒莧,accepted,
2022-09-30_Plant_MianhuaIslet_71_04,HumanObservation,,2022-09-30_Plant_MianhuaIslet_71_04,研海生態顧問股份有限公司 (Ceta explorers Company Limited),,,,,,,,,2022-09-30,,2022,9,30,Quadrat Sampling (5*5 m² Quadrat),Asia,Taiwan,TW,MianhuaIslet_Plant_71,,,25.48488,122.10485,EPSG:4326,10,1e-05,Ipomoea pes-caprae,,KL_Plant_0000028,25371,t0100319,Ipomoea pes-caprae,Plantae,species,馬鞍藤,accepted,
2022-09-30_Plant_MianhuaIslet_71_05,HumanObservation,,2022-09-30_Plant_MianhuaIslet_71_05,研海生態顧問股份有限公司 (Ceta explorers Company Limited),,,,,,,,,2022-09-30,,2022,9,30,Quadrat Sampling (5*5 m² Quadrat),Asia,Taiwan,TW,MianhuaIslet_Plant_71,,,25.48488,122.10485,EPSG:4326,10,1e-05,Fimbristylis dichotoma,,KL_Plant_0000063,25271,t0053700,Fimbristylis dichotoma,Plantae,species,竹子飄拂草,accepted,
2022-09-30_Plant_MianhuaIslet_71_06,HumanObservation,,2022-09-30_Plant_MianhuaIslet_71_06,研海生態顧問股份有限公司 (Ceta explorers Company Limited),,,,,,,,,2022-09-30,,2022,9,30,Quadrat Sampling (5*5 m² Quadrat),Asia,Taiwan,TW,MianhuaIslet_Plant_71,,,25.48488,122.10485,EPSG:4326,10,1e-05,Cyperus polystachyos,,KL_Plant_0000061,21705,t0055001,Cyperus polystachyos,Plantae,species,多柱扁莎,accepted,多枝扁莎
2022-09-30_Plant_MianhuaIslet_73_01,HumanObservation,,2022-09-30_Plant_MianhuaIslet_73_01,研海生態顧問股份有限公司 (Ceta explorers Company Limited),,,,,,,,,2022-09-30,,2022,9,30,Quadrat Sampling (5*5 m² Quadrat),Asia,Taiwan,TW,MianhuaIslet_Plant_73,,,25.48498,122.10509,EPSG:4326,10,1e-05,Ipomoea pes-caprae,,KL_Plant_0000028,25371,t0100319,Ipomoea pes-caprae,Plantae,species,馬鞍藤,accepted,
2022-09-30_Plant_MianhuaIslet_73_02,HumanObservation,,2022-09-30_Plant_MianhuaIslet_73_02,研海生態顧問股份有限公司 (Ceta explorers Company Limited),,,,,,,,,2022-09-30,,2022,9,30,Quadrat Sampling (5*5 m² Quadrat),Asia,Taiwan,TW,MianhuaIslet_Plant_73,,,25.48498,122.10509,EPSG:4326,10,1e-05,Oxalis corniculata,,KL_Plant_0000020,23347,t0054668,Oxalis corniculata,Plantae,species,酢漿草,accepted,
2022-09-30_Plant_MianhuaIslet_73_03,HumanObservation,,2022-09-30_Plant_MianhuaIslet_73_03,研海生態顧問股份有限公司 (Ceta explorers Company Limited),,,,,,,,,2022-09-30,,2022,9,30,Quadrat Sampling (5*5 m² Quadrat),Asia,Taiwan,TW,MianhuaIslet_Plant_73,,,25.48498,122.10509,EPSG:4326,10,1e-05,Digitaria henryi,,KL_Plant_0000070,21820,t0053384,Digitaria henryi,Plantae,species,亨利馬唐,accepted,
2022-09-30_Plant_MianhuaIslet_73_04,HumanObservation,,2022-09-30_Plant_MianhuaIslet_73_04,研海生態顧問股份有限公司 (Ceta explorers Company Limited),,,,,,,,,2022-09-30,,2022,9,30,Quadrat Sampling (5*5 m² Quadrat),Asia,Taiwan,TW,MianhuaIslet_Plant_73,,,25.48498,122.10509,EPSG:4326,10,1e-05,Oenothera laciniata,,KL_Plant_0000053,23277,t0046093,Oenothera laciniata,Plantae,species,裂葉月見草,accepted,
2022-09-30_Plant_MianhuaIslet_73_05,HumanObservation,,2022-09-30_Plant_MianhuaIslet_73_05,研海生態顧問股份有限公司 (Ceta explorers Company Limited),,,,,,,,,2022-09-30,,2022,9,30,Quadrat Sampling (5*5 m² Quadrat),Asia,Taiwan,TW,MianhuaIslet_Plant_73,,,25.48498,122.10509,EPSG:4326,10,1e-05,Portulaca pilosa,,KL_Plant_0000015,23728,t0054932,Portulaca pilosa,Plantae,species,毛馬齒莧,accepted,
2022-09-30_Plant_MianhuaIslet_73_06,HumanObservation,,2022-09-30_Plant_MianhuaIslet_73_06,研海生態顧問股份有限公司 (Ceta explorers Company Limited),,,,,,,,,2022-09-30,,2022,9,30,Quadrat Sampling (5*5 m² Quadrat),Asia,Taiwan,TW,MianhuaIslet_Plant_73,,,25.48498,122.10509,EPSG:4326,10,1e-05,Digitaria mollicoma,,KL_Plant_0000072,25162,t0053388,Digitaria mollicoma,Plantae,species,絨馬唐,accepted,大絨馬唐
2022-09-30_Plant_MianhuaIslet_73_07,HumanObservation,,2022-09-30_Plant_MianhuaIslet_73_07,研海生態顧問股份有限公司 (Ceta explorers Company Limited),,,,,,,,,2022-09-30,,2022,9,30,Quadrat Sampling (5*5 m² Quadrat),Asia,Taiwan,TW,MianhuaIslet_Plant_73,,,25.48498,122.10509,EPSG:4326,10,1e-05,Sedum formosanum,,KL_Plant_0000019,24177,t0055292,Sedum formosanum,Plantae,species,台灣佛甲草,accepted,石板菜
2022-09-30_Plant_MianhuaIslet_73_08,HumanObservation,,2022-09-30_Plant_MianhuaIslet_73_08,研海生態顧問股份有限公司 (Ceta explorers Company Limited),,,,,,,,,2022-09-30,,2022,9,30,Quadrat Sampling (5*5 m² Quadrat),Asia,Taiwan,TW,MianhuaIslet_Plant_73,,,25.48498,122.10509,EPSG:4326,10,1e-05,Zoysia sinica,,KL_Plant_0000087,24827,t0049409,Zoysia sinica,Plantae,species,中華結縷草,accepted,
2022-09-30_Plant_MianhuaIslet_73_09,HumanObservation,,2022-09-30_Plant_MianhuaIslet_73_09,研海生態顧問股份有限公司 (Ceta explorers Company Limited),,,,,,,,,2022-09-30,,2022,9,30,Quadrat Sampling (5*5 m² Quadrat),Asia,Taiwan,TW,MianhuaIslet_Plant_73,,,25.48498,122.10509,EPSG:4326,10,1e-05,Lysimachia mauritiana,,KL_Plant_0000023,22991,t0054360,Lysimachia mauritiana,Plantae,species,茅毛珍珠菜,accepted,
2022-09-30_Plant_MianhuaIslet_94_01,HumanObservation,,2022-09-30_Plant_MianhuaIslet_94_01,研海生態顧問股份有限公司 (Ceta explorers Company Limited),,,,,,,,,2022-09-30,,2022,9,30,Quadrat Sampling (5*5 m² Quadrat),Asia,Taiwan,TW,MianhuaIslet_Plant_94,,,25.48704,122.10489,EPSG:4326,10,1e-05,Digitaria henryi,,KL_Plant_0000070,21820,t0053384,Digitaria henryi,Plantae,species,亨利馬唐,accepted,
2022-09-30_Plant_MianhuaIslet_94_02,HumanObservation,,2022-09-30_Plant_MianhuaIslet_94_02,研海生態顧問股份有限公司 (Ceta explorers Company Limited),,,,,,,,,2022-09-30,,2022,9,30,Quadrat Sampling (5*5 m² Quadrat),Asia,Taiwan,TW,MianhuaIslet_Plant_94,,,25.48704,122.10489,EPSG:4326,10,1e-05,Ipomoea pes-caprae,,KL_Plant_0000028,25371,t0100319,Ipomoea pes-caprae,Plantae,species,馬鞍藤,accepted,
2022-09-30_Plant_MianhuaIslet_94_03,HumanObservation,,2022-09-30_Plant_MianhuaIslet_94_03,研海生態顧問股份有限公司 (Ceta explorers Company Limited),,,,,,,,,2022-09-30,,2022,9,30,Quadrat Sampling (5*5 m² Quadrat),Asia,Taiwan,TW,MianhuaIslet_Plant_94,,,25.48704,122.10489,EPSG:4326,10,1e-05,Portulaca pilosa,,KL_Plant_0000015,23728,t0054932,Portulaca pilosa,Plantae,species,毛馬齒莧,accepted,
2022-09-30_Plant_MianhuaIslet_94_04,HumanObservation,,2022-09-30_Plant_MianhuaIslet_94_04,研海生態顧問股份有限公司 (Ceta explorers Company Limited),,,,,,,,,2022-09-30,,2022,9,30,Quadrat Sampling (5*5 m² Quadrat),Asia,Taiwan,TW,MianhuaIslet_Plant_94,,,25.48704,122.10489,EPSG:4326,10,1e-05,Lysimachia mauritiana,,KL_Plant_0000023,22991,t0054360,Lysimachia mauritiana,Plantae,species,茅毛珍珠菜,accepted,
2022-09-30_Plant_MianhuaIslet_94_05,HumanObservation,,2022-09-30_Plant_MianhuaIslet_94_05,研海生態顧問股份有限公司 (Ceta explorers Company Limited),,,,,,,,,2022-09-30,,2022,9,30,Quadrat Sampling (5*5 m² Quadrat),Asia,Taiwan,TW,MianhuaIslet_Plant_94,,,25.48704,122.10489,EPSG:4326,10,1e-05,Cyperus polystachyos,,KL_Plant_0000061,21705,t0055001,Cyperus polystachyos,Plantae,species,多柱扁莎,accepted,多枝扁莎
2022-09-30_Plant_MianhuaIslet_94_06,HumanObservation,,2022-09-30_Plant_MianhuaIslet_94_06,研海生態顧問股份有限公司 (Ceta explorers Company Limited),,,,,,,,,2022-09-30,,2022,9,30,Quadrat Sampling (5*5 m² Quadrat),Asia,Taiwan,TW,MianhuaIslet_Plant_94,,,25.48704,122.10489,EPSG:4326,10,1e-05,Oxalis corniculata,,KL_Plant_0000020,23347,t0054668,Oxalis corniculata,Plantae,species,酢漿草,accepted,
2022-09-30_Plant_MianhuaIslet_PostFire_01,HumanObservation,,2022-09-30_Plant_MianhuaIslet_PostFire_01,研海生態顧問股份有限公司 (Ceta explorers Company Limited),,,,,,,,,2022-09-30,,2022,9,30,Quadrat Sampling (10*10 m² Quadrat),Asia,Taiwan,TW,MianhuaIslet_Plant_PostFire,,,25.48506,122.10434,EPSG:4326,20,1e-05,Zoysia sinica,,KL_Plant_0000087,24827,t0049409,Zoysia sinica,Plantae,species,中華結縷草,accepted,
2022-09-30_Plant_MianhuaIslet_PostFire_02,HumanObservation,,2022-09-30_Plant_MianhuaIslet_PostFire_02,研海生態顧問股份有限公司 (Ceta explorers Company Limited),,,,,,,,,2022-09-30,,2022,9,30,Quadrat Sampling (10*10 m² Quadrat),Asia,Taiwan,TW,MianhuaIslet_Plant_PostFire,,,25.48506,122.10434,EPSG:4326,20,1e-05,Crossostephium chinense,,KL_Plant_0000040,21588,t0053159,Crossostephium chinense,Plantae,species,蘄艾,accepted,
2022-09-30_Plant_MianhuaIslet_PostFire_03,HumanObservation,,2022-09-30_Plant_MianhuaIslet_PostFire_03,研海生態顧問股份有限公司 (Ceta explorers Company Limited),,,,,,,,,2022-09-30,,2022,9,30,Quadrat Sampling (10*10 m² Quadrat),Asia,Taiwan,TW,MianhuaIslet_Plant_PostFire,,,25.48506,122.10434,EPSG:4326,20,1e-05,Ipomoea pes-caprae,,KL_Plant_0000028,25371,t0100319,Ipomoea pes-caprae,Plantae,species,馬鞍藤,accepted,
2022-09-30_Plant_MianhuaIslet_PostFire_04,HumanObservation,,2022-09-30_Plant_MianhuaIslet_PostFire_04,研海生態顧問股份有限公司 (Ceta explorers Company Limited),,,,,,,,,2022-09-30,,2022,9,30,Quadrat Sampling (10*10 m² Quadrat),Asia,Taiwan,TW,MianhuaIslet_Plant_PostFire,,,25.48506,122.10434,EPSG:4326,20,1e-05,Portulaca pilosa,,KL_Plant_0000015,23728,t0054932,Portulaca pilosa,Plantae,species,毛馬齒莧,accepted,
2022-09-30_Plant_MianhuaIslet_PostFire_05,HumanObservation,,2022-09-30_Plant_MianhuaIslet_PostFire_05,研海生態顧問股份有限公司 (Ceta explorers Company Limited),,,,,,,,,2022-09-30,,2022,9,30,Quadrat Sampling (10*10 m² Quadrat),Asia,Taiwan,TW,MianhuaIslet_Plant_PostFire,,,25.48506,122.10434,EPSG:4326,20,1e-05,Lysimachia mauritiana,,KL_Plant_0000023,22991,t0054360,Lysimachia mauritiana,Plantae,species,茅毛珍珠菜,accepted,
2022-09-30_Plant_MianhuaIslet_PostFire_06,HumanObservation,,2022-09-30_Plant_MianhuaIslet_PostFire_06,研海生態顧問股份有限公司 (Ceta explorers Company Limited),,,,,,,,,2022-09-30,,2022,9,30,Quadrat Sampling (10*10 m² Quadrat),Asia,Taiwan,TW,MianhuaIslet_Plant_PostFire,,,25.48506,122.10434,EPSG:4326,20,1e-05,Oenothera laciniata,,KL_Plant_0000053,23277,t0046093,Oenothera laciniata,Plantae,species,裂葉月見草,accepted,
2022-09-30_Plant_MianhuaIslet_PostFire_07,HumanObservation,,2022-09-30_Plant_MianhuaIslet_PostFire_07,研海生態顧問股份有限公司 (Ceta explorers Company Limited),,,,,,,,,2022-09-30,,2022,9,30,Quadrat Sampling (10*10 m² Quadrat),Asia,Taiwan,TW,MianhuaIslet_Plant_PostFire,,,25.48506,122.10434,EPSG:4326,20,1e-05,Emilia sonchifolia,,KL_Plant_0000041,25212,t0053530,Emilia sonchifolia,Plantae,species,紫背草,accepted,一點紅 | 葉下紅
2022-09-30_Plant_MianhuaIslet_PostFire_08,HumanObservation,,2022-09-30_Plant_MianhuaIslet_PostFire_08,研海生態顧問股份有限公司 (Ceta explorers Company Limited),,,,,,,,,2022-09-30,,2022,9,30,Quadrat Sampling (10*10 m² Quadrat),Asia,Taiwan,TW,MianhuaIslet_Plant_PostFire,,,25.48506,122.10434,EPSG:4326,20,1e-05,Digitaria henryi,,KL_Plant_0000070,21820,t0053384,Digitaria henryi,Plantae,species,亨利馬唐,accepted,
2022-09-30_Plant_MianhuaIslet_PostFire_09,HumanObservation,,2022-09-30_Plant_MianhuaIslet_PostFire_09,研海生態顧問股份有限公司 (Ceta explorers Company Limited),,,,,,,,,2022-09-30,,2022,9,30,Quadrat Sampling (10*10 m² Quadrat),Asia,Taiwan,TW,MianhuaIslet_Plant_PostFire,,,25.48506,122.10434,EPSG:4326,20,1e-05,Oxalis corniculata,,KL_Plant_0000020,23347,t0054668,Oxalis corniculata,Plantae,species,酢漿草,accepted,
2023-04-11_Plant_Mianhua Islet_0001,HumanObservation,,2023-04-11_Plant_Mianhua Islet_0001,研海生態顧問股份有限公司 (Ceta explorers Company Limited),,,,,,,,,2023-04-11,,2023,4,11,Line Transect Survey,Asia,Taiwan,TW,Mianhua Islet,,,25.48483,122.10535,EPSG:4326,400,1e-05,Cyrtomium falcatum,,KL_Plant_0000001,25108,t0058916,Cyrtomium falcatum,Plantae,species,全緣貫眾蕨,accepted,
2023-04-11_Plant_Mianhua Islet_0002,HumanObservation,,2023-04-11_Plant_Mianhua Islet_0002,研海生態顧問股份有限公司 (Ceta explorers Company Limited),,,,,,,,,2023-04-11,,2023,4,11,Line Transect Survey,Asia,Taiwan,TW,Mianhua Islet,,,25.48483,122.10535,EPSG:4326,400,1e-05,Pteris fauriei var. fauriei,,KL_Plant_0000002,145731,t0101197,Pteris fauriei var. fauriei,Plantae,variety,傅氏鳳尾蕨,accepted,
2023-04-11_Plant_Mianhua Islet_0003,HumanObservation,,2023-04-11_Plant_Mianhua Islet_0003,研海生態顧問股份有限公司 (Ceta explorers Company Limited),,,,,,,,,2023-04-11,,2023,4,11,Line Transect Survey,Asia,Taiwan,TW,Mianhua Islet,,,25.48483,122.10535,EPSG:4326,400,1e-05,Tetragonia tetragonoides,,KL_Plant_0000006,25847,t0055572,Tetragonia tetragonoides,Plantae,species,番杏,accepted,
2023-04-11_Plant_Mianhua Islet_0004,HumanObservation,,2023-04-11_Plant_Mianhua Islet_0004,研海生態顧問股份有限公司 (Ceta explorers Company Limited),,,,,,,,,2023-04-11,,2023,4,11,Line Transect Survey,Asia,Taiwan,TW,Mianhua Islet,,,25.48483,122.10535,EPSG:4326,400,1e-05,Sagina japonica,,KL_Plant_0000007,25741,t0055186,Sagina japonica,Plantae,species,瓜槌草,accepted,
2023-04-11_Plant_Mianhua Islet_0005,HumanObservation,,2023-04-11_Plant_Mianhua Islet_0005,研海生態顧問股份有限公司 (Ceta explorers Company Limited),,,,,,,,,2023-04-11,,2023,4,11,Line Transect Survey,Asia,Taiwan,TW,Mianhua Islet,,,25.48483,122.10535,EPSG:4326,400,1e-05,Persicaria chinensis,,KL_Plant_0000009,58649,t0058947,Persicaria chinensis,Plantae,species,火炭母草,accepted,
2023-04-11_Plant_Mianhua Islet_0006,HumanObservation,,2023-04-11_Plant_Mianhua Islet_0006,研海生態顧問股份有限公司 (Ceta explorers Company Limited),,,,,,,,,2023-04-11,,2023,4,11,Line Transect Survey,Asia,Taiwan,TW,Mianhua Islet,,,25.48483,122.10535,EPSG:4326,400,1e-05,Rumex japonicus,,KL_Plant_0000010,120410,t0059215,Rumex japonicus,Plantae,species,羊蹄,accepted,
2023-04-11_Plant_Mianhua Islet_0007,HumanObservation,,2023-04-11_Plant_Mianhua Islet_0007,研海生態顧問股份有限公司 (Ceta explorers Company Limited),,,,,,,,,2023-04-11,,2023,4,11,Line Transect Survey,Asia,Taiwan,TW,Mianhua Islet,,,25.48483,122.10535,EPSG:4326,400,1e-05,Cocculus orbiculatus,,KL_Plant_0000011,55292,t0073343,Cocculus orbiculatus,Plantae,species,木防己,accepted,
2023-04-11_Plant_Mianhua Islet_0008,HumanObservation,,2023-04-11_Plant_Mianhua Islet_0008,研海生態顧問股份有限公司 (Ceta explorers Company Limited),,,,,,,,,2023-04-11,,2023,4,11,Line Transect Survey,Asia,Taiwan,TW,Mianhua Islet,,,25.48483,122.10535,EPSG:4326,400,1e-05,Portulaca pilosa,,KL_Plant_0000015,23728,t0054932,Portulaca pilosa,Plantae,species,毛馬齒莧,accepted,
2023-04-11_Plant_Mianhua Islet_0009,HumanObservation,,2023-04-11_Plant_Mianhua Islet_0009,研海生態顧問股份有限公司 (Ceta explorers Company Limited),,,,,,,,,2023-04-11,,2023,4,11,Line Transect Survey,Asia,Taiwan,TW,Mianhua Islet,,,25.48483,122.10535,EPSG:4326,400,1e-05,Chenopodium acuminatum,,KL_Plant_0000016,55050,t0073189,Chenopodium acuminatum,Plantae,species,變葉藜,accepted,
2023-04-11_Plant_Mianhua Islet_0010,HumanObservation,,2023-04-11_Plant_Mianhua Islet_0010,研海生態顧問股份有限公司 (Ceta explorers Company Limited),,,,,,,,,2023-04-11,,2023,4,11,Line Transect Survey,Asia,Taiwan,TW,Mianhua Islet,,,25.48483,122.10535,EPSG:4326,400,1e-05,Sedum formosanum,,KL_Plant_0000019,24177,t0055292,Sedum formosanum,Plantae,species,台灣佛甲草,accepted,石板菜
2023-04-11_Plant_Mianhua Islet_0011,HumanObservation,,2023-04-11_Plant_Mianhua Islet_0011,研海生態顧問股份有限公司 (Ceta explorers Company Limited),,,,,,,,,2023-04-11,,2023,4,11,Line Transect Survey,Asia,Taiwan,TW,Mianhua Islet,,,25.48483,122.10535,EPSG:4326,400,1e-05,Oxalis corniculata,,KL_Plant_0000020,23347,t0054668,Oxalis corniculata,Plantae,species,酢漿草,accepted,
2023-04-11_Plant_Mianhua Islet_0012,HumanObservation,,2023-04-11_Plant_Mianhua Islet_0012,研海生態顧問股份有限公司 (Ceta explorers Company Limited),,,,,,,,,2023-04-11,,2023,4,11,Line Transect Survey,Asia,Taiwan,TW,Mianhua Islet,,,25.48483,122.10535,EPSG:4326,400,1e-05,Centella asiatica,,KL_Plant_0000021,54893,t0058743,Centella asiatica,Plantae,species,雷公根,accepted,
2023-04-11_Plant_Mianhua Islet_0013,HumanObservation,,2023-04-11_Plant_Mianhua Islet_0013,研海生態顧問股份有限公司 (Ceta explorers Company Limited),,,,,,,,,2023-04-11,,2023,4,11,Line Transect Survey,Asia,Taiwan,TW,Mianhua Islet,,,25.48483,122.10535,EPSG:4326,400,1e-05,Pittosporum tobira,,KL_Plant_0000022,58902,t0075339,Pittosporum tobira,Plantae,species,海桐,accepted,
2023-04-11_Plant_Mianhua Islet_0014,HumanObservation,,2023-04-11_Plant_Mianhua Islet_0014,研海生態顧問股份有限公司 (Ceta explorers Company Limited),,,,,,,,,2023-04-11,,2023,4,11,Line Transect Survey,Asia,Taiwan,TW,Mianhua Islet,,,25.48483,122.10535,EPSG:4326,400,1e-05,Lysimachia mauritiana,,KL_Plant_0000023,22991,t0054360,Lysimachia mauritiana,Plantae,species,茅毛珍珠菜,accepted,
2023-04-11_Plant_Mianhua Islet_0015,HumanObservation,,2023-04-11_Plant_Mianhua Islet_0015,研海生態顧問股份有限公司 (Ceta explorers Company Limited),,,,,,,,,2023-04-11,,2023,4,11,Line Transect Survey,Asia,Taiwan,TW,Mianhua Islet,,,25.48483,122.10535,EPSG:4326,400,1e-05,Leptopetalum coreanum,,KL_Plant_0000024,57472,t0103362,Leptopetalum coreanum,Plantae,species,脈耳草,accepted,
2023-04-11_Plant_Mianhua Islet_0016,HumanObservation,,2023-04-11_Plant_Mianhua Islet_0016,研海生態顧問股份有限公司 (Ceta explorers Company Limited),,,,,,,,,2023-04-11,,2023,4,11,Line Transect Survey,Asia,Taiwan,TW,Mianhua Islet,,,25.48483,122.10535,EPSG:4326,400,1e-05,Ipomoea pes-caprae,,KL_Plant_0000028,25371,t0100319,Ipomoea pes-caprae,Plantae,species,馬鞍藤,accepted,
2023-04-11_Plant_Mianhua Islet_0017,HumanObservation,,2023-04-11_Plant_Mianhua Islet_0017,研海生態顧問股份有限公司 (Ceta explorers Company Limited),,,,,,,,,2023-04-11,,2023,4,11,Line Transect Survey,Asia,Taiwan,TW,Mianhua Islet,,,25.48483,122.10535,EPSG:4326,400,1e-05,Callicarpa japonica var. luxurians,,KL_Plant_0000029,25954,t0087359,Callicarpa japonica var. luxurians,Plantae,variety,朝鮮紫珠,accepted,
2023-04-11_Plant_Mianhua Islet_0018,HumanObservation,,2023-04-11_Plant_Mianhua Islet_0018,研海生態顧問股份有限公司 (Ceta explorers Company Limited),,,,,,,,,2023-04-11,,2023,4,11,Line Transect Survey,Asia,Taiwan,TW,Mianhua Islet,,,25.48483,122.10535,EPSG:4326,400,1e-05,Leonurus japonicus,,KL_Plant_0000030,22790,t0054200,Leonurus japonicus,Plantae,species,益母草,accepted,
2023-04-11_Plant_Mianhua Islet_0019,HumanObservation,,2023-04-11_Plant_Mianhua Islet_0019,研海生態顧問股份有限公司 (Ceta explorers Company Limited),,,,,,,,,2023-04-11,,2023,4,11,Line Transect Survey,Asia,Taiwan,TW,Mianhua Islet,,,25.48483,122.10535,EPSG:4326,400,1e-05,Corydalis koidzumiana,,KL_Plant_0000033,21549,t0053128,Corydalis koidzumiana,Plantae,species,密花黃堇,accepted,密花黃菫
2023-04-11_Plant_Mianhua Islet_0020,HumanObservation,,2023-04-11_Plant_Mianhua Islet_0020,研海生態顧問股份有限公司 (Ceta explorers Company Limited),,,,,,,,,2023-04-11,,2023,4,11,Line Transect Survey,Asia,Taiwan,TW,Mianhua Islet,,,25.48483,122.10535,EPSG:4326,400,1e-05,Scaevola taccada,,KL_Plant_0000034,25749,t0055240,Scaevola taccada,Plantae,species,草海桐,accepted,
2023-04-11_Plant_Mianhua Islet_0021,HumanObservation,,2023-04-11_Plant_Mianhua Islet_0021,研海生態顧問股份有限公司 (Ceta explorers Company Limited),,,,,,,,,2023-04-11,,2023,4,11,Line Transect Survey,Asia,Taiwan,TW,Mianhua Islet,,,25.48483,122.10535,EPSG:4326,400,1e-05,Artemisia capillaris,,KL_Plant_0000035,20715,t0052627,Artemisia capillaris,Plantae,species,茵陳蒿,accepted,
2023-04-11_Plant_Mianhua Islet_0022,HumanObservation,,2023-04-11_Plant_Mianhua Islet_0022,研海生態顧問股份有限公司 (Ceta explorers Company Limited),,,,,,,,,2023-04-11,,2023,4,11,Line Transect Survey,Asia,Taiwan,TW,Mianhua Islet,,,25.48483,122.10535,EPSG:4326,400,1e-05,Conyza sumatrensis,,KL_Plant_0000039,55429,t0073443,Conyza sumatrensis,Plantae,species,野茼蒿,accepted,
2023-04-11_Plant_Mianhua Islet_0023,HumanObservation,,2023-04-11_Plant_Mianhua Islet_0023,研海生態顧問股份有限公司 (Ceta explorers Company Limited),,,,,,,,,2023-04-11,,2023,4,11,Line Transect Survey,Asia,Taiwan,TW,Mianhua Islet,,,25.48483,122.10535,EPSG:4326,400,1e-05,Crossostephium chinense,,KL_Plant_0000040,21588,t0053159,Crossostephium chinense,Plantae,species,蘄艾,accepted,
2023-04-11_Plant_Mianhua Islet_0024,HumanObservation,,2023-04-11_Plant_Mianhua Islet_0024,研海生態顧問股份有限公司 (Ceta explorers Company Limited),,,,,,,,,2023-04-11,,2023,4,11,Line Transect Survey,Asia,Taiwan,TW,Mianhua Islet,,,25.48483,122.10535,EPSG:4326,400,1e-05,Emilia sonchifolia,,KL_Plant_0000041,25212,t0053530,Emilia sonchifolia,Plantae,species,紫背草,accepted,一點紅 | 葉下紅
2023-04-11_Plant_Mianhua Islet_0025,HumanObservation,,2023-04-11_Plant_Mianhua Islet_0025,研海生態顧問股份有限公司 (Ceta explorers Company Limited),,,,,,,,,2023-04-11,,2023,4,11,Line Transect Survey,Asia,Taiwan,TW,Mianhua Islet,,,25.48483,122.10535,EPSG:4326,400,1e-05,Gnaphalium luteoalbum subsp. affine,,KL_Plant_0000043,61275,t0057950,Gnaphalium luteoalbum subsp. affine,Plantae,subspecies,鼠麴草,accepted,
2023-04-11_Plant_Mianhua Islet_0026,HumanObservation,,2023-04-11_Plant_Mianhua Islet_0026,研海生態顧問股份有限公司 (Ceta explorers Company Limited),,,,,,,,,2023-04-11,,2023,4,11,Line Transect Survey,Asia,Taiwan,TW,Mianhua Islet,,,25.48483,122.10535,EPSG:4326,400,1e-05,Gnaphalium calviceps,,KL_Plant_0000044,22348,t0053831,Gnaphalium calviceps,Plantae,species,直莖鼠麴草,accepted,
2023-04-11_Plant_Mianhua Islet_0027,HumanObservation,,2023-04-11_Plant_Mianhua Islet_0027,研海生態顧問股份有限公司 (Ceta explorers Company Limited),,,,,,,,,2023-04-11,,2023,4,11,Line Transect Survey,Asia,Taiwan,TW,Mianhua Islet,,,25.48483,122.10535,EPSG:4326,400,1e-05,Sonchus oleraceus,,KL_Plant_0000048,24320,t0055402,Sonchus oleraceus,Plantae,species,苦滇菜,accepted,
2023-04-11_Plant_Mianhua Islet_0028,HumanObservation,,2023-04-11_Plant_Mianhua Islet_0028,研海生態顧問股份有限公司 (Ceta explorers Company Limited),,,,,,,,,2023-04-11,,2023,4,11,Line Transect Survey,Asia,Taiwan,TW,Mianhua Islet,,,25.48483,122.10535,EPSG:4326,400,1e-05,Wollastonia biflora,,KL_Plant_0000049,60736,t0069822,Wollastonia biflora,Plantae,species,雙花蟛蜞菊,accepted,
2023-04-11_Plant_Mianhua Islet_0029,HumanObservation,,2023-04-11_Plant_Mianhua Islet_0029,研海生態顧問股份有限公司 (Ceta explorers Company Limited),,,,,,,,,2023-04-11,,2023,4,11,Line Transect Survey,Asia,Taiwan,TW,Mianhua Islet,,,25.48483,122.10535,EPSG:4326,400,1e-05,Wollastonia dentata,,KL_Plant_0000092,60737,t0057507,Wollastonia dentata,Plantae,species,大天蓬草舅,accepted,天蓬草舅
2023-04-11_Plant_Mianhua Islet_0030,HumanObservation,,2023-04-11_Plant_Mianhua Islet_0030,研海生態顧問股份有限公司 (Ceta explorers Company Limited),,,,,,,,,2023-04-11,,2023,4,11,Line Transect Survey,Asia,Taiwan,TW,Mianhua Islet,,,25.48483,122.10535,EPSG:4326,400,1e-05,Youngia japonica,,KL_Plant_0000052,25907,t0069832,Youngia japonica,Plantae,species,黃鵪菜,accepted,
2023-04-11_Plant_Mianhua Islet_0031,HumanObservation,,2023-04-11_Plant_Mianhua Islet_0031,研海生態顧問股份有限公司 (Ceta explorers Company Limited),,,,,,,,,2023-04-11,,2023,4,11,Line Transect Survey,Asia,Taiwan,TW,Mianhua Islet,,,25.48483,122.10535,EPSG:4326,400,1e-05,Oenothera laciniata,,KL_Plant_0000053,23277,t0046093,Oenothera laciniata,Plantae,species,裂葉月見草,accepted,
2023-04-11_Plant_Mianhua Islet_0032,HumanObservation,,2023-04-11_Plant_Mianhua Islet_0032,研海生態顧問股份有限公司 (Ceta explorers Company Limited),,,,,,,,,2023-04-11,,2023,4,11,Line Transect Survey,Asia,Taiwan,TW,Mianhua Islet,,,25.48483,122.10535,EPSG:4326,400,1e-05,Raphanus raphanistrum subsp. sativus,,KL_Plant_0000054,144038,t0055045,Raphanus raphanistrum subsp. sativus,Plantae,subspecies,濱蘿蔔,accepted,濱萊菔
2023-04-11_Plant_Mianhua Islet_0033,HumanObservation,,2023-04-11_Plant_Mianhua Islet_0033,研海生態顧問股份有限公司 (Ceta explorers Company Limited),,,,,,,,,2023-04-11,,2023,4,11,Line Transect Survey,Asia,Taiwan,TW,Mianhua Islet,,,25.48483,122.10535,EPSG:4326,400,1e-05,Vigna marina,,KL_Plant_0000056,25894,t0049306,Vigna marina,Plantae,species,濱豇豆,accepted,
2023-04-11_Plant_Mianhua Islet_0034,HumanObservation,,2023-04-11_Plant_Mianhua Islet_0034,研海生態顧問股份有限公司 (Ceta explorers Company Limited),,,,,,,,,2023-04-11,,2023,4,11,Line Transect Survey,Asia,Taiwan,TW,Mianhua Islet,,,25.48483,122.10535,EPSG:4326,400,1e-05,Pilea peploides var. major,,KL_Plant_0000057,61485,t0086947,Pilea peploides var. major,Plantae,variety,齒葉矮冷水麻,accepted,苦水花 | 矮冷水麻
2023-04-11_Plant_Mianhua Islet_0035,HumanObservation,,2023-04-11_Plant_Mianhua Islet_0035,研海生態顧問股份有限公司 (Ceta explorers Company Limited),,,,,,,,,2023-04-11,,2023,4,11,Line Transect Survey,Asia,Taiwan,TW,Mianhua Islet,,,25.48483,122.10535,EPSG:4326,400,1e-05,Commelina diffusa,,KL_Plant_0000059,21505,t0053100,Commelina diffusa,Plantae,species,竹仔菜,accepted,
2023-04-11_Plant_Mianhua Islet_0036,HumanObservation,,2023-04-11_Plant_Mianhua Islet_0036,研海生態顧問股份有限公司 (Ceta explorers Company Limited),,,,,,,,,2023-04-11,,2023,4,11,Line Transect Survey,Asia,Taiwan,TW,Mianhua Islet,,,25.48483,122.10535,EPSG:4326,400,1e-05,Carex breviculmis,,KL_Plant_0000060,21205,t0052815,Carex breviculmis,Plantae,species,短莖宿柱薹,accepted,
2023-04-11_Plant_Mianhua Islet_0037,HumanObservation,,2023-04-11_Plant_Mianhua Islet_0037,研海生態顧問股份有限公司 (Ceta explorers Company Limited),,,,,,,,,2023-04-11,,2023,4,11,Line Transect Survey,Asia,Taiwan,TW,Mianhua Islet,,,25.48483,122.10535,EPSG:4326,400,1e-05,Cyperus polystachyos,,KL_Plant_0000061,21705,t0055001,Cyperus polystachyos,Plantae,species,多柱扁莎,accepted,多枝扁莎
2023-04-11_Plant_Mianhua Islet_0038,HumanObservation,,2023-04-11_Plant_Mianhua Islet_0038,研海生態顧問股份有限公司 (Ceta explorers Company Limited),,,,,,,,,2023-04-11,,2023,4,11,Line Transect Survey,Asia,Taiwan,TW,Mianhua Islet,,,25.48483,122.10535,EPSG:4326,400,1e-05,Fimbristylis dichotoma,,KL_Plant_0000063,25271,t0053700,Fimbristylis dichotoma,Plantae,species,竹子飄拂草,accepted,
2023-04-11_Plant_Mianhua Islet_0039,HumanObservation,,2023-04-11_Plant_Mianhua Islet_0039,研海生態顧問股份有限公司 (Ceta explorers Company Limited),,,,,,,,,2023-04-11,,2023,4,11,Line Transect Survey,Asia,Taiwan,TW,Mianhua Islet,,,25.48483,122.10535,EPSG:4326,400,1e-05,Brachiaria villosa,,KL_Plant_0000066,24962,t0040426,Brachiaria villosa,Plantae,species,毛臂形草,accepted,
2023-04-11_Plant_Mianhua Islet_0040,HumanObservation,,2023-04-11_Plant_Mianhua Islet_0040,研海生態顧問股份有限公司 (Ceta explorers Company Limited),,,,,,,,,2023-04-11,,2023,4,11,Line Transect Survey,Asia,Taiwan,TW,Mianhua Islet,,,25.48483,122.10535,EPSG:4326,400,1e-05,Digitaria ciliaris,,KL_Plant_0000069,25157,t0053380,Digitaria ciliaris,Plantae,species,升馬唐,accepted,
2023-04-11_Plant_Mianhua Islet_0041,HumanObservation,,2023-04-11_Plant_Mianhua Islet_0041,研海生態顧問股份有限公司 (Ceta explorers Company Limited),,,,,,,,,2023-04-11,,2023,4,11,Line Transect Survey,Asia,Taiwan,TW,Mianhua Islet,,,25.48483,122.10535,EPSG:4326,400,1e-05,Digitaria henryi,,KL_Plant_0000070,21820,t0053384,Digitaria henryi,Plantae,species,亨利馬唐,accepted,
2023-04-11_Plant_Mianhua Islet_0042,HumanObservation,,2023-04-11_Plant_Mianhua Islet_0042,研海生態顧問股份有限公司 (Ceta explorers Company Limited),,,,,,,,,2023-04-11,,2023,4,11,Line Transect Survey,Asia,Taiwan,TW,Mianhua Islet,,,25.48483,122.10535,EPSG:4326,400,1e-05,Digitaria mollicoma,,KL_Plant_0000072,25162,t0053388,Digitaria mollicoma,Plantae,species,絨馬唐,accepted,大絨馬唐
2023-04-11_Plant_Mianhua Islet_0043,HumanObservation,,2023-04-11_Plant_Mianhua Islet_0043,研海生態顧問股份有限公司 (Ceta explorers Company Limited),,,,,,,,,2023-04-11,,2023,4,11,Line Transect Survey,Asia,Taiwan,TW,Mianhua Islet,,,25.48483,122.10535,EPSG:4326,400,1e-05,Imperata cylindrica var. major,,KL_Plant_0000075,26121,t0087378,Imperata cylindrica var. major,Plantae,variety,白茅,accepted,
2023-04-11_Plant_Mianhua Islet_0044,HumanObservation,,2023-04-11_Plant_Mianhua Islet_0044,研海生態顧問股份有限公司 (Ceta explorers Company Limited),,,,,,,,,2023-04-11,,2023,4,11,Line Transect Survey,Asia,Taiwan,TW,Mianhua Islet,,,25.48483,122.10535,EPSG:4326,400,1e-05,Paspalum orbiculare,,KL_Plant_0000078,23423,t0054713,Paspalum orbiculare,Plantae,species,圓果雀稗,accepted,
2023-04-11_Plant_Mianhua Islet_0045,HumanObservation,,2023-04-11_Plant_Mianhua Islet_0045,研海生態顧問股份有限公司 (Ceta explorers Company Limited),,,,,,,,,2023-04-11,,2023,4,11,Line Transect Survey,Asia,Taiwan,TW,Mianhua Islet,,,25.48483,122.10535,EPSG:4326,400,1e-05,Paspalum vaginatum,,KL_Plant_0000080,23429,t0054719,Paspalum vaginatum,Plantae,species,海雀稗,accepted,
2023-04-11_Plant_Mianhua Islet_0046,HumanObservation,,2023-04-11_Plant_Mianhua Islet_0046,研海生態顧問股份有限公司 (Ceta explorers Company Limited),,,,,,,,,2023-04-11,,2023,4,11,Line Transect Survey,Asia,Taiwan,TW,Mianhua Islet,,,25.48483,122.10535,EPSG:4326,400,1e-05,Setaria parviflora,,KL_Plant_0000083,59832,t0058251,Setaria parviflora,Plantae,species,莠狗尾草,accepted,
2023-04-11_Plant_Mianhua Islet_0047,HumanObservation,,2023-04-11_Plant_Mianhua Islet_0047,研海生態顧問股份有限公司 (Ceta explorers Company Limited),,,,,,,,,2023-04-11,,2023,4,11,Line Transect Survey,Asia,Taiwan,TW,Mianhua Islet,,,25.48483,122.10535,EPSG:4326,400,1e-05,Zoysia sinica,,KL_Plant_0000087,24827,t0049409,Zoysia sinica,Plantae,species,中華結縷草,accepted,
2023-04-11_Plant_Mianhua Islet_0048,HumanObservation,,2023-04-11_Plant_Mianhua Islet_0048,研海生態顧問股份有限公司 (Ceta explorers Company Limited),,,,,,,,,2023-04-11,,2023,4,11,Line Transect Survey,Asia,Taiwan,TW,Mianhua Islet,,,25.48483,122.10535,EPSG:4326,400,1e-05,Plantago virginica,,KL_Plant_0000093,23581,t0054867,Plantago virginica,Plantae,species,毛車前草,accepted,
2023-04-11_Plant_Mianhua Islet_0049,HumanObservation,,2023-04-11_Plant_Mianhua Islet_0049,研海生態顧問股份有限公司 (Ceta explorers Company Limited),,,,,,,,,2023-04-11,,2023,4,11,Line Transect Survey,Asia,Taiwan,TW,Mianhua Islet,,,25.48483,122.10535,EPSG:4326,400,1e-05,Smilax china,,KL_Plant_0000094,24267,t0055362,Smilax china,Plantae,species,菝葜,accepted,
2023-04-11_Plant_MianhuaIslet_PostFire_0001,HumanObservation,"{'coverage': '0.02', 'sociability': 'scattered in isolated clusters'}",2023-04-11_Plant_MianhuaIslet_PostFire_0001,研海生態顧問股份有限公司 (Ceta explorers Company Limited),,,,,,,,,2023-04-11,,2023,4,11,Quadrat Sampling (10*10 m² Quadrat),Asia,Taiwan,TW,MianhuaIslet_Plant_PostFire,,,25.48506,122.10434,EPSG:4326,20,1e-05,Crossostephium chinense,,KL_Plant_0000040,21588,t0053159,Crossostephium chinense,Plantae,species,蘄艾,accepted,
2023-04-11_Plant_MianhuaIslet_PostFire_0002,HumanObservation,"{'coverage': '0.02', 'sociability': 'scattered in isolated clusters'}",2023-04-11_Plant_MianhuaIslet_PostFire_0002,研海生態顧問股份有限公司 (Ceta explorers Company Limited),,,,,,,,,2023-04-11,,2023,4,11,Quadrat Sampling (10*10 m² Quadrat),Asia,Taiwan,TW,MianhuaIslet_Plant_PostFire,,,25.48506,122.10434,EPSG:4326,20,1e-05,Portulaca pilosa,,KL_Plant_0000015,23728,t0054932,Portulaca pilosa,Plantae,species,毛馬齒莧,accepted,
2023-04-11_Plant_MianhuaIslet_PostFire_0003,HumanObservation,"{'coverage': '0.02', 'sociability': 'scattered in isolated clusters'}",2023-04-11_Plant_MianhuaIslet_PostFire_0003,研海生態顧問股份有限公司 (Ceta explorers Company Limited),,,,,,,,,2023-04-11,,2023,4,11,Quadrat Sampling (10*10 m² Quadrat),Asia,Taiwan,TW,MianhuaIslet_Plant_PostFire,,,25.48506,122.10434,EPSG:4326,20,1e-05,Gnaphalium calviceps,,KL_Plant_0000044,22348,t0053831,Gnaphalium calviceps,Plantae,species,直莖鼠麴草,accepted,
2023-04-11_Plant_MianhuaIslet_PostFire_0004,HumanObservation,"{'coverage': '0.02', 'sociability': 'scattered in isolated clusters'}",2023-04-11_Plant_MianhuaIslet_PostFire_0004,研海生態顧問股份有限公司 (Ceta explorers Company Limited),,,,,,,,,2023-04-11,,2023,4,11,Quadrat Sampling (10*10 m² Quadrat),Asia,Taiwan,TW,MianhuaIslet_Plant_PostFire,,,25.48506,122.10434,EPSG:4326,20,1e-05,Lysimachia mauritiana,,KL_Plant_0000023,22991,t0054360,Lysimachia mauritiana,Plantae,species,茅毛珍珠菜,accepted,
2023-04-11_Plant_MianhuaIslet_PostFire_0005,HumanObservation,"{'coverage': '0.05', 'sociability': 'extensive plantings over whole areas'}",2023-04-11_Plant_MianhuaIslet_PostFire_0005,研海生態顧問股份有限公司 (Ceta explorers Company Limited),,,,,,,,,2023-04-11,,2023,4,11,Quadrat Sampling (10*10 m² Quadrat),Asia,Taiwan,TW,MianhuaIslet_Plant_PostFire,,,25.48506,122.10434,EPSG:4326,20,1e-05,Youngia japonica,,KL_Plant_0000052,25907,t0069832,Youngia japonica,Plantae,species,黃鵪菜,accepted,
2023-04-11_Plant_MianhuaIslet_PostFire_0006,HumanObservation,"{'coverage': '0.9', 'sociability': 'extensive plantings over whole areas'}",2023-04-11_Plant_MianhuaIslet_PostFire_0006,研海生態顧問股份有限公司 (Ceta explorers Company Limited),,,,,,,,,2023-04-11,,2023,4,11,Quadrat Sampling (10*10 m² Quadrat),Asia,Taiwan,TW,MianhuaIslet_Plant_PostFire,,,25.48506,122.10434,EPSG:4326,20,1e-05,Zoysia sinica,,KL_Plant_0000087,24827,t0049409,Zoysia sinica,Plantae,species,中華結縷草,accepted,
2023-04-11_Plant_MianhuaIslet_PostFire_0007,HumanObservation,"{'coverage': '0.01', 'sociability': 'scattered in isolated clusters'}",2023-04-11_Plant_MianhuaIslet_PostFire_0007,研海生態顧問股份有限公司 (Ceta explorers Company Limited),,,,,,,,,2023-04-11,,2023,4,11,Quadrat Sampling (10*10 m² Quadrat),Asia,Taiwan,TW,MianhuaIslet_Plant_PostFire,,,25.48506,122.10434,EPSG:4326,20,1e-05,Emilia sonchifolia,,KL_Plant_0000041,25212,t0053530,Emilia sonchifolia,Plantae,species,紫背草,accepted,一點紅 | 葉下紅
2023-04-11_Plant_MianhuaIslet_PostFire_0008,HumanObservation,"{'coverage': '<0.01', 'sociability': 'scattered in isolated clusters'}",2023-04-11_Plant_MianhuaIslet_PostFire_0008,研海生態顧問股份有限公司 (Ceta explorers Company Limited),,,,,,,,,2023-04-11,,2023,4,11,Quadrat Sampling (10*10 m² Quadrat),Asia,Taiwan,TW,MianhuaIslet_Plant_PostFire,,,25.48506,122.10434,EPSG:4326,20,1e-05,Cyperus polystachyos,,KL_Plant_0000061,21705,t0055001,Cyperus polystachyos,Plantae,species,多柱扁莎,accepted,多枝扁莎
2023-04-11_Plant_MianhuaIslet_PostFire_0009,HumanObservation,"{'coverage': '0.02', 'sociability': 'scattered in groups or small patches'}",2023-04-11_Plant_MianhuaIslet_PostFire_0009,研海生態顧問股份有限公司 (Ceta explorers Company Limited),,,,,,,,,2023-04-11,,2023,4,11,Quadrat Sampling (10*10 m² Quadrat),Asia,Taiwan,TW,MianhuaIslet_Plant_PostFire,,,25.48506,122.10434,EPSG:4326,20,1e-05,Centella asiatica,,KL_Plant_0000021,54893,t0058743,Centella asiatica,Plantae,species,雷公根,accepted,
2023-04-11_Plant_MianhuaIslet_PostFire_0010,HumanObservation,"{'coverage': '0.03', 'sociability': 'scattered in groups or small patches'}",2023-04-11_Plant_MianhuaIslet_PostFire_0010,研海生態顧問股份有限公司 (Ceta explorers Company Limited),,,,,,,,,2023-04-11,,2023,4,11,Quadrat Sampling (10*10 m² Quadrat),Asia,Taiwan,TW,MianhuaIslet_Plant_PostFire,,,25.48506,122.10434,EPSG:4326,20,1e-05,Ipomoea pes-caprae,,KL_Plant_0000028,25371,t0100319,Ipomoea pes-caprae,Plantae,species,馬鞍藤,accepted,
2023-04-11_Plant_MianhuaIslet_PostFire_0011,HumanObservation,"{'coverage': '<0.01', 'sociability': 'scattered in isolated clusters'}",2023-04-11_Plant_MianhuaIslet_PostFire_0011,研海生態顧問股份有限公司 (Ceta explorers Company Limited),,,,,,,,,2023-04-11,,2023,4,11,Quadrat Sampling (10*10 m² Quadrat),Asia,Taiwan,TW,MianhuaIslet_Plant_PostFire,,,25.48506,122.10434,EPSG:4326,20,1e-05,Oxalis corniculata,,KL_Plant_0000020,23347,t0054668,Oxalis corniculata,Plantae,species,酢漿草,accepted,
2023-04-11_Plant_MianhuaIslet_PostFire_0012,HumanObservation,"{'coverage': '0.01', 'sociability': 'scattered in isolated clusters'}",2023-04-11_Plant_MianhuaIslet_PostFire_0012,研海生態顧問股份有限公司 (Ceta explorers Company Limited),,,,,,,,,2023-04-11,,2023,4,11,Quadrat Sampling (10*10 m² Quadrat),Asia,Taiwan,TW,MianhuaIslet_Plant_PostFire,,,25.48506,122.10434,EPSG:4326,20,1e-05,Oenothera laciniata,,KL_Plant_0000053,23277,t0046093,Oenothera laciniata,Plantae,species,裂葉月見草,accepted,
2023-04-11_Plant_MianhuaIslet_PostFire_0013,HumanObservation,"{'coverage': '<0.01', 'sociability': '1~2 plants'}",2023-04-11_Plant_MianhuaIslet_PostFire_0013,研海生態顧問股份有限公司 (Ceta explorers Company Limited),,,,,,,,,2023-04-11,,2023,4,11,Quadrat Sampling (10*10 m² Quadrat),Asia,Taiwan,TW,MianhuaIslet_Plant_PostFire,,,25.48506,122.10434,EPSG:4326,20,1e-05,Sonchus oleraceus,,KL_Plant_0000048,24320,t0055402,Sonchus oleraceus,Plantae,species,苦滇菜,accepted,
2023-04-11_Plant_MianhuaIslet_PostFire_0014,HumanObservation,"{'coverage': '0.01', 'sociability': 'scattered in isolated clusters'}",2023-04-11_Plant_MianhuaIslet_PostFire_0014,研海生態顧問股份有限公司 (Ceta explorers Company Limited),,,,,,,,,2023-04-11,,2023,4,11,Quadrat Sampling (10*10 m² Quadrat),Asia,Taiwan,TW,MianhuaIslet_Plant_PostFire,,,25.48506,122.10434,EPSG:4326,20,1e-05,Digitaria ciliaris,,KL_Plant_0000069,25157,t0053380,Digitaria ciliaris,Plantae,species,升馬唐,accepted,
2023-04-11_Plant_MianhuaIslet_PostFire_0015,HumanObservation,"{'coverage': '0.03', 'sociability': 'scattered in groups or small patches'}",2023-04-11_Plant_MianhuaIslet_PostFire_0015,研海生態顧問股份有限公司 (Ceta explorers Company Limited),,,,,,,,,2023-04-11,,2023,4,11,Quadrat Sampling (10*10 m² Quadrat),Asia,Taiwan,TW,MianhuaIslet_Plant_PostFire,,,25.48506,122.10434,EPSG:4326,20,1e-05,Gnaphalium luteoalbum subsp. affine,,KL_Plant_0000043,61275,t0057950,Gnaphalium luteoalbum subsp. affine,Plantae,subspecies,鼠麴草,accepted,
2023-04-11_Plant_MianhuaIslet_PostFire_0016,HumanObservation,"{'coverage': '<0.01', 'sociability': 'scattered in groups or small patches'}",2023-04-11_Plant_MianhuaIslet_PostFire_0016,研海生態顧問股份有限公司 (Ceta explorers Company Limited),,,,,,,,,2023-04-11,,2023,4,11,Quadrat Sampling (10*10 m² Quadrat),Asia,Taiwan,TW,MianhuaIslet_Plant_PostFire,,,25.48506,122.10434,EPSG:4326,20,1e-05,Sedum formosanum,,KL_Plant_0000019,24177,t0055292,Sedum formosanum,Plantae,species,台灣佛甲草,accepted,石板菜
2023-04-11_Plant_MianhuaIslet_PostFire_0017,HumanObservation,"{'coverage': '<0.01', 'sociability': 'scattered in isolated clusters'}",2023-04-11_Plant_MianhuaIslet_PostFire_0017,研海生態顧問股份有限公司 (Ceta explorers Company Limited),,,,,,,,,2023-04-11,,2023,4,11,Quadrat Sampling (10*10 m² Quadrat),Asia,Taiwan,TW,MianhuaIslet_Plant_PostFire,,,25.48506,122.10434,EPSG:4326,20,1e-05,Conyza sumatrensis,,KL_Plant_0000039,55429,t0073443,Conyza sumatrensis,Plantae,species,野茼蒿,accepted,
2023-09-18_Plant_Mianhua Islet_0018,HumanObservation,,2023-09-18_Plant_Mianhua Islet_0018,研海生態顧問股份有限公司 (Ceta explorers Company Limited),,,,,,,,,2023-09-18,,2023,9,18,Line Transect Survey,Asia,Taiwan,TW,Mianhua Islet,,,25.48483,122.10535,EPSG:4326,400,1e-05,Pteris fauriei var. fauriei,,KL_Plant_0000002,145731,t0101197,Pteris fauriei var. fauriei,Plantae,variety,傅氏鳳尾蕨,accepted,
2023-09-18_Plant_Mianhua Islet_0019,HumanObservation,,2023-09-18_Plant_Mianhua Islet_0019,研海生態顧問股份有限公司 (Ceta explorers Company Limited),,,,,,,,,2023-09-18,,2023,9,18,Line Transect Survey,Asia,Taiwan,TW,Mianhua Islet,,,25.48483,122.10535,EPSG:4326,400,1e-05,Morus australis,,KL_Plant_0000008,23164,t0046326,Morus australis,Plantae,species,小葉桑,accepted,
2023-09-18_Plant_Mianhua Islet_0020,HumanObservation,,2023-09-18_Plant_Mianhua Islet_0020,研海生態顧問股份有限公司 (Ceta explorers Company Limited),,,,,,,,,2023-09-18,,2023,9,18,Line Transect Survey,Asia,Taiwan,TW,Mianhua Islet,,,25.48483,122.10535,EPSG:4326,400,1e-05,Persicaria chinensis,,KL_Plant_0000009,58649,t0058947,Persicaria chinensis,Plantae,species,火炭母草,accepted,
2023-09-18_Plant_Mianhua Islet_0021,HumanObservation,,2023-09-18_Plant_Mianhua Islet_0021,研海生態顧問股份有限公司 (Ceta explorers Company Limited),,,,,,,,,2023-09-18,,2023,9,18,Line Transect Survey,Asia,Taiwan,TW,Mianhua Islet,,,25.48483,122.10535,EPSG:4326,400,1e-05,Rumex japonicus,,KL_Plant_0000010,120410,t0059215,Rumex japonicus,Plantae,species,羊蹄,accepted,
2023-09-18_Plant_Mianhua Islet_0022,HumanObservation,,2023-09-18_Plant_Mianhua Islet_0022,研海生態顧問股份有限公司 (Ceta explorers Company Limited),,,,,,,,,2023-09-18,,2023,9,18,Line Transect Survey,Asia,Taiwan,TW,Mianhua Islet,,,25.48483,122.10535,EPSG:4326,400,1e-05,Cocculus orbiculatus,,KL_Plant_0000011,55292,t0073343,Cocculus orbiculatus,Plantae,species,木防己,accepted,
2023-09-18_Plant_Mianhua Islet_0023,HumanObservation,,2023-09-18_Plant_Mianhua Islet_0023,研海生態顧問股份有限公司 (Ceta explorers Company Limited),,,,,,,,,2023-09-18,,2023,9,18,Line Transect Survey,Asia,Taiwan,TW,Mianhua Islet,,,25.48483,122.10535,EPSG:4326,400,1e-05,Boerhavia glabrata,,KL_Plant_0000013,21022,t0040401,Boerhavia glabrata,Plantae,species,光果黃細心,accepted,
2023-09-18_Plant_Mianhua Islet_0024,HumanObservation,,2023-09-18_Plant_Mianhua Islet_0024,研海生態顧問股份有限公司 (Ceta explorers Company Limited),,,,,,,,,2023-09-18,,2023,9,18,Line Transect Survey,Asia,Taiwan,TW,Mianhua Islet,,,25.48483,122.10535,EPSG:4326,400,1e-05,Portulaca pilosa,,KL_Plant_0000015,23728,t0054932,Portulaca pilosa,Plantae,species,毛馬齒莧,accepted,
2023-09-18_Plant_Mianhua Islet_0025,HumanObservation,,2023-09-18_Plant_Mianhua Islet_0025,研海生態顧問股份有限公司 (Ceta explorers Company Limited),,,,,,,,,2023-09-18,,2023,9,18,Line Transect Survey,Asia,Taiwan,TW,Mianhua Islet,,,25.48483,122.10535,EPSG:4326,400,1e-05,Sedum formosanum,,KL_Plant_0000019,24177,t0055292,Sedum formosanum,Plantae,species,台灣佛甲草,accepted,石板菜
2023-09-18_Plant_Mianhua Islet_0026,HumanObservation,,2023-09-18_Plant_Mianhua Islet_0026,研海生態顧問股份有限公司 (Ceta explorers Company Limited),,,,,,,,,2023-09-18,,2023,9,18,Line Transect Survey,Asia,Taiwan,TW,Mianhua Islet,,,25.48483,122.10535,EPSG:4326,400,1e-05,Oxalis corniculata,,KL_Plant_0000020,23347,t0054668,Oxalis corniculata,Plantae,species,酢漿草,accepted,
2023-09-18_Plant_Mianhua Islet_0027,HumanObservation,,2023-09-18_Plant_Mianhua Islet_0027,研海生態顧問股份有限公司 (Ceta explorers Company Limited),,,,,,,,,2023-09-18,,2023,9,18,Line Transect Survey,Asia,Taiwan,TW,Mianhua Islet,,,25.48483,122.10535,EPSG:4326,400,1e-05,Centella asiatica,,KL_Plant_0000021,54893,t0058743,Centella asiatica,Plantae,species,雷公根,accepted,
2023-09-18_Plant_Mianhua Islet_0028,HumanObservation,,2023-09-18_Plant_Mianhua Islet_0028,研海生態顧問股份有限公司 (Ceta explorers Company Limited),,,,,,,,,2023-09-18,,2023,9,18,Line Transect Survey,Asia,Taiwan,TW,Mianhua Islet,,,25.48483,122.10535,EPSG:4326,400,1e-05,Pittosporum tobira,,KL_Plant_0000022,58902,t0075339,Pittosporum tobira,Plantae,species,海桐,accepted,
2023-09-18_Plant_Mianhua Islet_0029,HumanObservation,,2023-09-18_Plant_Mianhua Islet_0029,研海生態顧問股份有限公司 (Ceta explorers Company Limited),,,,,,,,,2023-09-18,,2023,9,18,Line Transect Survey,Asia,Taiwan,TW,Mianhua Islet,,,25.48483,122.10535,EPSG:4326,400,1e-05,Lysimachia mauritiana,,KL_Plant_0000023,22991,t0054360,Lysimachia mauritiana,Plantae,species,茅毛珍珠菜,accepted,
2023-09-18_Plant_Mianhua Islet_0030,HumanObservation,,2023-09-18_Plant_Mianhua Islet_0030,研海生態顧問股份有限公司 (Ceta explorers Company Limited),,,,,,,,,2023-09-18,,2023,9,18,Line Transect Survey,Asia,Taiwan,TW,Mianhua Islet,,,25.48483,122.10535,EPSG:4326,400,1e-05,Ipomoea pes-caprae,,KL_Plant_0000028,25371,t0100319,Ipomoea pes-caprae,Plantae,species,馬鞍藤,accepted,
2023-09-18_Plant_Mianhua Islet_0031,HumanObservation,,2023-09-18_Plant_Mianhua Islet_0031,研海生態顧問股份有限公司 (Ceta explorers Company Limited),,,,,,,,,2023-09-18,,2023,9,18,Line Transect Survey,Asia,Taiwan,TW,Mianhua Islet,,,25.48483,122.10535,EPSG:4326,400,1e-05,Callicarpa japonica var. luxurians,,KL_Plant_0000029,25954,t0087359,Callicarpa japonica var. luxurians,Plantae,variety,朝鮮紫珠,accepted,
2023-09-18_Plant_Mianhua Islet_0032,HumanObservation,,2023-09-18_Plant_Mianhua Islet_0032,研海生態顧問股份有限公司 (Ceta explorers Company Limited),,,,,,,,,2023-09-18,,2023,9,18,Line Transect Survey,Asia,Taiwan,TW,Mianhua Islet,,,25.48483,122.10535,EPSG:4326,400,1e-05,Leonurus japonicus,,KL_Plant_0000030,22790,t0054200,Leonurus japonicus,Plantae,species,益母草,accepted,
2023-09-18_Plant_Mianhua Islet_0033,HumanObservation,,2023-09-18_Plant_Mianhua Islet_0033,研海生態顧問股份有限公司 (Ceta explorers Company Limited),,,,,,,,,2023-09-18,,2023,9,18,Line Transect Survey,Asia,Taiwan,TW,Mianhua Islet,,,25.48483,122.10535,EPSG:4326,400,1e-05,Corydalis koidzumiana,,KL_Plant_0000033,21549,t0053128,Corydalis koidzumiana,Plantae,species,密花黃堇,accepted,密花黃菫
2023-09-18_Plant_Mianhua Islet_0034,HumanObservation,,2023-09-18_Plant_Mianhua Islet_0034,研海生態顧問股份有限公司 (Ceta explorers Company Limited),,,,,,,,,2023-09-18,,2023,9,18,Line Transect Survey,Asia,Taiwan,TW,Mianhua Islet,,,25.48483,122.10535,EPSG:4326,400,1e-05,Scaevola taccada,,KL_Plant_0000034,25749,t0055240,Scaevola taccada,Plantae,species,草海桐,accepted,
2023-09-18_Plant_Mianhua Islet_0035,HumanObservation,,2023-09-18_Plant_Mianhua Islet_0035,研海生態顧問股份有限公司 (Ceta explorers Company Limited),,,,,,,,,2023-09-18,,2023,9,18,Line Transect Survey,Asia,Taiwan,TW,Mianhua Islet,,,25.48483,122.10535,EPSG:4326,400,1e-05,Bidens pilosa var. radiata,,KL_Plant_0000036,60926,t0086645,Bidens pilosa var. radiata,Plantae,variety,大花咸豐草,accepted,大花鬼針草 | 大花婆婆針 | 大白花鬼針 | 同治草 | 黏人草
2023-09-18_Plant_Mianhua Islet_0036,HumanObservation,,2023-09-18_Plant_Mianhua Islet_0036,研海生態顧問股份有限公司 (Ceta explorers Company Limited),,,,,,,,,2023-09-18,,2023,9,18,Line Transect Survey,Asia,Taiwan,TW,Mianhua Islet,,,25.48483,122.10535,EPSG:4326,400,1e-05,Conyza sumatrensis,,KL_Plant_0000039,55429,t0073443,Conyza sumatrensis,Plantae,species,野茼蒿,accepted,
2023-09-18_Plant_Mianhua Islet_0037,HumanObservation,,2023-09-18_Plant_Mianhua Islet_0037,研海生態顧問股份有限公司 (Ceta explorers Company Limited),,,,,,,,,2023-09-18,,2023,9,18,Line Transect Survey,Asia,Taiwan,TW,Mianhua Islet,,,25.48483,122.10535,EPSG:4326,400,1e-05,Crossostephium chinense,,KL_Plant_0000040,21588,t0053159,Crossostephium chinense,Plantae,species,蘄艾,accepted,
2023-09-18_Plant_Mianhua Islet_0038,HumanObservation,,2023-09-18_Plant_Mianhua Islet_0038,研海生態顧問股份有限公司 (Ceta explorers Company Limited),,,,,,,,,2023-09-18,,2023,9,18,Line Transect Survey,Asia,Taiwan,TW,Mianhua Islet,,,25.48483,122.10535,EPSG:4326,400,1e-05,Emilia sonchifolia,,KL_Plant_0000041,25212,t0053530,Emilia sonchifolia,Plantae,species,紫背草,accepted,一點紅 | 葉下紅
2023-09-18_Plant_Mianhua Islet_0039,HumanObservation,,2023-09-18_Plant_Mianhua Islet_0039,研海生態顧問股份有限公司 (Ceta explorers Company Limited),,,,,,,,,2023-09-18,,2023,9,18,Line Transect Survey,Asia,Taiwan,TW,Mianhua Islet,,,25.48483,122.10535,EPSG:4326,400,1e-05,Wollastonia biflora,,KL_Plant_0000049,60736,t0069822,Wollastonia biflora,Plantae,species,雙花蟛蜞菊,accepted,
2023-09-18_Plant_Mianhua Islet_0040,HumanObservation,,2023-09-18_Plant_Mianhua Islet_0040,研海生態顧問股份有限公司 (Ceta explorers Company Limited),,,,,,,,,2023-09-18,,2023,9,18,Line Transect Survey,Asia,Taiwan,TW,Mianhua Islet,,,25.48483,122.10535,EPSG:4326,400,1e-05,Wollastonia dentata,,KL_Plant_0000092,60737,t0057507,Wollastonia dentata,Plantae,species,大天蓬草舅,accepted,天蓬草舅
2023-09-18_Plant_Mianhua Islet_0041,HumanObservation,,2023-09-18_Plant_Mianhua Islet_0041,研海生態顧問股份有限公司 (Ceta explorers Company Limited),,,,,,,,,2023-09-18,,2023,9,18,Line Transect Survey,Asia,Taiwan,TW,Mianhua Islet,,,25.48483,122.10535,EPSG:4326,400,1e-05,Oenothera laciniata,,KL_Plant_0000053,23277,t0046093,Oenothera laciniata,Plantae,species,裂葉月見草,accepted,
2023-09-18_Plant_Mianhua Islet_0042,HumanObservation,,2023-09-18_Plant_Mianhua Islet_0042,研海生態顧問股份有限公司 (Ceta explorers Company Limited),,,,,,,,,2023-09-18,,2023,9,18,Line Transect Survey,Asia,Taiwan,TW,Mianhua Islet,,,25.48483,122.10535,EPSG:4326,400,1e-05,Vigna marina,,KL_Plant_0000056,25894,t0049306,Vigna marina,Plantae,species,濱豇豆,accepted,
2023-09-18_Plant_Mianhua Islet_0043,HumanObservation,,2023-09-18_Plant_Mianhua Islet_0043,研海生態顧問股份有限公司 (Ceta explorers Company Limited),,,,,,,,,2023-09-18,,2023,9,18,Line Transect Survey,Asia,Taiwan,TW,Mianhua Islet,,,25.48483,122.10535,EPSG:4326,400,1e-05,Commelina diffusa,,KL_Plant_0000059,21505,t0053100,Commelina diffusa,Plantae,species,竹仔菜,accepted,
2023-09-18_Plant_Mianhua Islet_0044,HumanObservation,,2023-09-18_Plant_Mianhua Islet_0044,研海生態顧問股份有限公司 (Ceta explorers Company Limited),,,,,,,,,2023-09-18,,2023,9,18,Line Transect Survey,Asia,Taiwan,TW,Mianhua Islet,,,25.48483,122.10535,EPSG:4326,400,1e-05,Carex breviculmis,,KL_Plant_0000060,21205,t0052815,Carex breviculmis,Plantae,species,短莖宿柱薹,accepted,
2023-09-18_Plant_Mianhua Islet_0045,HumanObservation,,2023-09-18_Plant_Mianhua Islet_0045,研海生態顧問股份有限公司 (Ceta explorers Company Limited),,,,,,,,,2023-09-18,,2023,9,18,Line Transect Survey,Asia,Taiwan,TW,Mianhua Islet,,,25.48483,122.10535,EPSG:4326,400,1e-05,Cyperus polystachyos,,KL_Plant_0000061,21705,t0055001,Cyperus polystachyos,Plantae,species,多柱扁莎,accepted,多枝扁莎
2023-09-18_Plant_Mianhua Islet_0046,HumanObservation,,2023-09-18_Plant_Mianhua Islet_0046,研海生態顧問股份有限公司 (Ceta explorers Company Limited),,,,,,,,,2023-09-18,,2023,9,18,Line Transect Survey,Asia,Taiwan,TW,Mianhua Islet,,,25.48483,122.10535,EPSG:4326,400,1e-05,Fimbristylis dichotoma,,KL_Plant_0000063,25271,t0053700,Fimbristylis dichotoma,Plantae,species,竹子飄拂草,accepted,
2023-09-18_Plant_Mianhua Islet_0047,HumanObservation,,2023-09-18_Plant_Mianhua Islet_0047,研海生態顧問股份有限公司 (Ceta explorers Company Limited),,,,,,,,,2023-09-18,,2023,9,18,Line Transect Survey,Asia,Taiwan,TW,Mianhua Islet,,,25.48483,122.10535,EPSG:4326,400,1e-05,Digitaria ciliaris,,KL_Plant_0000069,25157,t0053380,Digitaria ciliaris,Plantae,species,升馬唐,accepted,
2023-09-18_Plant_Mianhua Islet_0048,HumanObservation,,2023-09-18_Plant_Mianhua Islet_0048,研海生態顧問股份有限公司 (Ceta explorers Company Limited),,,,,,,,,2023-09-18,,2023,9,18,Line Transect Survey,Asia,Taiwan,TW,Mianhua Islet,,,25.48483,122.10535,EPSG:4326,400,1e-05,Digitaria henryi,,KL_Plant_0000070,21820,t0053384,Digitaria henryi,Plantae,species,亨利馬唐,accepted,
2023-09-18_Plant_Mianhua Islet_0049,HumanObservation,,2023-09-18_Plant_Mianhua Islet_0049,研海生態顧問股份有限公司 (Ceta explorers Company Limited),,,,,,,,,2023-09-18,,2023,9,18,Line Transect Survey,Asia,Taiwan,TW,Mianhua Islet,,,25.48483,122.10535,EPSG:4326,400,1e-05,Digitaria mollicoma,,KL_Plant_0000072,25162,t0053388,Digitaria mollicoma,Plantae,species,絨馬唐,accepted,大絨馬唐
2023-09-18_Plant_Mianhua Islet_0050,HumanObservation,,2023-09-18_Plant_Mianhua Islet_0050,研海生態顧問股份有限公司 (Ceta explorers Company Limited),,,,,,,,,2023-09-18,,2023,9,18,Line Transect Survey,Asia,Taiwan,TW,Mianhua Islet,,,25.48483,122.10535,EPSG:4326,400,1e-05,Imperata cylindrica var. major,,KL_Plant_0000075,26121,t0087378,Imperata cylindrica var. major,Plantae,variety,白茅,accepted,
2023-09-18_Plant_Mianhua Islet_0051,HumanObservation,,2023-09-18_Plant_Mianhua Islet_0051,研海生態顧問股份有限公司 (Ceta explorers Company Limited),,,,,,,,,2023-09-18,,2023,9,18,Line Transect Survey,Asia,Taiwan,TW,Mianhua Islet,,,25.48483,122.10535,EPSG:4326,400,1e-05,Paspalum orbiculare,,KL_Plant_0000078,23423,t0054713,Paspalum orbiculare,Plantae,species,圓果雀稗,accepted,
2023-09-18_Plant_Mianhua Islet_0052,HumanObservation,,2023-09-18_Plant_Mianhua Islet_0052,研海生態顧問股份有限公司 (Ceta explorers Company Limited),,,,,,,,,2023-09-18,,2023,9,18,Line Transect Survey,Asia,Taiwan,TW,Mianhua Islet,,,25.48483,122.10535,EPSG:4326,400,1e-05,Paspalum vaginatum,,KL_Plant_0000080,23429,t0054719,Paspalum vaginatum,Plantae,species,海雀稗,accepted,
2023-09-18_Plant_Mianhua Islet_0053,HumanObservation,,2023-09-18_Plant_Mianhua Islet_0053,研海生態顧問股份有限公司 (Ceta explorers Company Limited),,,,,,,,,2023-09-18,,2023,9,18,Line Transect Survey,Asia,Taiwan,TW,Mianhua Islet,,,25.48483,122.10535,EPSG:4326,400,1e-05,Zoysia sinica,,KL_Plant_0000087,24827,t0049409,Zoysia sinica,Plantae,species,中華結縷草,accepted,
2023-09-18_Plant_MianhuaIslet_PostFire_0001,HumanObservation,"{'coverage': '0.01', 'sociability': 'scattered in isolated clusters'}",2023-09-18_Plant_MianhuaIslet_PostFire_0001,研海生態顧問股份有限公司 (Ceta explorers Company Limited),,,,,,,,,2023-09-18,,2023,9,18,Quadrat Sampling (10*10 m² Quadrat),Asia,Taiwan,TW,MianhuaIslet_Plant_PostFire,,,25.48506,122.10434,EPSG:4326,20,1e-05,Emilia sonchifolia,,KL_Plant_0000041,25212,t0053530,Emilia sonchifolia,Plantae,species,紫背草,accepted,一點紅 | 葉下紅
2023-09-18_Plant_MianhuaIslet_PostFire_0002,HumanObservation,"{'coverage': '0.1', 'sociability': 'scattered in groups or small patches'}",2023-09-18_Plant_MianhuaIslet_PostFire_0002,研海生態顧問股份有限公司 (Ceta explorers Company Limited),,,,,,,,,2023-09-18,,2023,9,18,Quadrat Sampling (10*10 m² Quadrat),Asia,Taiwan,TW,MianhuaIslet_Plant_PostFire,,,25.48506,122.10434,EPSG:4326,20,1e-05,Ipomoea pes-caprae,,KL_Plant_0000028,25371,t0100319,Ipomoea pes-caprae,Plantae,species,馬鞍藤,accepted,
2023-09-18_Plant_MianhuaIslet_PostFire_0003,HumanObservation,"{'coverage': '0.03', 'sociability': 'scattered in isolated clusters'}",2023-09-18_Plant_MianhuaIslet_PostFire_0003,研海生態顧問股份有限公司 (Ceta explorers Company Limited),,,,,,,,,2023-09-18,,2023,9,18,Quadrat Sampling (10*10 m² Quadrat),Asia,Taiwan,TW,MianhuaIslet_Plant_PostFire,,,25.48506,122.10434,EPSG:4326,20,1e-05,Crossostephium chinense,,KL_Plant_0000040,21588,t0053159,Crossostephium chinense,Plantae,species,蘄艾,accepted,
2023-09-18_Plant_MianhuaIslet_PostFire_0004,HumanObservation,"{'coverage': '0.01', 'sociability': '1~2 plants'}",2023-09-18_Plant_MianhuaIslet_PostFire_0004,研海生態顧問股份有限公司 (Ceta explorers Company Limited),,,,,,,,,2023-09-18,,2023,9,18,Quadrat Sampling (10*10 m² Quadrat),Asia,Taiwan,TW,MianhuaIslet_Plant_PostFire,,,25.48506,122.10434,EPSG:4326,20,1e-05,Cocculus orbiculatus,,KL_Plant_0000011,55292,t0073343,Cocculus orbiculatus,Plantae,species,木防己,accepted,
2023-09-18_Plant_MianhuaIslet_PostFire_0005,HumanObservation,"{'coverage': '0.03', 'sociability': 'scattered in isolated clusters'}",2023-09-18_Plant_MianhuaIslet_PostFire_0005,研海生態顧問股份有限公司 (Ceta explorers Company Limited),,,,,,,,,2023-09-18,,2023,9,18,Quadrat Sampling (10*10 m² Quadrat),Asia,Taiwan,TW,MianhuaIslet_Plant_PostFire,,,25.48506,122.10434,EPSG:4326,20,1e-05,Vigna marina,,KL_Plant_0000056,25894,t0049306,Vigna marina,Plantae,species,濱豇豆,accepted,
2023-09-18_Plant_MianhuaIslet_PostFire_0006,HumanObservation,"{'coverage': '0.03', 'sociability': 'scattered in isolated clusters'}",2023-09-18_Plant_MianhuaIslet_PostFire_0006,研海生態顧問股份有限公司 (Ceta explorers Company Limited),,,,,,,,,2023-09-18,,2023,9,18,Quadrat Sampling (10*10 m² Quadrat),Asia,Taiwan,TW,MianhuaIslet_Plant_PostFire,,,25.48506,122.10434,EPSG:4326,20,1e-05,Oenothera laciniata,,KL_Plant_0000053,23277,t0046093,Oenothera laciniata,Plantae,species,裂葉月見草,accepted,
2023-09-18_Plant_MianhuaIslet_PostFire_0007,HumanObservation,"{'coverage': '0.03', 'sociability': 'scattered in isolated clusters'}",2023-09-18_Plant_MianhuaIslet_PostFire_0007,研海生態顧問股份有限公司 (Ceta explorers Company Limited),,,,,,,,,2023-09-18,,2023,9,18,Quadrat Sampling (10*10 m² Quadrat),Asia,Taiwan,TW,MianhuaIslet_Plant_PostFire,,,25.48506,122.10434,EPSG:4326,20,1e-05,Lysimachia mauritiana,,KL_Plant_0000023,22991,t0054360,Lysimachia mauritiana,Plantae,species,茅毛珍珠菜,accepted,
2023-09-18_Plant_MianhuaIslet_PostFire_0008,HumanObservation,"{'coverage': '0.05', 'sociability': 'scattered in groups or small patches'}",2023-09-18_Plant_MianhuaIslet_PostFire_0008,研海生態顧問股份有限公司 (Ceta explorers Company Limited),,,,,,,,,2023-09-18,,2023,9,18,Quadrat Sampling (10*10 m² Quadrat),Asia,Taiwan,TW,MianhuaIslet_Plant_PostFire,,,25.48506,122.10434,EPSG:4326,20,1e-05,Centella asiatica,,KL_Plant_0000021,54893,t0058743,Centella asiatica,Plantae,species,雷公根,accepted,
2023-09-18_Plant_MianhuaIslet_PostFire_0009,HumanObservation,"{'coverage': '0.01', 'sociability': '1~2 plants'}",2023-09-18_Plant_MianhuaIslet_PostFire_0009,研海生態顧問股份有限公司 (Ceta explorers Company Limited),,,,,,,,,2023-09-18,,2023,9,18,Quadrat Sampling (10*10 m² Quadrat),Asia,Taiwan,TW,MianhuaIslet_Plant_PostFire,,,25.48506,122.10434,EPSG:4326,20,1e-05,Digitaria mollicoma,,KL_Plant_0000072,25162,t0053388,Digitaria mollicoma,Plantae,species,絨馬唐,accepted,大絨馬唐
2023-09-18_Plant_MianhuaIslet_PostFire_0010,HumanObservation,"{'coverage': '0.01', 'sociability': 'scattered in isolated clusters'}",2023-09-18_Plant_MianhuaIslet_PostFire_0010,研海生態顧問股份有限公司 (Ceta explorers Company Limited),,,,,,,,,2023-09-18,,2023,9,18,Quadrat Sampling (10*10 m² Quadrat),Asia,Taiwan,TW,MianhuaIslet_Plant_PostFire,,,25.48506,122.10434,EPSG:4326,20,1e-05,Paspalum vaginatum,,KL_Plant_0000080,23429,t0054719,Paspalum vaginatum,Plantae,species,海雀稗,accepted,
