id,basisOfRecord,dynamicProperties,occurrenceID,recordedBy,individualCount,organismQuantity,organismQuantityType,reproductiveCondition,behavior,georeferenceVerificationStatus,associatedReferences,occurrenceRemarks,eventDate,eventTime,year,month,day,samplingProtocol,continent,country,countryCode,locality,minimumDepthInMeters,maximumDepthInMeters,decimalLatitude,decimalLongitude,geodeticDatum,coordinateUncertaintyInMeters,coordinatePrecision,verbatimIdentification,identificationQualifier,taxonID,scientificNameID,taxonConceptID,scientificName,kingdom,taxonRank,vernacularName,taxonomicStatus,taxonRemarks
1994-00-00_Insect_HumanObservation_000,HumanObservation,,1994-00-00_Insect_HumanObservation_000,社團法人基隆市野鳥學會 (Wild Bird Society of Keelung),,,,,,,,,1994,,1994,,,,Asia,Taiwan,TW,Mianhua Islet,,,25.48483,122.10535,EPSG:4326,400,1e-05,Zizeeria maha okinawana,,KL_Insect_0000002,35344,t0085052,Zizeeria maha okinawana,Animalia,subspecies,沖繩小灰蝶,accepted,毛眼灰蝶 | 柞灰蝶 | 酢醬灰蝶 | 小型小灰蝶 | 大和小灰蝶 | 藍灰蝶
1994-00-00_Insect_HumanObservation_001,HumanObservation,,1994-00-00_Insect_HumanObservation_001,社團法人基隆市野鳥學會 (Wild Bird Society of Keelung),,,,,,,,,1994,,1994,,,,Asia,Taiwan,TW,Mianhua Islet,,,25.48483,122.10535,EPSG:4326,400,1e-05,Nezara viridula,,KL_Insect_0000073,80891,t0031136,Nezara viridula,Animalia,species,稻綠蝽,accepted,
1994-00-00_Insect_HumanObservation_002,HumanObservation,,1994-00-00_Insect_HumanObservation_002,社團法人基隆市野鳥學會 (Wild Bird Society of Keelung),,,,,,,,,1994,,1994,,,,Asia,Taiwan,TW,Mianhua Islet,,,25.48483,122.10535,EPSG:4326,400,1e-05,Necrobia rufipes,,KL_Insect_0000100,80269,t0081056,Necrobia rufipes,Animalia,species,赤足郭公蟲,accepted,
1994-00-00_Insect_HumanObservation_003,HumanObservation,,1994-00-00_Insect_HumanObservation_003,社團法人基隆市野鳥學會 (Wild Bird Society of Keelung),,,,,,,,,1994,,1994,,,,Asia,Taiwan,TW,Mianhua Islet,,,25.48483,122.10535,EPSG:4326,400,1e-05,Necrobia ruficollis,,KL_Insect_0000101,80268,t0081055,Necrobia ruficollis,Animalia,species,赤頸郭公蟲,accepted,雙色琉璃郭公蟲
1994-00-00_Insect_HumanObservation_004,HumanObservation,,1994-00-00_Insect_HumanObservation_004,社團法人基隆市野鳥學會 (Wild Bird Society of Keelung),,,,,,,,,1994,,1994,,,,Asia,Taiwan,TW,Mianhua Islet,,,25.48483,122.10535,EPSG:4326,400,1e-05,Tetramorium nipponense,,KL_Insect_0000117,89891,t0047093,Tetramorium nipponense,Animalia,species,日本皺家蟻,accepted,
2008-00-00_Insect_HumanObservation_005,HumanObservation,,2008-00-00_Insect_HumanObservation_005,臺灣珊瑚礁學會 (Taiwanese Coral Reef Society),,,,,,,,,2008,,2008,,,Line Transect Survey | Aerial Netting | Host Plant Recognition | Hand Sorting Method | Bait Method,Asia,Taiwan,TW,Mianhua Islet,,,25.48483,122.10535,EPSG:4326,400,1e-05,Lampides boeticus,,KL_Insect_0000001,36747,t0027297,Lampides boeticus,Animalia,species,豆波灰蝶,accepted,
2008-00-00_Insect_HumanObservation_006,HumanObservation,,2008-00-00_Insect_HumanObservation_006,臺灣珊瑚礁學會 (Taiwanese Coral Reef Society),,,,,,,,,2008,,2008,,,Line Transect Survey | Aerial Netting | Host Plant Recognition | Hand Sorting Method | Bait Method,Asia,Taiwan,TW,Mianhua Islet,,,25.48483,122.10535,EPSG:4326,400,1e-05,Zizeeria maha okinawana,,KL_Insect_0000002,35344,t0085052,Zizeeria maha okinawana,Animalia,subspecies,沖繩小灰蝶,accepted,毛眼灰蝶 | 柞灰蝶 | 酢醬灰蝶 | 小型小灰蝶 | 大和小灰蝶 | 藍灰蝶
2008-00-00_Insect_HumanObservation_007,HumanObservation,,2008-00-00_Insect_HumanObservation_007,臺灣珊瑚礁學會 (Taiwanese Coral Reef Society),,,,,,,,,2008,,2008,,,Line Transect Survey | Aerial Netting | Host Plant Recognition | Hand Sorting Method | Bait Method,Asia,Taiwan,TW,Mianhua Islet,,,25.48483,122.10535,EPSG:4326,400,1e-05,Vanessa indica,,KL_Insect_0000008,34556,t0056704,Vanessa indica,Animalia,species,大紅蛺蝶,accepted,
2008-00-00_Insect_HumanObservation_008,HumanObservation,,2008-00-00_Insect_HumanObservation_008,臺灣珊瑚礁學會 (Taiwanese Coral Reef Society),,,,,,,,,2008,,2008,,,Line Transect Survey | Aerial Netting | Host Plant Recognition | Hand Sorting Method | Bait Method,Asia,Taiwan,TW,Mianhua Islet,,,25.48483,122.10535,EPSG:4326,400,1e-05,Spoladea recurvalis,,KL_Insect_0000020,37877,t0033008,Spoladea recurvalis,Animalia,species,甜菜白帶野螟,accepted,甜菜白帶野螟蛾
2008-00-00_Insect_HumanObservation_009,HumanObservation,,2008-00-00_Insect_HumanObservation_009,臺灣珊瑚礁學會 (Taiwanese Coral Reef Society),,,,,,,,,2008,,2008,,,Line Transect Survey | Aerial Netting | Host Plant Recognition | Hand Sorting Method | Bait Method,Asia,Taiwan,TW,Mianhua Islet,,,25.48483,122.10535,EPSG:4326,400,1e-05,Patania chlorophanta,,KL_Insect_0000021,37357,t0031657,Patania chlorophanta,Animalia,species,三條肋野螟蛾,accepted,
2008-00-00_Insect_HumanObservation_010,HumanObservation,,2008-00-00_Insect_HumanObservation_010,臺灣珊瑚礁學會 (Taiwanese Coral Reef Society),,,,,,,,,2008,,2008,,,Line Transect Survey | Aerial Netting | Host Plant Recognition | Hand Sorting Method | Bait Method,Asia,Taiwan,TW,Mianhua Islet,,,25.48483,122.10535,EPSG:4326,400,1e-05,Sterrhinae,,KL_Insect_0000038,287189,t0135221,Sterrhinae,Animalia,subfamily,姬尺蛾亞科,accepted,
2008-00-00_Insect_HumanObservation_011,HumanObservation,,2008-00-00_Insect_HumanObservation_011,臺灣珊瑚礁學會 (Taiwanese Coral Reef Society),,,,,,,,,2008,,2008,,,Line Transect Survey | Aerial Netting | Host Plant Recognition | Hand Sorting Method | Bait Method,Asia,Taiwan,TW,Mianhua Islet,,,25.48483,122.10535,EPSG:4326,400,1e-05,Earias cupreoviridis,,KL_Insect_0000042,28773,t0050718,Earias cupreoviridis,Animalia,species,鼎點鑽瘤蛾,accepted,
2008-00-00_Insect_HumanObservation_012,HumanObservation,,2008-00-00_Insect_HumanObservation_012,臺灣珊瑚礁學會 (Taiwanese Coral Reef Society),,,,,,,,,2008,,2008,,,Line Transect Survey | Aerial Netting | Host Plant Recognition | Hand Sorting Method | Bait Method,Asia,Taiwan,TW,Mianhua Islet,,,25.48483,122.10535,EPSG:4326,400,1e-05,Pantala flavescens,,KL_Insect_0000048,82387,t0082932,Pantala flavescens,Animalia,species,薄翅蜻蜓,accepted,
2008-00-00_Insect_HumanObservation_013,HumanObservation,,2008-00-00_Insect_HumanObservation_013,臺灣珊瑚礁學會 (Taiwanese Coral Reef Society),,,,,,,,,2008,,2008,,,Line Transect Survey | Aerial Netting | Host Plant Recognition | Hand Sorting Method | Bait Method,Asia,Taiwan,TW,Mianhua Islet,,,25.48483,122.10535,EPSG:4326,400,1e-05,Copera marginipes,,KL_Insect_0000051,68699,t0079261,Copera marginipes,Animalia,species,脛蹼琵蟌,accepted,
2008-00-00_Insect_HumanObservation_014,HumanObservation,,2008-00-00_Insect_HumanObservation_014,臺灣珊瑚礁學會 (Taiwanese Coral Reef Society),,,,,,,,,2008,,2008,,,Line Transect Survey | Aerial Netting | Host Plant Recognition | Hand Sorting Method | Bait Method,Asia,Taiwan,TW,Mianhua Islet,,,25.48483,122.10535,EPSG:4326,400,1e-05,Oncocephalus assimilis,,KL_Insect_0000076,81573,t0082211,Oncocephalus assimilis,Animalia,species,黑斑褐獵椿象,accepted,
2008-00-00_Insect_HumanObservation_015,HumanObservation,,2008-00-00_Insect_HumanObservation_015,臺灣珊瑚礁學會 (Taiwanese Coral Reef Society),,,,,,,,,2008,,2008,,,Line Transect Survey | Aerial Netting | Host Plant Recognition | Hand Sorting Method | Bait Method,Asia,Taiwan,TW,Mianhua Islet,,,25.48483,122.10535,EPSG:4326,400,1e-05,Chlorophorus graphus,,KL_Insect_0000095,67558,t0078251,Chlorophorus graphus,Animalia,species,圖紋虎天牛,accepted,
2009-00-00_Insect_HumanObservation_017,HumanObservation,,2009-00-00_Insect_HumanObservation_017,社團法人基隆市野鳥學會 (Wild Bird Society of Keelung),,,,,,,,,2009,,2009,,,,Asia,Taiwan,TW,Mianhua Islet,,,25.48483,122.10535,EPSG:4326,400,1e-05,Lampides boeticus,,KL_Insect_0000001,36747,t0027297,Lampides boeticus,Animalia,species,豆波灰蝶,accepted,
2009-00-00_Insect_HumanObservation_018,HumanObservation,,2009-00-00_Insect_HumanObservation_018,社團法人基隆市野鳥學會 (Wild Bird Society of Keelung),,,,,,,,,2009,,2009,,,,Asia,Taiwan,TW,Mianhua Islet,,,25.48483,122.10535,EPSG:4326,400,1e-05,Zizeeria maha okinawana,,KL_Insect_0000002,35344,t0085052,Zizeeria maha okinawana,Animalia,subspecies,沖繩小灰蝶,accepted,毛眼灰蝶 | 柞灰蝶 | 酢醬灰蝶 | 小型小灰蝶 | 大和小灰蝶 | 藍灰蝶
2009-00-00_Insect_HumanObservation_019,HumanObservation,,2009-00-00_Insect_HumanObservation_019,社團法人基隆市野鳥學會 (Wild Bird Society of Keelung),,,,,,,,,2009,,2009,,,,Asia,Taiwan,TW,Mianhua Islet,,,25.48483,122.10535,EPSG:4326,400,1e-05,Vanessa cardui,,KL_Insect_0000007,38116,t0028473,Vanessa cardui,Animalia,species,小紅蛺蝶,accepted,
2009-00-00_Insect_HumanObservation_020,HumanObservation,,2009-00-00_Insect_HumanObservation_020,社團法人基隆市野鳥學會 (Wild Bird Society of Keelung),,,,,,,,,2009,,2009,,,,Asia,Taiwan,TW,Mianhua Islet,,,25.48483,122.10535,EPSG:4326,400,1e-05,Vanessa indica,,KL_Insect_0000008,34556,t0056704,Vanessa indica,Animalia,species,大紅蛺蝶,accepted,
2009-00-00_Insect_HumanObservation_021,HumanObservation,,2009-00-00_Insect_HumanObservation_021,社團法人基隆市野鳥學會 (Wild Bird Society of Keelung),,,,,,,,,2009,,2009,,,,Asia,Taiwan,TW,Mianhua Islet,,,25.48483,122.10535,EPSG:4326,400,1e-05,Colias erate,,KL_Insect_0000013,28165,t0097756,Colias erate,Animalia,species,紋黃蝶,accepted,
2009-00-00_Insect_HumanObservation_022,HumanObservation,,2009-00-00_Insect_HumanObservation_022,社團法人基隆市野鳥學會 (Wild Bird Society of Keelung),,,,,,,,,2009,,2009,,,,Asia,Taiwan,TW,Mianhua Islet,,,25.48483,122.10535,EPSG:4326,400,1e-05,Pieris canidia,,KL_Insect_0000014,32560,t0031917,Pieris canidia,Animalia,species,緣點白粉蝶,accepted,
2009-00-00_Insect_HumanObservation_023,HumanObservation,,2009-00-00_Insect_HumanObservation_023,社團法人基隆市野鳥學會 (Wild Bird Society of Keelung),,,,,,,,,2009,,2009,,,,Asia,Taiwan,TW,Mianhua Islet,,,25.48483,122.10535,EPSG:4326,400,1e-05,Spoladea recurvalis,,KL_Insect_0000020,37877,t0033008,Spoladea recurvalis,Animalia,species,甜菜白帶野螟,accepted,甜菜白帶野螟蛾
2009-00-00_Insect_HumanObservation_024,HumanObservation,,2009-00-00_Insect_HumanObservation_024,社團法人基隆市野鳥學會 (Wild Bird Society of Keelung),,,,,,,,,2009,,2009,,,,Asia,Taiwan,TW,Mianhua Islet,,,25.48483,122.10535,EPSG:4326,400,1e-05,Nyctemera adversata,,KL_Insect_0000029,31698,t0052147,Nyctemera adversata,Animalia,species,粉蝶燈蛾,accepted,
2009-00-00_Insect_HumanObservation_025,HumanObservation,,2009-00-00_Insect_HumanObservation_025,社團法人基隆市野鳥學會 (Wild Bird Society of Keelung),,,,,,,,,2009,,2009,,,,Asia,Taiwan,TW,Mianhua Islet,,,25.48483,122.10535,EPSG:4326,400,1e-05,Anax julius,,KL_Insect_0000043,284708,t0085241,Anax julius,Animalia,species,綠胸晏蜓,accepted,
2009-00-00_Insect_HumanObservation_026,HumanObservation,,2009-00-00_Insect_HumanObservation_026,社團法人基隆市野鳥學會 (Wild Bird Society of Keelung),,,,,,,,,2009,,2009,,,,Asia,Taiwan,TW,Mianhua Islet,,,25.48483,122.10535,EPSG:4326,400,1e-05,Pantala flavescens,,KL_Insect_0000048,82387,t0082932,Pantala flavescens,Animalia,species,薄翅蜻蜓,accepted,
2009-00-00_Insect_HumanObservation_027,HumanObservation,,2009-00-00_Insect_HumanObservation_027,社團法人基隆市野鳥學會 (Wild Bird Society of Keelung),,,,,,,,,2009,,2009,,,,Asia,Taiwan,TW,Mianhua Islet,,,25.48483,122.10535,EPSG:4326,400,1e-05,Nezara viridula,,KL_Insect_0000073,80891,t0031136,Nezara viridula,Animalia,species,稻綠蝽,accepted,
2009-00-00_Insect_HumanObservation_028,HumanObservation,,2009-00-00_Insect_HumanObservation_028,社團法人基隆市野鳥學會 (Wild Bird Society of Keelung),,,,,,,,,2009,,2009,,,,Asia,Taiwan,TW,Mianhua Islet,,,25.48483,122.10535,EPSG:4326,400,1e-05,Acrida formosana,,KL_Insect_0000081,62089,t0070133,Acrida formosana,Animalia,species,臺灣劍角蝗,accepted,蓬萊劍角蝗 | 中華劍角蝗 | 長頭蝗
2009-00-00_Insect_HumanObservation_029,HumanObservation,,2009-00-00_Insect_HumanObservation_029,社團法人基隆市野鳥學會 (Wild Bird Society of Keelung),,,,,,,,,2009,,2009,,,,Asia,Taiwan,TW,Mianhua Islet,,,25.48483,122.10535,EPSG:4326,400,1e-05,Aiolopus thalassinus tamulus,Identified to subspecies level based on the known local distribution.,KL_Insect_0000144,92373,t0085206,Aiolopus thalassinus tamulus,Animalia,subspecies,斑蝗,accepted,
2009-00-00_Insect_HumanObservation_030,HumanObservation,,2009-00-00_Insect_HumanObservation_030,社團法人基隆市野鳥學會 (Wild Bird Society of Keelung),,,,,,,,,2009,,2009,,,,Asia,Taiwan,TW,Mianhua Islet,,,25.48483,122.10535,EPSG:4326,400,1e-05,Hieroglyphus annulicornis,,KL_Insect_0000085,74879,t0065585,Hieroglyphus annulicornis,Animalia,species,斑腿蔗蝗,accepted,斑角蔗蝗 | 斑角蝗
2009-00-00_Insect_HumanObservation_031,HumanObservation,,2009-00-00_Insect_HumanObservation_031,社團法人基隆市野鳥學會 (Wild Bird Society of Keelung),,,,,,,,,2009,,2009,,,,Asia,Taiwan,TW,Mianhua Islet,,,25.48483,122.10535,EPSG:4326,400,1e-05,Gastrimargus marmoratus,,KL_Insect_0000086,292952,t0129995,Gastrimargus marmoratus,Animalia,species,雲斑車蝗,accepted,
2009-00-00_Insect_HumanObservation_032,HumanObservation,,2009-00-00_Insect_HumanObservation_032,社團法人基隆市野鳥學會 (Wild Bird Society of Keelung),,,,,,,,,2009,,2009,,,,Asia,Taiwan,TW,Mianhua Islet,,,25.48483,122.10535,EPSG:4326,400,1e-05,Teleogryllus mitratus,,KL_Insect_0000087,89623,t0033281,Teleogryllus mitratus,Animalia,species,白緣眉紋蟋蟀,accepted,
2009-00-00_Insect_HumanObservation_033,HumanObservation,,2009-00-00_Insect_HumanObservation_033,社團法人基隆市野鳥學會 (Wild Bird Society of Keelung),,,,,,,,,2009,,2009,,,,Asia,Taiwan,TW,Mianhua Islet,,,25.48483,122.10535,EPSG:4326,400,1e-05,Agrypnus sakaguchii,,KL_Insect_0000108,62686,t0070692,Agrypnus sakaguchii,Animalia,species,小褐鏽叩頭蟲,accepted,
2010-00-00_Insect_HumanObservation_034,HumanObservation,,2010-00-00_Insect_HumanObservation_034,社團法人基隆市野鳥學會 (Wild Bird Society of Keelung),,,,,,,,,2010,,2010,,,,Asia,Taiwan,TW,Mianhua Islet,,,25.48483,122.10535,EPSG:4326,400,1e-05,Lampides boeticus,,KL_Insect_0000001,36747,t0027297,Lampides boeticus,Animalia,species,豆波灰蝶,accepted,
2010-00-00_Insect_HumanObservation_035,HumanObservation,,2010-00-00_Insect_HumanObservation_035,社團法人基隆市野鳥學會 (Wild Bird Society of Keelung),,,,,,,,,2010,,2010,,,,Asia,Taiwan,TW,Mianhua Islet,,,25.48483,122.10535,EPSG:4326,400,1e-05,Zizeeria maha okinawana,,KL_Insect_0000002,35344,t0085052,Zizeeria maha okinawana,Animalia,subspecies,沖繩小灰蝶,accepted,毛眼灰蝶 | 柞灰蝶 | 酢醬灰蝶 | 小型小灰蝶 | 大和小灰蝶 | 藍灰蝶
2010-00-00_Insect_HumanObservation_036,HumanObservation,,2010-00-00_Insect_HumanObservation_036,社團法人基隆市野鳥學會 (Wild Bird Society of Keelung),,,,,,,,,2010,,2010,,,,Asia,Taiwan,TW,Mianhua Islet,,,25.48483,122.10535,EPSG:4326,400,1e-05,Junonia orithya,,KL_Insect_0000006,30446,t0027215,Junonia orithya,Animalia,species,青眼蛺蝶,accepted,
2010-00-00_Insect_HumanObservation_037,HumanObservation,,2010-00-00_Insect_HumanObservation_037,社團法人基隆市野鳥學會 (Wild Bird Society of Keelung),,,,,,,,,2010,,2010,,,,Asia,Taiwan,TW,Mianhua Islet,,,25.48483,122.10535,EPSG:4326,400,1e-05,Spoladea recurvalis,,KL_Insect_0000020,37877,t0033008,Spoladea recurvalis,Animalia,species,甜菜白帶野螟,accepted,甜菜白帶野螟蛾
2010-00-00_Insect_HumanObservation_038,HumanObservation,,2010-00-00_Insect_HumanObservation_038,社團法人基隆市野鳥學會 (Wild Bird Society of Keelung),,,,,,,,,2010,,2010,,,,Asia,Taiwan,TW,Mianhua Islet,,,25.48483,122.10535,EPSG:4326,400,1e-05,Purpurata iopasalis,,KL_Insect_0000023,268700,t0031661,Purpurata iopasalis,Animalia,species,紫褐肋野螟蛾,accepted,
2010-00-00_Insect_HumanObservation_039,HumanObservation,,2010-00-00_Insect_HumanObservation_039,社團法人基隆市野鳥學會 (Wild Bird Society of Keelung),,,,,,,,,2010,,2010,,,,Asia,Taiwan,TW,Mianhua Islet,,,25.48483,122.10535,EPSG:4326,400,1e-05,Hippotion rosetta,,KL_Insect_0000037,36580,t0029704,Hippotion rosetta,Animalia,species,後紅斜線天蛾,accepted,茜草後紅斜線天蛾 | 茜草紅後斜線天蛾 | 裏紅斜線天蛾
2010-00-00_Insect_HumanObservation_040,HumanObservation,,2010-00-00_Insect_HumanObservation_040,社團法人基隆市野鳥學會 (Wild Bird Society of Keelung),,,,,,,,,2010,,2010,,,,Asia,Taiwan,TW,Mianhua Islet,,,25.48483,122.10535,EPSG:4326,400,1e-05,Agriocnemis pygmaea,,KL_Insect_0000045,62652,t0057586,Agriocnemis pygmaea,Animalia,species,橙尾細蟌,accepted,
2010-00-00_Insect_HumanObservation_041,HumanObservation,,2010-00-00_Insect_HumanObservation_041,社團法人基隆市野鳥學會 (Wild Bird Society of Keelung),,,,,,,,,2010,,2010,,,,Asia,Taiwan,TW,Mianhua Islet,,,25.48483,122.10535,EPSG:4326,400,1e-05,Pantala flavescens,,KL_Insect_0000048,82387,t0082932,Pantala flavescens,Animalia,species,薄翅蜻蜓,accepted,
2010-00-00_Insect_HumanObservation_042,HumanObservation,,2010-00-00_Insect_HumanObservation_042,社團法人基隆市野鳥學會 (Wild Bird Society of Keelung),,,,,,,,,2010,,2010,,,,Asia,Taiwan,TW,Mianhua Islet,,,25.48483,122.10535,EPSG:4326,400,1e-05,Spilostethus hospes,,KL_Insect_0000058,59943,t0098935,Spilostethus hospes,Animalia,species,黑斑腺長蝽,accepted,箭痕腺長蝽
2010-00-00_Insect_HumanObservation_043,HumanObservation,,2010-00-00_Insect_HumanObservation_043,社團法人基隆市野鳥學會 (Wild Bird Society of Keelung),,,,,,,,,2010,,2010,,,,Asia,Taiwan,TW,Mianhua Islet,,,25.48483,122.10535,EPSG:4326,400,1e-05,Agonoscelis nubilis,,KL_Insect_0000072,62585,t0070594,Agonoscelis nubilis,Animalia,species,雲蝽,accepted,雲椿象
2010-00-00_Insect_HumanObservation_044,HumanObservation,,2010-00-00_Insect_HumanObservation_044,社團法人基隆市野鳥學會 (Wild Bird Society of Keelung),,,,,,,,,2010,,2010,,,,Asia,Taiwan,TW,Mianhua Islet,,,25.48483,122.10535,EPSG:4326,400,1e-05,Nezara viridula,,KL_Insect_0000073,80891,t0031136,Nezara viridula,Animalia,species,稻綠蝽,accepted,
2010-00-00_Insect_HumanObservation_045,HumanObservation,,2010-00-00_Insect_HumanObservation_045,社團法人基隆市野鳥學會 (Wild Bird Society of Keelung),,,,,,,,,2010,,2010,,,,Asia,Taiwan,TW,Mianhua Islet,,,25.48483,122.10535,EPSG:4326,400,1e-05,Piezodorus hybneri,,KL_Insect_0000074,84105,t0084432,Piezodorus hybneri,Animalia,species,璧蝽,accepted,璧椿象
2010-00-00_Insect_HumanObservation_046,HumanObservation,,2010-00-00_Insect_HumanObservation_046,社團法人基隆市野鳥學會 (Wild Bird Society of Keelung),,,,,,,,,2010,,2010,,,,Asia,Taiwan,TW,Mianhua Islet,,,25.48483,122.10535,EPSG:4326,400,1e-05,Scotiphara scotii,,KL_Insect_0000075,87296,t0038632,Scotiphara scotii,Animalia,species,短刺黑椿象,accepted,
2010-00-00_Insect_HumanObservation_047,HumanObservation,,2010-00-00_Insect_HumanObservation_047,社團法人基隆市野鳥學會 (Wild Bird Society of Keelung),,,,,,,,,2010,,2010,,,,Asia,Taiwan,TW,Mianhua Islet,,,25.48483,122.10535,EPSG:4326,400,1e-05,Pycnoscelus surinamensis,,KL_Insect_0000077,85962,t0037458,Pycnoscelus surinamensis,Animalia,species,蘇利南潛蠊,accepted,
2010-00-00_Insect_HumanObservation_048,HumanObservation,,2010-00-00_Insect_HumanObservation_048,社團法人基隆市野鳥學會 (Wild Bird Society of Keelung),,,,,,,,,2010,,2010,,,,Asia,Taiwan,TW,Mianhua Islet,,,25.48483,122.10535,EPSG:4326,400,1e-05,Validiblatta australasiae,,KL_Insect_0000079,267217,t0031741,Validiblatta australasiae,Animalia,species,澳洲家蠊,accepted,
2010-00-00_Insect_HumanObservation_049,HumanObservation,,2010-00-00_Insect_HumanObservation_049,社團法人基隆市野鳥學會 (Wild Bird Society of Keelung),,,,,,,,,2010,,2010,,,,Asia,Taiwan,TW,Mianhua Islet,,,25.48483,122.10535,EPSG:4326,400,1e-05,Acrida formosana,,KL_Insect_0000081,62089,t0070133,Acrida formosana,Animalia,species,臺灣劍角蝗,accepted,蓬萊劍角蝗 | 中華劍角蝗 | 長頭蝗
2010-00-00_Insect_HumanObservation_050,HumanObservation,,2010-00-00_Insect_HumanObservation_050,社團法人基隆市野鳥學會 (Wild Bird Society of Keelung),,,,,,,,,2010,,2010,,,,Asia,Taiwan,TW,Mianhua Islet,,,25.48483,122.10535,EPSG:4326,400,1e-05,Aiolopus thalassinus tamulus,Identified to subspecies level based on the known local distribution.,KL_Insect_0000144,92373,t0085206,Aiolopus thalassinus tamulus,Animalia,subspecies,斑蝗,accepted,
2010-00-00_Insect_HumanObservation_051,HumanObservation,,2010-00-00_Insect_HumanObservation_051,社團法人基隆市野鳥學會 (Wild Bird Society of Keelung),,,,,,,,,2010,,2010,,,,Asia,Taiwan,TW,Mianhua Islet,,,25.48483,122.10535,EPSG:4326,400,1e-05,Chlorophorus graphus,,KL_Insect_0000095,67558,t0078251,Chlorophorus graphus,Animalia,species,圖紋虎天牛,accepted,
2010-00-00_Insect_HumanObservation_052,HumanObservation,,2010-00-00_Insect_HumanObservation_052,社團法人基隆市野鳥學會 (Wild Bird Society of Keelung),,,,,,,,,2010,,2010,,,,Asia,Taiwan,TW,Mianhua Islet,,,25.48483,122.10535,EPSG:4326,400,1e-05,Coccinella septempunctata,,KL_Insect_0000102,68217,t0078837,Coccinella septempunctata,Animalia,species,七星瓢蟲,accepted,
2010-00-00_Insect_HumanObservation_053,HumanObservation,,2010-00-00_Insect_HumanObservation_053,社團法人基隆市野鳥學會 (Wild Bird Society of Keelung),,,,,,,,,2010,,2010,,,,Asia,Taiwan,TW,Mianhua Islet,,,25.48483,122.10535,EPSG:4326,400,1e-05,Propylea japonica,,KL_Insect_0000103,85210,t0036796,Propylea japonica,Animalia,species,龜紋瓢蟲,accepted,
2010-00-00_Insect_HumanObservation_054,HumanObservation,,2010-00-00_Insect_HumanObservation_054,社團法人基隆市野鳥學會 (Wild Bird Society of Keelung),,,,,,,,,2010,,2010,,,,Asia,Taiwan,TW,Mianhua Islet,,,25.48483,122.10535,EPSG:4326,400,1e-05,Paederus fuscipes,,KL_Insect_0000106,82210,t0082775,Paederus fuscipes,Animalia,species,紅胸隱翅蟲,accepted,梭毒隱翅蟲 | 青翅蟻形隱翅蟲 | 黄腳蟻型隱翅蟲
2011-00-00_Insect_HumanObservation_055,HumanObservation,,2011-00-00_Insect_HumanObservation_055,社團法人基隆市野鳥學會 (Wild Bird Society of Keelung),,,,,,,,,2011,,2011,,,Aerial Netting | Sweeping Net Method | Beat Sheet Method | Sieving Method | Aquatic Sieving | Visual Search Method | Trap Method | Bait Method,Asia,Taiwan,TW,Mianhua Islet,,,25.48483,122.10535,EPSG:4326,400,1e-05,Lampides boeticus,,KL_Insect_0000001,36747,t0027297,Lampides boeticus,Animalia,species,豆波灰蝶,accepted,
2011-00-00_Insect_HumanObservation_056,HumanObservation,,2011-00-00_Insect_HumanObservation_056,社團法人基隆市野鳥學會 (Wild Bird Society of Keelung),,,,,,,,,2011,,2011,,,Aerial Netting | Sweeping Net Method | Beat Sheet Method | Sieving Method | Aquatic Sieving | Visual Search Method | Trap Method | Bait Method,Asia,Taiwan,TW,Mianhua Islet,,,25.48483,122.10535,EPSG:4326,400,1e-05,Zizeeria maha okinawana,,KL_Insect_0000002,35344,t0085052,Zizeeria maha okinawana,Animalia,subspecies,沖繩小灰蝶,accepted,毛眼灰蝶 | 柞灰蝶 | 酢醬灰蝶 | 小型小灰蝶 | 大和小灰蝶 | 藍灰蝶
2011-00-00_Insect_HumanObservation_057,HumanObservation,,2011-00-00_Insect_HumanObservation_057,社團法人基隆市野鳥學會 (Wild Bird Society of Keelung),,,,,,,,,2011,,2011,,,Aerial Netting | Sweeping Net Method | Beat Sheet Method | Sieving Method | Aquatic Sieving | Visual Search Method | Trap Method | Bait Method,Asia,Taiwan,TW,Mianhua Islet,,,25.48483,122.10535,EPSG:4326,400,1e-05,Catopsilia pomona pomona,Identified to subspecies level based on the known local distribution.,KL_Insect_0000210,34849,t0030200,Catopsilia pomona pomona,Animalia,subspecies,遷粉蝶,accepted,果神蝶 | 無紋淡黃蝶 | 銀紋淡黃蝶 | 淡黃蝶 | 淺紋淡黃粉蝶 | 銀紋淡黃粉蝶 | 鐵刀木粉蝶 | 遷飛粉蝶
2011-00-00_Insect_HumanObservation_058,HumanObservation,,2011-00-00_Insect_HumanObservation_058,社團法人基隆市野鳥學會 (Wild Bird Society of Keelung),,,,,,,,,2011,,2011,,,Aerial Netting | Sweeping Net Method | Beat Sheet Method | Sieving Method | Aquatic Sieving | Visual Search Method | Trap Method | Bait Method,Asia,Taiwan,TW,Mianhua Islet,,,25.48483,122.10535,EPSG:4326,400,1e-05,Eurema mandarina,,KL_Insect_0000016,29321,t0051052,Eurema mandarina,Animalia,species,北黃蝶,accepted,
2011-00-00_Insect_HumanObservation_059,HumanObservation,,2011-00-00_Insect_HumanObservation_059,社團法人基隆市野鳥學會 (Wild Bird Society of Keelung),,,,,,,,,2011,,2011,,,Aerial Netting | Sweeping Net Method | Beat Sheet Method | Sieving Method | Aquatic Sieving | Visual Search Method | Trap Method | Bait Method,Asia,Taiwan,TW,Mianhua Islet,,,25.48483,122.10535,EPSG:4326,400,1e-05,Spoladea recurvalis,,KL_Insect_0000020,37877,t0033008,Spoladea recurvalis,Animalia,species,甜菜白帶野螟,accepted,甜菜白帶野螟蛾
2011-00-00_Insect_HumanObservation_060,HumanObservation,,2011-00-00_Insect_HumanObservation_060,社團法人基隆市野鳥學會 (Wild Bird Society of Keelung),,,,,,,,,2011,,2011,,,Aerial Netting | Sweeping Net Method | Beat Sheet Method | Sieving Method | Aquatic Sieving | Visual Search Method | Trap Method | Bait Method,Asia,Taiwan,TW,Mianhua Islet,,,25.48483,122.10535,EPSG:4326,400,1e-05,Pygospila tyres,,KL_Insect_0000022,33018,t0056023,Pygospila tyres,Animalia,species,白斑黑翅野螟蛾,accepted,
2011-00-00_Insect_HumanObservation_061,HumanObservation,,2011-00-00_Insect_HumanObservation_061,社團法人基隆市野鳥學會 (Wild Bird Society of Keelung),,,,,,,,,2011,,2011,,,Aerial Netting | Sweeping Net Method | Beat Sheet Method | Sieving Method | Aquatic Sieving | Visual Search Method | Trap Method | Bait Method,Asia,Taiwan,TW,Mianhua Islet,,,25.48483,122.10535,EPSG:4326,400,1e-05,Plutella xylostella,,KL_Insect_0000035,37469,t0057177,Plutella xylostella,Animalia,species,小菜蛾,accepted,
2011-00-00_Insect_HumanObservation_062,HumanObservation,,2011-00-00_Insect_HumanObservation_062,社團法人基隆市野鳥學會 (Wild Bird Society of Keelung),,,,,,,,,2011,,2011,,,Aerial Netting | Sweeping Net Method | Beat Sheet Method | Sieving Method | Aquatic Sieving | Visual Search Method | Trap Method | Bait Method,Asia,Taiwan,TW,Mianhua Islet,,,25.48483,122.10535,EPSG:4326,400,1e-05,Pantala flavescens,,KL_Insect_0000048,82387,t0082932,Pantala flavescens,Animalia,species,薄翅蜻蜓,accepted,
2011-00-00_Insect_HumanObservation_063,HumanObservation,,2011-00-00_Insect_HumanObservation_063,社團法人基隆市野鳥學會 (Wild Bird Society of Keelung),,,,,,,,,2011,,2011,,,Aerial Netting | Sweeping Net Method | Beat Sheet Method | Sieving Method | Aquatic Sieving | Visual Search Method | Trap Method | Bait Method,Asia,Taiwan,TW,Mianhua Islet,,,25.48483,122.10535,EPSG:4326,400,1e-05,Hishimonus sellatus,,KL_Insect_0000053,74956,t0065647,Hishimonus sellatus,Animalia,species,菱紋葉蟬,accepted,凹緣菱紋葉蟬
2011-00-00_Insect_HumanObservation_064,HumanObservation,,2011-00-00_Insect_HumanObservation_064,社團法人基隆市野鳥學會 (Wild Bird Society of Keelung),,,,,,,,,2011,,2011,,,Aerial Netting | Sweeping Net Method | Beat Sheet Method | Sieving Method | Aquatic Sieving | Visual Search Method | Trap Method | Bait Method,Asia,Taiwan,TW,Mianhua Islet,,,25.48483,122.10535,EPSG:4326,400,1e-05,Graptostethus servus servus,Identified to subspecies level based on the known local distribution.,KL_Insect_0000057,92995,t0085718,Graptostethus servus servus,Animalia,subspecies,紅腺長椿,accepted,紅腺長椿象 | 黑帶紅腺長蝽
2011-00-00_Insect_HumanObservation_065,HumanObservation,,2011-00-00_Insect_HumanObservation_065,社團法人基隆市野鳥學會 (Wild Bird Society of Keelung),,,,,,,,,2011,,2011,,,Aerial Netting | Sweeping Net Method | Beat Sheet Method | Sieving Method | Aquatic Sieving | Visual Search Method | Trap Method | Bait Method,Asia,Taiwan,TW,Mianhua Islet,,,25.48483,122.10535,EPSG:4326,400,1e-05,Spilostethus hospes,,KL_Insect_0000058,59943,t0098935,Spilostethus hospes,Animalia,species,黑斑腺長蝽,accepted,箭痕腺長蝽
2011-00-00_Insect_HumanObservation_066,HumanObservation,,2011-00-00_Insect_HumanObservation_066,社團法人基隆市野鳥學會 (Wild Bird Society of Keelung),,,,,,,,,2011,,2011,,,Aerial Netting | Sweeping Net Method | Beat Sheet Method | Sieving Method | Aquatic Sieving | Visual Search Method | Trap Method | Bait Method,Asia,Taiwan,TW,Mianhua Islet,,,25.48483,122.10535,EPSG:4326,400,1e-05,Agonoscelis nubilis,,KL_Insect_0000072,62585,t0070594,Agonoscelis nubilis,Animalia,species,雲蝽,accepted,雲椿象
2011-00-00_Insect_HumanObservation_067,HumanObservation,,2011-00-00_Insect_HumanObservation_067,社團法人基隆市野鳥學會 (Wild Bird Society of Keelung),,,,,,,,,2011,,2011,,,Aerial Netting | Sweeping Net Method | Beat Sheet Method | Sieving Method | Aquatic Sieving | Visual Search Method | Trap Method | Bait Method,Asia,Taiwan,TW,Mianhua Islet,,,25.48483,122.10535,EPSG:4326,400,1e-05,Nezara viridula,,KL_Insect_0000073,80891,t0031136,Nezara viridula,Animalia,species,稻綠蝽,accepted,
2011-00-00_Insect_HumanObservation_068,HumanObservation,,2011-00-00_Insect_HumanObservation_068,社團法人基隆市野鳥學會 (Wild Bird Society of Keelung),,,,,,,,,2011,,2011,,,Aerial Netting | Sweeping Net Method | Beat Sheet Method | Sieving Method | Aquatic Sieving | Visual Search Method | Trap Method | Bait Method,Asia,Taiwan,TW,Mianhua Islet,,,25.48483,122.10535,EPSG:4326,400,1e-05,Scotiphara scotii,,KL_Insect_0000075,87296,t0038632,Scotiphara scotii,Animalia,species,短刺黑椿象,accepted,
2011-00-00_Insect_HumanObservation_069,HumanObservation,,2011-00-00_Insect_HumanObservation_069,社團法人基隆市野鳥學會 (Wild Bird Society of Keelung),,,,,,,,,2011,,2011,,,Aerial Netting | Sweeping Net Method | Beat Sheet Method | Sieving Method | Aquatic Sieving | Visual Search Method | Trap Method | Bait Method,Asia,Taiwan,TW,Mianhua Islet,,,25.48483,122.10535,EPSG:4326,400,1e-05,Pycnoscelus surinamensis,,KL_Insect_0000077,85962,t0037458,Pycnoscelus surinamensis,Animalia,species,蘇利南潛蠊,accepted,
2011-00-00_Insect_HumanObservation_070,HumanObservation,,2011-00-00_Insect_HumanObservation_070,社團法人基隆市野鳥學會 (Wild Bird Society of Keelung),,,,,,,,,2011,,2011,,,Aerial Netting | Sweeping Net Method | Beat Sheet Method | Sieving Method | Aquatic Sieving | Visual Search Method | Trap Method | Bait Method,Asia,Taiwan,TW,Mianhua Islet,,,25.48483,122.10535,EPSG:4326,400,1e-05,Validiblatta australasiae,,KL_Insect_0000079,267217,t0031741,Validiblatta australasiae,Animalia,species,澳洲家蠊,accepted,
2011-00-00_Insect_HumanObservation_071,HumanObservation,,2011-00-00_Insect_HumanObservation_071,社團法人基隆市野鳥學會 (Wild Bird Society of Keelung),,,,,,,,,2011,,2011,,,Aerial Netting | Sweeping Net Method | Beat Sheet Method | Sieving Method | Aquatic Sieving | Visual Search Method | Trap Method | Bait Method,Asia,Taiwan,TW,Mianhua Islet,,,25.48483,122.10535,EPSG:4326,400,1e-05,Acrida formosana,,KL_Insect_0000081,62089,t0070133,Acrida formosana,Animalia,species,臺灣劍角蝗,accepted,蓬萊劍角蝗 | 中華劍角蝗 | 長頭蝗
2011-00-00_Insect_HumanObservation_072,HumanObservation,,2011-00-00_Insect_HumanObservation_072,社團法人基隆市野鳥學會 (Wild Bird Society of Keelung),,,,,,,,,2011,,2011,,,Aerial Netting | Sweeping Net Method | Beat Sheet Method | Sieving Method | Aquatic Sieving | Visual Search Method | Trap Method | Bait Method,Asia,Taiwan,TW,Mianhua Islet,,,25.48483,122.10535,EPSG:4326,400,1e-05,Aiolopus thalassinus tamulus,Identified to subspecies level based on the known local distribution.,KL_Insect_0000144,92373,t0085206,Aiolopus thalassinus tamulus,Animalia,subspecies,斑蝗,accepted,
2011-00-00_Insect_HumanObservation_073,HumanObservation,,2011-00-00_Insect_HumanObservation_073,社團法人基隆市野鳥學會 (Wild Bird Society of Keelung),,,,,,,,,2011,,2011,,,Aerial Netting | Sweeping Net Method | Beat Sheet Method | Sieving Method | Aquatic Sieving | Visual Search Method | Trap Method | Bait Method,Asia,Taiwan,TW,Mianhua Islet,,,25.48483,122.10535,EPSG:4326,400,1e-05,Trilophidia annulata,,KL_Insect_0000083,90830,t0047928,Trilophidia annulata,Animalia,species,疣蝗,accepted,
2011-00-00_Insect_HumanObservation_074,HumanObservation,,2011-00-00_Insect_HumanObservation_074,社團法人基隆市野鳥學會 (Wild Bird Society of Keelung),,,,,,,,,2011,,2011,,,Aerial Netting | Sweeping Net Method | Beat Sheet Method | Sieving Method | Aquatic Sieving | Visual Search Method | Trap Method | Bait Method,Asia,Taiwan,TW,Mianhua Islet,,,25.48483,122.10535,EPSG:4326,400,1e-05,Chlorophorus graphus,,KL_Insect_0000095,67558,t0078251,Chlorophorus graphus,Animalia,species,圖紋虎天牛,accepted,
2011-00-00_Insect_HumanObservation_075,HumanObservation,,2011-00-00_Insect_HumanObservation_075,社團法人基隆市野鳥學會 (Wild Bird Society of Keelung),,,,,,,,,2011,,2011,,,Aerial Netting | Sweeping Net Method | Beat Sheet Method | Sieving Method | Aquatic Sieving | Visual Search Method | Trap Method | Bait Method,Asia,Taiwan,TW,Mianhua Islet,,,25.48483,122.10535,EPSG:4326,400,1e-05,Colasposoma viridicoeruleum,,KL_Insect_0000146,68360,t0078956,Colasposoma viridicoeruleum,Animalia,species,甘藷猿金花蟲,accepted,
2011-00-00_Insect_HumanObservation_076,HumanObservation,,2011-00-00_Insect_HumanObservation_076,社團法人基隆市野鳥學會 (Wild Bird Society of Keelung),,,,,,,,,2011,,2011,,,Aerial Netting | Sweeping Net Method | Beat Sheet Method | Sieving Method | Aquatic Sieving | Visual Search Method | Trap Method | Bait Method,Asia,Taiwan,TW,Mianhua Islet,,,25.48483,122.10535,EPSG:4326,400,1e-05,Coccinella septempunctata,,KL_Insect_0000102,68217,t0078837,Coccinella septempunctata,Animalia,species,七星瓢蟲,accepted,
2011-00-00_Insect_HumanObservation_077,HumanObservation,,2011-00-00_Insect_HumanObservation_077,社團法人基隆市野鳥學會 (Wild Bird Society of Keelung),,,,,,,,,2011,,2011,,,Aerial Netting | Sweeping Net Method | Beat Sheet Method | Sieving Method | Aquatic Sieving | Visual Search Method | Trap Method | Bait Method,Asia,Taiwan,TW,Mianhua Islet,,,25.48483,122.10535,EPSG:4326,400,1e-05,Protaetia orientalis sakaii,Identified to subspecies level based on the known local distribution.,KL_Insect_0000105,93551,t0086159,Protaetia orientalis sakaii,Animalia,subspecies,東方白點花金龜,accepted,
2011-00-00_Insect_HumanObservation_078,HumanObservation,,2011-00-00_Insect_HumanObservation_078,社團法人基隆市野鳥學會 (Wild Bird Society of Keelung),,,,,,,,,2011,,2011,,,Aerial Netting | Sweeping Net Method | Beat Sheet Method | Sieving Method | Aquatic Sieving | Visual Search Method | Trap Method | Bait Method,Asia,Taiwan,TW,Mianhua Islet,,,25.48483,122.10535,EPSG:4326,400,1e-05,Paederus fuscipes,,KL_Insect_0000106,82210,t0082775,Paederus fuscipes,Animalia,species,紅胸隱翅蟲,accepted,梭毒隱翅蟲 | 青翅蟻形隱翅蟲 | 黄腳蟻型隱翅蟲
2012-00-00_Insect_HumanObservation_079,HumanObservation,,2012-00-00_Insect_HumanObservation_079,社團法人基隆市野鳥學會 (Wild Bird Society of Keelung),,,,,,,,,2012,,2012,,,Aerial Netting | Sweeping Net Method | Beat Sheet Method | Sieving Method | Aquatic Sieving | Visual Search Method | Trap Method | Bait Method,Asia,Taiwan,TW,Mianhua Islet,,,25.48483,122.10535,EPSG:4326,400,1e-05,Lampides boeticus,,KL_Insect_0000001,36747,t0027297,Lampides boeticus,Animalia,species,豆波灰蝶,accepted,
2012-00-00_Insect_HumanObservation_080,HumanObservation,,2012-00-00_Insect_HumanObservation_080,社團法人基隆市野鳥學會 (Wild Bird Society of Keelung),,,,,,,,,2012,,2012,,,Aerial Netting | Sweeping Net Method | Beat Sheet Method | Sieving Method | Aquatic Sieving | Visual Search Method | Trap Method | Bait Method,Asia,Taiwan,TW,Mianhua Islet,,,25.48483,122.10535,EPSG:4326,400,1e-05,Zizeeria maha okinawana,,KL_Insect_0000002,35344,t0085052,Zizeeria maha okinawana,Animalia,subspecies,沖繩小灰蝶,accepted,毛眼灰蝶 | 柞灰蝶 | 酢醬灰蝶 | 小型小灰蝶 | 大和小灰蝶 | 藍灰蝶
2012-00-00_Insect_HumanObservation_081,HumanObservation,,2012-00-00_Insect_HumanObservation_081,社團法人基隆市野鳥學會 (Wild Bird Society of Keelung),,,,,,,,,2012,,2012,,,Aerial Netting | Sweeping Net Method | Beat Sheet Method | Sieving Method | Aquatic Sieving | Visual Search Method | Trap Method | Bait Method,Asia,Taiwan,TW,Mianhua Islet,,,25.48483,122.10535,EPSG:4326,400,1e-05,Vanessa indica,,KL_Insect_0000008,34556,t0056704,Vanessa indica,Animalia,species,大紅蛺蝶,accepted,
2012-00-00_Insect_HumanObservation_082,HumanObservation,,2012-00-00_Insect_HumanObservation_082,社團法人基隆市野鳥學會 (Wild Bird Society of Keelung),,,,,,,,,2012,,2012,,,Aerial Netting | Sweeping Net Method | Beat Sheet Method | Sieving Method | Aquatic Sieving | Visual Search Method | Trap Method | Bait Method,Asia,Taiwan,TW,Mianhua Islet,,,25.48483,122.10535,EPSG:4326,400,1e-05,Eurema mandarina,,KL_Insect_0000016,29321,t0051052,Eurema mandarina,Animalia,species,北黃蝶,accepted,
2012-00-00_Insect_HumanObservation_083,HumanObservation,,2012-00-00_Insect_HumanObservation_083,社團法人基隆市野鳥學會 (Wild Bird Society of Keelung),,,,,,,,,2012,,2012,,,Aerial Netting | Sweeping Net Method | Beat Sheet Method | Sieving Method | Aquatic Sieving | Visual Search Method | Trap Method | Bait Method,Asia,Taiwan,TW,Mianhua Islet,,,25.48483,122.10535,EPSG:4326,400,1e-05,Spoladea recurvalis,,KL_Insect_0000020,37877,t0033008,Spoladea recurvalis,Animalia,species,甜菜白帶野螟,accepted,甜菜白帶野螟蛾
2012-00-00_Insect_HumanObservation_084,HumanObservation,,2012-00-00_Insect_HumanObservation_084,社團法人基隆市野鳥學會 (Wild Bird Society of Keelung),,,,,,,,,2012,,2012,,,Aerial Netting | Sweeping Net Method | Beat Sheet Method | Sieving Method | Aquatic Sieving | Visual Search Method | Trap Method | Bait Method,Asia,Taiwan,TW,Mianhua Islet,,,25.48483,122.10535,EPSG:4326,400,1e-05,Pantala flavescens,,KL_Insect_0000048,82387,t0082932,Pantala flavescens,Animalia,species,薄翅蜻蜓,accepted,
2012-00-00_Insect_HumanObservation_085,HumanObservation,,2012-00-00_Insect_HumanObservation_085,社團法人基隆市野鳥學會 (Wild Bird Society of Keelung),,,,,,,,,2012,,2012,,,Aerial Netting | Sweeping Net Method | Beat Sheet Method | Sieving Method | Aquatic Sieving | Visual Search Method | Trap Method | Bait Method,Asia,Taiwan,TW,Mianhua Islet,,,25.48483,122.10535,EPSG:4326,400,1e-05,Riptortus pedestris,,KL_Insect_0000052,86514,t0037922,Riptortus pedestris,Animalia,species,點蜂緣蝽,accepted,
2012-00-00_Insect_HumanObservation_086,HumanObservation,,2012-00-00_Insect_HumanObservation_086,社團法人基隆市野鳥學會 (Wild Bird Society of Keelung),,,,,,,,,2012,,2012,,,Aerial Netting | Sweeping Net Method | Beat Sheet Method | Sieving Method | Aquatic Sieving | Visual Search Method | Trap Method | Bait Method,Asia,Taiwan,TW,Mianhua Islet,,,25.48483,122.10535,EPSG:4326,400,1e-05,Cletus trigonus,,KL_Insect_0000054,68077,t0078716,Cletus trigonus,Animalia,species,肩棘緣蝽,accepted,
2012-00-00_Insect_HumanObservation_087,HumanObservation,,2012-00-00_Insect_HumanObservation_087,社團法人基隆市野鳥學會 (Wild Bird Society of Keelung),,,,,,,,,2012,,2012,,,Aerial Netting | Sweeping Net Method | Beat Sheet Method | Sieving Method | Aquatic Sieving | Visual Search Method | Trap Method | Bait Method,Asia,Taiwan,TW,Mianhua Islet,,,25.48483,122.10535,EPSG:4326,400,1e-05,Homoeocerus marginiventris,,KL_Insect_0000055,75051,t0065733,Homoeocerus marginiventris,Animalia,species,小點同緣蝽,accepted,
2012-00-00_Insect_HumanObservation_088,HumanObservation,,2012-00-00_Insect_HumanObservation_088,社團法人基隆市野鳥學會 (Wild Bird Society of Keelung),,,,,,,,,2012,,2012,,,Aerial Netting | Sweeping Net Method | Beat Sheet Method | Sieving Method | Aquatic Sieving | Visual Search Method | Trap Method | Bait Method,Asia,Taiwan,TW,Mianhua Islet,,,25.48483,122.10535,EPSG:4326,400,1e-05,Spilostethus hospes,,KL_Insect_0000058,59943,t0098935,Spilostethus hospes,Animalia,species,黑斑腺長蝽,accepted,箭痕腺長蝽
2012-00-00_Insect_HumanObservation_089,HumanObservation,,2012-00-00_Insect_HumanObservation_089,社團法人基隆市野鳥學會 (Wild Bird Society of Keelung),,,,,,,,,2012,,2012,,,Aerial Netting | Sweeping Net Method | Beat Sheet Method | Sieving Method | Aquatic Sieving | Visual Search Method | Trap Method | Bait Method,Asia,Taiwan,TW,Mianhua Islet,,,25.48483,122.10535,EPSG:4326,400,1e-05,Agonoscelis nubilis,,KL_Insect_0000072,62585,t0070594,Agonoscelis nubilis,Animalia,species,雲蝽,accepted,雲椿象
2012-00-00_Insect_HumanObservation_090,HumanObservation,,2012-00-00_Insect_HumanObservation_090,社團法人基隆市野鳥學會 (Wild Bird Society of Keelung),,,,,,,,,2012,,2012,,,Aerial Netting | Sweeping Net Method | Beat Sheet Method | Sieving Method | Aquatic Sieving | Visual Search Method | Trap Method | Bait Method,Asia,Taiwan,TW,Mianhua Islet,,,25.48483,122.10535,EPSG:4326,400,1e-05,Nezara viridula,,KL_Insect_0000073,80891,t0031136,Nezara viridula,Animalia,species,稻綠蝽,accepted,
2012-00-00_Insect_HumanObservation_091,HumanObservation,,2012-00-00_Insect_HumanObservation_091,社團法人基隆市野鳥學會 (Wild Bird Society of Keelung),,,,,,,,,2012,,2012,,,Aerial Netting | Sweeping Net Method | Beat Sheet Method | Sieving Method | Aquatic Sieving | Visual Search Method | Trap Method | Bait Method,Asia,Taiwan,TW,Mianhua Islet,,,25.48483,122.10535,EPSG:4326,400,1e-05,Scotiphara scotii,,KL_Insect_0000075,87296,t0038632,Scotiphara scotii,Animalia,species,短刺黑椿象,accepted,
2012-00-00_Insect_HumanObservation_092,HumanObservation,,2012-00-00_Insect_HumanObservation_092,社團法人基隆市野鳥學會 (Wild Bird Society of Keelung),,,,,,,,,2012,,2012,,,Aerial Netting | Sweeping Net Method | Beat Sheet Method | Sieving Method | Aquatic Sieving | Visual Search Method | Trap Method | Bait Method,Asia,Taiwan,TW,Mianhua Islet,,,25.48483,122.10535,EPSG:4326,400,1e-05,Pycnoscelus surinamensis,,KL_Insect_0000077,85962,t0037458,Pycnoscelus surinamensis,Animalia,species,蘇利南潛蠊,accepted,
2012-00-00_Insect_HumanObservation_093,HumanObservation,,2012-00-00_Insect_HumanObservation_093,社團法人基隆市野鳥學會 (Wild Bird Society of Keelung),,,,,,,,,2012,,2012,,,Aerial Netting | Sweeping Net Method | Beat Sheet Method | Sieving Method | Aquatic Sieving | Visual Search Method | Trap Method | Bait Method,Asia,Taiwan,TW,Mianhua Islet,,,25.48483,122.10535,EPSG:4326,400,1e-05,Validiblatta australasiae,,KL_Insect_0000079,267217,t0031741,Validiblatta australasiae,Animalia,species,澳洲家蠊,accepted,
2012-00-00_Insect_HumanObservation_094,HumanObservation,,2012-00-00_Insect_HumanObservation_094,社團法人基隆市野鳥學會 (Wild Bird Society of Keelung),,,,,,,,,2012,,2012,,,Aerial Netting | Sweeping Net Method | Beat Sheet Method | Sieving Method | Aquatic Sieving | Visual Search Method | Trap Method | Bait Method,Asia,Taiwan,TW,Mianhua Islet,,,25.48483,122.10535,EPSG:4326,400,1e-05,Acrida formosana,,KL_Insect_0000081,62089,t0070133,Acrida formosana,Animalia,species,臺灣劍角蝗,accepted,蓬萊劍角蝗 | 中華劍角蝗 | 長頭蝗
2012-00-00_Insect_HumanObservation_095,HumanObservation,,2012-00-00_Insect_HumanObservation_095,社團法人基隆市野鳥學會 (Wild Bird Society of Keelung),,,,,,,,,2012,,2012,,,Aerial Netting | Sweeping Net Method | Beat Sheet Method | Sieving Method | Aquatic Sieving | Visual Search Method | Trap Method | Bait Method,Asia,Taiwan,TW,Mianhua Islet,,,25.48483,122.10535,EPSG:4326,400,1e-05,Aiolopus thalassinus tamulus,Identified to subspecies level based on the known local distribution.,KL_Insect_0000144,92373,t0085206,Aiolopus thalassinus tamulus,Animalia,subspecies,斑蝗,accepted,
2012-00-00_Insect_HumanObservation_096,HumanObservation,,2012-00-00_Insect_HumanObservation_096,社團法人基隆市野鳥學會 (Wild Bird Society of Keelung),,,,,,,,,2012,,2012,,,Aerial Netting | Sweeping Net Method | Beat Sheet Method | Sieving Method | Aquatic Sieving | Visual Search Method | Trap Method | Bait Method,Asia,Taiwan,TW,Mianhua Islet,,,25.48483,122.10535,EPSG:4326,400,1e-05,Trilophidia annulata,,KL_Insect_0000083,90830,t0047928,Trilophidia annulata,Animalia,species,疣蝗,accepted,
2012-00-00_Insect_HumanObservation_097,HumanObservation,,2012-00-00_Insect_HumanObservation_097,社團法人基隆市野鳥學會 (Wild Bird Society of Keelung),,,,,,,,,2012,,2012,,,Aerial Netting | Sweeping Net Method | Beat Sheet Method | Sieving Method | Aquatic Sieving | Visual Search Method | Trap Method | Bait Method,Asia,Taiwan,TW,Mianhua Islet,,,25.48483,122.10535,EPSG:4326,400,1e-05,Chlorophorus annularis,,KL_Insect_0000094,67553,t0030434,Chlorophorus annularis,Animalia,species,竹虎天牛,accepted,
2012-00-00_Insect_HumanObservation_098,HumanObservation,,2012-00-00_Insect_HumanObservation_098,社團法人基隆市野鳥學會 (Wild Bird Society of Keelung),,,,,,,,,2012,,2012,,,Aerial Netting | Sweeping Net Method | Beat Sheet Method | Sieving Method | Aquatic Sieving | Visual Search Method | Trap Method | Bait Method,Asia,Taiwan,TW,Mianhua Islet,,,25.48483,122.10535,EPSG:4326,400,1e-05,Colasposoma viridicoeruleum,,KL_Insect_0000146,68360,t0078956,Colasposoma viridicoeruleum,Animalia,species,甘藷猿金花蟲,accepted,
2012-00-00_Insect_HumanObservation_099,HumanObservation,,2012-00-00_Insect_HumanObservation_099,社團法人基隆市野鳥學會 (Wild Bird Society of Keelung),,,,,,,,,2012,,2012,,,Aerial Netting | Sweeping Net Method | Beat Sheet Method | Sieving Method | Aquatic Sieving | Visual Search Method | Trap Method | Bait Method,Asia,Taiwan,TW,Mianhua Islet,,,25.48483,122.10535,EPSG:4326,400,1e-05,Paederus fuscipes,,KL_Insect_0000106,82210,t0082775,Paederus fuscipes,Animalia,species,紅胸隱翅蟲,accepted,梭毒隱翅蟲 | 青翅蟻形隱翅蟲 | 黄腳蟻型隱翅蟲
2013-00-00_Insect_HumanObservation_100,HumanObservation,,2013-00-00_Insect_HumanObservation_100,社團法人基隆市野鳥學會 (Wild Bird Society of Keelung),,,,,,,,,2013,,2013,,,Aerial Netting | Sweeping Net Method | Beat Sheet Method | Sieving Method | Aquatic Sieving | Visual Search Method | Trap Method | Bait Method,Asia,Taiwan,TW,Mianhua Islet,,,25.48483,122.10535,EPSG:4326,400,1e-05,Lampides boeticus,,KL_Insect_0000001,36747,t0027297,Lampides boeticus,Animalia,species,豆波灰蝶,accepted,
2013-00-00_Insect_HumanObservation_101,HumanObservation,,2013-00-00_Insect_HumanObservation_101,社團法人基隆市野鳥學會 (Wild Bird Society of Keelung),,,,,,,,,2013,,2013,,,Aerial Netting | Sweeping Net Method | Beat Sheet Method | Sieving Method | Aquatic Sieving | Visual Search Method | Trap Method | Bait Method,Asia,Taiwan,TW,Mianhua Islet,,,25.48483,122.10535,EPSG:4326,400,1e-05,Zizeeria maha okinawana,,KL_Insect_0000002,35344,t0085052,Zizeeria maha okinawana,Animalia,subspecies,沖繩小灰蝶,accepted,毛眼灰蝶 | 柞灰蝶 | 酢醬灰蝶 | 小型小灰蝶 | 大和小灰蝶 | 藍灰蝶
2013-00-00_Insect_HumanObservation_102,HumanObservation,,2013-00-00_Insect_HumanObservation_102,社團法人基隆市野鳥學會 (Wild Bird Society of Keelung),,,,,,,,,2013,,2013,,,Aerial Netting | Sweeping Net Method | Beat Sheet Method | Sieving Method | Aquatic Sieving | Visual Search Method | Trap Method | Bait Method,Asia,Taiwan,TW,Mianhua Islet,,,25.48483,122.10535,EPSG:4326,400,1e-05,Vanessa cardui,,KL_Insect_0000007,38116,t0028473,Vanessa cardui,Animalia,species,小紅蛺蝶,accepted,
2013-00-00_Insect_HumanObservation_103,HumanObservation,,2013-00-00_Insect_HumanObservation_103,社團法人基隆市野鳥學會 (Wild Bird Society of Keelung),,,,,,,,,2013,,2013,,,Aerial Netting | Sweeping Net Method | Beat Sheet Method | Sieving Method | Aquatic Sieving | Visual Search Method | Trap Method | Bait Method,Asia,Taiwan,TW,Mianhua Islet,,,25.48483,122.10535,EPSG:4326,400,1e-05,Spoladea recurvalis,,KL_Insect_0000020,37877,t0033008,Spoladea recurvalis,Animalia,species,甜菜白帶野螟,accepted,甜菜白帶野螟蛾
2013-00-00_Insect_HumanObservation_104,HumanObservation,,2013-00-00_Insect_HumanObservation_104,社團法人基隆市野鳥學會 (Wild Bird Society of Keelung),,,,,,,,,2013,,2013,,,Aerial Netting | Sweeping Net Method | Beat Sheet Method | Sieving Method | Aquatic Sieving | Visual Search Method | Trap Method | Bait Method,Asia,Taiwan,TW,Mianhua Islet,,,25.48483,122.10535,EPSG:4326,400,1e-05,Eudocima phalonia,,KL_Insect_0000028,29160,t0029065,Eudocima phalonia,Animalia,species,落葉夜蛾,accepted,落葉裳蛾 | 凡艷葉夜蛾
2013-00-00_Insect_HumanObservation_105,HumanObservation,,2013-00-00_Insect_HumanObservation_105,社團法人基隆市野鳥學會 (Wild Bird Society of Keelung),,,,,,,,,2013,,2013,,,Aerial Netting | Sweeping Net Method | Beat Sheet Method | Sieving Method | Aquatic Sieving | Visual Search Method | Trap Method | Bait Method,Asia,Taiwan,TW,Mianhua Islet,,,25.48483,122.10535,EPSG:4326,400,1e-05,Asota plana lacteata,,KL_Insect_0000033,34802,t0084681,Asota plana lacteata,Animalia,subspecies,長斑擬燈蛾,accepted,
2013-00-00_Insect_HumanObservation_106,HumanObservation,,2013-00-00_Insect_HumanObservation_106,社團法人基隆市野鳥學會 (Wild Bird Society of Keelung),,,,,,,,,2013,,2013,,,Aerial Netting | Sweeping Net Method | Beat Sheet Method | Sieving Method | Aquatic Sieving | Visual Search Method | Trap Method | Bait Method,Asia,Taiwan,TW,Mianhua Islet,,,25.48483,122.10535,EPSG:4326,400,1e-05,Grammodes geometrica,,KL_Insect_0000034,29728,t0051233,Grammodes geometrica,Animalia,species,象夜蛾,accepted,
2013-00-00_Insect_HumanObservation_107,HumanObservation,,2013-00-00_Insect_HumanObservation_107,社團法人基隆市野鳥學會 (Wild Bird Society of Keelung),,,,,,,,,2013,,2013,,,Aerial Netting | Sweeping Net Method | Beat Sheet Method | Sieving Method | Aquatic Sieving | Visual Search Method | Trap Method | Bait Method,Asia,Taiwan,TW,Mianhua Islet,,,25.48483,122.10535,EPSG:4326,400,1e-05,Pantala flavescens,,KL_Insect_0000048,82387,t0082932,Pantala flavescens,Animalia,species,薄翅蜻蜓,accepted,
2013-00-00_Insect_HumanObservation_108,HumanObservation,,2013-00-00_Insect_HumanObservation_108,社團法人基隆市野鳥學會 (Wild Bird Society of Keelung),,,,,,,,,2013,,2013,,,Aerial Netting | Sweeping Net Method | Beat Sheet Method | Sieving Method | Aquatic Sieving | Visual Search Method | Trap Method | Bait Method,Asia,Taiwan,TW,Mianhua Islet,,,25.48483,122.10535,EPSG:4326,400,1e-05,Spilostethus hospes,,KL_Insect_0000058,59943,t0098935,Spilostethus hospes,Animalia,species,黑斑腺長蝽,accepted,箭痕腺長蝽
2013-00-00_Insect_HumanObservation_109,HumanObservation,,2013-00-00_Insect_HumanObservation_109,社團法人基隆市野鳥學會 (Wild Bird Society of Keelung),,,,,,,,,2013,,2013,,,Aerial Netting | Sweeping Net Method | Beat Sheet Method | Sieving Method | Aquatic Sieving | Visual Search Method | Trap Method | Bait Method,Asia,Taiwan,TW,Mianhua Islet,,,25.48483,122.10535,EPSG:4326,400,1e-05,Agonoscelis nubilis,,KL_Insect_0000072,62585,t0070594,Agonoscelis nubilis,Animalia,species,雲蝽,accepted,雲椿象
2013-00-00_Insect_HumanObservation_110,HumanObservation,,2013-00-00_Insect_HumanObservation_110,社團法人基隆市野鳥學會 (Wild Bird Society of Keelung),,,,,,,,,2013,,2013,,,Aerial Netting | Sweeping Net Method | Beat Sheet Method | Sieving Method | Aquatic Sieving | Visual Search Method | Trap Method | Bait Method,Asia,Taiwan,TW,Mianhua Islet,,,25.48483,122.10535,EPSG:4326,400,1e-05,Nezara viridula,,KL_Insect_0000073,80891,t0031136,Nezara viridula,Animalia,species,稻綠蝽,accepted,
2013-00-00_Insect_HumanObservation_111,HumanObservation,,2013-00-00_Insect_HumanObservation_111,社團法人基隆市野鳥學會 (Wild Bird Society of Keelung),,,,,,,,,2013,,2013,,,Aerial Netting | Sweeping Net Method | Beat Sheet Method | Sieving Method | Aquatic Sieving | Visual Search Method | Trap Method | Bait Method,Asia,Taiwan,TW,Mianhua Islet,,,25.48483,122.10535,EPSG:4326,400,1e-05,Validiblatta australasiae,,KL_Insect_0000079,267217,t0031741,Validiblatta australasiae,Animalia,species,澳洲家蠊,accepted,
2013-00-00_Insect_HumanObservation_112,HumanObservation,,2013-00-00_Insect_HumanObservation_112,社團法人基隆市野鳥學會 (Wild Bird Society of Keelung),,,,,,,,,2013,,2013,,,Aerial Netting | Sweeping Net Method | Beat Sheet Method | Sieving Method | Aquatic Sieving | Visual Search Method | Trap Method | Bait Method,Asia,Taiwan,TW,Mianhua Islet,,,25.48483,122.10535,EPSG:4326,400,1e-05,Aiolopus thalassinus tamulus,Identified to subspecies level based on the known local distribution.,KL_Insect_0000144,92373,t0085206,Aiolopus thalassinus tamulus,Animalia,subspecies,斑蝗,accepted,
2013-00-00_Insect_HumanObservation_113,HumanObservation,,2013-00-00_Insect_HumanObservation_113,社團法人基隆市野鳥學會 (Wild Bird Society of Keelung),,,,,,,,,2013,,2013,,,Aerial Netting | Sweeping Net Method | Beat Sheet Method | Sieving Method | Aquatic Sieving | Visual Search Method | Trap Method | Bait Method,Asia,Taiwan,TW,Mianhua Islet,,,25.48483,122.10535,EPSG:4326,400,1e-05,Trilophidia annulata,,KL_Insect_0000083,90830,t0047928,Trilophidia annulata,Animalia,species,疣蝗,accepted,
2013-00-00_Insect_HumanObservation_114,HumanObservation,,2013-00-00_Insect_HumanObservation_114,社團法人基隆市野鳥學會 (Wild Bird Society of Keelung),,,,,,,,,2013,,2013,,,Aerial Netting | Sweeping Net Method | Beat Sheet Method | Sieving Method | Aquatic Sieving | Visual Search Method | Trap Method | Bait Method,Asia,Taiwan,TW,Mianhua Islet,,,25.48483,122.10535,EPSG:4326,400,1e-05,Chlorophorus graphus,,KL_Insect_0000095,67558,t0078251,Chlorophorus graphus,Animalia,species,圖紋虎天牛,accepted,
2013-00-00_Insect_HumanObservation_115,HumanObservation,,2013-00-00_Insect_HumanObservation_115,社團法人基隆市野鳥學會 (Wild Bird Society of Keelung),,,,,,,,,2013,,2013,,,Aerial Netting | Sweeping Net Method | Beat Sheet Method | Sieving Method | Aquatic Sieving | Visual Search Method | Trap Method | Bait Method,Asia,Taiwan,TW,Mianhua Islet,,,25.48483,122.10535,EPSG:4326,400,1e-05,Colasposoma viridicoeruleum,,KL_Insect_0000146,68360,t0078956,Colasposoma viridicoeruleum,Animalia,species,甘藷猿金花蟲,accepted,
2013-00-00_Insect_HumanObservation_116,HumanObservation,,2013-00-00_Insect_HumanObservation_116,社團法人基隆市野鳥學會 (Wild Bird Society of Keelung),,,,,,,,,2013,,2013,,,Aerial Netting | Sweeping Net Method | Beat Sheet Method | Sieving Method | Aquatic Sieving | Visual Search Method | Trap Method | Bait Method,Asia,Taiwan,TW,Mianhua Islet,,,25.48483,122.10535,EPSG:4326,400,1e-05,Protaetia orientalis sakaii,Identified to subspecies level based on the known local distribution.,KL_Insect_0000105,93551,t0086159,Protaetia orientalis sakaii,Animalia,subspecies,東方白點花金龜,accepted,
2013-00-00_Insect_HumanObservation_117,HumanObservation,,2013-00-00_Insect_HumanObservation_117,社團法人基隆市野鳥學會 (Wild Bird Society of Keelung),,,,,,,,,2013,,2013,,,Aerial Netting | Sweeping Net Method | Beat Sheet Method | Sieving Method | Aquatic Sieving | Visual Search Method | Trap Method | Bait Method,Asia,Taiwan,TW,Mianhua Islet,,,25.48483,122.10535,EPSG:4326,400,1e-05,Paederus fuscipes,,KL_Insect_0000106,82210,t0082775,Paederus fuscipes,Animalia,species,紅胸隱翅蟲,accepted,梭毒隱翅蟲 | 青翅蟻形隱翅蟲 | 黄腳蟻型隱翅蟲
2014-00-00_Insect_HumanObservation_118,HumanObservation,,2014-00-00_Insect_HumanObservation_118,社團法人基隆市野鳥學會 (Wild Bird Society of Keelung),,,,,,,,,2014,,2014,,,Aerial Netting | Sweeping Net Method | Beat Sheet Method | Sieving Method | Aquatic Sieving | Visual Search Method | Trap Method | Bait Method,Asia,Taiwan,TW,Mianhua Islet,,,25.48483,122.10535,EPSG:4326,400,1e-05,Lampides boeticus,,KL_Insect_0000001,36747,t0027297,Lampides boeticus,Animalia,species,豆波灰蝶,accepted,
2014-00-00_Insect_HumanObservation_119,HumanObservation,,2014-00-00_Insect_HumanObservation_119,社團法人基隆市野鳥學會 (Wild Bird Society of Keelung),,,,,,,,,2014,,2014,,,Aerial Netting | Sweeping Net Method | Beat Sheet Method | Sieving Method | Aquatic Sieving | Visual Search Method | Trap Method | Bait Method,Asia,Taiwan,TW,Mianhua Islet,,,25.48483,122.10535,EPSG:4326,400,1e-05,Zizeeria maha okinawana,,KL_Insect_0000002,35344,t0085052,Zizeeria maha okinawana,Animalia,subspecies,沖繩小灰蝶,accepted,毛眼灰蝶 | 柞灰蝶 | 酢醬灰蝶 | 小型小灰蝶 | 大和小灰蝶 | 藍灰蝶
2014-00-00_Insect_HumanObservation_120,HumanObservation,,2014-00-00_Insect_HumanObservation_120,社團法人基隆市野鳥學會 (Wild Bird Society of Keelung),,,,,,,,,2014,,2014,,,Aerial Netting | Sweeping Net Method | Beat Sheet Method | Sieving Method | Aquatic Sieving | Visual Search Method | Trap Method | Bait Method,Asia,Taiwan,TW,Mianhua Islet,,,25.48483,122.10535,EPSG:4326,400,1e-05,Vanessa cardui,,KL_Insect_0000007,38116,t0028473,Vanessa cardui,Animalia,species,小紅蛺蝶,accepted,
2014-00-00_Insect_HumanObservation_121,HumanObservation,,2014-00-00_Insect_HumanObservation_121,社團法人基隆市野鳥學會 (Wild Bird Society of Keelung),,,,,,,,,2014,,2014,,,Aerial Netting | Sweeping Net Method | Beat Sheet Method | Sieving Method | Aquatic Sieving | Visual Search Method | Trap Method | Bait Method,Asia,Taiwan,TW,Mianhua Islet,,,25.48483,122.10535,EPSG:4326,400,1e-05,Spoladea recurvalis,,KL_Insect_0000020,37877,t0033008,Spoladea recurvalis,Animalia,species,甜菜白帶野螟,accepted,甜菜白帶野螟蛾
2014-00-00_Insect_HumanObservation_122,HumanObservation,,2014-00-00_Insect_HumanObservation_122,社團法人基隆市野鳥學會 (Wild Bird Society of Keelung),,,,,,,,,2014,,2014,,,Aerial Netting | Sweeping Net Method | Beat Sheet Method | Sieving Method | Aquatic Sieving | Visual Search Method | Trap Method | Bait Method,Asia,Taiwan,TW,Mianhua Islet,,,25.48483,122.10535,EPSG:4326,400,1e-05,Eudocima phalonia,,KL_Insect_0000028,29160,t0029065,Eudocima phalonia,Animalia,species,落葉夜蛾,accepted,落葉裳蛾 | 凡艷葉夜蛾
2014-00-00_Insect_HumanObservation_123,HumanObservation,,2014-00-00_Insect_HumanObservation_123,社團法人基隆市野鳥學會 (Wild Bird Society of Keelung),,,,,,,,,2014,,2014,,,Aerial Netting | Sweeping Net Method | Beat Sheet Method | Sieving Method | Aquatic Sieving | Visual Search Method | Trap Method | Bait Method,Asia,Taiwan,TW,Mianhua Islet,,,25.48483,122.10535,EPSG:4326,400,1e-05,Asota plana lacteata,,KL_Insect_0000033,34802,t0084681,Asota plana lacteata,Animalia,subspecies,長斑擬燈蛾,accepted,
2014-00-00_Insect_HumanObservation_124,HumanObservation,,2014-00-00_Insect_HumanObservation_124,社團法人基隆市野鳥學會 (Wild Bird Society of Keelung),,,,,,,,,2014,,2014,,,Aerial Netting | Sweeping Net Method | Beat Sheet Method | Sieving Method | Aquatic Sieving | Visual Search Method | Trap Method | Bait Method,Asia,Taiwan,TW,Mianhua Islet,,,25.48483,122.10535,EPSG:4326,400,1e-05,Grammodes geometrica,,KL_Insect_0000034,29728,t0051233,Grammodes geometrica,Animalia,species,象夜蛾,accepted,
2014-00-00_Insect_HumanObservation_125,HumanObservation,,2014-00-00_Insect_HumanObservation_125,社團法人基隆市野鳥學會 (Wild Bird Society of Keelung),,,,,,,,,2014,,2014,,,Aerial Netting | Sweeping Net Method | Beat Sheet Method | Sieving Method | Aquatic Sieving | Visual Search Method | Trap Method | Bait Method,Asia,Taiwan,TW,Mianhua Islet,,,25.48483,122.10535,EPSG:4326,400,1e-05,Pantala flavescens,,KL_Insect_0000048,82387,t0082932,Pantala flavescens,Animalia,species,薄翅蜻蜓,accepted,
2014-00-00_Insect_HumanObservation_126,HumanObservation,,2014-00-00_Insect_HumanObservation_126,社團法人基隆市野鳥學會 (Wild Bird Society of Keelung),,,,,,,,,2014,,2014,,,Aerial Netting | Sweeping Net Method | Beat Sheet Method | Sieving Method | Aquatic Sieving | Visual Search Method | Trap Method | Bait Method,Asia,Taiwan,TW,Mianhua Islet,,,25.48483,122.10535,EPSG:4326,400,1e-05,Sympetrum fonscolombii,,KL_Insect_0000049,89138,t0046444,Sympetrum fonscolombii,Animalia,species,紅脈蜻蜓,accepted,
2014-00-00_Insect_HumanObservation_127,HumanObservation,,2014-00-00_Insect_HumanObservation_127,社團法人基隆市野鳥學會 (Wild Bird Society of Keelung),,,,,,,,,2014,,2014,,,Aerial Netting | Sweeping Net Method | Beat Sheet Method | Sieving Method | Aquatic Sieving | Visual Search Method | Trap Method | Bait Method,Asia,Taiwan,TW,Mianhua Islet,,,25.48483,122.10535,EPSG:4326,400,1e-05,Spilostethus hospes,,KL_Insect_0000058,59943,t0098935,Spilostethus hospes,Animalia,species,黑斑腺長蝽,accepted,箭痕腺長蝽
2014-00-00_Insect_HumanObservation_128,HumanObservation,,2014-00-00_Insect_HumanObservation_128,社團法人基隆市野鳥學會 (Wild Bird Society of Keelung),,,,,,,,,2014,,2014,,,Aerial Netting | Sweeping Net Method | Beat Sheet Method | Sieving Method | Aquatic Sieving | Visual Search Method | Trap Method | Bait Method,Asia,Taiwan,TW,Mianhua Islet,,,25.48483,122.10535,EPSG:4326,400,1e-05,Agonoscelis nubilis,,KL_Insect_0000072,62585,t0070594,Agonoscelis nubilis,Animalia,species,雲蝽,accepted,雲椿象
2014-00-00_Insect_HumanObservation_129,HumanObservation,,2014-00-00_Insect_HumanObservation_129,社團法人基隆市野鳥學會 (Wild Bird Society of Keelung),,,,,,,,,2014,,2014,,,Aerial Netting | Sweeping Net Method | Beat Sheet Method | Sieving Method | Aquatic Sieving | Visual Search Method | Trap Method | Bait Method,Asia,Taiwan,TW,Mianhua Islet,,,25.48483,122.10535,EPSG:4326,400,1e-05,Nezara viridula,,KL_Insect_0000073,80891,t0031136,Nezara viridula,Animalia,species,稻綠蝽,accepted,
2014-00-00_Insect_HumanObservation_130,HumanObservation,,2014-00-00_Insect_HumanObservation_130,社團法人基隆市野鳥學會 (Wild Bird Society of Keelung),,,,,,,,,2014,,2014,,,Aerial Netting | Sweeping Net Method | Beat Sheet Method | Sieving Method | Aquatic Sieving | Visual Search Method | Trap Method | Bait Method,Asia,Taiwan,TW,Mianhua Islet,,,25.48483,122.10535,EPSG:4326,400,1e-05,Validiblatta australasiae,,KL_Insect_0000079,267217,t0031741,Validiblatta australasiae,Animalia,species,澳洲家蠊,accepted,
2014-00-00_Insect_HumanObservation_131,HumanObservation,,2014-00-00_Insect_HumanObservation_131,社團法人基隆市野鳥學會 (Wild Bird Society of Keelung),,,,,,,,,2014,,2014,,,Aerial Netting | Sweeping Net Method | Beat Sheet Method | Sieving Method | Aquatic Sieving | Visual Search Method | Trap Method | Bait Method,Asia,Taiwan,TW,Mianhua Islet,,,25.48483,122.10535,EPSG:4326,400,1e-05,Aiolopus thalassinus tamulus,Identified to subspecies level based on the known local distribution.,KL_Insect_0000144,92373,t0085206,Aiolopus thalassinus tamulus,Animalia,subspecies,斑蝗,accepted,
2014-00-00_Insect_HumanObservation_132,HumanObservation,,2014-00-00_Insect_HumanObservation_132,社團法人基隆市野鳥學會 (Wild Bird Society of Keelung),,,,,,,,,2014,,2014,,,Aerial Netting | Sweeping Net Method | Beat Sheet Method | Sieving Method | Aquatic Sieving | Visual Search Method | Trap Method | Bait Method,Asia,Taiwan,TW,Mianhua Islet,,,25.48483,122.10535,EPSG:4326,400,1e-05,Trilophidia annulata,,KL_Insect_0000083,90830,t0047928,Trilophidia annulata,Animalia,species,疣蝗,accepted,
2014-00-00_Insect_HumanObservation_133,HumanObservation,,2014-00-00_Insect_HumanObservation_133,社團法人基隆市野鳥學會 (Wild Bird Society of Keelung),,,,,,,,,2014,,2014,,,Aerial Netting | Sweeping Net Method | Beat Sheet Method | Sieving Method | Aquatic Sieving | Visual Search Method | Trap Method | Bait Method,Asia,Taiwan,TW,Mianhua Islet,,,25.48483,122.10535,EPSG:4326,400,1e-05,Chlorophorus graphus,,KL_Insect_0000095,67558,t0078251,Chlorophorus graphus,Animalia,species,圖紋虎天牛,accepted,
2014-00-00_Insect_HumanObservation_134,HumanObservation,,2014-00-00_Insect_HumanObservation_134,社團法人基隆市野鳥學會 (Wild Bird Society of Keelung),,,,,,,,,2014,,2014,,,Aerial Netting | Sweeping Net Method | Beat Sheet Method | Sieving Method | Aquatic Sieving | Visual Search Method | Trap Method | Bait Method,Asia,Taiwan,TW,Mianhua Islet,,,25.48483,122.10535,EPSG:4326,400,1e-05,Colasposoma viridicoeruleum,,KL_Insect_0000146,68360,t0078956,Colasposoma viridicoeruleum,Animalia,species,甘藷猿金花蟲,accepted,
2014-00-00_Insect_HumanObservation_135,HumanObservation,,2014-00-00_Insect_HumanObservation_135,社團法人基隆市野鳥學會 (Wild Bird Society of Keelung),,,,,,,,,2014,,2014,,,Aerial Netting | Sweeping Net Method | Beat Sheet Method | Sieving Method | Aquatic Sieving | Visual Search Method | Trap Method | Bait Method,Asia,Taiwan,TW,Mianhua Islet,,,25.48483,122.10535,EPSG:4326,400,1e-05,Protaetia orientalis sakaii,Identified to subspecies level based on the known local distribution.,KL_Insect_0000105,93551,t0086159,Protaetia orientalis sakaii,Animalia,subspecies,東方白點花金龜,accepted,
2014-00-00_Insect_HumanObservation_136,HumanObservation,,2014-00-00_Insect_HumanObservation_136,社團法人基隆市野鳥學會 (Wild Bird Society of Keelung),,,,,,,,,2014,,2014,,,Aerial Netting | Sweeping Net Method | Beat Sheet Method | Sieving Method | Aquatic Sieving | Visual Search Method | Trap Method | Bait Method,Asia,Taiwan,TW,Mianhua Islet,,,25.48483,122.10535,EPSG:4326,400,1e-05,Paederus fuscipes,,KL_Insect_0000106,82210,t0082775,Paederus fuscipes,Animalia,species,紅胸隱翅蟲,accepted,梭毒隱翅蟲 | 青翅蟻形隱翅蟲 | 黄腳蟻型隱翅蟲
2015-00-00_Insect_HumanObservation_137,HumanObservation,,2015-00-00_Insect_HumanObservation_137,社團法人基隆市野鳥學會 (Wild Bird Society of Keelung),,,,,,,,,2015,,2015,,,Aerial Netting | Sweeping Net Method | Beat Sheet Method | Sieving Method | Aquatic Sieving | Visual Search Method | Trap Method | Bait Method,Asia,Taiwan,TW,Mianhua Islet,,,25.48483,122.10535,EPSG:4326,400,1e-05,Lampides boeticus,,KL_Insect_0000001,36747,t0027297,Lampides boeticus,Animalia,species,豆波灰蝶,accepted,
2015-00-00_Insect_HumanObservation_138,HumanObservation,,2015-00-00_Insect_HumanObservation_138,社團法人基隆市野鳥學會 (Wild Bird Society of Keelung),,,,,,,,,2015,,2015,,,Aerial Netting | Sweeping Net Method | Beat Sheet Method | Sieving Method | Aquatic Sieving | Visual Search Method | Trap Method | Bait Method,Asia,Taiwan,TW,Mianhua Islet,,,25.48483,122.10535,EPSG:4326,400,1e-05,Zizeeria maha okinawana,,KL_Insect_0000002,35344,t0085052,Zizeeria maha okinawana,Animalia,subspecies,沖繩小灰蝶,accepted,毛眼灰蝶 | 柞灰蝶 | 酢醬灰蝶 | 小型小灰蝶 | 大和小灰蝶 | 藍灰蝶
2015-00-00_Insect_HumanObservation_139,HumanObservation,,2015-00-00_Insect_HumanObservation_139,社團法人基隆市野鳥學會 (Wild Bird Society of Keelung),,,,,,,,,2015,,2015,,,Aerial Netting | Sweeping Net Method | Beat Sheet Method | Sieving Method | Aquatic Sieving | Visual Search Method | Trap Method | Bait Method,Asia,Taiwan,TW,Mianhua Islet,,,25.48483,122.10535,EPSG:4326,400,1e-05,Junonia orithya,,KL_Insect_0000006,30446,t0027215,Junonia orithya,Animalia,species,青眼蛺蝶,accepted,
2015-00-00_Insect_HumanObservation_140,HumanObservation,,2015-00-00_Insect_HumanObservation_140,社團法人基隆市野鳥學會 (Wild Bird Society of Keelung),,,,,,,,,2015,,2015,,,Aerial Netting | Sweeping Net Method | Beat Sheet Method | Sieving Method | Aquatic Sieving | Visual Search Method | Trap Method | Bait Method,Asia,Taiwan,TW,Mianhua Islet,,,25.48483,122.10535,EPSG:4326,400,1e-05,Vanessa cardui,,KL_Insect_0000007,38116,t0028473,Vanessa cardui,Animalia,species,小紅蛺蝶,accepted,
2015-00-00_Insect_HumanObservation_141,HumanObservation,,2015-00-00_Insect_HumanObservation_141,社團法人基隆市野鳥學會 (Wild Bird Society of Keelung),,,,,,,,,2015,,2015,,,Aerial Netting | Sweeping Net Method | Beat Sheet Method | Sieving Method | Aquatic Sieving | Visual Search Method | Trap Method | Bait Method,Asia,Taiwan,TW,Mianhua Islet,,,25.48483,122.10535,EPSG:4326,400,1e-05,Spoladea recurvalis,,KL_Insect_0000020,37877,t0033008,Spoladea recurvalis,Animalia,species,甜菜白帶野螟,accepted,甜菜白帶野螟蛾
2015-00-00_Insect_HumanObservation_142,HumanObservation,,2015-00-00_Insect_HumanObservation_142,社團法人基隆市野鳥學會 (Wild Bird Society of Keelung),,,,,,,,,2015,,2015,,,Aerial Netting | Sweeping Net Method | Beat Sheet Method | Sieving Method | Aquatic Sieving | Visual Search Method | Trap Method | Bait Method,Asia,Taiwan,TW,Mianhua Islet,,,25.48483,122.10535,EPSG:4326,400,1e-05,Anax julius,,KL_Insect_0000043,284708,t0085241,Anax julius,Animalia,species,綠胸晏蜓,accepted,
2015-00-00_Insect_HumanObservation_143,HumanObservation,,2015-00-00_Insect_HumanObservation_143,社團法人基隆市野鳥學會 (Wild Bird Society of Keelung),,,,,,,,,2015,,2015,,,Aerial Netting | Sweeping Net Method | Beat Sheet Method | Sieving Method | Aquatic Sieving | Visual Search Method | Trap Method | Bait Method,Asia,Taiwan,TW,Mianhua Islet,,,25.48483,122.10535,EPSG:4326,400,1e-05,Pantala flavescens,,KL_Insect_0000048,82387,t0082932,Pantala flavescens,Animalia,species,薄翅蜻蜓,accepted,
2015-00-00_Insect_HumanObservation_144,HumanObservation,,2015-00-00_Insect_HumanObservation_144,社團法人基隆市野鳥學會 (Wild Bird Society of Keelung),,,,,,,,,2015,,2015,,,Aerial Netting | Sweeping Net Method | Beat Sheet Method | Sieving Method | Aquatic Sieving | Visual Search Method | Trap Method | Bait Method,Asia,Taiwan,TW,Mianhua Islet,,,25.48483,122.10535,EPSG:4326,400,1e-05,Sympetrum fonscolombii,,KL_Insect_0000049,89138,t0046444,Sympetrum fonscolombii,Animalia,species,紅脈蜻蜓,accepted,
2015-00-00_Insect_HumanObservation_145,HumanObservation,,2015-00-00_Insect_HumanObservation_145,社團法人基隆市野鳥學會 (Wild Bird Society of Keelung),,,,,,,,,2015,,2015,,,Aerial Netting | Sweeping Net Method | Beat Sheet Method | Sieving Method | Aquatic Sieving | Visual Search Method | Trap Method | Bait Method,Asia,Taiwan,TW,Mianhua Islet,,,25.48483,122.10535,EPSG:4326,400,1e-05,Tramea virginia,,KL_Insect_0000050,90546,t0047674,Tramea virginia,Animalia,species,大華蜻蜓,accepted,
2015-00-00_Insect_HumanObservation_146,HumanObservation,,2015-00-00_Insect_HumanObservation_146,社團法人基隆市野鳥學會 (Wild Bird Society of Keelung),,,,,,,,,2015,,2015,,,Aerial Netting | Sweeping Net Method | Beat Sheet Method | Sieving Method | Aquatic Sieving | Visual Search Method | Trap Method | Bait Method,Asia,Taiwan,TW,Mianhua Islet,,,25.48483,122.10535,EPSG:4326,400,1e-05,Homoeocerus marginiventris,,KL_Insect_0000055,75051,t0065733,Homoeocerus marginiventris,Animalia,species,小點同緣蝽,accepted,
2015-00-00_Insect_HumanObservation_147,HumanObservation,,2015-00-00_Insect_HumanObservation_147,社團法人基隆市野鳥學會 (Wild Bird Society of Keelung),,,,,,,,,2015,,2015,,,Aerial Netting | Sweeping Net Method | Beat Sheet Method | Sieving Method | Aquatic Sieving | Visual Search Method | Trap Method | Bait Method,Asia,Taiwan,TW,Mianhua Islet,,,25.48483,122.10535,EPSG:4326,400,1e-05,Spilostethus hospes,,KL_Insect_0000058,59943,t0098935,Spilostethus hospes,Animalia,species,黑斑腺長蝽,accepted,箭痕腺長蝽
2015-00-00_Insect_HumanObservation_148,HumanObservation,,2015-00-00_Insect_HumanObservation_148,社團法人基隆市野鳥學會 (Wild Bird Society of Keelung),,,,,,,,,2015,,2015,,,Aerial Netting | Sweeping Net Method | Beat Sheet Method | Sieving Method | Aquatic Sieving | Visual Search Method | Trap Method | Bait Method,Asia,Taiwan,TW,Mianhua Islet,,,25.48483,122.10535,EPSG:4326,400,1e-05,Agonoscelis nubilis,,KL_Insect_0000072,62585,t0070594,Agonoscelis nubilis,Animalia,species,雲蝽,accepted,雲椿象
2015-00-00_Insect_HumanObservation_149,HumanObservation,,2015-00-00_Insect_HumanObservation_149,社團法人基隆市野鳥學會 (Wild Bird Society of Keelung),,,,,,,,,2015,,2015,,,Aerial Netting | Sweeping Net Method | Beat Sheet Method | Sieving Method | Aquatic Sieving | Visual Search Method | Trap Method | Bait Method,Asia,Taiwan,TW,Mianhua Islet,,,25.48483,122.10535,EPSG:4326,400,1e-05,Pycnoscelus surinamensis,,KL_Insect_0000077,85962,t0037458,Pycnoscelus surinamensis,Animalia,species,蘇利南潛蠊,accepted,
2015-00-00_Insect_HumanObservation_150,HumanObservation,,2015-00-00_Insect_HumanObservation_150,社團法人基隆市野鳥學會 (Wild Bird Society of Keelung),,,,,,,,,2015,,2015,,,Aerial Netting | Sweeping Net Method | Beat Sheet Method | Sieving Method | Aquatic Sieving | Visual Search Method | Trap Method | Bait Method,Asia,Taiwan,TW,Mianhua Islet,,,25.48483,122.10535,EPSG:4326,400,1e-05,Validiblatta australasiae,,KL_Insect_0000079,267217,t0031741,Validiblatta australasiae,Animalia,species,澳洲家蠊,accepted,
2015-00-00_Insect_HumanObservation_151,HumanObservation,,2015-00-00_Insect_HumanObservation_151,社團法人基隆市野鳥學會 (Wild Bird Society of Keelung),,,,,,,,,2015,,2015,,,Aerial Netting | Sweeping Net Method | Beat Sheet Method | Sieving Method | Aquatic Sieving | Visual Search Method | Trap Method | Bait Method,Asia,Taiwan,TW,Mianhua Islet,,,25.48483,122.10535,EPSG:4326,400,1e-05,Aiolopus thalassinus tamulus,Identified to subspecies level based on the known local distribution.,KL_Insect_0000144,92373,t0085206,Aiolopus thalassinus tamulus,Animalia,subspecies,斑蝗,accepted,
2015-00-00_Insect_HumanObservation_152,HumanObservation,,2015-00-00_Insect_HumanObservation_152,社團法人基隆市野鳥學會 (Wild Bird Society of Keelung),,,,,,,,,2015,,2015,,,Aerial Netting | Sweeping Net Method | Beat Sheet Method | Sieving Method | Aquatic Sieving | Visual Search Method | Trap Method | Bait Method,Asia,Taiwan,TW,Mianhua Islet,,,25.48483,122.10535,EPSG:4326,400,1e-05,Trilophidia annulata,,KL_Insect_0000083,90830,t0047928,Trilophidia annulata,Animalia,species,疣蝗,accepted,
2015-00-00_Insect_HumanObservation_153,HumanObservation,,2015-00-00_Insect_HumanObservation_153,社團法人基隆市野鳥學會 (Wild Bird Society of Keelung),,,,,,,,,2015,,2015,,,Aerial Netting | Sweeping Net Method | Beat Sheet Method | Sieving Method | Aquatic Sieving | Visual Search Method | Trap Method | Bait Method,Asia,Taiwan,TW,Mianhua Islet,,,25.48483,122.10535,EPSG:4326,400,1e-05,Euconocephalus nasutus,,KL_Insect_0000091,72283,t0063274,Euconocephalus nasutus,Animalia,species,鼻優草螽,accepted,
2015-00-00_Insect_HumanObservation_154,HumanObservation,,2015-00-00_Insect_HumanObservation_154,社團法人基隆市野鳥學會 (Wild Bird Society of Keelung),,,,,,,,,2015,,2015,,,Aerial Netting | Sweeping Net Method | Beat Sheet Method | Sieving Method | Aquatic Sieving | Visual Search Method | Trap Method | Bait Method,Asia,Taiwan,TW,Mianhua Islet,,,25.48483,122.10535,EPSG:4326,400,1e-05,Chlorophorus graphus,,KL_Insect_0000095,67558,t0078251,Chlorophorus graphus,Animalia,species,圖紋虎天牛,accepted,
2015-00-00_Insect_HumanObservation_155,HumanObservation,,2015-00-00_Insect_HumanObservation_155,社團法人基隆市野鳥學會 (Wild Bird Society of Keelung),,,,,,,,,2015,,2015,,,Aerial Netting | Sweeping Net Method | Beat Sheet Method | Sieving Method | Aquatic Sieving | Visual Search Method | Trap Method | Bait Method,Asia,Taiwan,TW,Mianhua Islet,,,25.48483,122.10535,EPSG:4326,400,1e-05,Protaetia orientalis sakaii,Identified to subspecies level based on the known local distribution.,KL_Insect_0000105,93551,t0086159,Protaetia orientalis sakaii,Animalia,subspecies,東方白點花金龜,accepted,
2016-00-00_Insect_HumanObservation_156,HumanObservation,,2016-00-00_Insect_HumanObservation_156,社團法人基隆市野鳥學會 (Wild Bird Society of Keelung),,,,,,,,,2016,,2016,,,Aerial Netting | Sweeping Net Method | Beat Sheet Method | Sieving Method | Aquatic Sieving | Visual Search Method | Trap Method | Bait Method,Asia,Taiwan,TW,Mianhua Islet,,,25.48483,122.10535,EPSG:4326,400,1e-05,Lampides boeticus,,KL_Insect_0000001,36747,t0027297,Lampides boeticus,Animalia,species,豆波灰蝶,accepted,
2016-00-00_Insect_HumanObservation_157,HumanObservation,,2016-00-00_Insect_HumanObservation_157,社團法人基隆市野鳥學會 (Wild Bird Society of Keelung),,,,,,,,,2016,,2016,,,Aerial Netting | Sweeping Net Method | Beat Sheet Method | Sieving Method | Aquatic Sieving | Visual Search Method | Trap Method | Bait Method,Asia,Taiwan,TW,Mianhua Islet,,,25.48483,122.10535,EPSG:4326,400,1e-05,Zizeeria maha okinawana,,KL_Insect_0000002,35344,t0085052,Zizeeria maha okinawana,Animalia,subspecies,沖繩小灰蝶,accepted,毛眼灰蝶 | 柞灰蝶 | 酢醬灰蝶 | 小型小灰蝶 | 大和小灰蝶 | 藍灰蝶
2016-00-00_Insect_HumanObservation_158,HumanObservation,,2016-00-00_Insect_HumanObservation_158,社團法人基隆市野鳥學會 (Wild Bird Society of Keelung),,,,,,,,,2016,,2016,,,Aerial Netting | Sweeping Net Method | Beat Sheet Method | Sieving Method | Aquatic Sieving | Visual Search Method | Trap Method | Bait Method,Asia,Taiwan,TW,Mianhua Islet,,,25.48483,122.10535,EPSG:4326,400,1e-05,Catopsilia pomona pomona,Identified to subspecies level based on the known local distribution.,KL_Insect_0000210,34849,t0030200,Catopsilia pomona pomona,Animalia,subspecies,遷粉蝶,accepted,果神蝶 | 無紋淡黃蝶 | 銀紋淡黃蝶 | 淡黃蝶 | 淺紋淡黃粉蝶 | 銀紋淡黃粉蝶 | 鐵刀木粉蝶 | 遷飛粉蝶
2016-00-00_Insect_HumanObservation_159,HumanObservation,,2016-00-00_Insect_HumanObservation_159,社團法人基隆市野鳥學會 (Wild Bird Society of Keelung),,,,,,,,,2016,,2016,,,Aerial Netting | Sweeping Net Method | Beat Sheet Method | Sieving Method | Aquatic Sieving | Visual Search Method | Trap Method | Bait Method,Asia,Taiwan,TW,Mianhua Islet,,,25.48483,122.10535,EPSG:4326,400,1e-05,Spoladea recurvalis,,KL_Insect_0000020,37877,t0033008,Spoladea recurvalis,Animalia,species,甜菜白帶野螟,accepted,甜菜白帶野螟蛾
2016-00-00_Insect_HumanObservation_160,HumanObservation,,2016-00-00_Insect_HumanObservation_160,社團法人基隆市野鳥學會 (Wild Bird Society of Keelung),,,,,,,,,2016,,2016,,,Aerial Netting | Sweeping Net Method | Beat Sheet Method | Sieving Method | Aquatic Sieving | Visual Search Method | Trap Method | Bait Method,Asia,Taiwan,TW,Mianhua Islet,,,25.48483,122.10535,EPSG:4326,400,1e-05,Anax julius,,KL_Insect_0000043,284708,t0085241,Anax julius,Animalia,species,綠胸晏蜓,accepted,
2016-00-00_Insect_HumanObservation_161,HumanObservation,,2016-00-00_Insect_HumanObservation_161,社團法人基隆市野鳥學會 (Wild Bird Society of Keelung),,,,,,,,,2016,,2016,,,Aerial Netting | Sweeping Net Method | Beat Sheet Method | Sieving Method | Aquatic Sieving | Visual Search Method | Trap Method | Bait Method,Asia,Taiwan,TW,Mianhua Islet,,,25.48483,122.10535,EPSG:4326,400,1e-05,Pantala flavescens,,KL_Insect_0000048,82387,t0082932,Pantala flavescens,Animalia,species,薄翅蜻蜓,accepted,
2016-00-00_Insect_HumanObservation_162,HumanObservation,,2016-00-00_Insect_HumanObservation_162,社團法人基隆市野鳥學會 (Wild Bird Society of Keelung),,,,,,,,,2016,,2016,,,Aerial Netting | Sweeping Net Method | Beat Sheet Method | Sieving Method | Aquatic Sieving | Visual Search Method | Trap Method | Bait Method,Asia,Taiwan,TW,Mianhua Islet,,,25.48483,122.10535,EPSG:4326,400,1e-05,Homoeocerus marginiventris,,KL_Insect_0000055,75051,t0065733,Homoeocerus marginiventris,Animalia,species,小點同緣蝽,accepted,
2016-00-00_Insect_HumanObservation_163,HumanObservation,,2016-00-00_Insect_HumanObservation_163,社團法人基隆市野鳥學會 (Wild Bird Society of Keelung),,,,,,,,,2016,,2016,,,Aerial Netting | Sweeping Net Method | Beat Sheet Method | Sieving Method | Aquatic Sieving | Visual Search Method | Trap Method | Bait Method,Asia,Taiwan,TW,Mianhua Islet,,,25.48483,122.10535,EPSG:4326,400,1e-05,Spilostethus hospes,,KL_Insect_0000058,59943,t0098935,Spilostethus hospes,Animalia,species,黑斑腺長蝽,accepted,箭痕腺長蝽
2016-00-00_Insect_HumanObservation_164,HumanObservation,,2016-00-00_Insect_HumanObservation_164,社團法人基隆市野鳥學會 (Wild Bird Society of Keelung),,,,,,,,,2016,,2016,,,Aerial Netting | Sweeping Net Method | Beat Sheet Method | Sieving Method | Aquatic Sieving | Visual Search Method | Trap Method | Bait Method,Asia,Taiwan,TW,Mianhua Islet,,,25.48483,122.10535,EPSG:4326,400,1e-05,Agonoscelis nubilis,,KL_Insect_0000072,62585,t0070594,Agonoscelis nubilis,Animalia,species,雲蝽,accepted,雲椿象
2016-00-00_Insect_HumanObservation_165,HumanObservation,,2016-00-00_Insect_HumanObservation_165,社團法人基隆市野鳥學會 (Wild Bird Society of Keelung),,,,,,,,,2016,,2016,,,Aerial Netting | Sweeping Net Method | Beat Sheet Method | Sieving Method | Aquatic Sieving | Visual Search Method | Trap Method | Bait Method,Asia,Taiwan,TW,Mianhua Islet,,,25.48483,122.10535,EPSG:4326,400,1e-05,Pycnoscelus surinamensis,,KL_Insect_0000077,85962,t0037458,Pycnoscelus surinamensis,Animalia,species,蘇利南潛蠊,accepted,
2016-00-00_Insect_HumanObservation_166,HumanObservation,,2016-00-00_Insect_HumanObservation_166,社團法人基隆市野鳥學會 (Wild Bird Society of Keelung),,,,,,,,,2016,,2016,,,Aerial Netting | Sweeping Net Method | Beat Sheet Method | Sieving Method | Aquatic Sieving | Visual Search Method | Trap Method | Bait Method,Asia,Taiwan,TW,Mianhua Islet,,,25.48483,122.10535,EPSG:4326,400,1e-05,Validiblatta australasiae,,KL_Insect_0000079,267217,t0031741,Validiblatta australasiae,Animalia,species,澳洲家蠊,accepted,
2016-00-00_Insect_HumanObservation_167,HumanObservation,,2016-00-00_Insect_HumanObservation_167,社團法人基隆市野鳥學會 (Wild Bird Society of Keelung),,,,,,,,,2016,,2016,,,Aerial Netting | Sweeping Net Method | Beat Sheet Method | Sieving Method | Aquatic Sieving | Visual Search Method | Trap Method | Bait Method,Asia,Taiwan,TW,Mianhua Islet,,,25.48483,122.10535,EPSG:4326,400,1e-05,Acrida formosana,,KL_Insect_0000081,62089,t0070133,Acrida formosana,Animalia,species,臺灣劍角蝗,accepted,蓬萊劍角蝗 | 中華劍角蝗 | 長頭蝗
2016-00-00_Insect_HumanObservation_168,HumanObservation,,2016-00-00_Insect_HumanObservation_168,社團法人基隆市野鳥學會 (Wild Bird Society of Keelung),,,,,,,,,2016,,2016,,,Aerial Netting | Sweeping Net Method | Beat Sheet Method | Sieving Method | Aquatic Sieving | Visual Search Method | Trap Method | Bait Method,Asia,Taiwan,TW,Mianhua Islet,,,25.48483,122.10535,EPSG:4326,400,1e-05,Aiolopus thalassinus tamulus,Identified to subspecies level based on the known local distribution.,KL_Insect_0000144,92373,t0085206,Aiolopus thalassinus tamulus,Animalia,subspecies,斑蝗,accepted,
2016-00-00_Insect_HumanObservation_169,HumanObservation,,2016-00-00_Insect_HumanObservation_169,社團法人基隆市野鳥學會 (Wild Bird Society of Keelung),,,,,,,,,2016,,2016,,,Aerial Netting | Sweeping Net Method | Beat Sheet Method | Sieving Method | Aquatic Sieving | Visual Search Method | Trap Method | Bait Method,Asia,Taiwan,TW,Mianhua Islet,,,25.48483,122.10535,EPSG:4326,400,1e-05,Trilophidia annulata,,KL_Insect_0000083,90830,t0047928,Trilophidia annulata,Animalia,species,疣蝗,accepted,
2016-00-00_Insect_HumanObservation_170,HumanObservation,,2016-00-00_Insect_HumanObservation_170,社團法人基隆市野鳥學會 (Wild Bird Society of Keelung),,,,,,,,,2016,,2016,,,Aerial Netting | Sweeping Net Method | Beat Sheet Method | Sieving Method | Aquatic Sieving | Visual Search Method | Trap Method | Bait Method,Asia,Taiwan,TW,Mianhua Islet,,,25.48483,122.10535,EPSG:4326,400,1e-05,Velarifictorus ornatus,,KL_Insect_0000088,60649,t0086415,Velarifictorus ornatus,Animalia,species,麗鬥蟋,accepted,
2016-00-00_Insect_HumanObservation_171,HumanObservation,,2016-00-00_Insect_HumanObservation_171,社團法人基隆市野鳥學會 (Wild Bird Society of Keelung),,,,,,,,,2016,,2016,,,Aerial Netting | Sweeping Net Method | Beat Sheet Method | Sieving Method | Aquatic Sieving | Visual Search Method | Trap Method | Bait Method,Asia,Taiwan,TW,Mianhua Islet,,,25.48483,122.10535,EPSG:4326,400,1e-05,Chlorophorus graphus,,KL_Insect_0000095,67558,t0078251,Chlorophorus graphus,Animalia,species,圖紋虎天牛,accepted,
2016-00-00_Insect_HumanObservation_172,HumanObservation,,2016-00-00_Insect_HumanObservation_172,社團法人基隆市野鳥學會 (Wild Bird Society of Keelung),,,,,,,,,2016,,2016,,,Aerial Netting | Sweeping Net Method | Beat Sheet Method | Sieving Method | Aquatic Sieving | Visual Search Method | Trap Method | Bait Method,Asia,Taiwan,TW,Mianhua Islet,,,25.48483,122.10535,EPSG:4326,400,1e-05,Protaetia orientalis sakaii,Identified to subspecies level based on the known local distribution.,KL_Insect_0000105,93551,t0086159,Protaetia orientalis sakaii,Animalia,subspecies,東方白點花金龜,accepted,
2017-00-00_Insect_HumanObservation_173,HumanObservation,,2017-00-00_Insect_HumanObservation_173,社團法人基隆市野鳥學會 (Wild Bird Society of Keelung),,,,,,,,,2017,,2017,,,Aerial Netting | Sweeping Net Method | Beat Sheet Method | Sieving Method | Aquatic Sieving | Visual Search Method | Trap Method | Bait Method,Asia,Taiwan,TW,Mianhua Islet,,,25.48483,122.10535,EPSG:4326,400,1e-05,Lampides boeticus,,KL_Insect_0000001,36747,t0027297,Lampides boeticus,Animalia,species,豆波灰蝶,accepted,
2017-00-00_Insect_HumanObservation_174,HumanObservation,,2017-00-00_Insect_HumanObservation_174,社團法人基隆市野鳥學會 (Wild Bird Society of Keelung),,,,,,,,,2017,,2017,,,Aerial Netting | Sweeping Net Method | Beat Sheet Method | Sieving Method | Aquatic Sieving | Visual Search Method | Trap Method | Bait Method,Asia,Taiwan,TW,Mianhua Islet,,,25.48483,122.10535,EPSG:4326,400,1e-05,Zizeeria maha okinawana,,KL_Insect_0000002,35344,t0085052,Zizeeria maha okinawana,Animalia,subspecies,沖繩小灰蝶,accepted,毛眼灰蝶 | 柞灰蝶 | 酢醬灰蝶 | 小型小灰蝶 | 大和小灰蝶 | 藍灰蝶
2017-00-00_Insect_HumanObservation_175,HumanObservation,,2017-00-00_Insect_HumanObservation_175,社團法人基隆市野鳥學會 (Wild Bird Society of Keelung),,,,,,,,,2017,,2017,,,Aerial Netting | Sweeping Net Method | Beat Sheet Method | Sieving Method | Aquatic Sieving | Visual Search Method | Trap Method | Bait Method,Asia,Taiwan,TW,Mianhua Islet,,,25.48483,122.10535,EPSG:4326,400,1e-05,Zizina otis riukuensis,,KL_Insect_0000004,38272,t0084575,Zizina otis riukuensis,Animalia,subspecies,折列藍灰蝶,accepted,
2017-00-00_Insect_HumanObservation_176,HumanObservation,,2017-00-00_Insect_HumanObservation_176,社團法人基隆市野鳥學會 (Wild Bird Society of Keelung),,,,,,,,,2017,,2017,,,Aerial Netting | Sweeping Net Method | Beat Sheet Method | Sieving Method | Aquatic Sieving | Visual Search Method | Trap Method | Bait Method,Asia,Taiwan,TW,Mianhua Islet,,,25.48483,122.10535,EPSG:4326,400,1e-05,Vanessa cardui,,KL_Insect_0000007,38116,t0028473,Vanessa cardui,Animalia,species,小紅蛺蝶,accepted,
2017-00-00_Insect_HumanObservation_177,HumanObservation,,2017-00-00_Insect_HumanObservation_177,社團法人基隆市野鳥學會 (Wild Bird Society of Keelung),,,,,,,,,2017,,2017,,,Aerial Netting | Sweeping Net Method | Beat Sheet Method | Sieving Method | Aquatic Sieving | Visual Search Method | Trap Method | Bait Method,Asia,Taiwan,TW,Mianhua Islet,,,25.48483,122.10535,EPSG:4326,400,1e-05,Vanessa indica,,KL_Insect_0000008,34556,t0056704,Vanessa indica,Animalia,species,大紅蛺蝶,accepted,
2017-00-00_Insect_HumanObservation_178,HumanObservation,,2017-00-00_Insect_HumanObservation_178,社團法人基隆市野鳥學會 (Wild Bird Society of Keelung),,,,,,,,,2017,,2017,,,Aerial Netting | Sweeping Net Method | Beat Sheet Method | Sieving Method | Aquatic Sieving | Visual Search Method | Trap Method | Bait Method,Asia,Taiwan,TW,Mianhua Islet,,,25.48483,122.10535,EPSG:4326,400,1e-05,Appias albina semperi,,KL_Insect_0000017,34782,t0057722,Appias albina semperi,Animalia,subspecies,尖粉蝶,accepted,
2017-00-00_Insect_HumanObservation_179,HumanObservation,,2017-00-00_Insect_HumanObservation_179,社團法人基隆市野鳥學會 (Wild Bird Society of Keelung),,,,,,,,,2017,,2017,,,Aerial Netting | Sweeping Net Method | Beat Sheet Method | Sieving Method | Aquatic Sieving | Visual Search Method | Trap Method | Bait Method,Asia,Taiwan,TW,Mianhua Islet,,,25.48483,122.10535,EPSG:4326,400,1e-05,Spoladea recurvalis,,KL_Insect_0000020,37877,t0033008,Spoladea recurvalis,Animalia,species,甜菜白帶野螟,accepted,甜菜白帶野螟蛾
2017-00-00_Insect_HumanObservation_180,HumanObservation,,2017-00-00_Insect_HumanObservation_180,社團法人基隆市野鳥學會 (Wild Bird Society of Keelung),,,,,,,,,2017,,2017,,,Aerial Netting | Sweeping Net Method | Beat Sheet Method | Sieving Method | Aquatic Sieving | Visual Search Method | Trap Method | Bait Method,Asia,Taiwan,TW,Mianhua Islet,,,25.48483,122.10535,EPSG:4326,400,1e-05,Celenna festivaria formosensis,,KL_Insect_0000039,38235,t0084543,Celenna festivaria formosensis,Animalia,subspecies,綠紋尺蛾,accepted,
2017-00-00_Insect_HumanObservation_181,HumanObservation,,2017-00-00_Insect_HumanObservation_181,社團法人基隆市野鳥學會 (Wild Bird Society of Keelung),,,,,,,,,2017,,2017,,,Aerial Netting | Sweeping Net Method | Beat Sheet Method | Sieving Method | Aquatic Sieving | Visual Search Method | Trap Method | Bait Method,Asia,Taiwan,TW,Mianhua Islet,,,25.48483,122.10535,EPSG:4326,400,1e-05,Eumelea ludovicata,,KL_Insect_0000040,29184,t0050949,Eumelea ludovicata,Animalia,species,雌黃粉尺蛾,accepted,
2017-00-00_Insect_HumanObservation_182,HumanObservation,,2017-00-00_Insect_HumanObservation_182,社團法人基隆市野鳥學會 (Wild Bird Society of Keelung),,,,,,,,,2017,,2017,,,Aerial Netting | Sweeping Net Method | Beat Sheet Method | Sieving Method | Aquatic Sieving | Visual Search Method | Trap Method | Bait Method,Asia,Taiwan,TW,Mianhua Islet,,,25.48483,122.10535,EPSG:4326,400,1e-05,Anax julius,,KL_Insect_0000043,284708,t0085241,Anax julius,Animalia,species,綠胸晏蜓,accepted,
2017-00-00_Insect_HumanObservation_183,HumanObservation,,2017-00-00_Insect_HumanObservation_183,社團法人基隆市野鳥學會 (Wild Bird Society of Keelung),,,,,,,,,2017,,2017,,,Aerial Netting | Sweeping Net Method | Beat Sheet Method | Sieving Method | Aquatic Sieving | Visual Search Method | Trap Method | Bait Method,Asia,Taiwan,TW,Mianhua Islet,,,25.48483,122.10535,EPSG:4326,400,1e-05,Anax guttatus,,KL_Insect_0000044,63515,t0071444,Anax guttatus,Animalia,species,烏點晏蜓,accepted,
2017-00-00_Insect_HumanObservation_184,HumanObservation,,2017-00-00_Insect_HumanObservation_184,社團法人基隆市野鳥學會 (Wild Bird Society of Keelung),,,,,,,,,2017,,2017,,,Aerial Netting | Sweeping Net Method | Beat Sheet Method | Sieving Method | Aquatic Sieving | Visual Search Method | Trap Method | Bait Method,Asia,Taiwan,TW,Mianhua Islet,,,25.48483,122.10535,EPSG:4326,400,1e-05,Pantala flavescens,,KL_Insect_0000048,82387,t0082932,Pantala flavescens,Animalia,species,薄翅蜻蜓,accepted,
2017-00-00_Insect_HumanObservation_185,HumanObservation,,2017-00-00_Insect_HumanObservation_185,社團法人基隆市野鳥學會 (Wild Bird Society of Keelung),,,,,,,,,2017,,2017,,,Aerial Netting | Sweeping Net Method | Beat Sheet Method | Sieving Method | Aquatic Sieving | Visual Search Method | Trap Method | Bait Method,Asia,Taiwan,TW,Mianhua Islet,,,25.48483,122.10535,EPSG:4326,400,1e-05,Sympetrum fonscolombii,,KL_Insect_0000049,89138,t0046444,Sympetrum fonscolombii,Animalia,species,紅脈蜻蜓,accepted,
2017-00-00_Insect_HumanObservation_186,HumanObservation,,2017-00-00_Insect_HumanObservation_186,社團法人基隆市野鳥學會 (Wild Bird Society of Keelung),,,,,,,,,2017,,2017,,,Aerial Netting | Sweeping Net Method | Beat Sheet Method | Sieving Method | Aquatic Sieving | Visual Search Method | Trap Method | Bait Method,Asia,Taiwan,TW,Mianhua Islet,,,25.48483,122.10535,EPSG:4326,400,1e-05,Agonoscelis nubilis,,KL_Insect_0000072,62585,t0070594,Agonoscelis nubilis,Animalia,species,雲蝽,accepted,雲椿象
2017-00-00_Insect_HumanObservation_187,HumanObservation,,2017-00-00_Insect_HumanObservation_187,社團法人基隆市野鳥學會 (Wild Bird Society of Keelung),,,,,,,,,2017,,2017,,,Aerial Netting | Sweeping Net Method | Beat Sheet Method | Sieving Method | Aquatic Sieving | Visual Search Method | Trap Method | Bait Method,Asia,Taiwan,TW,Mianhua Islet,,,25.48483,122.10535,EPSG:4326,400,1e-05,Validiblatta australasiae,,KL_Insect_0000079,267217,t0031741,Validiblatta australasiae,Animalia,species,澳洲家蠊,accepted,
2017-00-00_Insect_HumanObservation_188,HumanObservation,,2017-00-00_Insect_HumanObservation_188,社團法人基隆市野鳥學會 (Wild Bird Society of Keelung),,,,,,,,,2017,,2017,,,Aerial Netting | Sweeping Net Method | Beat Sheet Method | Sieving Method | Aquatic Sieving | Visual Search Method | Trap Method | Bait Method,Asia,Taiwan,TW,Mianhua Islet,,,25.48483,122.10535,EPSG:4326,400,1e-05,Aiolopus thalassinus tamulus,Identified to subspecies level based on the known local distribution.,KL_Insect_0000144,92373,t0085206,Aiolopus thalassinus tamulus,Animalia,subspecies,斑蝗,accepted,
2017-00-00_Insect_HumanObservation_189,HumanObservation,,2017-00-00_Insect_HumanObservation_189,社團法人基隆市野鳥學會 (Wild Bird Society of Keelung),,,,,,,,,2017,,2017,,,Aerial Netting | Sweeping Net Method | Beat Sheet Method | Sieving Method | Aquatic Sieving | Visual Search Method | Trap Method | Bait Method,Asia,Taiwan,TW,Mianhua Islet,,,25.48483,122.10535,EPSG:4326,400,1e-05,Trilophidia annulata,,KL_Insect_0000083,90830,t0047928,Trilophidia annulata,Animalia,species,疣蝗,accepted,
2017-00-00_Insect_HumanObservation_190,HumanObservation,,2017-00-00_Insect_HumanObservation_190,社團法人基隆市野鳥學會 (Wild Bird Society of Keelung),,,,,,,,,2017,,2017,,,Aerial Netting | Sweeping Net Method | Beat Sheet Method | Sieving Method | Aquatic Sieving | Visual Search Method | Trap Method | Bait Method,Asia,Taiwan,TW,Mianhua Islet,,,25.48483,122.10535,EPSG:4326,400,1e-05,Velarifictorus ornatus,,KL_Insect_0000088,60649,t0086415,Velarifictorus ornatus,Animalia,species,麗鬥蟋,accepted,
2017-00-00_Insect_HumanObservation_191,HumanObservation,,2017-00-00_Insect_HumanObservation_191,社團法人基隆市野鳥學會 (Wild Bird Society of Keelung),,,,,,,,,2017,,2017,,,Aerial Netting | Sweeping Net Method | Beat Sheet Method | Sieving Method | Aquatic Sieving | Visual Search Method | Trap Method | Bait Method,Asia,Taiwan,TW,Mianhua Islet,,,25.48483,122.10535,EPSG:4326,400,1e-05,Eobia chinensis chinensis,Identified to subspecies level based on the known local distribution.,KL_Insect_0000184,92880,t0085627,Eobia chinensis chinensis,Animalia,subspecies,黑尾擬天牛,accepted,
2017-00-00_Insect_HumanObservation_192,HumanObservation,,2017-00-00_Insect_HumanObservation_192,社團法人基隆市野鳥學會 (Wild Bird Society of Keelung),,,,,,,,,2017,,2017,,,Aerial Netting | Sweeping Net Method | Beat Sheet Method | Sieving Method | Aquatic Sieving | Visual Search Method | Trap Method | Bait Method,Asia,Taiwan,TW,Mianhua Islet,,,25.48483,122.10535,EPSG:4326,400,1e-05,Cheilomenes sexmaculata,,KL_Insect_0000104,67307,t0078035,Cheilomenes sexmaculata,Animalia,species,六斑月瓢蟲,accepted,
2017-00-00_Insect_HumanObservation_193,HumanObservation,,2017-00-00_Insect_HumanObservation_193,社團法人基隆市野鳥學會 (Wild Bird Society of Keelung),,,,,,,,,2017,,2017,,,Aerial Netting | Sweeping Net Method | Beat Sheet Method | Sieving Method | Aquatic Sieving | Visual Search Method | Trap Method | Bait Method,Asia,Taiwan,TW,Mianhua Islet,,,25.48483,122.10535,EPSG:4326,400,1e-05,Protaetia orientalis sakaii,Identified to subspecies level based on the known local distribution.,KL_Insect_0000105,93551,t0086159,Protaetia orientalis sakaii,Animalia,subspecies,東方白點花金龜,accepted,
2018-00-00_Insect_HumanObservation_194,HumanObservation,,2018-00-00_Insect_HumanObservation_194,社團法人基隆市野鳥學會 (Wild Bird Society of Keelung),,,,,,,,,2018,,2018,,,Aerial Netting | Sweeping Net Method | Beat Sheet Method | Sieving Method | Aquatic Sieving | Visual Search Method | Trap Method | Bait Method,Asia,Taiwan,TW,Mianhua Islet,,,25.48483,122.10535,EPSG:4326,400,1e-05,Lampides boeticus,,KL_Insect_0000001,36747,t0027297,Lampides boeticus,Animalia,species,豆波灰蝶,accepted,
2018-00-00_Insect_HumanObservation_195,HumanObservation,,2018-00-00_Insect_HumanObservation_195,社團法人基隆市野鳥學會 (Wild Bird Society of Keelung),,,,,,,,,2018,,2018,,,Aerial Netting | Sweeping Net Method | Beat Sheet Method | Sieving Method | Aquatic Sieving | Visual Search Method | Trap Method | Bait Method,Asia,Taiwan,TW,Mianhua Islet,,,25.48483,122.10535,EPSG:4326,400,1e-05,Zizeeria maha okinawana,,KL_Insect_0000002,35344,t0085052,Zizeeria maha okinawana,Animalia,subspecies,沖繩小灰蝶,accepted,毛眼灰蝶 | 柞灰蝶 | 酢醬灰蝶 | 小型小灰蝶 | 大和小灰蝶 | 藍灰蝶
2018-00-00_Insect_HumanObservation_196,HumanObservation,,2018-00-00_Insect_HumanObservation_196,社團法人基隆市野鳥學會 (Wild Bird Society of Keelung),,,,,,,,,2018,,2018,,,Aerial Netting | Sweeping Net Method | Beat Sheet Method | Sieving Method | Aquatic Sieving | Visual Search Method | Trap Method | Bait Method,Asia,Taiwan,TW,Mianhua Islet,,,25.48483,122.10535,EPSG:4326,400,1e-05,Vanessa cardui,,KL_Insect_0000007,38116,t0028473,Vanessa cardui,Animalia,species,小紅蛺蝶,accepted,
2018-00-00_Insect_HumanObservation_197,HumanObservation,,2018-00-00_Insect_HumanObservation_197,社團法人基隆市野鳥學會 (Wild Bird Society of Keelung),,,,,,,,,2018,,2018,,,Aerial Netting | Sweeping Net Method | Beat Sheet Method | Sieving Method | Aquatic Sieving | Visual Search Method | Trap Method | Bait Method,Asia,Taiwan,TW,Mianhua Islet,,,25.48483,122.10535,EPSG:4326,400,1e-05,Vanessa indica,,KL_Insect_0000008,34556,t0056704,Vanessa indica,Animalia,species,大紅蛺蝶,accepted,
2018-00-00_Insect_HumanObservation_198,HumanObservation,,2018-00-00_Insect_HumanObservation_198,社團法人基隆市野鳥學會 (Wild Bird Society of Keelung),,,,,,,,,2018,,2018,,,Aerial Netting | Sweeping Net Method | Beat Sheet Method | Sieving Method | Aquatic Sieving | Visual Search Method | Trap Method | Bait Method,Asia,Taiwan,TW,Mianhua Islet,,,25.48483,122.10535,EPSG:4326,400,1e-05,Parantica sita,,KL_Insect_0000009,32185,t0098329,Parantica sita,Animalia,species,大絹斑蝶,accepted,
2018-00-00_Insect_HumanObservation_199,HumanObservation,,2018-00-00_Insect_HumanObservation_199,社團法人基隆市野鳥學會 (Wild Bird Society of Keelung),,,,,,,,,2018,,2018,,,Aerial Netting | Sweeping Net Method | Beat Sheet Method | Sieving Method | Aquatic Sieving | Visual Search Method | Trap Method | Bait Method,Asia,Taiwan,TW,Mianhua Islet,,,25.48483,122.10535,EPSG:4326,400,1e-05,Pieris rapae crucivora,Identified to subspecies level based on the known local distribution.,KL_Insect_0000012,35222,t0084965,Pieris rapae crucivora,Animalia,subspecies,白粉蝶,accepted,菜粉蝶 | 菜白蝶 | 日本紋白蝶 | 紋白蝶
2018-00-00_Insect_HumanObservation_200,HumanObservation,,2018-00-00_Insect_HumanObservation_200,社團法人基隆市野鳥學會 (Wild Bird Society of Keelung),,,,,,,,,2018,,2018,,,Aerial Netting | Sweeping Net Method | Beat Sheet Method | Sieving Method | Aquatic Sieving | Visual Search Method | Trap Method | Bait Method,Asia,Taiwan,TW,Mianhua Islet,,,25.48483,122.10535,EPSG:4326,400,1e-05,Parnara guttata,,KL_Insect_0000018,32260,t0031627,Parnara guttata,Animalia,species,稻弄蝶,accepted,
2018-00-00_Insect_HumanObservation_201,HumanObservation,,2018-00-00_Insect_HumanObservation_201,社團法人基隆市野鳥學會 (Wild Bird Society of Keelung),,,,,,,,,2018,,2018,,,Aerial Netting | Sweeping Net Method | Beat Sheet Method | Sieving Method | Aquatic Sieving | Visual Search Method | Trap Method | Bait Method,Asia,Taiwan,TW,Mianhua Islet,,,25.48483,122.10535,EPSG:4326,400,1e-05,Spoladea recurvalis,,KL_Insect_0000020,37877,t0033008,Spoladea recurvalis,Animalia,species,甜菜白帶野螟,accepted,甜菜白帶野螟蛾
2018-00-00_Insect_HumanObservation_202,HumanObservation,,2018-00-00_Insect_HumanObservation_202,社團法人基隆市野鳥學會 (Wild Bird Society of Keelung),,,,,,,,,2018,,2018,,,Aerial Netting | Sweeping Net Method | Beat Sheet Method | Sieving Method | Aquatic Sieving | Visual Search Method | Trap Method | Bait Method,Asia,Taiwan,TW,Mianhua Islet,,,25.48483,122.10535,EPSG:4326,400,1e-05,Plutella xylostella,,KL_Insect_0000035,37469,t0057177,Plutella xylostella,Animalia,species,小菜蛾,accepted,
2018-00-00_Insect_HumanObservation_203,HumanObservation,,2018-00-00_Insect_HumanObservation_203,社團法人基隆市野鳥學會 (Wild Bird Society of Keelung),,,,,,,,,2018,,2018,,,Aerial Netting | Sweeping Net Method | Beat Sheet Method | Sieving Method | Aquatic Sieving | Visual Search Method | Trap Method | Bait Method,Asia,Taiwan,TW,Mianhua Islet,,,25.48483,122.10535,EPSG:4326,400,1e-05,Anax julius,,KL_Insect_0000043,284708,t0085241,Anax julius,Animalia,species,綠胸晏蜓,accepted,
2018-00-00_Insect_HumanObservation_204,HumanObservation,,2018-00-00_Insect_HumanObservation_204,社團法人基隆市野鳥學會 (Wild Bird Society of Keelung),,,,,,,,,2018,,2018,,,Aerial Netting | Sweeping Net Method | Beat Sheet Method | Sieving Method | Aquatic Sieving | Visual Search Method | Trap Method | Bait Method,Asia,Taiwan,TW,Mianhua Islet,,,25.48483,122.10535,EPSG:4326,400,1e-05,Ischnura senegalensis,,KL_Insect_0000046,75756,t0066356,Ischnura senegalensis,Animalia,species,青紋細蟌,accepted,
2018-00-00_Insect_HumanObservation_205,HumanObservation,,2018-00-00_Insect_HumanObservation_205,社團法人基隆市野鳥學會 (Wild Bird Society of Keelung),,,,,,,,,2018,,2018,,,Aerial Netting | Sweeping Net Method | Beat Sheet Method | Sieving Method | Aquatic Sieving | Visual Search Method | Trap Method | Bait Method,Asia,Taiwan,TW,Mianhua Islet,,,25.48483,122.10535,EPSG:4326,400,1e-05,Pantala flavescens,,KL_Insect_0000048,82387,t0082932,Pantala flavescens,Animalia,species,薄翅蜻蜓,accepted,
2018-00-00_Insect_HumanObservation_206,HumanObservation,,2018-00-00_Insect_HumanObservation_206,社團法人基隆市野鳥學會 (Wild Bird Society of Keelung),,,,,,,,,2018,,2018,,,Aerial Netting | Sweeping Net Method | Beat Sheet Method | Sieving Method | Aquatic Sieving | Visual Search Method | Trap Method | Bait Method,Asia,Taiwan,TW,Mianhua Islet,,,25.48483,122.10535,EPSG:4326,400,1e-05,Sympetrum fonscolombii,,KL_Insect_0000049,89138,t0046444,Sympetrum fonscolombii,Animalia,species,紅脈蜻蜓,accepted,
2018-00-00_Insect_HumanObservation_207,HumanObservation,,2018-00-00_Insect_HumanObservation_207,社團法人基隆市野鳥學會 (Wild Bird Society of Keelung),,,,,,,,,2018,,2018,,,Aerial Netting | Sweeping Net Method | Beat Sheet Method | Sieving Method | Aquatic Sieving | Visual Search Method | Trap Method | Bait Method,Asia,Taiwan,TW,Mianhua Islet,,,25.48483,122.10535,EPSG:4326,400,1e-05,Graptostethus servus servus,Identified to subspecies level based on the known local distribution.,KL_Insect_0000057,92995,t0085718,Graptostethus servus servus,Animalia,subspecies,紅腺長椿,accepted,紅腺長椿象 | 黑帶紅腺長蝽
2018-00-00_Insect_HumanObservation_208,HumanObservation,,2018-00-00_Insect_HumanObservation_208,社團法人基隆市野鳥學會 (Wild Bird Society of Keelung),,,,,,,,,2018,,2018,,,Aerial Netting | Sweeping Net Method | Beat Sheet Method | Sieving Method | Aquatic Sieving | Visual Search Method | Trap Method | Bait Method,Asia,Taiwan,TW,Mianhua Islet,,,25.48483,122.10535,EPSG:4326,400,1e-05,Pycnoscelus surinamensis,,KL_Insect_0000077,85962,t0037458,Pycnoscelus surinamensis,Animalia,species,蘇利南潛蠊,accepted,
2018-00-00_Insect_HumanObservation_209,HumanObservation,,2018-00-00_Insect_HumanObservation_209,社團法人基隆市野鳥學會 (Wild Bird Society of Keelung),,,,,,,,,2018,,2018,,,Aerial Netting | Sweeping Net Method | Beat Sheet Method | Sieving Method | Aquatic Sieving | Visual Search Method | Trap Method | Bait Method,Asia,Taiwan,TW,Mianhua Islet,,,25.48483,122.10535,EPSG:4326,400,1e-05,Validiblatta australasiae,,KL_Insect_0000079,267217,t0031741,Validiblatta australasiae,Animalia,species,澳洲家蠊,accepted,
2018-00-00_Insect_HumanObservation_210,HumanObservation,,2018-00-00_Insect_HumanObservation_210,社團法人基隆市野鳥學會 (Wild Bird Society of Keelung),,,,,,,,,2018,,2018,,,Aerial Netting | Sweeping Net Method | Beat Sheet Method | Sieving Method | Aquatic Sieving | Visual Search Method | Trap Method | Bait Method,Asia,Taiwan,TW,Mianhua Islet,,,25.48483,122.10535,EPSG:4326,400,1e-05,Aiolopus thalassinus tamulus,Identified to subspecies level based on the known local distribution.,KL_Insect_0000144,92373,t0085206,Aiolopus thalassinus tamulus,Animalia,subspecies,斑蝗,accepted,
2018-00-00_Insect_HumanObservation_211,HumanObservation,,2018-00-00_Insect_HumanObservation_211,社團法人基隆市野鳥學會 (Wild Bird Society of Keelung),,,,,,,,,2018,,2018,,,Aerial Netting | Sweeping Net Method | Beat Sheet Method | Sieving Method | Aquatic Sieving | Visual Search Method | Trap Method | Bait Method,Asia,Taiwan,TW,Mianhua Islet,,,25.48483,122.10535,EPSG:4326,400,1e-05,Trilophidia annulata,,KL_Insect_0000083,90830,t0047928,Trilophidia annulata,Animalia,species,疣蝗,accepted,
2018-00-00_Insect_HumanObservation_212,HumanObservation,,2018-00-00_Insect_HumanObservation_212,社團法人基隆市野鳥學會 (Wild Bird Society of Keelung),,,,,,,,,2018,,2018,,,Aerial Netting | Sweeping Net Method | Beat Sheet Method | Sieving Method | Aquatic Sieving | Visual Search Method | Trap Method | Bait Method,Asia,Taiwan,TW,Mianhua Islet,,,25.48483,122.10535,EPSG:4326,400,1e-05,Velarifictorus ornatus,,KL_Insect_0000088,60649,t0086415,Velarifictorus ornatus,Animalia,species,麗鬥蟋,accepted,
2018-00-00_Insect_HumanObservation_213,HumanObservation,,2018-00-00_Insect_HumanObservation_213,社團法人基隆市野鳥學會 (Wild Bird Society of Keelung),,,,,,,,,2018,,2018,,,Aerial Netting | Sweeping Net Method | Beat Sheet Method | Sieving Method | Aquatic Sieving | Visual Search Method | Trap Method | Bait Method,Asia,Taiwan,TW,Mianhua Islet,,,25.48483,122.10535,EPSG:4326,400,1e-05,Gryllus bimaculatus,,KL_Insect_0000089,74054,t0029414,Gryllus bimaculatus,Animalia,species,黃斑黑蟋蟀,accepted,
2018-00-00_Insect_HumanObservation_214,HumanObservation,,2018-00-00_Insect_HumanObservation_214,社團法人基隆市野鳥學會 (Wild Bird Society of Keelung),,,,,,,,,2018,,2018,,,Aerial Netting | Sweeping Net Method | Beat Sheet Method | Sieving Method | Aquatic Sieving | Visual Search Method | Trap Method | Bait Method,Asia,Taiwan,TW,Mianhua Islet,,,25.48483,122.10535,EPSG:4326,400,1e-05,Chlorophorus graphus,,KL_Insect_0000095,67558,t0078251,Chlorophorus graphus,Animalia,species,圖紋虎天牛,accepted,
2018-00-00_Insect_HumanObservation_215,HumanObservation,,2018-00-00_Insect_HumanObservation_215,社團法人基隆市野鳥學會 (Wild Bird Society of Keelung),,,,,,,,,2018,,2018,,,Aerial Netting | Sweeping Net Method | Beat Sheet Method | Sieving Method | Aquatic Sieving | Visual Search Method | Trap Method | Bait Method,Asia,Taiwan,TW,Mianhua Islet,,,25.48483,122.10535,EPSG:4326,400,1e-05,Cheilomenes sexmaculata,,KL_Insect_0000104,67307,t0078035,Cheilomenes sexmaculata,Animalia,species,六斑月瓢蟲,accepted,
2019-00-00_Insect_HumanObservation_216,HumanObservation,,2019-00-00_Insect_HumanObservation_216,台灣休閒漁業發展協會 (Taiwan Leisure Fishery Development Association),,,,,,,,,2019,,2019,,,Visual Search Method | Sweeping Net Method,Asia,Taiwan,TW,Mianhua Islet,,,25.48483,122.10535,EPSG:4326,400,1e-05,Lampides boeticus,,KL_Insect_0000001,36747,t0027297,Lampides boeticus,Animalia,species,豆波灰蝶,accepted,
2019-00-00_Insect_HumanObservation_217,HumanObservation,,2019-00-00_Insect_HumanObservation_217,台灣休閒漁業發展協會 (Taiwan Leisure Fishery Development Association),,,,,,,,,2019,,2019,,,Visual Search Method | Sweeping Net Method,Asia,Taiwan,TW,Mianhua Islet,,,25.48483,122.10535,EPSG:4326,400,1e-05,Zizeeria maha okinawana,,KL_Insect_0000002,35344,t0085052,Zizeeria maha okinawana,Animalia,subspecies,沖繩小灰蝶,accepted,毛眼灰蝶 | 柞灰蝶 | 酢醬灰蝶 | 小型小灰蝶 | 大和小灰蝶 | 藍灰蝶
2019-00-00_Insect_HumanObservation_218,HumanObservation,,2019-00-00_Insect_HumanObservation_218,台灣休閒漁業發展協會 (Taiwan Leisure Fishery Development Association),,,,,,,,,2019,,2019,,,Visual Search Method | Sweeping Net Method,Asia,Taiwan,TW,Mianhua Islet,,,25.48483,122.10535,EPSG:4326,400,1e-05,Pieris rapae crucivora,Identified to subspecies level based on the known local distribution.,KL_Insect_0000012,35222,t0084965,Pieris rapae crucivora,Animalia,subspecies,白粉蝶,accepted,菜粉蝶 | 菜白蝶 | 日本紋白蝶 | 紋白蝶
2019-00-00_Insect_HumanObservation_219,HumanObservation,,2019-00-00_Insect_HumanObservation_219,台灣休閒漁業發展協會 (Taiwan Leisure Fishery Development Association),,,,,,,,,2019,,2019,,,Visual Search Method | Sweeping Net Method,Asia,Taiwan,TW,Mianhua Islet,,,25.48483,122.10535,EPSG:4326,400,1e-05,Eurema mandarina,,KL_Insect_0000016,29321,t0051052,Eurema mandarina,Animalia,species,北黃蝶,accepted,
2019-00-00_Insect_HumanObservation_220,HumanObservation,,2019-00-00_Insect_HumanObservation_220,台灣休閒漁業發展協會 (Taiwan Leisure Fishery Development Association),,,,,,,,,2019,,2019,,,Visual Search Method | Sweeping Net Method,Asia,Taiwan,TW,Mianhua Islet,,,25.48483,122.10535,EPSG:4326,400,1e-05,Spoladea recurvalis,,KL_Insect_0000020,37877,t0033008,Spoladea recurvalis,Animalia,species,甜菜白帶野螟,accepted,甜菜白帶野螟蛾
2019-00-00_Insect_HumanObservation_221,HumanObservation,,2019-00-00_Insect_HumanObservation_221,台灣休閒漁業發展協會 (Taiwan Leisure Fishery Development Association),,,,,,,,,2019,,2019,,,Visual Search Method | Sweeping Net Method,Asia,Taiwan,TW,Mianhua Islet,,,25.48483,122.10535,EPSG:4326,400,1e-05,Anax julius,,KL_Insect_0000043,284708,t0085241,Anax julius,Animalia,species,綠胸晏蜓,accepted,
2019-00-00_Insect_HumanObservation_222,HumanObservation,,2019-00-00_Insect_HumanObservation_222,台灣休閒漁業發展協會 (Taiwan Leisure Fishery Development Association),,,,,,,,,2019,,2019,,,Visual Search Method | Sweeping Net Method,Asia,Taiwan,TW,Mianhua Islet,,,25.48483,122.10535,EPSG:4326,400,1e-05,Pantala flavescens,,KL_Insect_0000048,82387,t0082932,Pantala flavescens,Animalia,species,薄翅蜻蜓,accepted,
2019-00-00_Insect_HumanObservation_223,HumanObservation,,2019-00-00_Insect_HumanObservation_223,台灣休閒漁業發展協會 (Taiwan Leisure Fishery Development Association),,,,,,,,,2019,,2019,,,Visual Search Method | Sweeping Net Method,Asia,Taiwan,TW,Mianhua Islet,,,25.48483,122.10535,EPSG:4326,400,1e-05,Sympetrum fonscolombii,,KL_Insect_0000049,89138,t0046444,Sympetrum fonscolombii,Animalia,species,紅脈蜻蜓,accepted,
2019-00-00_Insect_HumanObservation_224,HumanObservation,,2019-00-00_Insect_HumanObservation_224,台灣休閒漁業發展協會 (Taiwan Leisure Fishery Development Association),,,,,,,,,2019,,2019,,,Visual Search Method | Sweeping Net Method,Asia,Taiwan,TW,Mianhua Islet,,,25.48483,122.10535,EPSG:4326,400,1e-05,Spilostethus hospes,,KL_Insect_0000058,59943,t0098935,Spilostethus hospes,Animalia,species,黑斑腺長蝽,accepted,箭痕腺長蝽
2019-00-00_Insect_HumanObservation_225,HumanObservation,,2019-00-00_Insect_HumanObservation_225,台灣休閒漁業發展協會 (Taiwan Leisure Fishery Development Association),,,,,,,,,2019,,2019,,,Visual Search Method | Sweeping Net Method,Asia,Taiwan,TW,Mianhua Islet,,,25.48483,122.10535,EPSG:4326,400,1e-05,Pycnoscelus surinamensis,,KL_Insect_0000077,85962,t0037458,Pycnoscelus surinamensis,Animalia,species,蘇利南潛蠊,accepted,
2019-00-00_Insect_HumanObservation_226,HumanObservation,,2019-00-00_Insect_HumanObservation_226,台灣休閒漁業發展協會 (Taiwan Leisure Fishery Development Association),,,,,,,,,2019,,2019,,,Visual Search Method | Sweeping Net Method,Asia,Taiwan,TW,Mianhua Islet,,,25.48483,122.10535,EPSG:4326,400,1e-05,Validiblatta australasiae,,KL_Insect_0000079,267217,t0031741,Validiblatta australasiae,Animalia,species,澳洲家蠊,accepted,
2019-00-00_Insect_HumanObservation_227,HumanObservation,,2019-00-00_Insect_HumanObservation_227,台灣休閒漁業發展協會 (Taiwan Leisure Fishery Development Association),,,,,,,,,2019,,2019,,,Visual Search Method | Sweeping Net Method,Asia,Taiwan,TW,Mianhua Islet,,,25.48483,122.10535,EPSG:4326,400,1e-05,Aiolopus thalassinus tamulus,Identified to subspecies level based on the known local distribution.,KL_Insect_0000144,92373,t0085206,Aiolopus thalassinus tamulus,Animalia,subspecies,斑蝗,accepted,
2019-00-00_Insect_HumanObservation_228,HumanObservation,,2019-00-00_Insect_HumanObservation_228,台灣休閒漁業發展協會 (Taiwan Leisure Fishery Development Association),,,,,,,,,2019,,2019,,,Visual Search Method | Sweeping Net Method,Asia,Taiwan,TW,Mianhua Islet,,,25.48483,122.10535,EPSG:4326,400,1e-05,Trilophidia annulata,,KL_Insect_0000083,90830,t0047928,Trilophidia annulata,Animalia,species,疣蝗,accepted,
2019-00-00_Insect_HumanObservation_229,HumanObservation,,2019-00-00_Insect_HumanObservation_229,台灣休閒漁業發展協會 (Taiwan Leisure Fishery Development Association),,,,,,,,,2019,,2019,,,Visual Search Method | Sweeping Net Method,Asia,Taiwan,TW,Mianhua Islet,,,25.48483,122.10535,EPSG:4326,400,1e-05,Cheilomenes sexmaculata,,KL_Insect_0000104,67307,t0078035,Cheilomenes sexmaculata,Animalia,species,六斑月瓢蟲,accepted,
2019-00-00_Insect_HumanObservation_230,HumanObservation,,2019-00-00_Insect_HumanObservation_230,台灣休閒漁業發展協會 (Taiwan Leisure Fishery Development Association),,,,,,,,,2019,,2019,,,Visual Search Method | Sweeping Net Method,Asia,Taiwan,TW,Mianhua Islet,,,25.48483,122.10535,EPSG:4326,400,1e-05,Protaetia orientalis sakaii,Identified to subspecies level based on the known local distribution.,KL_Insect_0000105,93551,t0086159,Protaetia orientalis sakaii,Animalia,subspecies,東方白點花金龜,accepted,
2020-00-00_Insect_HumanObservation_231,HumanObservation,,2020-00-00_Insect_HumanObservation_231,社團法人基隆市野鳥學會 (Wild Bird Society of Keelung),,,,,,,,,2020,,2020,,,Aerial Netting | Sweeping Net Method | Beat Sheet Method | Sieving Method | Aquatic Sieving | Visual Search Method | Trap Method | Bait Method,Asia,Taiwan,TW,Mianhua Islet,,,25.48483,122.10535,EPSG:4326,400,1e-05,Lampides boeticus,,KL_Insect_0000001,36747,t0027297,Lampides boeticus,Animalia,species,豆波灰蝶,accepted,
2020-00-00_Insect_HumanObservation_232,HumanObservation,,2020-00-00_Insect_HumanObservation_232,社團法人基隆市野鳥學會 (Wild Bird Society of Keelung),,,,,,,,,2020,,2020,,,Aerial Netting | Sweeping Net Method | Beat Sheet Method | Sieving Method | Aquatic Sieving | Visual Search Method | Trap Method | Bait Method,Asia,Taiwan,TW,Mianhua Islet,,,25.48483,122.10535,EPSG:4326,400,1e-05,Zizeeria maha okinawana,,KL_Insect_0000002,35344,t0085052,Zizeeria maha okinawana,Animalia,subspecies,沖繩小灰蝶,accepted,毛眼灰蝶 | 柞灰蝶 | 酢醬灰蝶 | 小型小灰蝶 | 大和小灰蝶 | 藍灰蝶
2020-00-00_Insect_HumanObservation_233,HumanObservation,,2020-00-00_Insect_HumanObservation_233,社團法人基隆市野鳥學會 (Wild Bird Society of Keelung),,,,,,,,,2020,,2020,,,Aerial Netting | Sweeping Net Method | Beat Sheet Method | Sieving Method | Aquatic Sieving | Visual Search Method | Trap Method | Bait Method,Asia,Taiwan,TW,Mianhua Islet,,,25.48483,122.10535,EPSG:4326,400,1e-05,Prosotas nora formosana,,KL_Insect_0000003,35243,t0032167,Prosotas nora formosana,Animalia,subspecies,波灰蝶,accepted,
2020-00-00_Insect_HumanObservation_234,HumanObservation,,2020-00-00_Insect_HumanObservation_234,社團法人基隆市野鳥學會 (Wild Bird Society of Keelung),,,,,,,,,2020,,2020,,,Aerial Netting | Sweeping Net Method | Beat Sheet Method | Sieving Method | Aquatic Sieving | Visual Search Method | Trap Method | Bait Method,Asia,Taiwan,TW,Mianhua Islet,,,25.48483,122.10535,EPSG:4326,400,1e-05,Vanessa cardui,,KL_Insect_0000007,38116,t0028473,Vanessa cardui,Animalia,species,小紅蛺蝶,accepted,
2020-00-00_Insect_HumanObservation_235,HumanObservation,,2020-00-00_Insect_HumanObservation_235,社團法人基隆市野鳥學會 (Wild Bird Society of Keelung),,,,,,,,,2020,,2020,,,Aerial Netting | Sweeping Net Method | Beat Sheet Method | Sieving Method | Aquatic Sieving | Visual Search Method | Trap Method | Bait Method,Asia,Taiwan,TW,Mianhua Islet,,,25.48483,122.10535,EPSG:4326,400,1e-05,Vanessa indica,,KL_Insect_0000008,34556,t0056704,Vanessa indica,Animalia,species,大紅蛺蝶,accepted,
2020-00-00_Insect_HumanObservation_236,HumanObservation,,2020-00-00_Insect_HumanObservation_236,社團法人基隆市野鳥學會 (Wild Bird Society of Keelung),,,,,,,,,2020,,2020,,,Aerial Netting | Sweeping Net Method | Beat Sheet Method | Sieving Method | Aquatic Sieving | Visual Search Method | Trap Method | Bait Method,Asia,Taiwan,TW,Mianhua Islet,,,25.48483,122.10535,EPSG:4326,400,1e-05,Euploea eunice hobsoni,,KL_Insect_0000010,34952,t0084784,Euploea eunice hobsoni,Animalia,subspecies,圓翅紫斑蝶,accepted,
2020-00-00_Insect_HumanObservation_237,HumanObservation,,2020-00-00_Insect_HumanObservation_237,社團法人基隆市野鳥學會 (Wild Bird Society of Keelung),,,,,,,,,2020,,2020,,,Aerial Netting | Sweeping Net Method | Beat Sheet Method | Sieving Method | Aquatic Sieving | Visual Search Method | Trap Method | Bait Method,Asia,Taiwan,TW,Mianhua Islet,,,25.48483,122.10535,EPSG:4326,400,1e-05,Catopsilia pomona pomona,Identified to subspecies level based on the known local distribution.,KL_Insect_0000210,34849,t0030200,Catopsilia pomona pomona,Animalia,subspecies,遷粉蝶,accepted,果神蝶 | 無紋淡黃蝶 | 銀紋淡黃蝶 | 淡黃蝶 | 淺紋淡黃粉蝶 | 銀紋淡黃粉蝶 | 鐵刀木粉蝶 | 遷飛粉蝶
2020-00-00_Insect_HumanObservation_238,HumanObservation,,2020-00-00_Insect_HumanObservation_238,社團法人基隆市野鳥學會 (Wild Bird Society of Keelung),,,,,,,,,2020,,2020,,,Aerial Netting | Sweeping Net Method | Beat Sheet Method | Sieving Method | Aquatic Sieving | Visual Search Method | Trap Method | Bait Method,Asia,Taiwan,TW,Mianhua Islet,,,25.48483,122.10535,EPSG:4326,400,1e-05,Papilio protenor protenor,,KL_Insect_0000019,35193,t0084947,Papilio protenor protenor,Animalia,subspecies,黑鳳蝶,accepted,
2020-00-00_Insect_HumanObservation_239,HumanObservation,,2020-00-00_Insect_HumanObservation_239,社團法人基隆市野鳥學會 (Wild Bird Society of Keelung),,,,,,,,,2020,,2020,,,Aerial Netting | Sweeping Net Method | Beat Sheet Method | Sieving Method | Aquatic Sieving | Visual Search Method | Trap Method | Bait Method,Asia,Taiwan,TW,Mianhua Islet,,,25.48483,122.10535,EPSG:4326,400,1e-05,Spoladea recurvalis,,KL_Insect_0000020,37877,t0033008,Spoladea recurvalis,Animalia,species,甜菜白帶野螟,accepted,甜菜白帶野螟蛾
2020-00-00_Insect_HumanObservation_240,HumanObservation,,2020-00-00_Insect_HumanObservation_240,社團法人基隆市野鳥學會 (Wild Bird Society of Keelung),,,,,,,,,2020,,2020,,,Aerial Netting | Sweeping Net Method | Beat Sheet Method | Sieving Method | Aquatic Sieving | Visual Search Method | Trap Method | Bait Method,Asia,Taiwan,TW,Mianhua Islet,,,25.48483,122.10535,EPSG:4326,400,1e-05,Anax julius,,KL_Insect_0000043,284708,t0085241,Anax julius,Animalia,species,綠胸晏蜓,accepted,
2020-00-00_Insect_HumanObservation_241,HumanObservation,,2020-00-00_Insect_HumanObservation_241,社團法人基隆市野鳥學會 (Wild Bird Society of Keelung),,,,,,,,,2020,,2020,,,Aerial Netting | Sweeping Net Method | Beat Sheet Method | Sieving Method | Aquatic Sieving | Visual Search Method | Trap Method | Bait Method,Asia,Taiwan,TW,Mianhua Islet,,,25.48483,122.10535,EPSG:4326,400,1e-05,Anax guttatus,,KL_Insect_0000044,63515,t0071444,Anax guttatus,Animalia,species,烏點晏蜓,accepted,
2020-00-00_Insect_HumanObservation_242,HumanObservation,,2020-00-00_Insect_HumanObservation_242,社團法人基隆市野鳥學會 (Wild Bird Society of Keelung),,,,,,,,,2020,,2020,,,Aerial Netting | Sweeping Net Method | Beat Sheet Method | Sieving Method | Aquatic Sieving | Visual Search Method | Trap Method | Bait Method,Asia,Taiwan,TW,Mianhua Islet,,,25.48483,122.10535,EPSG:4326,400,1e-05,Ischnura asiatica,,KL_Insect_0000047,75755,t0027133,Ischnura asiatica,Animalia,species,亞東細蟌,accepted,
2020-00-00_Insect_HumanObservation_243,HumanObservation,,2020-00-00_Insect_HumanObservation_243,社團法人基隆市野鳥學會 (Wild Bird Society of Keelung),,,,,,,,,2020,,2020,,,Aerial Netting | Sweeping Net Method | Beat Sheet Method | Sieving Method | Aquatic Sieving | Visual Search Method | Trap Method | Bait Method,Asia,Taiwan,TW,Mianhua Islet,,,25.48483,122.10535,EPSG:4326,400,1e-05,Pantala flavescens,,KL_Insect_0000048,82387,t0082932,Pantala flavescens,Animalia,species,薄翅蜻蜓,accepted,
2020-00-00_Insect_HumanObservation_244,HumanObservation,,2020-00-00_Insect_HumanObservation_244,社團法人基隆市野鳥學會 (Wild Bird Society of Keelung),,,,,,,,,2020,,2020,,,Aerial Netting | Sweeping Net Method | Beat Sheet Method | Sieving Method | Aquatic Sieving | Visual Search Method | Trap Method | Bait Method,Asia,Taiwan,TW,Mianhua Islet,,,25.48483,122.10535,EPSG:4326,400,1e-05,Acanthocoris scaber,,KL_Insect_0000056,61902,t0057527,Acanthocoris scaber,Animalia,species,瘤緣蝽,accepted,
2020-00-00_Insect_HumanObservation_245,HumanObservation,,2020-00-00_Insect_HumanObservation_245,社團法人基隆市野鳥學會 (Wild Bird Society of Keelung),,,,,,,,,2020,,2020,,,Aerial Netting | Sweeping Net Method | Beat Sheet Method | Sieving Method | Aquatic Sieving | Visual Search Method | Trap Method | Bait Method,Asia,Taiwan,TW,Mianhua Islet,,,25.48483,122.10535,EPSG:4326,400,1e-05,Spilostethus hospes,,KL_Insect_0000058,59943,t0098935,Spilostethus hospes,Animalia,species,黑斑腺長蝽,accepted,箭痕腺長蝽
2020-00-00_Insect_HumanObservation_246,HumanObservation,,2020-00-00_Insect_HumanObservation_246,社團法人基隆市野鳥學會 (Wild Bird Society of Keelung),,,,,,,,,2020,,2020,,,Aerial Netting | Sweeping Net Method | Beat Sheet Method | Sieving Method | Aquatic Sieving | Visual Search Method | Trap Method | Bait Method,Asia,Taiwan,TW,Mianhua Islet,,,25.48483,122.10535,EPSG:4326,400,1e-05,Agonoscelis nubilis,,KL_Insect_0000072,62585,t0070594,Agonoscelis nubilis,Animalia,species,雲蝽,accepted,雲椿象
2020-00-00_Insect_HumanObservation_247,HumanObservation,,2020-00-00_Insect_HumanObservation_247,社團法人基隆市野鳥學會 (Wild Bird Society of Keelung),,,,,,,,,2020,,2020,,,Aerial Netting | Sweeping Net Method | Beat Sheet Method | Sieving Method | Aquatic Sieving | Visual Search Method | Trap Method | Bait Method,Asia,Taiwan,TW,Mianhua Islet,,,25.48483,122.10535,EPSG:4326,400,1e-05,Pycnoscelus surinamensis,,KL_Insect_0000077,85962,t0037458,Pycnoscelus surinamensis,Animalia,species,蘇利南潛蠊,accepted,
2020-00-00_Insect_HumanObservation_248,HumanObservation,,2020-00-00_Insect_HumanObservation_248,社團法人基隆市野鳥學會 (Wild Bird Society of Keelung),,,,,,,,,2020,,2020,,,Aerial Netting | Sweeping Net Method | Beat Sheet Method | Sieving Method | Aquatic Sieving | Visual Search Method | Trap Method | Bait Method,Asia,Taiwan,TW,Mianhua Islet,,,25.48483,122.10535,EPSG:4326,400,1e-05,Validiblatta australasiae,,KL_Insect_0000079,267217,t0031741,Validiblatta australasiae,Animalia,species,澳洲家蠊,accepted,
2020-00-00_Insect_HumanObservation_249,HumanObservation,,2020-00-00_Insect_HumanObservation_249,社團法人基隆市野鳥學會 (Wild Bird Society of Keelung),,,,,,,,,2020,,2020,,,Aerial Netting | Sweeping Net Method | Beat Sheet Method | Sieving Method | Aquatic Sieving | Visual Search Method | Trap Method | Bait Method,Asia,Taiwan,TW,Mianhua Islet,,,25.48483,122.10535,EPSG:4326,400,1e-05,Aiolopus thalassinus tamulus,Identified to subspecies level based on the known local distribution.,KL_Insect_0000144,92373,t0085206,Aiolopus thalassinus tamulus,Animalia,subspecies,斑蝗,accepted,
2020-00-00_Insect_HumanObservation_250,HumanObservation,,2020-00-00_Insect_HumanObservation_250,社團法人基隆市野鳥學會 (Wild Bird Society of Keelung),,,,,,,,,2020,,2020,,,Aerial Netting | Sweeping Net Method | Beat Sheet Method | Sieving Method | Aquatic Sieving | Visual Search Method | Trap Method | Bait Method,Asia,Taiwan,TW,Mianhua Islet,,,25.48483,122.10535,EPSG:4326,400,1e-05,Trilophidia annulata,,KL_Insect_0000083,90830,t0047928,Trilophidia annulata,Animalia,species,疣蝗,accepted,
2020-00-00_Insect_HumanObservation_251,HumanObservation,,2020-00-00_Insect_HumanObservation_251,社團法人基隆市野鳥學會 (Wild Bird Society of Keelung),,,,,,,,,2020,,2020,,,Aerial Netting | Sweeping Net Method | Beat Sheet Method | Sieving Method | Aquatic Sieving | Visual Search Method | Trap Method | Bait Method,Asia,Taiwan,TW,Mianhua Islet,,,25.48483,122.10535,EPSG:4326,400,1e-05,Eobia chinensis chinensis,Identified to subspecies level based on the known local distribution.,KL_Insect_0000184,92880,t0085627,Eobia chinensis chinensis,Animalia,subspecies,黑尾擬天牛,accepted,
2020-00-00_Insect_HumanObservation_252,HumanObservation,,2020-00-00_Insect_HumanObservation_252,社團法人基隆市野鳥學會 (Wild Bird Society of Keelung),,,,,,,,,2020,,2020,,,Aerial Netting | Sweeping Net Method | Beat Sheet Method | Sieving Method | Aquatic Sieving | Visual Search Method | Trap Method | Bait Method,Asia,Taiwan,TW,Mianhua Islet,,,25.48483,122.10535,EPSG:4326,400,1e-05,Coccinella septempunctata,,KL_Insect_0000102,68217,t0078837,Coccinella septempunctata,Animalia,species,七星瓢蟲,accepted,
2020-00-00_Insect_HumanObservation_253,HumanObservation,,2020-00-00_Insect_HumanObservation_253,社團法人基隆市野鳥學會 (Wild Bird Society of Keelung),,,,,,,,,2020,,2020,,,Aerial Netting | Sweeping Net Method | Beat Sheet Method | Sieving Method | Aquatic Sieving | Visual Search Method | Trap Method | Bait Method,Asia,Taiwan,TW,Mianhua Islet,,,25.48483,122.10535,EPSG:4326,400,1e-05,Protaetia orientalis sakaii,Identified to subspecies level based on the known local distribution.,KL_Insect_0000105,93551,t0086159,Protaetia orientalis sakaii,Animalia,subspecies,東方白點花金龜,accepted,
2020-00-00_Insect_HumanObservation_254,HumanObservation,,2020-00-00_Insect_HumanObservation_254,社團法人基隆市野鳥學會 (Wild Bird Society of Keelung),,,,,,,,,2020,,2020,,,Aerial Netting | Sweeping Net Method | Beat Sheet Method | Sieving Method | Aquatic Sieving | Visual Search Method | Trap Method | Bait Method,Asia,Taiwan,TW,Mianhua Islet,,,25.48483,122.10535,EPSG:4326,400,1e-05,Stomorhina discolor,,KL_Insect_0000109,88788,t0033080,Stomorhina discolor,Animalia,species,黑色錐口蠅,accepted,
2021-03-30_Insect_HumanObservation_000,HumanObservation,,2021-03-30_Insect_HumanObservation_000,研海生態顧問股份有限公司 (Ceta explorers Company Limited),,,,,,,,,2021-03-30,,2021,3,30,Aerial Netting | Sweeping Net Method | Hand Sorting Method | Sieving Method,Asia,Taiwan,TW,Mianhua Islet,,,25.48483,122.10535,EPSG:4326,400,1e-05,Pieris rapae crucivora,Identified to subspecies level based on the known local distribution.,KL_Insect_0000012,35222,t0084965,Pieris rapae crucivora,Animalia,subspecies,白粉蝶,accepted,菜粉蝶 | 菜白蝶 | 日本紋白蝶 | 紋白蝶
2021-03-30_Insect_HumanObservation_001,HumanObservation,,2021-03-30_Insect_HumanObservation_001,研海生態顧問股份有限公司 (Ceta explorers Company Limited),,,,,,,,,2021-03-30,,2021,3,30,Aerial Netting | Sweeping Net Method | Hand Sorting Method | Sieving Method,Asia,Taiwan,TW,Mianhua Islet,,,25.48483,122.10535,EPSG:4326,400,1e-05,Zizeeria maha okinawana,,KL_Insect_0000002,35344,t0085052,Zizeeria maha okinawana,Animalia,subspecies,沖繩小灰蝶,accepted,毛眼灰蝶 | 柞灰蝶 | 酢醬灰蝶 | 小型小灰蝶 | 大和小灰蝶 | 藍灰蝶
2021-03-30_Insect_HumanObservation_002,HumanObservation,,2021-03-30_Insect_HumanObservation_002,研海生態顧問股份有限公司 (Ceta explorers Company Limited),,,,,,,,,2021-03-30,,2021,3,30,Aerial Netting | Sweeping Net Method | Hand Sorting Method | Sieving Method,Asia,Taiwan,TW,Mianhua Islet,,,25.48483,122.10535,EPSG:4326,400,1e-05,Lampides boeticus,,KL_Insect_0000001,36747,t0027297,Lampides boeticus,Animalia,species,豆波灰蝶,accepted,
2021-03-30_Insect_HumanObservation_003,HumanObservation,,2021-03-30_Insect_HumanObservation_003,研海生態顧問股份有限公司 (Ceta explorers Company Limited),,,,,,,,,2021-03-30,,2021,3,30,Aerial Netting | Sweeping Net Method | Hand Sorting Method | Sieving Method,Asia,Taiwan,TW,Mianhua Islet,,,25.48483,122.10535,EPSG:4326,400,1e-05,Kaniska canace drilon,,KL_Insect_0000011,35039,t0084837,Kaniska canace drilon,Animalia,subspecies,琉璃蛺蝶,accepted,
2021-03-30_Insect_HumanObservation_004,HumanObservation,,2021-03-30_Insect_HumanObservation_004,研海生態顧問股份有限公司 (Ceta explorers Company Limited),,,,,,,,,2021-03-30,,2021,3,30,Aerial Netting | Sweeping Net Method | Hand Sorting Method | Sieving Method,Asia,Taiwan,TW,Mianhua Islet,,,25.48483,122.10535,EPSG:4326,400,1e-05,Plutella xylostella,,KL_Insect_0000035,37469,t0057177,Plutella xylostella,Animalia,species,小菜蛾,accepted,
2021-03-30_Insect_HumanObservation_005,HumanObservation,,2021-03-30_Insect_HumanObservation_005,研海生態顧問股份有限公司 (Ceta explorers Company Limited),,,,,,,,,2021-03-30,,2021,3,30,Aerial Netting | Sweeping Net Method | Hand Sorting Method | Sieving Method,Asia,Taiwan,TW,Mianhua Islet,,,25.48483,122.10535,EPSG:4326,400,1e-05,Stathmopoda auriferella,,KL_Insect_0000132,33852,t0033019,Stathmopoda auriferella,Animalia,species,展足蛾,accepted,
2021-03-30_Insect_HumanObservation_006,HumanObservation,,2021-03-30_Insect_HumanObservation_006,研海生態顧問股份有限公司 (Ceta explorers Company Limited),,,,,,,,,2021-03-30,,2021,3,30,Aerial Netting | Sweeping Net Method | Hand Sorting Method | Sieving Method,Asia,Taiwan,TW,Mianhua Islet,,,25.48483,122.10535,EPSG:4326,400,1e-05,Nomophila noctuella,,KL_Insect_0000024,31656,t0052124,Nomophila noctuella,Animalia,species,麥牧野螟,accepted,
2021-03-30_Insect_HumanObservation_007,HumanObservation,,2021-03-30_Insect_HumanObservation_007,研海生態顧問股份有限公司 (Ceta explorers Company Limited),,,,,,,,,2021-03-30,,2021,3,30,Aerial Netting | Sweeping Net Method | Hand Sorting Method | Sieving Method,Asia,Taiwan,TW,Mianhua Islet,,,25.48483,122.10535,EPSG:4326,400,1e-05,Diasemia accalis,,KL_Insect_0000025,28574,t0050601,Diasemia accalis,Animalia,species,褐紋翅野螟蛾,accepted,
2021-03-30_Insect_HumanObservation_008,HumanObservation,,2021-03-30_Insect_HumanObservation_008,研海生態顧問股份有限公司 (Ceta explorers Company Limited),,,,,,,,,2021-03-30,,2021,3,30,Aerial Netting | Sweeping Net Method | Hand Sorting Method | Sieving Method,Asia,Taiwan,TW,Mianhua Islet,,,25.48483,122.10535,EPSG:4326,400,1e-05,Pantala flavescens,,KL_Insect_0000048,82387,t0082932,Pantala flavescens,Animalia,species,薄翅蜻蜓,accepted,
2021-03-30_Insect_HumanObservation_009,HumanObservation,,2021-03-30_Insect_HumanObservation_009,研海生態顧問股份有限公司 (Ceta explorers Company Limited),,,,,,,,,2021-03-30,,2021,3,30,Aerial Netting | Sweeping Net Method | Hand Sorting Method | Sieving Method,Asia,Taiwan,TW,Mianhua Islet,,,25.48483,122.10535,EPSG:4326,400,1e-05,Anax julius,,KL_Insect_0000043,284708,t0085241,Anax julius,Animalia,species,綠胸晏蜓,accepted,
2021-03-30_Insect_HumanObservation_010,HumanObservation,,2021-03-30_Insect_HumanObservation_010,研海生態顧問股份有限公司 (Ceta explorers Company Limited),,,,,,,,,2021-03-30,,2021,3,30,Aerial Netting | Sweeping Net Method | Hand Sorting Method | Sieving Method,Asia,Taiwan,TW,Mianhua Islet,,,25.48483,122.10535,EPSG:4326,400,1e-05,Acanthocoris scaber,,KL_Insect_0000056,61902,t0057527,Acanthocoris scaber,Animalia,species,瘤緣蝽,accepted,
2021-03-30_Insect_HumanObservation_011,HumanObservation,,2021-03-30_Insect_HumanObservation_011,研海生態顧問股份有限公司 (Ceta explorers Company Limited),,,,,,,,,2021-03-30,,2021,3,30,Aerial Netting | Sweeping Net Method | Hand Sorting Method | Sieving Method,Asia,Taiwan,TW,Mianhua Islet,,,25.48483,122.10535,EPSG:4326,400,1e-05,Largidae,,KL_Insect_0000133,4331,t0006255,Largidae,Animalia,family,大紅蝽科,accepted,
2021-03-30_Insect_HumanObservation_012,HumanObservation,,2021-03-30_Insect_HumanObservation_012,研海生態顧問股份有限公司 (Ceta explorers Company Limited),,,,,,,,,2021-03-30,,2021,3,30,Aerial Netting | Sweeping Net Method | Hand Sorting Method | Sieving Method,Asia,Taiwan,TW,Mianhua Islet,,,25.48483,122.10535,EPSG:4326,400,1e-05,Agonoscelis nubilis,,KL_Insect_0000072,62585,t0070594,Agonoscelis nubilis,Animalia,species,雲蝽,accepted,雲椿象
2021-03-30_Insect_HumanObservation_013,HumanObservation,,2021-03-30_Insect_HumanObservation_013,研海生態顧問股份有限公司 (Ceta explorers Company Limited),,,,,,,,,2021-03-30,,2021,3,30,Aerial Netting | Sweeping Net Method | Hand Sorting Method | Sieving Method,Asia,Taiwan,TW,Mianhua Islet,,,25.48483,122.10535,EPSG:4326,400,1e-05,Chrysopidae,,KL_Insect_0000134,3693,t0005628,Chrysopidae,Animalia,family,草蛉科,accepted,
2021-03-30_Insect_HumanObservation_014,HumanObservation,,2021-03-30_Insect_HumanObservation_014,研海生態顧問股份有限公司 (Ceta explorers Company Limited),,,,,,,,,2021-03-30,,2021,3,30,Aerial Netting | Sweeping Net Method | Hand Sorting Method | Sieving Method,Asia,Taiwan,TW,Mianhua Islet,,,25.48483,122.10535,EPSG:4326,400,1e-05,Trilophidia annulata,,KL_Insect_0000083,90830,t0047928,Trilophidia annulata,Animalia,species,疣蝗,accepted,
2021-03-30_Insect_HumanObservation_015,HumanObservation,,2021-03-30_Insect_HumanObservation_015,研海生態顧問股份有限公司 (Ceta explorers Company Limited),,,,,,,,,2021-03-30,,2021,3,30,Aerial Netting | Sweeping Net Method | Hand Sorting Method | Sieving Method,Asia,Taiwan,TW,Mianhua Islet,,,25.48483,122.10535,EPSG:4326,400,1e-05,Patanga succincta,,KL_Insect_0000084,83087,t0031655,Patanga succincta,Animalia,species,條背土蝗,accepted,
2021-07-11_Insect_HumanObservation_016,HumanObservation,,2021-07-11_Insect_HumanObservation_016,研海生態顧問股份有限公司 (Ceta explorers Company Limited),,,,,,,,,2021-07-11,,2021,7,11,Aerial Netting | Sweeping Net Method | Hand Sorting Method | Sieving Method,Asia,Taiwan,TW,Mianhua Islet,,,25.48483,122.10535,EPSG:4326,400,1e-05,Zizeeria maha okinawana,,KL_Insect_0000002,35344,t0085052,Zizeeria maha okinawana,Animalia,subspecies,沖繩小灰蝶,accepted,毛眼灰蝶 | 柞灰蝶 | 酢醬灰蝶 | 小型小灰蝶 | 大和小灰蝶 | 藍灰蝶
2021-07-11_Insect_HumanObservation_017,HumanObservation,,2021-07-11_Insect_HumanObservation_017,研海生態顧問股份有限公司 (Ceta explorers Company Limited),,,,,,,,,2021-07-11,,2021,7,11,Aerial Netting | Sweeping Net Method | Hand Sorting Method | Sieving Method,Asia,Taiwan,TW,Mianhua Islet,,,25.48483,122.10535,EPSG:4326,400,1e-05,Lampides boeticus,,KL_Insect_0000001,36747,t0027297,Lampides boeticus,Animalia,species,豆波灰蝶,accepted,
2021-07-11_Insect_HumanObservation_018,HumanObservation,,2021-07-11_Insect_HumanObservation_018,研海生態顧問股份有限公司 (Ceta explorers Company Limited),,,,,,,,,2021-07-11,,2021,7,11,Aerial Netting | Sweeping Net Method | Hand Sorting Method | Sieving Method,Asia,Taiwan,TW,Mianhua Islet,,,25.48483,122.10535,EPSG:4326,400,1e-05,Utetheisa,,KL_Insect_0000030,19605,t0018005,Utetheisa,Animalia,genus,星燈蛾屬,accepted,The vernacularName is based on https://dearlep.tw
2021-07-11_Insect_HumanObservation_019,HumanObservation,,2021-07-11_Insect_HumanObservation_019,研海生態顧問股份有限公司 (Ceta explorers Company Limited),,,,,,,,,2021-07-11,,2021,7,11,Aerial Netting | Sweeping Net Method | Hand Sorting Method | Sieving Method,Asia,Taiwan,TW,Mianhua Islet,,,25.48483,122.10535,EPSG:4326,400,1e-05,Hypocala subsatura,,KL_Insect_0000031,30255,t0051499,Hypocala subsatura,Animalia,species,苹梢鷹裳蛾,accepted,
2021-07-11_Insect_HumanObservation_020,HumanObservation,,2021-07-11_Insect_HumanObservation_020,研海生態顧問股份有限公司 (Ceta explorers Company Limited),,,,,,,,防己科植物,2021-07-11,,2021,7,11,Aerial Netting | Sweeping Net Method | Hand Sorting Method | Sieving Method,Asia,Taiwan,TW,Mianhua Islet,,,25.48483,122.10535,EPSG:4326,400,1e-05,Oraesia emarginata,,KL_Insect_0000032,31872,t0052239,Oraesia emarginata,Animalia,species,鳥嘴壺裳蛾,accepted,
2021-07-11_Insect_HumanObservation_021,HumanObservation,,2021-07-11_Insect_HumanObservation_021,研海生態顧問股份有限公司 (Ceta explorers Company Limited),,,,,,,,,2021-07-11,,2021,7,11,Aerial Netting | Sweeping Net Method | Hand Sorting Method | Sieving Method,Asia,Taiwan,TW,Mianhua Islet,,,25.48483,122.10535,EPSG:4326,400,1e-05,Spoladea recurvalis,,KL_Insect_0000020,37877,t0033008,Spoladea recurvalis,Animalia,species,甜菜白帶野螟,accepted,甜菜白帶野螟蛾
2021-07-11_Insect_HumanObservation_022,HumanObservation,,2021-07-11_Insect_HumanObservation_022,研海生態顧問股份有限公司 (Ceta explorers Company Limited),,,,,,,,,2021-07-11,,2021,7,11,Aerial Netting | Sweeping Net Method | Hand Sorting Method | Sieving Method,Asia,Taiwan,TW,Mianhua Islet,,,25.48483,122.10535,EPSG:4326,400,1e-05,Talanga sexpunctalis,,KL_Insect_0000026,37969,t0033250,Talanga sexpunctalis,Animalia,species,緗帶野螟,accepted,
2021-07-11_Insect_HumanObservation_023,HumanObservation,,2021-07-11_Insect_HumanObservation_023,研海生態顧問股份有限公司 (Ceta explorers Company Limited),,,,,,,,,2021-07-11,,2021,7,11,Aerial Netting | Sweeping Net Method | Hand Sorting Method | Sieving Method,Asia,Taiwan,TW,Mianhua Islet,,,25.48483,122.10535,EPSG:4326,400,1e-05,Purpurata plagiatalis,,KL_Insect_0000027,268693,t0098533,Purpurata plagiatalis,Animalia,species,扇野螟蛾,accepted,馬鞍藤紫扇野螟蛾
2021-07-11_Insect_HumanObservation_024,HumanObservation,,2021-07-11_Insect_HumanObservation_024,研海生態顧問股份有限公司 (Ceta explorers Company Limited),,,,,,,,,2021-07-11,,2021,7,11,Aerial Netting | Sweeping Net Method | Hand Sorting Method | Sieving Method,Asia,Taiwan,TW,Mianhua Islet,,,25.48483,122.10535,EPSG:4326,400,1e-05,Geometridae,,KL_Insect_0000136,4093,t0006020,Geometridae,Animalia,family,尺蛾科,accepted,
2021-07-11_Insect_HumanObservation_025,HumanObservation,,2021-07-11_Insect_HumanObservation_025,研海生態顧問股份有限公司 (Ceta explorers Company Limited),,,,,,,,數量多/馬鞍藤,2021-07-11,,2021,7,11,Aerial Netting | Sweeping Net Method | Hand Sorting Method | Sieving Method,Asia,Taiwan,TW,Mianhua Islet,,,25.48483,122.10535,EPSG:4326,400,1e-05,Acanthocoris scaber,,KL_Insect_0000056,61902,t0057527,Acanthocoris scaber,Animalia,species,瘤緣蝽,accepted,
2021-07-11_Insect_HumanObservation_026,HumanObservation,,2021-07-11_Insect_HumanObservation_026,研海生態顧問股份有限公司 (Ceta explorers Company Limited),,,,,,,,,2021-07-11,,2021,7,11,Aerial Netting | Sweeping Net Method | Hand Sorting Method | Sieving Method,Asia,Taiwan,TW,Mianhua Islet,,,25.48483,122.10535,EPSG:4326,400,1e-05,Spilostethus hospes,,KL_Insect_0000058,59943,t0098935,Spilostethus hospes,Animalia,species,黑斑腺長蝽,accepted,箭痕腺長蝽
2021-07-11_Insect_HumanObservation_027,HumanObservation,,2021-07-11_Insect_HumanObservation_027,研海生態顧問股份有限公司 (Ceta explorers Company Limited),,,,,,,,,2021-07-11,,2021,7,11,Aerial Netting | Sweeping Net Method | Hand Sorting Method | Sieving Method,Asia,Taiwan,TW,Mianhua Islet,,,25.48483,122.10535,EPSG:4326,400,1e-05,Ischiodon,,KL_Insect_0000138,12217,t0021178,Ischiodon,Animalia,genus,短刺蚜蠅屬,accepted,尾蚜蠅屬
2021-07-11_Insect_HumanObservation_028,HumanObservation,,2021-07-11_Insect_HumanObservation_028,研海生態顧問股份有限公司 (Ceta explorers Company Limited),,,,,,,,草海桐/訪花,2021-07-11,,2021,7,11,Aerial Netting | Sweeping Net Method | Hand Sorting Method | Sieving Method,Asia,Taiwan,TW,Mianhua Islet,,,25.48483,122.10535,EPSG:4326,400,1e-05,Protaetia orientalis sakaii,Identified to subspecies level based on the known local distribution.,KL_Insect_0000105,93551,t0086159,Protaetia orientalis sakaii,Animalia,subspecies,東方白點花金龜,accepted,
2021-07-11_Insect_HumanObservation_029,HumanObservation,,2021-07-11_Insect_HumanObservation_029,研海生態顧問股份有限公司 (Ceta explorers Company Limited),,,,,,,,草海桐/數量多,2021-07-11,,2021,7,11,Aerial Netting | Sweeping Net Method | Hand Sorting Method | Sieving Method,Asia,Taiwan,TW,Mianhua Islet,,,25.48483,122.10535,EPSG:4326,400,1e-05,Eobia chinensis chinensis,Identified to subspecies level based on the known local distribution.,KL_Insect_0000184,92880,t0085627,Eobia chinensis chinensis,Animalia,subspecies,黑尾擬天牛,accepted,
2021-07-11_Insect_HumanObservation_030,HumanObservation,,2021-07-11_Insect_HumanObservation_030,研海生態顧問股份有限公司 (Ceta explorers Company Limited),,,,,,,,,2021-07-11,,2021,7,11,Aerial Netting | Sweeping Net Method | Hand Sorting Method | Sieving Method,Asia,Taiwan,TW,Mianhua Islet,,,25.48483,122.10535,EPSG:4326,400,1e-05,Staphylinidae,,KL_Insect_0000140,5218,t0004722,Staphylinidae,Animalia,family,隱翅蟲科,accepted,
2021-07-11_Insect_HumanObservation_031,HumanObservation,,2021-07-11_Insect_HumanObservation_031,研海生態顧問股份有限公司 (Ceta explorers Company Limited),,,,,,,,,2021-07-11,,2021,7,11,Aerial Netting | Sweeping Net Method | Hand Sorting Method | Sieving Method,Asia,Taiwan,TW,Mianhua Islet,,,25.48483,122.10535,EPSG:4326,400,1e-05,Tenebrionidae,,KL_Insect_0000141,5294,t0004796,Tenebrionidae,Animalia,family,擬步行蟲科,accepted,
2021-07-11_Insect_HumanObservation_032,HumanObservation,,2021-07-11_Insect_HumanObservation_032,研海生態顧問股份有限公司 (Ceta explorers Company Limited),,,,,,,,,2021-07-11,,2021,7,11,Aerial Netting | Sweeping Net Method | Hand Sorting Method | Sieving Method,Asia,Taiwan,TW,Mianhua Islet,,,25.48483,122.10535,EPSG:4326,400,1e-05,Coccinellidae,,KL_Insect_0000142,3735,t0005668,Coccinellidae,Animalia,family,瓢蟲科,accepted,
2021-07-11_Insect_HumanObservation_033,HumanObservation,,2021-07-11_Insect_HumanObservation_033,研海生態顧問股份有限公司 (Ceta explorers Company Limited),,,,,,,,廟內腐敗供品上,2021-07-11,,2021,7,11,Aerial Netting | Sweeping Net Method | Hand Sorting Method | Sieving Method,Asia,Taiwan,TW,Mianhua Islet,,,25.48483,122.10535,EPSG:4326,400,1e-05,Cleridae,,KL_Insect_0000143,3723,t0005656,Cleridae,Animalia,family,郭公蟲科,accepted,
2021-07-11_Insect_HumanObservation_034,HumanObservation,,2021-07-11_Insect_HumanObservation_034,研海生態顧問股份有限公司 (Ceta explorers Company Limited),,,,,,,,,2021-07-11,,2021,7,11,Aerial Netting | Sweeping Net Method | Hand Sorting Method | Sieving Method,Asia,Taiwan,TW,Mianhua Islet,,,25.48483,122.10535,EPSG:4326,400,1e-05,Trilophidia annulata,,KL_Insect_0000083,90830,t0047928,Trilophidia annulata,Animalia,species,疣蝗,accepted,
2021-07-11_Insect_HumanObservation_035,HumanObservation,,2021-07-11_Insect_HumanObservation_035,研海生態顧問股份有限公司 (Ceta explorers Company Limited),,,,,,,,,2021-07-11,,2021,7,11,Aerial Netting | Sweeping Net Method | Hand Sorting Method | Sieving Method,Asia,Taiwan,TW,Mianhua Islet,,,25.48483,122.10535,EPSG:4326,400,1e-05,Aiolopus thalassinus tamulus,Identified to subspecies level based on the known local distribution.,KL_Insect_0000144,92373,t0085206,Aiolopus thalassinus tamulus,Animalia,subspecies,斑蝗,accepted,
2021-07-11_Insect_HumanObservation_036,HumanObservation,,2021-07-11_Insect_HumanObservation_036,研海生態顧問股份有限公司 (Ceta explorers Company Limited),,,,,,,,,2021-07-11,,2021,7,11,Aerial Netting | Sweeping Net Method | Hand Sorting Method | Sieving Method,Asia,Taiwan,TW,Mianhua Islet,,,25.48483,122.10535,EPSG:4326,400,1e-05,Pycnoscelus surinamensis,,KL_Insect_0000077,85962,t0037458,Pycnoscelus surinamensis,Animalia,species,蘇利南潛蠊,accepted,
2021-08-26_Insect_HumanObservation_037,HumanObservation,,2021-08-26_Insect_HumanObservation_037,研海生態顧問股份有限公司 (Ceta explorers Company Limited),,,,,,,,,2021-08-26,,2021,8,26,Aerial Netting | Sweeping Net Method | Hand Sorting Method | Sieving Method,Asia,Taiwan,TW,Mianhua Islet,,,25.48483,122.10535,EPSG:4326,400,1e-05,Eobia chinensis chinensis,Identified to subspecies level based on the known local distribution.,KL_Insect_0000184,92880,t0085627,Eobia chinensis chinensis,Animalia,subspecies,黑尾擬天牛,accepted,
2021-08-26_Insect_HumanObservation_038,HumanObservation,,2021-08-26_Insect_HumanObservation_038,研海生態顧問股份有限公司 (Ceta explorers Company Limited),,,,,,,,,2021-08-26,,2021,8,26,Aerial Netting | Sweeping Net Method | Hand Sorting Method | Sieving Method,Asia,Taiwan,TW,Mianhua Islet,,,25.48483,122.10535,EPSG:4326,400,1e-05,Paederus fuscipes,,KL_Insect_0000106,82210,t0082775,Paederus fuscipes,Animalia,species,紅胸隱翅蟲,accepted,梭毒隱翅蟲 | 青翅蟻形隱翅蟲 | 黄腳蟻型隱翅蟲
2021-08-26_Insect_HumanObservation_039,HumanObservation,,2021-08-26_Insect_HumanObservation_039,研海生態顧問股份有限公司 (Ceta explorers Company Limited),,,,,,,,,2021-08-26,,2021,8,26,Aerial Netting | Sweeping Net Method | Hand Sorting Method | Sieving Method,Asia,Taiwan,TW,Mianhua Islet,,,25.48483,122.10535,EPSG:4326,400,1e-05,Agrypnus sakaguchii,,KL_Insect_0000108,62686,t0070692,Agrypnus sakaguchii,Animalia,species,小褐鏽叩頭蟲,accepted,
2021-08-26_Insect_HumanObservation_040,HumanObservation,,2021-08-26_Insect_HumanObservation_040,研海生態顧問股份有限公司 (Ceta explorers Company Limited),,,,,,,,食草：甘藷與旋花科植物,2021-08-26,,2021,8,26,Aerial Netting | Sweeping Net Method | Hand Sorting Method | Sieving Method,Asia,Taiwan,TW,Mianhua Islet,,,25.48483,122.10535,EPSG:4326,400,1e-05,Cassida circumdata,,KL_Insect_0000099,66759,t0077570,Cassida circumdata,Animalia,species,甘藷龜金花蟲,accepted,
2021-08-26_Insect_HumanObservation_041,HumanObservation,,2021-08-26_Insect_HumanObservation_041,研海生態顧問股份有限公司 (Ceta explorers Company Limited),,,,,,,,食草：甘藷與旋花科植物,2021-08-26,,2021,8,26,Aerial Netting | Sweeping Net Method | Hand Sorting Method | Sieving Method,Asia,Taiwan,TW,Mianhua Islet,,,25.48483,122.10535,EPSG:4326,400,1e-05,Colasposoma viridicoeruleum,,KL_Insect_0000146,68360,t0078956,Colasposoma viridicoeruleum,Animalia,species,甘藷猿金花蟲,accepted,
2021-08-26_Insect_HumanObservation_042,HumanObservation,,2021-08-26_Insect_HumanObservation_042,研海生態顧問股份有限公司 (Ceta explorers Company Limited),,,,,,,,,2021-08-26,,2021,8,26,Aerial Netting | Sweeping Net Method | Hand Sorting Method | Sieving Method,Asia,Taiwan,TW,Mianhua Islet,,,25.48483,122.10535,EPSG:4326,400,1e-05,Coccinella septempunctata,,KL_Insect_0000102,68217,t0078837,Coccinella septempunctata,Animalia,species,七星瓢蟲,accepted,
2021-08-26_Insect_HumanObservation_043,HumanObservation,,2021-08-26_Insect_HumanObservation_043,研海生態顧問股份有限公司 (Ceta explorers Company Limited),,,,,,,,食草：酢醬草,2021-08-26,,2021,8,26,Aerial Netting | Sweeping Net Method | Hand Sorting Method | Sieving Method,Asia,Taiwan,TW,Mianhua Islet,,,25.48483,122.10535,EPSG:4326,400,1e-05,Zizeeria maha okinawana,,KL_Insect_0000002,35344,t0085052,Zizeeria maha okinawana,Animalia,subspecies,沖繩小灰蝶,accepted,毛眼灰蝶 | 柞灰蝶 | 酢醬灰蝶 | 小型小灰蝶 | 大和小灰蝶 | 藍灰蝶
2021-08-26_Insect_HumanObservation_044,HumanObservation,,2021-08-26_Insect_HumanObservation_044,研海生態顧問股份有限公司 (Ceta explorers Company Limited),,,,,,,,,2021-08-26,,2021,8,26,Aerial Netting | Sweeping Net Method | Hand Sorting Method | Sieving Method,Asia,Taiwan,TW,Mianhua Islet,,,25.48483,122.10535,EPSG:4326,400,1e-05,Diasemia accalis,,KL_Insect_0000025,28574,t0050601,Diasemia accalis,Animalia,species,褐紋翅野螟蛾,accepted,
2021-08-26_Insect_HumanObservation_045,HumanObservation,,2021-08-26_Insect_HumanObservation_045,研海生態顧問股份有限公司 (Ceta explorers Company Limited),,,,,,,,,2021-08-26,,2021,8,26,Aerial Netting | Sweeping Net Method | Hand Sorting Method | Sieving Method,Asia,Taiwan,TW,Mianhua Islet,,,25.48483,122.10535,EPSG:4326,400,1e-05,Pleuroptya,,KL_Insect_0000147,137195,t0093387,Pleuroptya,Animalia,genus,紫斑野螟属,accepted,"The vernacularName is based on Yongkang Li, Mujie Qi, Shulian Hao (2025) Annual report of new taxa for Chinese Lepidoptera in 2024. Biodiversity Science, 33, 25307. DOI: 10.17520/biods.2025307"
2021-08-26_Insect_HumanObservation_046,HumanObservation,,2021-08-26_Insect_HumanObservation_046,研海生態顧問股份有限公司 (Ceta explorers Company Limited),,,,,,,,,2021-08-26,,2021,8,26,Aerial Netting | Sweeping Net Method | Hand Sorting Method | Sieving Method,Asia,Taiwan,TW,Mianhua Islet,,,25.48483,122.10535,EPSG:4326,400,1e-05,Erebidae,,KL_Insect_0000148,3996,t0005925,Erebidae,Animalia,family,裳蛾科,accepted,
2021-08-26_Insect_HumanObservation_047,HumanObservation,,2021-08-26_Insect_HumanObservation_047,研海生態顧問股份有限公司 (Ceta explorers Company Limited),,,,,,,,,2021-08-26,,2021,8,26,Aerial Netting | Sweeping Net Method | Hand Sorting Method | Sieving Method,Asia,Taiwan,TW,Mianhua Islet,,,25.48483,122.10535,EPSG:4326,400,1e-05,Geometridae,,KL_Insect_0000136,4093,t0006020,Geometridae,Animalia,family,尺蛾科,accepted,
2021-08-26_Insect_HumanObservation_048,HumanObservation,,2021-08-26_Insect_HumanObservation_048,研海生態顧問股份有限公司 (Ceta explorers Company Limited),,,,,,,,,2021-08-26,,2021,8,26,Aerial Netting | Sweeping Net Method | Hand Sorting Method | Sieving Method,Asia,Taiwan,TW,Mianhua Islet,,,25.48483,122.10535,EPSG:4326,400,1e-05,Pantala flavescens,,KL_Insect_0000048,82387,t0082932,Pantala flavescens,Animalia,species,薄翅蜻蜓,accepted,
2021-08-26_Insect_HumanObservation_050,HumanObservation,,2021-08-26_Insect_HumanObservation_050,研海生態顧問股份有限公司 (Ceta explorers Company Limited),,,,,,,,,2021-08-26,,2021,8,26,Aerial Netting | Sweeping Net Method | Hand Sorting Method | Sieving Method,Asia,Taiwan,TW,Mianhua Islet,,,25.48483,122.10535,EPSG:4326,400,1e-05,Tapinoma melanocephalum,,KL_Insect_0000118,89540,t0046792,Tapinoma melanocephalum,Animalia,species,黑頭慌蟻,accepted,黑頭慌琉璃蟻
2021-08-26_Insect_HumanObservation_051,HumanObservation,,2021-08-26_Insect_HumanObservation_051,研海生態顧問股份有限公司 (Ceta explorers Company Limited),,,,,,,,,2021-08-26,,2021,8,26,Aerial Netting | Sweeping Net Method | Hand Sorting Method | Sieving Method,Asia,Taiwan,TW,Mianhua Islet,,,25.48483,122.10535,EPSG:4326,400,1e-05,Pheidole fervens,,KL_Insect_0000119,83577,t0083976,Pheidole fervens,Animalia,species,熱烈大頭家蟻,accepted,
2021-08-26_Insect_HumanObservation_052,HumanObservation,,2021-08-26_Insect_HumanObservation_052,研海生態顧問股份有限公司 (Ceta explorers Company Limited),,,,,,,,,2021-08-26,,2021,8,26,Aerial Netting | Sweeping Net Method | Hand Sorting Method | Sieving Method,Asia,Taiwan,TW,Mianhua Islet,,,25.48483,122.10535,EPSG:4326,400,1e-05,Cardiocondyla kagutsuchi,,KL_Insect_0000120,66622,t0077450,Cardiocondyla kagutsuchi,Animalia,species,迦具土瘤突家蟻,accepted,
2021-08-26_Insect_HumanObservation_053,HumanObservation,,2021-08-26_Insect_HumanObservation_053,研海生態顧問股份有限公司 (Ceta explorers Company Limited),,,,,,,,,2021-08-26,,2021,8,26,Aerial Netting | Sweeping Net Method | Hand Sorting Method | Sieving Method,Asia,Taiwan,TW,Mianhua Islet,,,25.48483,122.10535,EPSG:4326,400,1e-05,Cardiocondyla minutior,,KL_Insect_0000121,66623,t0077451,Cardiocondyla minutior,Animalia,species,小瘤突家蟻,accepted,
2021-08-26_Insect_HumanObservation_054,HumanObservation,,2021-08-26_Insect_HumanObservation_054,研海生態顧問股份有限公司 (Ceta explorers Company Limited),,,,,,,,,2021-08-26,,2021,8,26,Aerial Netting | Sweeping Net Method | Hand Sorting Method | Sieving Method,Asia,Taiwan,TW,Mianhua Islet,,,25.48483,122.10535,EPSG:4326,400,1e-05,Monomorium chinense,,KL_Insect_0000122,79590,t0080440,Monomorium chinense,Animalia,species,中華單家蟻,accepted,
2021-08-26_Insect_HumanObservation_056,HumanObservation,,2021-08-26_Insect_HumanObservation_056,研海生態顧問股份有限公司 (Ceta explorers Company Limited),,,,,,,,,2021-08-26,,2021,8,26,Aerial Netting | Sweeping Net Method | Hand Sorting Method | Sieving Method,Asia,Taiwan,TW,Mianhua Islet,,,25.48483,122.10535,EPSG:4326,400,1e-05,Nylanderia ryukyuensis,,KL_Insect_0000124,298339,t0132389,Nylanderia ryukyuensis,Animalia,species,琉球尼蘭德山蟻,accepted,
2021-08-26_Insect_HumanObservation_057,HumanObservation,,2021-08-26_Insect_HumanObservation_057,研海生態顧問股份有限公司 (Ceta explorers Company Limited),,,,,,,,,2021-08-26,,2021,8,26,Aerial Netting | Sweeping Net Method | Hand Sorting Method | Sieving Method,Asia,Taiwan,TW,Mianhua Islet,,,25.48483,122.10535,EPSG:4326,400,1e-05,Camponotus albosparsus,,KL_Insect_0000125,66433,t0077283,Camponotus albosparsus,Animalia,species,白疏巨山蟻,accepted,
2021-08-26_Insect_HumanObservation_058,HumanObservation,,2021-08-26_Insect_HumanObservation_058,研海生態顧問股份有限公司 (Ceta explorers Company Limited),,,,,,,,,2021-08-26,,2021,8,26,Aerial Netting | Sweeping Net Method | Hand Sorting Method | Sieving Method,Asia,Taiwan,TW,Mianhua Islet,,,25.48483,122.10535,EPSG:4326,400,1e-05,Ochetellus glaber,,KL_Insect_0000126,81256,t0081925,Ochetellus glaber,Animalia,species,光滑管琉璃蟻,accepted,
2021-08-26_Insect_HumanObservation_059,HumanObservation,,2021-08-26_Insect_HumanObservation_059,研海生態顧問股份有限公司 (Ceta explorers Company Limited),,,,,,,,,2021-08-26,,2021,8,26,Aerial Netting | Sweeping Net Method | Hand Sorting Method | Sieving Method,Asia,Taiwan,TW,Mianhua Islet,,,25.48483,122.10535,EPSG:4326,400,1e-05,Aiolopus thalassinus tamulus,Identified to subspecies level based on the known local distribution.,KL_Insect_0000144,92373,t0085206,Aiolopus thalassinus tamulus,Animalia,subspecies,斑蝗,accepted,
2021-08-26_Insect_HumanObservation_060,HumanObservation,,2021-08-26_Insect_HumanObservation_060,研海生態顧問股份有限公司 (Ceta explorers Company Limited),,,,,,,,,2021-08-26,,2021,8,26,Aerial Netting | Sweeping Net Method | Hand Sorting Method | Sieving Method,Asia,Taiwan,TW,Mianhua Islet,,,25.48483,122.10535,EPSG:4326,400,1e-05,Trilophidia annulata,,KL_Insect_0000083,90830,t0047928,Trilophidia annulata,Animalia,species,疣蝗,accepted,
2021-08-26_Insect_HumanObservation_061,HumanObservation,,2021-08-26_Insect_HumanObservation_061,研海生態顧問股份有限公司 (Ceta explorers Company Limited),,,,,,,,,2021-08-26,,2021,8,26,Aerial Netting | Sweeping Net Method | Hand Sorting Method | Sieving Method,Asia,Taiwan,TW,Mianhua Islet,,,25.48483,122.10535,EPSG:4326,400,1e-05,Atractomorpha sinensis,,KL_Insect_0000150,64818,t0072571,Atractomorpha sinensis,Animalia,species,紅后負蝗,accepted,中華負蝗 | 臺灣負蝗 | 中華短額負蝗 | 短額負蝗 | 台灣負蝗
2021-08-26_Insect_HumanObservation_062,HumanObservation,,2021-08-26_Insect_HumanObservation_062,研海生態顧問股份有限公司 (Ceta explorers Company Limited),,,,,,,,,2021-08-26,,2021,8,26,Aerial Netting | Sweeping Net Method | Hand Sorting Method | Sieving Method,Asia,Taiwan,TW,Mianhua Islet,,,25.48483,122.10535,EPSG:4326,400,1e-05,Ornebius,,KL_Insect_0000090,15071,t0013578,Ornebius,Animalia,genus,奧蟋屬,accepted,
2021-08-26_Insect_HumanObservation_063,HumanObservation,,2021-08-26_Insect_HumanObservation_063,研海生態顧問股份有限公司 (Ceta explorers Company Limited),,,,,,,,,2021-08-26,,2021,8,26,Aerial Netting | Sweeping Net Method | Hand Sorting Method | Sieving Method,Asia,Taiwan,TW,Mianhua Islet,,,25.48483,122.10535,EPSG:4326,400,1e-05,Riptortus pedestris,,KL_Insect_0000052,86514,t0037922,Riptortus pedestris,Animalia,species,點蜂緣蝽,accepted,
2021-08-26_Insect_HumanObservation_064,HumanObservation,,2021-08-26_Insect_HumanObservation_064,研海生態顧問股份有限公司 (Ceta explorers Company Limited),,,,,,,,馬鞍藤上極多,2021-08-26,,2021,8,26,Aerial Netting | Sweeping Net Method | Hand Sorting Method | Sieving Method,Asia,Taiwan,TW,Mianhua Islet,,,25.48483,122.10535,EPSG:4326,400,1e-05,Acanthocoris scaber,,KL_Insect_0000056,61902,t0057527,Acanthocoris scaber,Animalia,species,瘤緣蝽,accepted,
2021-08-26_Insect_HumanObservation_065,HumanObservation,,2021-08-26_Insect_HumanObservation_065,研海生態顧問股份有限公司 (Ceta explorers Company Limited),,,,,,,,臺灣本島少見，棉花嶼上常見,2021-08-26,,2021,8,26,Aerial Netting | Sweeping Net Method | Hand Sorting Method | Sieving Method,Asia,Taiwan,TW,Mianhua Islet,,,25.48483,122.10535,EPSG:4326,400,1e-05,Homoeocerus marginiventris,,KL_Insect_0000055,75051,t0065733,Homoeocerus marginiventris,Animalia,species,小點同緣蝽,accepted,
2021-08-26_Insect_HumanObservation_067,HumanObservation,,2021-08-26_Insect_HumanObservation_067,研海生態顧問股份有限公司 (Ceta explorers Company Limited),,,,,,,,,2021-08-26,,2021,8,26,Aerial Netting | Sweeping Net Method | Hand Sorting Method | Sieving Method,Asia,Taiwan,TW,Mianhua Islet,,,25.48483,122.10535,EPSG:4326,400,1e-05,Graptostethus servus servus,Identified to subspecies level based on the known local distribution.,KL_Insect_0000057,92995,t0085718,Graptostethus servus servus,Animalia,subspecies,紅腺長椿,accepted,紅腺長椿象 | 黑帶紅腺長蝽
2021-08-26_Insect_HumanObservation_068,HumanObservation,,2021-08-26_Insect_HumanObservation_068,研海生態顧問股份有限公司 (Ceta explorers Company Limited),,,,,,,,,2021-08-26,,2021,8,26,Aerial Netting | Sweeping Net Method | Hand Sorting Method | Sieving Method,Asia,Taiwan,TW,Mianhua Islet,,,25.48483,122.10535,EPSG:4326,400,1e-05,Nysius ericae,,KL_Insect_0000059,58250,t0098109,Nysius ericae,Animalia,species,小長蝽象,accepted,小長椿象
2021-08-26_Insect_HumanObservation_069,HumanObservation,,2021-08-26_Insect_HumanObservation_069,研海生態顧問股份有限公司 (Ceta explorers Company Limited),,,,,,,,,2021-08-26,,2021,8,26,Aerial Netting | Sweeping Net Method | Hand Sorting Method | Sieving Method,Asia,Taiwan,TW,Mianhua Islet,,,25.48483,122.10535,EPSG:4326,400,1e-05,Spilostethus hospes,,KL_Insect_0000058,59943,t0098935,Spilostethus hospes,Animalia,species,黑斑腺長蝽,accepted,箭痕腺長蝽
2021-08-26_Insect_HumanObservation_071,HumanObservation,,2021-08-26_Insect_HumanObservation_071,研海生態顧問股份有限公司 (Ceta explorers Company Limited),,,,,,,,,2021-08-26,,2021,8,26,Aerial Netting | Sweeping Net Method | Hand Sorting Method | Sieving Method,Asia,Taiwan,TW,Mianhua Islet,,,25.48483,122.10535,EPSG:4326,400,1e-05,Taylorilygus apicalis,,KL_Insect_0000065,89566,t0033271,Taylorilygus apicalis,Animalia,species,泛泰盲蝽,accepted,泛泰盲椿象
2021-08-26_Insect_HumanObservation_072,HumanObservation,,2021-08-26_Insect_HumanObservation_072,研海生態顧問股份有限公司 (Ceta explorers Company Limited),,,,,,,,,2021-08-26,,2021,8,26,Aerial Netting | Sweeping Net Method | Hand Sorting Method | Sieving Method,Asia,Taiwan,TW,Mianhua Islet,,,25.48483,122.10535,EPSG:4326,400,1e-05,Trigonotylus tenuis,,KL_Insect_0000066,90828,t0047926,Trigonotylus tenuis,Animalia,species,小赤鬚盲蝽,accepted,
2021-08-26_Insect_HumanObservation_073,HumanObservation,,2021-08-26_Insect_HumanObservation_073,研海生態顧問股份有限公司 (Ceta explorers Company Limited),,,,,,,,寄主植物：益母草,2021-08-26,,2021,8,26,Aerial Netting | Sweeping Net Method | Hand Sorting Method | Sieving Method,Asia,Taiwan,TW,Mianhua Islet,,,25.48483,122.10535,EPSG:4326,400,1e-05,Agonoscelis nubilis,,KL_Insect_0000072,62585,t0070594,Agonoscelis nubilis,Animalia,species,雲蝽,accepted,雲椿象
2021-08-26_Insect_HumanObservation_075,HumanObservation,,2021-08-26_Insect_HumanObservation_075,研海生態顧問股份有限公司 (Ceta explorers Company Limited),,,,,,,,,2021-08-26,,2021,8,26,Aerial Netting | Sweeping Net Method | Hand Sorting Method | Sieving Method,Asia,Taiwan,TW,Mianhua Islet,,,25.48483,122.10535,EPSG:4326,400,1e-05,Asopinae,,KL_Insect_0000155,285569,t0126444,Asopinae,Animalia,subfamily,益蝽亞科,accepted,
2021-08-26_Insect_HumanObservation_076,HumanObservation,,2021-08-26_Insect_HumanObservation_076,研海生態顧問股份有限公司 (Ceta explorers Company Limited),,,,,,,,,2021-08-26,,2021,8,26,Aerial Netting | Sweeping Net Method | Hand Sorting Method | Sieving Method,Asia,Taiwan,TW,Mianhua Islet,,,25.48483,122.10535,EPSG:4326,400,1e-05,Telocoris,,KL_Insect_0000062,287191,t0135469,Telocoris,Animalia,genus,地長蝽,accepted,
2021-08-26_Insect_HumanObservation_077,HumanObservation,,2021-08-26_Insect_HumanObservation_077,研海生態顧問股份有限公司 (Ceta explorers Company Limited),,,,,,,,,2021-08-26,,2021,8,26,Aerial Netting | Sweeping Net Method | Hand Sorting Method | Sieving Method,Asia,Taiwan,TW,Mianhua Islet,,,25.48483,122.10535,EPSG:4326,400,1e-05,Validiblatta australasiae,,KL_Insect_0000079,267217,t0031741,Validiblatta australasiae,Animalia,species,澳洲家蠊,accepted,
2021-08-26_Insect_HumanObservation_078,HumanObservation,,2021-08-26_Insect_HumanObservation_078,研海生態顧問股份有限公司 (Ceta explorers Company Limited),,,,,,,,,2021-08-26,,2021,8,26,Aerial Netting | Sweeping Net Method | Hand Sorting Method | Sieving Method,Asia,Taiwan,TW,Mianhua Islet,,,25.48483,122.10535,EPSG:4326,400,1e-05,Pycnoscelus surinamensis,,KL_Insect_0000077,85962,t0037458,Pycnoscelus surinamensis,Animalia,species,蘇利南潛蠊,accepted,
2021-08-26_Insect_HumanObservation_079,HumanObservation,,2021-08-26_Insect_HumanObservation_079,研海生態顧問股份有限公司 (Ceta explorers Company Limited),,,,,,,,,2021-08-26,,2021,8,26,Aerial Netting | Sweeping Net Method | Hand Sorting Method | Sieving Method,Asia,Taiwan,TW,Mianhua Islet,,,25.48483,122.10535,EPSG:4326,400,1e-05,Blattella,,KL_Insect_0000078,7537,t0006923,Blattella,Animalia,genus,姬蠊屬,accepted,
2021-08-26_Insect_HumanObservation_080,HumanObservation,,2021-08-26_Insect_HumanObservation_080,研海生態顧問股份有限公司 (Ceta explorers Company Limited),,,,,,,,,2021-08-26,,2021,8,26,Aerial Netting | Sweeping Net Method | Hand Sorting Method | Sieving Method,Asia,Taiwan,TW,Mianhua Islet,,,25.48483,122.10535,EPSG:4326,400,1e-05,Lepismatidae,,KL_Insect_0000158,4352,t0003994,Lepismatidae,Animalia,family,衣魚科,accepted,
2021-08-27_Insect_HumanObservation_049,HumanObservation,,2021-08-27_Insect_HumanObservation_049,研海生態顧問股份有限公司 (Ceta explorers Company Limited),,,,,,,,,2021-08-27,,2021,8,27,Aerial Netting | Sweeping Net Method | Hand Sorting Method | Sieving Method,Asia,Taiwan,TW,Mianhua Islet,,,25.48483,122.10535,EPSG:4326,400,1e-05,Bassus,,KL_Insect_0000130,7366,t0010734,Bassus,Animalia,genus,閉腔繭蜂屬,accepted,The vernacularName is based on https://www.inaturalist.org/zh-CN/taxa/250255-Bassus
2021-08-27_Insect_HumanObservation_055,HumanObservation,,2021-08-27_Insect_HumanObservation_055,研海生態顧問股份有限公司 (Ceta explorers Company Limited),,,,,,,,,2021-08-27,,2021,8,27,Aerial Netting | Sweeping Net Method | Hand Sorting Method | Sieving Method,Asia,Taiwan,TW,Mianhua Islet,,,25.48483,122.10535,EPSG:4326,400,1e-05,Tetramorium bicarinatum,,KL_Insect_0000123,89888,t0047090,Tetramorium bicarinatum,Animalia,species,雙脊皺家蟻,accepted,
2021-08-27_Insect_HumanObservation_066,HumanObservation,,2021-08-27_Insect_HumanObservation_066,研海生態顧問股份有限公司 (Ceta explorers Company Limited),,,,,,,,,2021-08-27,,2021,8,27,Aerial Netting | Sweeping Net Method | Hand Sorting Method | Sieving Method,Asia,Taiwan,TW,Mianhua Islet,,,25.48483,122.10535,EPSG:4326,400,1e-05,Geotomus,,KL_Insect_0000063,285571,t0130036,Geotomus,Animalia,genus,地土蝽屬,accepted,
2021-08-27_Insect_HumanObservation_070,HumanObservation,,2021-08-27_Insect_HumanObservation_070,研海生態顧問股份有限公司 (Ceta explorers Company Limited),,,,,,,,前足腿節白,2021-08-27,,2021,8,27,Aerial Netting | Sweeping Net Method | Hand Sorting Method | Sieving Method,Asia,Taiwan,TW,Mianhua Islet,,,25.48483,122.10535,EPSG:4326,400,1e-05,Pilophorus typicus,,KL_Insect_0000064,84121,t0084445,Pilophorus typicus,Animalia,species,泛束盲蝽,accepted,泛束盲椿象
2021-08-27_Insect_HumanObservation_074,HumanObservation,,2021-08-27_Insect_HumanObservation_074,研海生態顧問股份有限公司 (Ceta explorers Company Limited),,,,,,,,,2021-08-27,,2021,8,27,Aerial Netting | Sweeping Net Method | Hand Sorting Method | Sieving Method,Asia,Taiwan,TW,Mianhua Islet,,,25.48483,122.10535,EPSG:4326,400,1e-05,Scotinophara scottii,,KL_Insect_0000154,87294,t0038630,Scotinophara scottii,Animalia,species,短刺黑蝽,accepted,短刺黑椿象
2021-09-21_Insect_HumanObservation_081,HumanObservation,,2021-09-21_Insect_HumanObservation_081,研海生態顧問股份有限公司 (Ceta explorers Company Limited),,,,,,,,,2021-09-21,,2021,9,21,Aerial Netting | Sweeping Net Method | Hand Sorting Method | Sieving Method,Asia,Taiwan,TW,Mianhua Islet,,,25.48483,122.10535,EPSG:4326,400,1e-05,Tapinoma melanocephalum,,KL_Insect_0000118,89540,t0046792,Tapinoma melanocephalum,Animalia,species,黑頭慌蟻,accepted,黑頭慌琉璃蟻
2021-09-21_Insect_HumanObservation_082,HumanObservation,,2021-09-21_Insect_HumanObservation_082,研海生態顧問股份有限公司 (Ceta explorers Company Limited),,,,,,,,,2021-09-21,,2021,9,21,Aerial Netting | Sweeping Net Method | Hand Sorting Method | Sieving Method,Asia,Taiwan,TW,Mianhua Islet,,,25.48483,122.10535,EPSG:4326,400,1e-05,Pheidole fervens,,KL_Insect_0000119,83577,t0083976,Pheidole fervens,Animalia,species,熱烈大頭家蟻,accepted,
2021-09-21_Insect_HumanObservation_083,HumanObservation,,2021-09-21_Insect_HumanObservation_083,研海生態顧問股份有限公司 (Ceta explorers Company Limited),,,,,,,,,2021-09-21,,2021,9,21,Aerial Netting | Sweeping Net Method | Hand Sorting Method | Sieving Method,Asia,Taiwan,TW,Mianhua Islet,,,25.48483,122.10535,EPSG:4326,400,1e-05,Cardiocondyla kagutsuchi,,KL_Insect_0000120,66622,t0077450,Cardiocondyla kagutsuchi,Animalia,species,迦具土瘤突家蟻,accepted,
2021-09-21_Insect_HumanObservation_084,HumanObservation,,2021-09-21_Insect_HumanObservation_084,研海生態顧問股份有限公司 (Ceta explorers Company Limited),,,,,,,,,2021-09-21,,2021,9,21,Aerial Netting | Sweeping Net Method | Hand Sorting Method | Sieving Method,Asia,Taiwan,TW,Mianhua Islet,,,25.48483,122.10535,EPSG:4326,400,1e-05,Cardiocondyla minutior,,KL_Insect_0000121,66623,t0077451,Cardiocondyla minutior,Animalia,species,小瘤突家蟻,accepted,
2021-09-21_Insect_HumanObservation_085,HumanObservation,,2021-09-21_Insect_HumanObservation_085,研海生態顧問股份有限公司 (Ceta explorers Company Limited),,,,,,,,,2021-09-21,,2021,9,21,Aerial Netting | Sweeping Net Method | Hand Sorting Method | Sieving Method,Asia,Taiwan,TW,Mianhua Islet,,,25.48483,122.10535,EPSG:4326,400,1e-05,Monomorium chinense,,KL_Insect_0000122,79590,t0080440,Monomorium chinense,Animalia,species,中華單家蟻,accepted,
2021-09-21_Insect_HumanObservation_086,HumanObservation,,2021-09-21_Insect_HumanObservation_086,研海生態顧問股份有限公司 (Ceta explorers Company Limited),,,,,,,,,2021-09-21,,2021,9,21,Aerial Netting | Sweeping Net Method | Hand Sorting Method | Sieving Method,Asia,Taiwan,TW,Mianhua Islet,,,25.48483,122.10535,EPSG:4326,400,1e-05,Ochetellus glaber,,KL_Insect_0000126,81256,t0081925,Ochetellus glaber,Animalia,species,光滑管琉璃蟻,accepted,
2021-09-21_Insect_HumanObservation_087,HumanObservation,,2021-09-21_Insect_HumanObservation_087,研海生態顧問股份有限公司 (Ceta explorers Company Limited),,,,,,,,,2021-09-21,,2021,9,21,Aerial Netting | Sweeping Net Method | Hand Sorting Method | Sieving Method,Asia,Taiwan,TW,Mianhua Islet,,,25.48483,122.10535,EPSG:4326,400,1e-05,Nylanderia ryukyuensis,,KL_Insect_0000124,298339,t0132389,Nylanderia ryukyuensis,Animalia,species,琉球尼蘭德山蟻,accepted,
2021-09-21_Insect_HumanObservation_088,HumanObservation,,2021-09-21_Insect_HumanObservation_088,研海生態顧問股份有限公司 (Ceta explorers Company Limited),,,,,,,,,2021-09-21,,2021,9,21,Aerial Netting | Sweeping Net Method | Hand Sorting Method | Sieving Method,Asia,Taiwan,TW,Mianhua Islet,,,25.48483,122.10535,EPSG:4326,400,1e-05,Strumigenys membranifera,,KL_Insect_0000127,88979,t0040105,Strumigenys membranifera,Animalia,species,節膜瘤顎家蟻,accepted,節膜角瘤家蟻
2021-09-21_Insect_HumanObservation_089,HumanObservation,,2021-09-21_Insect_HumanObservation_089,研海生態顧問股份有限公司 (Ceta explorers Company Limited),,,,,,,,,2021-09-21,,2021,9,21,Aerial Netting | Sweeping Net Method | Hand Sorting Method | Sieving Method,Asia,Taiwan,TW,Mianhua Islet,,,25.48483,122.10535,EPSG:4326,400,1e-05,Hypoponera,,KL_Insect_0000128,12041,t0021005,Hypoponera,Animalia,genus,姬針蟻屬,accepted,
2021-09-21_Insect_HumanObservation_090,HumanObservation,,2021-09-21_Insect_HumanObservation_090,研海生態顧問股份有限公司 (Ceta explorers Company Limited),,,,,,,,,2021-09-21,,2021,9,21,Aerial Netting | Sweeping Net Method | Hand Sorting Method | Sieving Method,Asia,Taiwan,TW,Mianhua Islet,,,25.48483,122.10535,EPSG:4326,400,1e-05,Eudocima phalonia,,KL_Insect_0000028,29160,t0029065,Eudocima phalonia,Animalia,species,落葉夜蛾,accepted,落葉裳蛾 | 凡艷葉夜蛾
2021-09-21_Insect_HumanObservation_091,HumanObservation,,2021-09-21_Insect_HumanObservation_091,研海生態顧問股份有限公司 (Ceta explorers Company Limited),,,,,,,,,2021-09-21,,2021,9,21,Aerial Netting | Sweeping Net Method | Hand Sorting Method | Sieving Method,Asia,Taiwan,TW,Mianhua Islet,,,25.48483,122.10535,EPSG:4326,400,1e-05,Lampides boeticus,,KL_Insect_0000001,36747,t0027297,Lampides boeticus,Animalia,species,豆波灰蝶,accepted,
2021-09-21_Insect_HumanObservation_092,HumanObservation,,2021-09-21_Insect_HumanObservation_092,研海生態顧問股份有限公司 (Ceta explorers Company Limited),,,,,,,,,2021-09-21,,2021,9,21,Aerial Netting | Sweeping Net Method | Hand Sorting Method | Sieving Method,Asia,Taiwan,TW,Mianhua Islet,,,25.48483,122.10535,EPSG:4326,400,1e-05,Crambidae,,KL_Insect_0000160,3782,t0005713,Crambidae,Animalia,family,草螟科,accepted,草螟蛾科
2021-09-21_Insect_HumanObservation_093,HumanObservation,,2021-09-21_Insect_HumanObservation_093,研海生態顧問股份有限公司 (Ceta explorers Company Limited),,,,,,,,,2021-09-21,,2021,9,21,Aerial Netting | Sweeping Net Method | Hand Sorting Method | Sieving Method,Asia,Taiwan,TW,Mianhua Islet,,,25.48483,122.10535,EPSG:4326,400,1e-05,Pantala flavescens,,KL_Insect_0000048,82387,t0082932,Pantala flavescens,Animalia,species,薄翅蜻蜓,accepted,
2021-09-21_Insect_HumanObservation_094,HumanObservation,,2021-09-21_Insect_HumanObservation_094,研海生態顧問股份有限公司 (Ceta explorers Company Limited),,,,,,,,,2021-09-21,,2021,9,21,Aerial Netting | Sweeping Net Method | Hand Sorting Method | Sieving Method,Asia,Taiwan,TW,Mianhua Islet,,,25.48483,122.10535,EPSG:4326,400,1e-05,Spilostethus hospes,,KL_Insect_0000058,59943,t0098935,Spilostethus hospes,Animalia,species,黑斑腺長蝽,accepted,箭痕腺長蝽
2021-09-21_Insect_HumanObservation_095,HumanObservation,,2021-09-21_Insect_HumanObservation_095,研海生態顧問股份有限公司 (Ceta explorers Company Limited),,,,,,,,,2021-09-21,,2021,9,21,Aerial Netting | Sweeping Net Method | Hand Sorting Method | Sieving Method,Asia,Taiwan,TW,Mianhua Islet,,,25.48483,122.10535,EPSG:4326,400,1e-05,Acanthocoris scaber,,KL_Insect_0000056,61902,t0057527,Acanthocoris scaber,Animalia,species,瘤緣蝽,accepted,
2021-09-21_Insect_HumanObservation_096,HumanObservation,,2021-09-21_Insect_HumanObservation_096,研海生態顧問股份有限公司 (Ceta explorers Company Limited),,,,,,,,,2021-09-21,,2021,9,21,Aerial Netting | Sweeping Net Method | Hand Sorting Method | Sieving Method,Asia,Taiwan,TW,Mianhua Islet,,,25.48483,122.10535,EPSG:4326,400,1e-05,Cicadellidae,,KL_Insect_0000161,3699,t0005633,Cicadellidae,Animalia,family,葉蟬科,accepted,
2021-09-21_Insect_HumanObservation_097,HumanObservation,,2021-09-21_Insect_HumanObservation_097,研海生態顧問股份有限公司 (Ceta explorers Company Limited),,,,,,,,,2021-09-21,,2021,9,21,Aerial Netting | Sweeping Net Method | Hand Sorting Method | Sieving Method,Asia,Taiwan,TW,Mianhua Islet,,,25.48483,122.10535,EPSG:4326,400,1e-05,Trigonotylus tenuis,,KL_Insect_0000066,90828,t0047926,Trigonotylus tenuis,Animalia,species,小赤鬚盲蝽,accepted,
2021-09-21_Insect_HumanObservation_098,HumanObservation,,2021-09-21_Insect_HumanObservation_098,研海生態顧問股份有限公司 (Ceta explorers Company Limited),,,,,,,,,2021-09-21,,2021,9,21,Aerial Netting | Sweeping Net Method | Hand Sorting Method | Sieving Method,Asia,Taiwan,TW,Mianhua Islet,,,25.48483,122.10535,EPSG:4326,400,1e-05,Nysius ericae,,KL_Insect_0000059,58250,t0098109,Nysius ericae,Animalia,species,小長蝽象,accepted,小長椿象
2021-09-21_Insect_HumanObservation_099,HumanObservation,,2021-09-21_Insect_HumanObservation_099,研海生態顧問股份有限公司 (Ceta explorers Company Limited),,,,,,,,,2021-09-21,,2021,9,21,Aerial Netting | Sweeping Net Method | Hand Sorting Method | Sieving Method,Asia,Taiwan,TW,Mianhua Islet,,,25.48483,122.10535,EPSG:4326,400,1e-05,Brachymeria,,KL_Insect_0000162,7651,t0011014,Brachymeria,Animalia,genus,大腿小蜂屬,accepted,
2021-09-21_Insect_HumanObservation_100,HumanObservation,,2021-09-21_Insect_HumanObservation_100,研海生態顧問股份有限公司 (Ceta explorers Company Limited),,,,,,,,,2021-09-21,,2021,9,21,Aerial Netting | Sweeping Net Method | Hand Sorting Method | Sieving Method,Asia,Taiwan,TW,Mianhua Islet,,,25.48483,122.10535,EPSG:4326,400,1e-05,Ceratina,,KL_Insect_0000116,8233,t0011575,Ceratina,Animalia,genus,蘆蜂,accepted,
2021-09-21_Insect_HumanObservation_101,HumanObservation,,2021-09-21_Insect_HumanObservation_101,研海生態顧問股份有限公司 (Ceta explorers Company Limited),,,,,,,,,2021-09-21,,2021,9,21,Aerial Netting | Sweeping Net Method | Hand Sorting Method | Sieving Method,Asia,Taiwan,TW,Mianhua Islet,,,25.48483,122.10535,EPSG:4326,400,1e-05,Eurytomidae,,KL_Insect_0000164,4036,t0005964,Eurytomidae,Animalia,family,廣肩小蜂科,accepted,
2021-09-21_Insect_HumanObservation_102,HumanObservation,,2021-09-21_Insect_HumanObservation_102,研海生態顧問股份有限公司 (Ceta explorers Company Limited),,,,,,,,,2021-09-21,,2021,9,21,Aerial Netting | Sweeping Net Method | Hand Sorting Method | Sieving Method,Asia,Taiwan,TW,Mianhua Islet,,,25.48483,122.10535,EPSG:4326,400,1e-05,Braconidae,,KL_Insect_0000165,3514,t0005457,Braconidae,Animalia,family,小繭蜂科,accepted,
2021-09-21_Insect_HumanObservation_103,HumanObservation,,2021-09-21_Insect_HumanObservation_103,研海生態顧問股份有限公司 (Ceta explorers Company Limited),,,,,,,,老鼠屍體上,2021-09-21,,2021,9,21,Aerial Netting | Sweeping Net Method | Hand Sorting Method | Sieving Method,Asia,Taiwan,TW,Mianhua Islet,,,25.48483,122.10535,EPSG:4326,400,1e-05,Dermestes,,KL_Insect_0000166,9518,t0018545,Dermestes,Animalia,genus,鰹節蟲屬,accepted,
2022-03-15_Insect_HumanObservation_104,HumanObservation,,2022-03-15_Insect_HumanObservation_104,研海生態顧問股份有限公司 (Ceta explorers Company Limited),,,,,,,,,2022-03-15,,2022,3,15,Aerial Netting | Sweeping Net Method | Hand Sorting Method | Sieving Method,Asia,Taiwan,TW,Mianhua Islet,,,25.48483,122.10535,EPSG:4326,400,1e-05,Patanga succincta,,KL_Insect_0000084,83087,t0031655,Patanga succincta,Animalia,species,條背土蝗,accepted,
2022-03-15_Insect_HumanObservation_105,HumanObservation,,2022-03-15_Insect_HumanObservation_105,研海生態顧問股份有限公司 (Ceta explorers Company Limited),,,,,,,,,2022-03-15,,2022,3,15,Aerial Netting | Sweeping Net Method | Hand Sorting Method | Sieving Method,Asia,Taiwan,TW,Mianhua Islet,,,25.48483,122.10535,EPSG:4326,400,1e-05,Zizeeria maha okinawana,,KL_Insect_0000002,35344,t0085052,Zizeeria maha okinawana,Animalia,subspecies,沖繩小灰蝶,accepted,毛眼灰蝶 | 柞灰蝶 | 酢醬灰蝶 | 小型小灰蝶 | 大和小灰蝶 | 藍灰蝶
2022-03-15_Insect_HumanObservation_106,HumanObservation,,2022-03-15_Insect_HumanObservation_106,研海生態顧問股份有限公司 (Ceta explorers Company Limited),,,,,,,,,2022-03-15,,2022,3,15,Aerial Netting | Sweeping Net Method | Hand Sorting Method | Sieving Method,Asia,Taiwan,TW,Mianhua Islet,,,25.48483,122.10535,EPSG:4326,400,1e-05,Pieris rapae crucivora,Identified to subspecies level based on the known local distribution.,KL_Insect_0000012,35222,t0084965,Pieris rapae crucivora,Animalia,subspecies,白粉蝶,accepted,菜粉蝶 | 菜白蝶 | 日本紋白蝶 | 紋白蝶
2022-03-15_Insect_HumanObservation_107,HumanObservation,,2022-03-15_Insect_HumanObservation_107,研海生態顧問股份有限公司 (Ceta explorers Company Limited),,,,,,,,,2022-03-15,,2022,3,15,Aerial Netting | Sweeping Net Method | Hand Sorting Method | Sieving Method,Asia,Taiwan,TW,Mianhua Islet,,,25.48483,122.10535,EPSG:4326,400,1e-05,Aphididae,,KL_Insect_0000167,3369,t0005316,Aphididae,Animalia,family,常蚜科,accepted,蚜蟲
2022-03-15_Insect_HumanObservation_108,HumanObservation,,2022-03-15_Insect_HumanObservation_108,研海生態顧問股份有限公司 (Ceta explorers Company Limited),,,,,,,,,2022-03-15,,2022,3,15,Aerial Netting | Sweeping Net Method | Hand Sorting Method | Sieving Method,Asia,Taiwan,TW,Mianhua Islet,,,25.48483,122.10535,EPSG:4326,400,1e-05,Diasemia accalis,,KL_Insect_0000025,28574,t0050601,Diasemia accalis,Animalia,species,褐紋翅野螟蛾,accepted,
2022-03-15_Insect_HumanObservation_109,HumanObservation,,2022-03-15_Insect_HumanObservation_109,研海生態顧問股份有限公司 (Ceta explorers Company Limited),,,,,,,,,2022-03-15,,2022,3,15,Aerial Netting | Sweeping Net Method | Hand Sorting Method | Sieving Method,Asia,Taiwan,TW,Mianhua Islet,,,25.48483,122.10535,EPSG:4326,400,1e-05,Trilophidia annulata,,KL_Insect_0000083,90830,t0047928,Trilophidia annulata,Animalia,species,疣蝗,accepted,
2022-03-15_Insect_HumanObservation_110,HumanObservation,,2022-03-15_Insect_HumanObservation_110,研海生態顧問股份有限公司 (Ceta explorers Company Limited),,,,,,,,,2022-03-15,,2022,3,15,Aerial Netting | Sweeping Net Method | Hand Sorting Method | Sieving Method,Asia,Taiwan,TW,Mianhua Islet,,,25.48483,122.10535,EPSG:4326,400,1e-05,Aiolopus thalassinus tamulus,Identified to subspecies level based on the known local distribution.,KL_Insect_0000144,92373,t0085206,Aiolopus thalassinus tamulus,Animalia,subspecies,斑蝗,accepted,
2022-03-15_Insect_HumanObservation_111,HumanObservation,,2022-03-15_Insect_HumanObservation_111,研海生態顧問股份有限公司 (Ceta explorers Company Limited),,,,,,,,,2022-03-15,,2022,3,15,Aerial Netting | Sweeping Net Method | Hand Sorting Method | Sieving Method,Asia,Taiwan,TW,Mianhua Islet,,,25.48483,122.10535,EPSG:4326,400,1e-05,Acanthocoris scaber,,KL_Insect_0000056,61902,t0057527,Acanthocoris scaber,Animalia,species,瘤緣蝽,accepted,
2022-03-15_Insect_HumanObservation_112,HumanObservation,,2022-03-15_Insect_HumanObservation_112,研海生態顧問股份有限公司 (Ceta explorers Company Limited),,,,,,,,,2022-03-15,,2022,3,15,Aerial Netting | Sweeping Net Method | Hand Sorting Method | Sieving Method,Asia,Taiwan,TW,Mianhua Islet,,,25.48483,122.10535,EPSG:4326,400,1e-05,Plutella xylostella,,KL_Insect_0000035,37469,t0057177,Plutella xylostella,Animalia,species,小菜蛾,accepted,
2022-03-15_Insect_HumanObservation_113,HumanObservation,,2022-03-15_Insect_HumanObservation_113,研海生態顧問股份有限公司 (Ceta explorers Company Limited),,,,,,,,,2022-03-15,,2022,3,15,Aerial Netting | Sweeping Net Method | Hand Sorting Method | Sieving Method,Asia,Taiwan,TW,Mianhua Islet,,,25.48483,122.10535,EPSG:4326,400,1e-05,Pantala flavescens,,KL_Insect_0000048,82387,t0082932,Pantala flavescens,Animalia,species,薄翅蜻蜓,accepted,
2022-03-15_Insect_HumanObservation_114,HumanObservation,,2022-03-15_Insect_HumanObservation_114,研海生態顧問股份有限公司 (Ceta explorers Company Limited),,,,,,,,,2022-03-15,,2022,3,15,Aerial Netting | Sweeping Net Method | Hand Sorting Method | Sieving Method,Asia,Taiwan,TW,Mianhua Islet,,,25.48483,122.10535,EPSG:4326,400,1e-05,Scopula,,KL_Insect_0000041,17796,t0016245,Scopula,Animalia,genus,岩尺蛾屬,accepted,
2022-03-15_Insect_HumanObservation_115,HumanObservation,,2022-03-15_Insect_HumanObservation_115,研海生態顧問股份有限公司 (Ceta explorers Company Limited),,,,,,,,,2022-03-15,,2022,3,15,Aerial Netting | Sweeping Net Method | Hand Sorting Method | Sieving Method,Asia,Taiwan,TW,Mianhua Islet,,,25.48483,122.10535,EPSG:4326,400,1e-05,Ischiodon scutellaris,,KL_Insect_0000113,75735,t0027126,Ischiodon scutellaris,Animalia,species,短刺蚜蠅,accepted,
2022-03-15_Insect_HumanObservation_116,HumanObservation,,2022-03-15_Insect_HumanObservation_116,研海生態顧問股份有限公司 (Ceta explorers Company Limited),,,,,,,,,2022-03-15,,2022,3,15,Aerial Netting | Sweeping Net Method | Hand Sorting Method | Sieving Method,Asia,Taiwan,TW,Mianhua Islet,,,25.48483,122.10535,EPSG:4326,400,1e-05,Muscidae,,KL_Insect_0000169,4574,t0006487,Muscidae,Animalia,family,家蠅科,accepted,
2022-03-15_Insect_HumanObservation_117,HumanObservation,,2022-03-15_Insect_HumanObservation_117,研海生態顧問股份有限公司 (Ceta explorers Company Limited),,,,,,,,,2022-03-15,,2022,3,15,Aerial Netting | Sweeping Net Method | Hand Sorting Method | Sieving Method,Asia,Taiwan,TW,Mianhua Islet,,,25.48483,122.10535,EPSG:4326,400,1e-05,Braconidae,,KL_Insect_0000165,3514,t0005457,Braconidae,Animalia,family,小繭蜂科,accepted,
2022-03-15_Insect_HumanObservation_118,HumanObservation,,2022-03-15_Insect_HumanObservation_118,研海生態顧問股份有限公司 (Ceta explorers Company Limited),,,,,,,,,2022-03-15,,2022,3,15,Aerial Netting | Sweeping Net Method | Hand Sorting Method | Sieving Method,Asia,Taiwan,TW,Mianhua Islet,,,25.48483,122.10535,EPSG:4326,400,1e-05,Cicadellidae,,KL_Insect_0000161,3699,t0005633,Cicadellidae,Animalia,family,葉蟬科,accepted,
2022-03-15_Insect_HumanObservation_119,HumanObservation,,2022-03-15_Insect_HumanObservation_119,研海生態顧問股份有限公司 (Ceta explorers Company Limited),,,,,,,,,2022-03-15,,2022,3,15,Aerial Netting | Sweeping Net Method | Hand Sorting Method | Sieving Method,Asia,Taiwan,TW,Mianhua Islet,,,25.48483,122.10535,EPSG:4326,400,1e-05,Nysius ericae,,KL_Insect_0000059,58250,t0098109,Nysius ericae,Animalia,species,小長蝽象,accepted,小長椿象
2022-03-15_Insect_HumanObservation_120,HumanObservation,,2022-03-15_Insect_HumanObservation_120,研海生態顧問股份有限公司 (Ceta explorers Company Limited),,,,,,,,,2022-03-15,,2022,3,15,Aerial Netting | Sweeping Net Method | Hand Sorting Method | Sieving Method,Asia,Taiwan,TW,Mianhua Islet,,,25.48483,122.10535,EPSG:4326,400,1e-05,Curculionidae,,KL_Insect_0000170,3811,t0005742,Curculionidae,Animalia,family,象鼻蟲科,accepted,
2022-03-15_Insect_HumanObservation_121,HumanObservation,,2022-03-15_Insect_HumanObservation_121,研海生態顧問股份有限公司 (Ceta explorers Company Limited),,,,,,,,,2022-03-15,,2022,3,15,Aerial Netting | Sweeping Net Method | Hand Sorting Method | Sieving Method,Asia,Taiwan,TW,Mianhua Islet,,,25.48483,122.10535,EPSG:4326,400,1e-05,Ceratina,,KL_Insect_0000116,8233,t0011575,Ceratina,Animalia,genus,蘆蜂,accepted,
2022-03-15_Insect_HumanObservation_122,HumanObservation,,2022-03-15_Insect_HumanObservation_122,研海生態顧問股份有限公司 (Ceta explorers Company Limited),,,,,,,,,2022-03-15,,2022,3,15,Aerial Netting | Sweeping Net Method | Hand Sorting Method | Sieving Method,Asia,Taiwan,TW,Mianhua Islet,,,25.48483,122.10535,EPSG:4326,400,1e-05,Culicidae,,KL_Insect_0000171,3807,t0005738,Culicidae,Animalia,family,蚊科,accepted,
2022-03-15_Insect_HumanObservation_123,HumanObservation,,2022-03-15_Insect_HumanObservation_123,研海生態顧問股份有限公司 (Ceta explorers Company Limited),,,,,,,,,2022-03-15,,2022,3,15,Aerial Netting | Sweeping Net Method | Hand Sorting Method | Sieving Method,Asia,Taiwan,TW,Mianhua Islet,,,25.48483,122.10535,EPSG:4326,400,1e-05,Gryllidae,,KL_Insect_0000172,4144,t0006071,Gryllidae,Animalia,family,蟋蟀科,accepted,
2022-03-15_Insect_HumanObservation_124,HumanObservation,,2022-03-15_Insect_HumanObservation_124,研海生態顧問股份有限公司 (Ceta explorers Company Limited),,,,,,,,供品,2022-03-15,,2022,3,15,Aerial Netting | Sweeping Net Method | Hand Sorting Method | Sieving Method,Asia,Taiwan,TW,Mianhua Islet,,,25.48483,122.10535,EPSG:4326,400,1e-05,Pheidole,,KL_Insect_0000173,16023,t0014509,Pheidole,Animalia,genus,大頭家蟻屬,accepted,
2022-03-15_Insect_HumanObservation_125,HumanObservation,,2022-03-15_Insect_HumanObservation_125,研海生態顧問股份有限公司 (Ceta explorers Company Limited),,,,,,,,供品,2022-03-15,,2022,3,15,Aerial Netting | Sweeping Net Method | Hand Sorting Method | Sieving Method,Asia,Taiwan,TW,Mianhua Islet,,,25.48483,122.10535,EPSG:4326,400,1e-05,Necrobia rufipes,,KL_Insect_0000100,80269,t0081056,Necrobia rufipes,Animalia,species,赤足郭公蟲,accepted,
2022-03-15_Insect_HumanObservation_126,HumanObservation,,2022-03-15_Insect_HumanObservation_126,研海生態顧問股份有限公司 (Ceta explorers Company Limited),,,,,,,,,2022-03-15,,2022,3,15,Aerial Netting | Sweeping Net Method | Hand Sorting Method | Sieving Method,Asia,Taiwan,TW,Mianhua Islet,,,25.48483,122.10535,EPSG:4326,400,1e-05,Agonoscelis nubilis,,KL_Insect_0000072,62585,t0070594,Agonoscelis nubilis,Animalia,species,雲蝽,accepted,雲椿象
2022-03-15_Insect_HumanObservation_127,HumanObservation,,2022-03-15_Insect_HumanObservation_127,研海生態顧問股份有限公司 (Ceta explorers Company Limited),,,,,,,,,2022-03-15,,2022,3,15,Aerial Netting | Sweeping Net Method | Hand Sorting Method | Sieving Method,Asia,Taiwan,TW,Mianhua Islet,,,25.48483,122.10535,EPSG:4326,400,1e-05,Ornebius,,KL_Insect_0000090,15071,t0013578,Ornebius,Animalia,genus,奧蟋屬,accepted,
2022-03-15_Insect_HumanObservation_128,HumanObservation,,2022-03-15_Insect_HumanObservation_128,研海生態顧問股份有限公司 (Ceta explorers Company Limited),,,,,,,,,2022-03-15,,2022,3,15,Aerial Netting | Sweeping Net Method | Hand Sorting Method | Sieving Method,Asia,Taiwan,TW,Mianhua Islet,,,25.48483,122.10535,EPSG:4326,400,1e-05,Deltocephalidae,,KL_Insect_0000174,3853,t0005783,Deltocephalidae,Animalia,family,角頂葉蟬科,accepted,
2022-03-15_Insect_HumanObservation_129,HumanObservation,,2022-03-15_Insect_HumanObservation_129,研海生態顧問股份有限公司 (Ceta explorers Company Limited),,,,,,,,,2022-03-15,,2022,3,15,Aerial Netting | Sweeping Net Method | Hand Sorting Method | Sieving Method,Asia,Taiwan,TW,Mianhua Islet,,,25.48483,122.10535,EPSG:4326,400,1e-05,Pipunculidae,,KL_Insect_0000175,4873,t0004388,Pipunculidae,Animalia,family,頭蠅科,accepted,
2022-03-15_Insect_HumanObservation_130,HumanObservation,,2022-03-15_Insect_HumanObservation_130,研海生態顧問股份有限公司 (Ceta explorers Company Limited),,,,,,,,,2022-03-15,,2022,3,15,Aerial Netting | Sweeping Net Method | Hand Sorting Method | Sieving Method,Asia,Taiwan,TW,Mianhua Islet,,,25.48483,122.10535,EPSG:4326,400,1e-05,Caeciliusidae,,KL_Insect_0000176,3542,t0005483,Caeciliusidae,Animalia,family,毛嚙蟲科,accepted,
2022-03-15_Insect_HumanObservation_131,HumanObservation,,2022-03-15_Insect_HumanObservation_131,研海生態顧問股份有限公司 (Ceta explorers Company Limited),,,,,,,,,2022-03-15,,2022,3,15,Aerial Netting | Sweeping Net Method | Hand Sorting Method | Sieving Method,Asia,Taiwan,TW,Mianhua Islet,,,25.48483,122.10535,EPSG:4326,400,1e-05,Ceratopogonidae,,KL_Insect_0000177,3630,t0005568,Ceratopogonidae,Animalia,family,蠓科,accepted,
2022-03-15_Insect_HumanObservation_132,HumanObservation,,2022-03-15_Insect_HumanObservation_132,研海生態顧問股份有限公司 (Ceta explorers Company Limited),,,,,,,,,2022-03-15,,2022,3,15,Aerial Netting | Sweeping Net Method | Hand Sorting Method | Sieving Method,Asia,Taiwan,TW,Mianhua Islet,,,25.48483,122.10535,EPSG:4326,400,1e-05,Chloropidae,,KL_Insect_0000178,3682,t0005618,Chloropidae,Animalia,family,稈蠅科,accepted,
2022-03-15_Insect_HumanObservation_133,HumanObservation,,2022-03-15_Insect_HumanObservation_133,研海生態顧問股份有限公司 (Ceta explorers Company Limited),,,,,,,,,2022-03-15,,2022,3,15,Aerial Netting | Sweeping Net Method | Hand Sorting Method | Sieving Method,Asia,Taiwan,TW,Mianhua Islet,,,25.48483,122.10535,EPSG:4326,400,1e-05,Agromyzidae,,KL_Insect_0000179,3293,t0005243,Agromyzidae,Animalia,family,潛蠅科,accepted,
2022-03-15_Insect_HumanObservation_134,HumanObservation,,2022-03-15_Insect_HumanObservation_134,研海生態顧問股份有限公司 (Ceta explorers Company Limited),,,,,,,,,2022-03-15,,2022,3,15,Aerial Netting | Sweeping Net Method | Hand Sorting Method | Sieving Method,Asia,Taiwan,TW,Mianhua Islet,,,25.48483,122.10535,EPSG:4326,400,1e-05,Dioxyna sororcula,,KL_Insect_0000112,70514,t0031052,Dioxyna sororcula,Animalia,species,長鞘寬頭實蠅,accepted,
2022-03-15_Insect_HumanObservation_135,HumanObservation,,2022-03-15_Insect_HumanObservation_135,研海生態顧問股份有限公司 (Ceta explorers Company Limited),,,,,,,,,2022-03-15,,2022,3,15,Aerial Netting | Sweeping Net Method | Hand Sorting Method | Sieving Method,Asia,Taiwan,TW,Mianhua Islet,,,25.48483,122.10535,EPSG:4326,400,1e-05,Malachiidae,,KL_Insect_0000180,4462,t0006377,Malachiidae,Animalia,family,耀夜螢科,accepted,
2022-06-04_Insect_HumanObservation_136,HumanObservation,,2022-06-04_Insect_HumanObservation_136,研海生態顧問股份有限公司 (Ceta explorers Company Limited),,,,,,,,,2022-06-04,,2022,6,4,Aerial Netting | Sweeping Net Method | Hand Sorting Method | Sieving Method,Asia,Taiwan,TW,Mianhua Islet,,,25.48483,122.10535,EPSG:4326,400,1e-05,Zizeeria maha okinawana,,KL_Insect_0000002,35344,t0085052,Zizeeria maha okinawana,Animalia,subspecies,沖繩小灰蝶,accepted,毛眼灰蝶 | 柞灰蝶 | 酢醬灰蝶 | 小型小灰蝶 | 大和小灰蝶 | 藍灰蝶
2022-06-04_Insect_HumanObservation_137,HumanObservation,,2022-06-04_Insect_HumanObservation_137,研海生態顧問股份有限公司 (Ceta explorers Company Limited),,,,,,,,,2022-06-04,,2022,6,4,Aerial Netting | Sweeping Net Method | Hand Sorting Method | Sieving Method,Asia,Taiwan,TW,Mianhua Islet,,,25.48483,122.10535,EPSG:4326,400,1e-05,Lampides boeticus,,KL_Insect_0000001,36747,t0027297,Lampides boeticus,Animalia,species,豆波灰蝶,accepted,
2022-06-04_Insect_HumanObservation_138,HumanObservation,,2022-06-04_Insect_HumanObservation_138,研海生態顧問股份有限公司 (Ceta explorers Company Limited),,,,,,,,,2022-06-04,,2022,6,4,Aerial Netting | Sweeping Net Method | Hand Sorting Method | Sieving Method,Asia,Taiwan,TW,Mianhua Islet,,,25.48483,122.10535,EPSG:4326,400,1e-05,Zizina otis riukuensis,,KL_Insect_0000004,38272,t0084575,Zizina otis riukuensis,Animalia,subspecies,折列藍灰蝶,accepted,
2022-06-04_Insect_HumanObservation_139,HumanObservation,,2022-06-04_Insect_HumanObservation_139,研海生態顧問股份有限公司 (Ceta explorers Company Limited),,,,,,,,,2022-06-04,,2022,6,4,Aerial Netting | Sweeping Net Method | Hand Sorting Method | Sieving Method,Asia,Taiwan,TW,Mianhua Islet,,,25.48483,122.10535,EPSG:4326,400,1e-05,Diasemia accalis,,KL_Insect_0000025,28574,t0050601,Diasemia accalis,Animalia,species,褐紋翅野螟蛾,accepted,
2022-06-04_Insect_HumanObservation_140,HumanObservation,,2022-06-04_Insect_HumanObservation_140,研海生態顧問股份有限公司 (Ceta explorers Company Limited),,,,,,,,,2022-06-04,,2022,6,4,Aerial Netting | Sweeping Net Method | Hand Sorting Method | Sieving Method,Asia,Taiwan,TW,Mianhua Islet,,,25.48483,122.10535,EPSG:4326,400,1e-05,Geometridae,,KL_Insect_0000136,4093,t0006020,Geometridae,Animalia,family,尺蛾科,accepted,
2022-06-04_Insect_HumanObservation_141,HumanObservation,,2022-06-04_Insect_HumanObservation_141,研海生態顧問股份有限公司 (Ceta explorers Company Limited),,,,,,,,,2022-06-04,,2022,6,4,Aerial Netting | Sweeping Net Method | Hand Sorting Method | Sieving Method,Asia,Taiwan,TW,Mianhua Islet,,,25.48483,122.10535,EPSG:4326,400,1e-05,Allograpta javana,,KL_Insect_0000114,62913,t0057621,Allograpta javana,Animalia,species,爪哇蚜蠅,accepted,
2022-06-04_Insect_HumanObservation_142,HumanObservation,,2022-06-04_Insect_HumanObservation_142,研海生態顧問股份有限公司 (Ceta explorers Company Limited),,,,,,,,,2022-06-04,,2022,6,4,Aerial Netting | Sweeping Net Method | Hand Sorting Method | Sieving Method,Asia,Taiwan,TW,Mianhua Islet,,,25.48483,122.10535,EPSG:4326,400,1e-05,Diptera,,KL_Insect_0000182,5595,t0001831,Diptera,Animalia,order,雙翅目,accepted,
2022-06-04_Insect_HumanObservation_143,HumanObservation,,2022-06-04_Insect_HumanObservation_143,研海生態顧問股份有限公司 (Ceta explorers Company Limited),,,,,,,,,2022-06-04,,2022,6,4,Aerial Netting | Sweeping Net Method | Hand Sorting Method | Sieving Method,Asia,Taiwan,TW,Mianhua Islet,,,25.48483,122.10535,EPSG:4326,400,1e-05,Coccinella septempunctata,,KL_Insect_0000102,68217,t0078837,Coccinella septempunctata,Animalia,species,七星瓢蟲,accepted,
2022-06-04_Insect_HumanObservation_144,HumanObservation,,2022-06-04_Insect_HumanObservation_144,研海生態顧問股份有限公司 (Ceta explorers Company Limited),,,,,,,,,2022-06-04,,2022,6,4,Aerial Netting | Sweeping Net Method | Hand Sorting Method | Sieving Method,Asia,Taiwan,TW,Mianhua Islet,,,25.48483,122.10535,EPSG:4326,400,1e-05,Cheilomenes sexmaculata,,KL_Insect_0000104,67307,t0078035,Cheilomenes sexmaculata,Animalia,species,六斑月瓢蟲,accepted,
2022-06-04_Insect_HumanObservation_145,HumanObservation,,2022-06-04_Insect_HumanObservation_145,研海生態顧問股份有限公司 (Ceta explorers Company Limited),,,,,,,,,2022-06-04,,2022,6,4,Aerial Netting | Sweeping Net Method | Hand Sorting Method | Sieving Method,Asia,Taiwan,TW,Mianhua Islet,,,25.48483,122.10535,EPSG:4326,400,1e-05,Ischnura senegalensis,,KL_Insect_0000046,75756,t0066356,Ischnura senegalensis,Animalia,species,青紋細蟌,accepted,
2022-06-04_Insect_HumanObservation_146,HumanObservation,,2022-06-04_Insect_HumanObservation_146,研海生態顧問股份有限公司 (Ceta explorers Company Limited),,,,,,,,,2022-06-04,,2022,6,4,Aerial Netting | Sweeping Net Method | Hand Sorting Method | Sieving Method,Asia,Taiwan,TW,Mianhua Islet,,,25.48483,122.10535,EPSG:4326,400,1e-05,Eobia chinensis chinensis,Identified to subspecies level based on the known local distribution.,KL_Insect_0000184,92880,t0085627,Eobia chinensis chinensis,Animalia,subspecies,黑尾擬天牛,accepted,
2022-06-04_Insect_HumanObservation_148,HumanObservation,,2022-06-04_Insect_HumanObservation_148,研海生態顧問股份有限公司 (Ceta explorers Company Limited),,,,,,,,,2022-06-04,,2022,6,4,Aerial Netting | Sweeping Net Method | Hand Sorting Method | Sieving Method,Asia,Taiwan,TW,Mianhua Islet,,,25.48483,122.10535,EPSG:4326,400,1e-05,Pantala flavescens,,KL_Insect_0000048,82387,t0082932,Pantala flavescens,Animalia,species,薄翅蜻蜓,accepted,
2022-06-04_Insect_HumanObservation_149,HumanObservation,,2022-06-04_Insect_HumanObservation_149,研海生態顧問股份有限公司 (Ceta explorers Company Limited),,,,,,,,,2022-06-04,,2022,6,4,Aerial Netting | Sweeping Net Method | Hand Sorting Method | Sieving Method,Asia,Taiwan,TW,Mianhua Islet,,,25.48483,122.10535,EPSG:4326,400,1e-05,Propylea japonica,,KL_Insect_0000103,85210,t0036796,Propylea japonica,Animalia,species,龜紋瓢蟲,accepted,
2022-06-04_Insect_HumanObservation_150,HumanObservation,,2022-06-04_Insect_HumanObservation_150,研海生態顧問股份有限公司 (Ceta explorers Company Limited),,,,,,,,,2022-06-04,,2022,6,4,Aerial Netting | Sweeping Net Method | Hand Sorting Method | Sieving Method,Asia,Taiwan,TW,Mianhua Islet,,,25.48483,122.10535,EPSG:4326,400,1e-05,Diasemia,,KL_Insect_0000186,9592,t0018616,Diasemia,Animalia,genus,草螟蛾,accepted,
2022-06-04_Insect_HumanObservation_151,HumanObservation,,2022-06-04_Insect_HumanObservation_151,研海生態顧問股份有限公司 (Ceta explorers Company Limited),,,,,,,,馬鞍藤,2022-06-04,,2022,6,4,Aerial Netting | Sweeping Net Method | Hand Sorting Method | Sieving Method,Asia,Taiwan,TW,Mianhua Islet,,,25.48483,122.10535,EPSG:4326,400,1e-05,Chaetocnema,,KL_Insect_0000097,8305,t0011644,Chaetocnema,Animalia,genus,凹脛葉蚤屬,accepted,
2022-06-04_Insect_HumanObservation_152,HumanObservation,,2022-06-04_Insect_HumanObservation_152,研海生態顧問股份有限公司 (Ceta explorers Company Limited),,,,,,,,,2022-06-04,,2022,6,4,Aerial Netting | Sweeping Net Method | Hand Sorting Method | Sieving Method,Asia,Taiwan,TW,Mianhua Islet,,,25.48483,122.10535,EPSG:4326,400,1e-05,Colasposoma viridicoeruleum,,KL_Insect_0000146,68360,t0078956,Colasposoma viridicoeruleum,Animalia,species,甘藷猿金花蟲,accepted,
2022-06-04_Insect_HumanObservation_153,HumanObservation,,2022-06-04_Insect_HumanObservation_153,研海生態顧問股份有限公司 (Ceta explorers Company Limited),,,,,,,,,2022-06-04,,2022,6,4,Aerial Netting | Sweeping Net Method | Hand Sorting Method | Sieving Method,Asia,Taiwan,TW,Mianhua Islet,,,25.48483,122.10535,EPSG:4326,400,1e-05,Paederus fuscipes,,KL_Insect_0000106,82210,t0082775,Paederus fuscipes,Animalia,species,紅胸隱翅蟲,accepted,梭毒隱翅蟲 | 青翅蟻形隱翅蟲 | 黄腳蟻型隱翅蟲
2022-06-04_Insect_HumanObservation_154,HumanObservation,,2022-06-04_Insect_HumanObservation_154,研海生態顧問股份有限公司 (Ceta explorers Company Limited),,,,,,,,,2022-06-04,,2022,6,4,Aerial Netting | Sweeping Net Method | Hand Sorting Method | Sieving Method,Asia,Taiwan,TW,Mianhua Islet,,,25.48483,122.10535,EPSG:4326,400,1e-05,Gonocephalum,,KL_Insect_0000107,11248,t0020235,Gonocephalum,Animalia,genus,潛砂蟲屬,accepted,
2022-06-04_Insect_HumanObservation_155,HumanObservation,,2022-06-04_Insect_HumanObservation_155,研海生態顧問股份有限公司 (Ceta explorers Company Limited),,,,,,,,,2022-06-04,,2022,6,4,Aerial Netting | Sweeping Net Method | Hand Sorting Method | Sieving Method,Asia,Taiwan,TW,Mianhua Islet,,,25.48483,122.10535,EPSG:4326,400,1e-05,Curculionidae,,KL_Insect_0000170,3811,t0005742,Curculionidae,Animalia,family,象鼻蟲科,accepted,
2022-06-04_Insect_HumanObservation_156,HumanObservation,,2022-06-04_Insect_HumanObservation_156,研海生態顧問股份有限公司 (Ceta explorers Company Limited),,,,,,,,,2022-06-04,,2022,6,4,Aerial Netting | Sweeping Net Method | Hand Sorting Method | Sieving Method,Asia,Taiwan,TW,Mianhua Islet,,,25.48483,122.10535,EPSG:4326,400,1e-05,Cantharidae,,KL_Insect_0000190,3583,t0005523,Cantharidae,Animalia,family,菊虎科,accepted,
2022-06-04_Insect_HumanObservation_157,HumanObservation,,2022-06-04_Insect_HumanObservation_157,研海生態顧問股份有限公司 (Ceta explorers Company Limited),,,,,,,,,2022-06-04,,2022,6,4,Aerial Netting | Sweeping Net Method | Hand Sorting Method | Sieving Method,Asia,Taiwan,TW,Mianhua Islet,,,25.48483,122.10535,EPSG:4326,400,1e-05,Scymninae,,KL_Insect_0000191,,,Scymninae,Animalia,subfamily,小毛瓢蟲亞科,invalid,
2022-06-04_Insect_HumanObservation_158,HumanObservation,,2022-06-04_Insect_HumanObservation_158,研海生態顧問股份有限公司 (Ceta explorers Company Limited),,,,,,,,,2022-06-04,,2022,6,4,Aerial Netting | Sweeping Net Method | Hand Sorting Method | Sieving Method,Asia,Taiwan,TW,Mianhua Islet,,,25.48483,122.10535,EPSG:4326,400,1e-05,Pyralidae,,KL_Insect_0000192,5029,t0004539,Pyralidae,Animalia,family,螟蛾科,accepted,
2022-06-04_Insect_HumanObservation_159,HumanObservation,,2022-06-04_Insect_HumanObservation_159,研海生態顧問股份有限公司 (Ceta explorers Company Limited),,,,,,,,幼蟲,2022-06-04,,2022,6,4,Aerial Netting | Sweeping Net Method | Hand Sorting Method | Sieving Method,Asia,Taiwan,TW,Mianhua Islet,,,25.48483,122.10535,EPSG:4326,400,1e-05,Geometridae,,KL_Insect_0000136,4093,t0006020,Geometridae,Animalia,family,尺蛾科,accepted,
2022-06-04_Insect_HumanObservation_160,HumanObservation,,2022-06-04_Insect_HumanObservation_160,研海生態顧問股份有限公司 (Ceta explorers Company Limited),,,,,,,,,2022-06-04,,2022,6,4,Aerial Netting | Sweeping Net Method | Hand Sorting Method | Sieving Method,Asia,Taiwan,TW,Mianhua Islet,,,25.48483,122.10535,EPSG:4326,400,1e-05,Deudorix,,KL_Insect_0000193,9538,t0018565,Deudorix,Animalia,genus,玳灰蝶屬,accepted,
2022-06-04_Insect_HumanObservation_161,HumanObservation,,2022-06-04_Insect_HumanObservation_161,研海生態顧問股份有限公司 (Ceta explorers Company Limited),,,,,,,,,2022-06-04,,2022,6,4,Aerial Netting | Sweeping Net Method | Hand Sorting Method | Sieving Method,Asia,Taiwan,TW,Mianhua Islet,,,25.48483,122.10535,EPSG:4326,400,1e-05,Dolichopodidae,,KL_Insect_0000194,3915,t0005845,Dolichopodidae,Animalia,family,長足虻科,accepted,
2022-06-04_Insect_HumanObservation_162,HumanObservation,,2022-06-04_Insect_HumanObservation_162,研海生態顧問股份有限公司 (Ceta explorers Company Limited),,,,,,,,被叮咬,2022-06-04,,2022,6,4,Aerial Netting | Sweeping Net Method | Hand Sorting Method | Sieving Method,Asia,Taiwan,TW,Mianhua Islet,,,25.48483,122.10535,EPSG:4326,400,1e-05,Culicidae,,KL_Insect_0000171,3807,t0005738,Culicidae,Animalia,family,蚊科,accepted,
2022-06-04_Insect_HumanObservation_163,HumanObservation,,2022-06-04_Insect_HumanObservation_163,研海生態顧問股份有限公司 (Ceta explorers Company Limited),,,,,,,,,2022-06-04,,2022,6,4,Aerial Netting | Sweeping Net Method | Hand Sorting Method | Sieving Method,Asia,Taiwan,TW,Mianhua Islet,,,25.48483,122.10535,EPSG:4326,400,1e-05,Lauxaniidae,,KL_Insect_0000195,4338,t0006262,Lauxaniidae,Animalia,family,縞蠅科,accepted,
2022-06-04_Insect_HumanObservation_164,HumanObservation,,2022-06-04_Insect_HumanObservation_164,研海生態顧問股份有限公司 (Ceta explorers Company Limited),,,,,,,,,2022-06-04,,2022,6,4,Aerial Netting | Sweeping Net Method | Hand Sorting Method | Sieving Method,Asia,Taiwan,TW,Mianhua Islet,,,25.48483,122.10535,EPSG:4326,400,1e-05,Pollenia,,KL_Insect_0000111,16504,t0014978,Pollenia,Animalia,genus,粉蠅屬,accepted,
2022-06-04_Insect_HumanObservation_165,HumanObservation,,2022-06-04_Insect_HumanObservation_165,研海生態顧問股份有限公司 (Ceta explorers Company Limited),,,,,,,,,2022-06-04,,2022,6,4,Aerial Netting | Sweeping Net Method | Hand Sorting Method | Sieving Method,Asia,Taiwan,TW,Mianhua Islet,,,25.48483,122.10535,EPSG:4326,400,1e-05,Chloropidae,,KL_Insect_0000178,3682,t0005618,Chloropidae,Animalia,family,稈蠅科,accepted,
2022-06-04_Insect_HumanObservation_166,HumanObservation,,2022-06-04_Insect_HumanObservation_166,研海生態顧問股份有限公司 (Ceta explorers Company Limited),,,,,,,,,2022-06-04,,2022,6,4,Aerial Netting | Sweeping Net Method | Hand Sorting Method | Sieving Method,Asia,Taiwan,TW,Mianhua Islet,,,25.48483,122.10535,EPSG:4326,400,1e-05,Ephydridae,,KL_Insect_0000197,3983,t0005912,Ephydridae,Animalia,family,水蠅科,accepted,
2022-06-04_Insect_HumanObservation_167,HumanObservation,,2022-06-04_Insect_HumanObservation_167,研海生態顧問股份有限公司 (Ceta explorers Company Limited),,,,,,,,,2022-06-04,,2022,6,4,Aerial Netting | Sweeping Net Method | Hand Sorting Method | Sieving Method,Asia,Taiwan,TW,Mianhua Islet,,,25.48483,122.10535,EPSG:4326,400,1e-05,Eulophidae,,KL_Insect_0000198,4024,t0005952,Eulophidae,Animalia,family,姬小蜂科,accepted,釉小蜂科
2022-06-04_Insect_HumanObservation_168,HumanObservation,,2022-06-04_Insect_HumanObservation_168,研海生態顧問股份有限公司 (Ceta explorers Company Limited),,,,,,,,,2022-06-04,,2022,6,4,Aerial Netting | Sweeping Net Method | Hand Sorting Method | Sieving Method,Asia,Taiwan,TW,Mianhua Islet,,,25.48483,122.10535,EPSG:4326,400,1e-05,Ceratina,,KL_Insect_0000116,8233,t0011575,Ceratina,Animalia,genus,蘆蜂,accepted,
2022-06-04_Insect_HumanObservation_169,HumanObservation,,2022-06-04_Insect_HumanObservation_169,研海生態顧問股份有限公司 (Ceta explorers Company Limited),,,,,,,,,2022-06-04,,2022,6,4,Aerial Netting | Sweeping Net Method | Hand Sorting Method | Sieving Method,Asia,Taiwan,TW,Mianhua Islet,,,25.48483,122.10535,EPSG:4326,400,1e-05,Campopleginae,,KL_Insect_0000199,,,Campopleginae,Animalia,subfamily,縫姬蜂亞科,invalid,
2022-06-04_Insect_HumanObservation_170,HumanObservation,,2022-06-04_Insect_HumanObservation_170,研海生態顧問股份有限公司 (Ceta explorers Company Limited),,,,,,,,,2022-06-04,,2022,6,4,Aerial Netting | Sweeping Net Method | Hand Sorting Method | Sieving Method,Asia,Taiwan,TW,Mianhua Islet,,,25.48483,122.10535,EPSG:4326,400,1e-05,Cremastinae,,KL_Insect_0000200,,,Cremastinae,Animalia,subfamily,分距姬蜂亞科,invalid,
2022-06-04_Insect_HumanObservation_171,HumanObservation,,2022-06-04_Insect_HumanObservation_171,研海生態顧問股份有限公司 (Ceta explorers Company Limited),,,,,,,,,2022-06-04,,2022,6,4,Aerial Netting | Sweeping Net Method | Hand Sorting Method | Sieving Method,Asia,Taiwan,TW,Mianhua Islet,,,25.48483,122.10535,EPSG:4326,400,1e-05,Braconidae,,KL_Insect_0000165,3514,t0005457,Braconidae,Animalia,family,小繭蜂科,accepted,
2022-06-04_Insect_HumanObservation_172,HumanObservation,,2022-06-04_Insect_HumanObservation_172,研海生態顧問股份有限公司 (Ceta explorers Company Limited),,,,,,,,,2022-06-04,,2022,6,4,Aerial Netting | Sweeping Net Method | Hand Sorting Method | Sieving Method,Asia,Taiwan,TW,Mianhua Islet,,,25.48483,122.10535,EPSG:4326,400,1e-05,Chalcididae,,KL_Insect_0000201,3644,t0005581,Chalcididae,Animalia,family,小蜂科,accepted,
2022-06-04_Insect_HumanObservation_173,HumanObservation,,2022-06-04_Insect_HumanObservation_173,研海生態顧問股份有限公司 (Ceta explorers Company Limited),,,,,,,,很多種,2022-06-04,,2022,6,4,Aerial Netting | Sweeping Net Method | Hand Sorting Method | Sieving Method,Asia,Taiwan,TW,Mianhua Islet,,,25.48483,122.10535,EPSG:4326,400,1e-05,Formicidae,,KL_Insect_0000202,4062,t0005989,Formicidae,Animalia,family,蟻科,accepted,
2022-06-04_Insect_HumanObservation_174,HumanObservation,,2022-06-04_Insect_HumanObservation_174,研海生態顧問股份有限公司 (Ceta explorers Company Limited),,,,,,,,,2022-06-04,,2022,6,4,Aerial Netting | Sweeping Net Method | Hand Sorting Method | Sieving Method,Asia,Taiwan,TW,Mianhua Islet,,,25.48483,122.10535,EPSG:4326,400,1e-05,Creontiades,,KL_Insect_0000067,9067,t0012393,Creontiades,Animalia,genus,淡盲蝽屬,accepted,
2022-06-04_Insect_HumanObservation_175,HumanObservation,,2022-06-04_Insect_HumanObservation_175,研海生態顧問股份有限公司 (Ceta explorers Company Limited),,,,,,,,,2022-06-04,,2022,6,4,Aerial Netting | Sweeping Net Method | Hand Sorting Method | Sieving Method,Asia,Taiwan,TW,Mianhua Islet,,,25.48483,122.10535,EPSG:4326,400,1e-05,Tytthus,,KL_Insect_0000068,19520,t0017921,Tytthus,Animalia,genus,淡翅盲蝽屬,accepted,
2022-06-04_Insect_HumanObservation_176,HumanObservation,,2022-06-04_Insect_HumanObservation_176,研海生態顧問股份有限公司 (Ceta explorers Company Limited),,,,,,,,,2022-06-04,,2022,6,4,Aerial Netting | Sweeping Net Method | Hand Sorting Method | Sieving Method,Asia,Taiwan,TW,Mianhua Islet,,,25.48483,122.10535,EPSG:4326,400,1e-05,Sejanus,,KL_Insect_0000069,17833,t0006933,Sejanus,Animalia,genus,楔盲蝽屬,accepted,
2022-06-04_Insect_HumanObservation_177,HumanObservation,,2022-06-04_Insect_HumanObservation_177,研海生態顧問股份有限公司 (Ceta explorers Company Limited),,,,,,,,盲蝽科_目擊A,2022-06-04,,2022,6,4,Aerial Netting | Sweeping Net Method | Hand Sorting Method | Sieving Method,Asia,Taiwan,TW,Mianhua Islet,,,25.48483,122.10535,EPSG:4326,400,1e-05,Miridae,,KL_Insect_0000206,4540,t0006453,Miridae,Animalia,family,盲蝽科,accepted,
2022-06-04_Insect_HumanObservation_178,HumanObservation,,2022-06-04_Insect_HumanObservation_178,研海生態顧問股份有限公司 (Ceta explorers Company Limited),,,,,,,,盲蝽科_目擊B,2022-06-04,,2022,6,4,Aerial Netting | Sweeping Net Method | Hand Sorting Method | Sieving Method,Asia,Taiwan,TW,Mianhua Islet,,,25.48483,122.10535,EPSG:4326,400,1e-05,Miridae,,KL_Insect_0000206,4540,t0006453,Miridae,Animalia,family,盲蝽科,accepted,
2022-06-04_Insect_HumanObservation_179,HumanObservation,,2022-06-04_Insect_HumanObservation_179,研海生態顧問股份有限公司 (Ceta explorers Company Limited),,,,,,,,盲蝽科_目擊C,2022-06-04,,2022,6,4,Aerial Netting | Sweeping Net Method | Hand Sorting Method | Sieving Method,Asia,Taiwan,TW,Mianhua Islet,,,25.48483,122.10535,EPSG:4326,400,1e-05,Miridae,,KL_Insect_0000206,4540,t0006453,Miridae,Animalia,family,盲蝽科,accepted,
2022-06-04_Insect_HumanObservation_180,HumanObservation,,2022-06-04_Insect_HumanObservation_180,研海生態顧問股份有限公司 (Ceta explorers Company Limited),,,,,,,,,2022-06-04,,2022,6,4,Aerial Netting | Sweeping Net Method | Hand Sorting Method | Sieving Method,Asia,Taiwan,TW,Mianhua Islet,,,25.48483,122.10535,EPSG:4326,400,1e-05,Pseudopachybrachius guttus,,KL_Insect_0000061,85548,t0032286,Pseudopachybrachius guttus,Animalia,species,圓眼長蝽,accepted,
2022-06-04_Insect_HumanObservation_181,HumanObservation,,2022-06-04_Insect_HumanObservation_181,研海生態顧問股份有限公司 (Ceta explorers Company Limited),,,,,,,,,2022-06-04,,2022,6,4,Aerial Netting | Sweeping Net Method | Hand Sorting Method | Sieving Method,Asia,Taiwan,TW,Mianhua Islet,,,25.48483,122.10535,EPSG:4326,400,1e-05,Acanthocoris scaber,,KL_Insect_0000056,61902,t0057527,Acanthocoris scaber,Animalia,species,瘤緣蝽,accepted,
2022-06-04_Insect_HumanObservation_182,HumanObservation,,2022-06-04_Insect_HumanObservation_182,研海生態顧問股份有限公司 (Ceta explorers Company Limited),,,,,,,,,2022-06-04,,2022,6,4,Aerial Netting | Sweeping Net Method | Hand Sorting Method | Sieving Method,Asia,Taiwan,TW,Mianhua Islet,,,25.48483,122.10535,EPSG:4326,400,1e-05,Nysius,,KL_Insect_0000207,14766,t0013276,Nysius,Animalia,genus,小長蝽屬,accepted,
2022-06-04_Insect_HumanObservation_183,HumanObservation,,2022-06-04_Insect_HumanObservation_183,研海生態顧問股份有限公司 (Ceta explorers Company Limited),,,,,,,,,2022-06-04,,2022,6,4,Aerial Netting | Sweeping Net Method | Hand Sorting Method | Sieving Method,Asia,Taiwan,TW,Mianhua Islet,,,25.48483,122.10535,EPSG:4326,400,1e-05,Orius,,KL_Insect_0000070,15067,t0013575,Orius,Animalia,genus,小花蝽屬,accepted,
2022-06-04_Insect_HumanObservation_184,HumanObservation,,2022-06-04_Insect_HumanObservation_184,研海生態顧問股份有限公司 (Ceta explorers Company Limited),,,,,,,,,2022-06-04,,2022,6,4,Aerial Netting | Sweeping Net Method | Hand Sorting Method | Sieving Method,Asia,Taiwan,TW,Mianhua Islet,,,25.48483,122.10535,EPSG:4326,400,1e-05,Riptortus pedestris,,KL_Insect_0000052,86514,t0037922,Riptortus pedestris,Animalia,species,點蜂緣蝽,accepted,
2022-06-04_Insect_HumanObservation_185,HumanObservation,,2022-06-04_Insect_HumanObservation_185,研海生態顧問股份有限公司 (Ceta explorers Company Limited),,,,,,,,,2022-06-04,,2022,6,4,Aerial Netting | Sweeping Net Method | Hand Sorting Method | Sieving Method,Asia,Taiwan,TW,Mianhua Islet,,,25.48483,122.10535,EPSG:4326,400,1e-05,Aphididae,,KL_Insect_0000167,3369,t0005316,Aphididae,Animalia,family,常蚜科,accepted,蚜蟲
2022-06-04_Insect_HumanObservation_186,HumanObservation,,2022-06-04_Insect_HumanObservation_186,研海生態顧問股份有限公司 (Ceta explorers Company Limited),,,,,,,,,2022-06-04,,2022,6,4,Aerial Netting | Sweeping Net Method | Hand Sorting Method | Sieving Method,Asia,Taiwan,TW,Mianhua Islet,,,25.48483,122.10535,EPSG:4326,400,1e-05,Tropiduchidae,,KL_Insect_0000209,5410,t0004909,Tropiduchidae,Animalia,family,軍配飛蝨科,accepted,
2022-06-04_Insect_HumanObservation_187,HumanObservation,,2022-06-04_Insect_HumanObservation_187,研海生態顧問股份有限公司 (Ceta explorers Company Limited),,,,,,,,很多種,2022-06-04,,2022,6,4,Aerial Netting | Sweeping Net Method | Hand Sorting Method | Sieving Method,Asia,Taiwan,TW,Mianhua Islet,,,25.48483,122.10535,EPSG:4326,400,1e-05,Cicadellidae,,KL_Insect_0000161,3699,t0005633,Cicadellidae,Animalia,family,葉蟬科,accepted,
2022-06-04_Insect_HumanObservation_188,HumanObservation,,2022-06-04_Insect_HumanObservation_188,研海生態顧問股份有限公司 (Ceta explorers Company Limited),,,,,,,,,2022-06-04,,2022,6,4,Aerial Netting | Sweeping Net Method | Hand Sorting Method | Sieving Method,Asia,Taiwan,TW,Mianhua Islet,,,25.48483,122.10535,EPSG:4326,400,1e-05,Aiolopus thalassinus tamulus,Identified to subspecies level based on the known local distribution.,KL_Insect_0000144,92373,t0085206,Aiolopus thalassinus tamulus,Animalia,subspecies,斑蝗,accepted,
2022-06-04_Insect_HumanObservation_189,HumanObservation,,2022-06-04_Insect_HumanObservation_189,研海生態顧問股份有限公司 (Ceta explorers Company Limited),,,,,,,,,2022-06-04,,2022,6,4,Aerial Netting | Sweeping Net Method | Hand Sorting Method | Sieving Method,Asia,Taiwan,TW,Mianhua Islet,,,25.48483,122.10535,EPSG:4326,400,1e-05,Trilophidia annulata,,KL_Insect_0000083,90830,t0047928,Trilophidia annulata,Animalia,species,疣蝗,accepted,
2022-06-05_Insect_HumanObservation_147,HumanObservation,,2022-06-05_Insect_HumanObservation_147,研海生態顧問股份有限公司 (Ceta explorers Company Limited),,,,,,,,,2022-06-04,,2022,6,4,Aerial Netting | Sweeping Net Method | Hand Sorting Method | Sieving Method,Asia,Taiwan,TW,Mianhua Islet,,,25.48483,122.10535,EPSG:4326,400,1e-05,Acanthocoris scaber,,KL_Insect_0000056,61902,t0057527,Acanthocoris scaber,Animalia,species,瘤緣蝽,accepted,
2022-07-26_Insect_HumanObservation_190,HumanObservation,,2022-07-26_Insect_HumanObservation_190,研海生態顧問股份有限公司 (Ceta explorers Company Limited),,,,,,,,,2022-07-26,,2022,7,26,Aerial Netting | Sweeping Net Method | Hand Sorting Method | Sieving Method,Asia,Taiwan,TW,Mianhua Islet,,,25.48483,122.10535,EPSG:4326,400,1e-05,Pantala flavescens,,KL_Insect_0000048,82387,t0082932,Pantala flavescens,Animalia,species,薄翅蜻蜓,accepted,
2022-07-26_Insect_HumanObservation_191,HumanObservation,,2022-07-26_Insect_HumanObservation_191,研海生態顧問股份有限公司 (Ceta explorers Company Limited),,,,,,,,,2022-07-26,,2022,7,26,Aerial Netting | Sweeping Net Method | Hand Sorting Method | Sieving Method,Asia,Taiwan,TW,Mianhua Islet,,,25.48483,122.10535,EPSG:4326,400,1e-05,Zizeeria maha okinawana,,KL_Insect_0000002,35344,t0085052,Zizeeria maha okinawana,Animalia,subspecies,沖繩小灰蝶,accepted,毛眼灰蝶 | 柞灰蝶 | 酢醬灰蝶 | 小型小灰蝶 | 大和小灰蝶 | 藍灰蝶
2022-07-26_Insect_HumanObservation_192,HumanObservation,,2022-07-26_Insect_HumanObservation_192,研海生態顧問股份有限公司 (Ceta explorers Company Limited),,,,,,,,,2022-07-26,,2022,7,26,Aerial Netting | Sweeping Net Method | Hand Sorting Method | Sieving Method,Asia,Taiwan,TW,Mianhua Islet,,,25.48483,122.10535,EPSG:4326,400,1e-05,Lampides boeticus,,KL_Insect_0000001,36747,t0027297,Lampides boeticus,Animalia,species,豆波灰蝶,accepted,
2022-07-26_Insect_HumanObservation_193,HumanObservation,,2022-07-26_Insect_HumanObservation_193,研海生態顧問股份有限公司 (Ceta explorers Company Limited),,,,,,,,,2022-07-26,,2022,7,26,Aerial Netting | Sweeping Net Method | Hand Sorting Method | Sieving Method,Asia,Taiwan,TW,Mianhua Islet,,,25.48483,122.10535,EPSG:4326,400,1e-05,Catopsilia pomona pomona,Identified to subspecies level based on the known local distribution.,KL_Insect_0000210,34849,t0030200,Catopsilia pomona pomona,Animalia,subspecies,遷粉蝶,accepted,果神蝶 | 無紋淡黃蝶 | 銀紋淡黃蝶 | 淡黃蝶 | 淺紋淡黃粉蝶 | 銀紋淡黃粉蝶 | 鐵刀木粉蝶 | 遷飛粉蝶
2022-07-26_Insect_HumanObservation_194,HumanObservation,,2022-07-26_Insect_HumanObservation_194,研海生態顧問股份有限公司 (Ceta explorers Company Limited),,,,,,,,,2022-07-26,,2022,7,26,Aerial Netting | Sweeping Net Method | Hand Sorting Method | Sieving Method,Asia,Taiwan,TW,Mianhua Islet,,,25.48483,122.10535,EPSG:4326,400,1e-05,Spoladea recurvalis,,KL_Insect_0000020,37877,t0033008,Spoladea recurvalis,Animalia,species,甜菜白帶野螟,accepted,甜菜白帶野螟蛾
2022-07-26_Insect_HumanObservation_195,HumanObservation,,2022-07-26_Insect_HumanObservation_195,研海生態顧問股份有限公司 (Ceta explorers Company Limited),,,,,,,,,2022-07-26,,2022,7,26,Aerial Netting | Sweeping Net Method | Hand Sorting Method | Sieving Method,Asia,Taiwan,TW,Mianhua Islet,,,25.48483,122.10535,EPSG:4326,400,1e-05,Scopula,,KL_Insect_0000041,17796,t0016245,Scopula,Animalia,genus,岩尺蛾屬,accepted,
2022-07-26_Insect_HumanObservation_196,HumanObservation,,2022-07-26_Insect_HumanObservation_196,研海生態顧問股份有限公司 (Ceta explorers Company Limited),,,,,,,,,2022-07-26,,2022,7,26,Aerial Netting | Sweeping Net Method | Hand Sorting Method | Sieving Method,Asia,Taiwan,TW,Mianhua Islet,,,25.48483,122.10535,EPSG:4326,400,1e-05,Protaetia orientalis sakaii,Identified to subspecies level based on the known local distribution.,KL_Insect_0000105,93551,t0086159,Protaetia orientalis sakaii,Animalia,subspecies,東方白點花金龜,accepted,
2022-07-26_Insect_HumanObservation_197,HumanObservation,,2022-07-26_Insect_HumanObservation_197,研海生態顧問股份有限公司 (Ceta explorers Company Limited),,,,,,,,,2022-07-26,,2022,7,26,Aerial Netting | Sweeping Net Method | Hand Sorting Method | Sieving Method,Asia,Taiwan,TW,Mianhua Islet,,,25.48483,122.10535,EPSG:4326,400,1e-05,Coccinella septempunctata,,KL_Insect_0000102,68217,t0078837,Coccinella septempunctata,Animalia,species,七星瓢蟲,accepted,
2022-07-26_Insect_HumanObservation_198,HumanObservation,,2022-07-26_Insect_HumanObservation_198,研海生態顧問股份有限公司 (Ceta explorers Company Limited),,,,,,,,,2022-07-26,,2022,7,26,Aerial Netting | Sweeping Net Method | Hand Sorting Method | Sieving Method,Asia,Taiwan,TW,Mianhua Islet,,,25.48483,122.10535,EPSG:4326,400,1e-05,Cheilomenes sexmaculata,,KL_Insect_0000104,67307,t0078035,Cheilomenes sexmaculata,Animalia,species,六斑月瓢蟲,accepted,
2022-07-26_Insect_HumanObservation_199,HumanObservation,,2022-07-26_Insect_HumanObservation_199,研海生態顧問股份有限公司 (Ceta explorers Company Limited),,,,,,,,數量很多、草海桐訪花、夜間趨光,2022-07-26,,2022,7,26,Aerial Netting | Sweeping Net Method | Hand Sorting Method | Sieving Method,Asia,Taiwan,TW,Mianhua Islet,,,25.48483,122.10535,EPSG:4326,400,1e-05,Eobia chinensis chinensis,Identified to subspecies level based on the known local distribution.,KL_Insect_0000184,92880,t0085627,Eobia chinensis chinensis,Animalia,subspecies,黑尾擬天牛,accepted,
2022-07-26_Insect_HumanObservation_200,HumanObservation,,2022-07-26_Insect_HumanObservation_200,研海生態顧問股份有限公司 (Ceta explorers Company Limited),,,,,,,,,2022-07-26,,2022,7,26,Aerial Netting | Sweeping Net Method | Hand Sorting Method | Sieving Method,Asia,Taiwan,TW,Mianhua Islet,,,25.48483,122.10535,EPSG:4326,400,1e-05,Paederus fuscipes,,KL_Insect_0000106,82210,t0082775,Paederus fuscipes,Animalia,species,紅胸隱翅蟲,accepted,梭毒隱翅蟲 | 青翅蟻形隱翅蟲 | 黄腳蟻型隱翅蟲
2022-07-26_Insect_HumanObservation_201,HumanObservation,,2022-07-26_Insect_HumanObservation_201,研海生態顧問股份有限公司 (Ceta explorers Company Limited),,,,,,,,,2022-07-26,,2022,7,26,Aerial Netting | Sweeping Net Method | Hand Sorting Method | Sieving Method,Asia,Taiwan,TW,Mianhua Islet,,,25.48483,122.10535,EPSG:4326,400,1e-05,Cassida circumdata,,KL_Insect_0000099,66759,t0077570,Cassida circumdata,Animalia,species,甘藷龜金花蟲,accepted,
2022-07-26_Insect_HumanObservation_202,HumanObservation,,2022-07-26_Insect_HumanObservation_202,研海生態顧問股份有限公司 (Ceta explorers Company Limited),,,,,,,,,2022-07-26,,2022,7,26,Aerial Netting | Sweeping Net Method | Hand Sorting Method | Sieving Method,Asia,Taiwan,TW,Mianhua Islet,,,25.48483,122.10535,EPSG:4326,400,1e-05,Aiolopus thalassinus tamulus,Identified to subspecies level based on the known local distribution.,KL_Insect_0000144,92373,t0085206,Aiolopus thalassinus tamulus,Animalia,subspecies,斑蝗,accepted,
2022-07-26_Insect_HumanObservation_203,HumanObservation,,2022-07-26_Insect_HumanObservation_203,研海生態顧問股份有限公司 (Ceta explorers Company Limited),,,,,,,,,2022-07-26,,2022,7,26,Aerial Netting | Sweeping Net Method | Hand Sorting Method | Sieving Method,Asia,Taiwan,TW,Mianhua Islet,,,25.48483,122.10535,EPSG:4326,400,1e-05,Trilophidia annulata,,KL_Insect_0000083,90830,t0047928,Trilophidia annulata,Animalia,species,疣蝗,accepted,
2022-07-26_Insect_HumanObservation_204,HumanObservation,,2022-07-26_Insect_HumanObservation_204,研海生態顧問股份有限公司 (Ceta explorers Company Limited),,,,,,,,,2022-07-26,,2022,7,26,Aerial Netting | Sweeping Net Method | Hand Sorting Method | Sieving Method,Asia,Taiwan,TW,Mianhua Islet,,,25.48483,122.10535,EPSG:4326,400,1e-05,Ornebius,,KL_Insect_0000090,15071,t0013578,Ornebius,Animalia,genus,奧蟋屬,accepted,
2022-07-26_Insect_HumanObservation_205,HumanObservation,,2022-07-26_Insect_HumanObservation_205,研海生態顧問股份有限公司 (Ceta explorers Company Limited),,,,,,,,馬鞍藤上數量多,2022-07-26,,2022,7,26,Aerial Netting | Sweeping Net Method | Hand Sorting Method | Sieving Method,Asia,Taiwan,TW,Mianhua Islet,,,25.48483,122.10535,EPSG:4326,400,1e-05,Acanthocoris scaber,,KL_Insect_0000056,61902,t0057527,Acanthocoris scaber,Animalia,species,瘤緣蝽,accepted,
2022-07-26_Insect_HumanObservation_206,HumanObservation,,2022-07-26_Insect_HumanObservation_206,研海生態顧問股份有限公司 (Ceta explorers Company Limited),,,,,,,,,2022-07-26,,2022,7,26,Aerial Netting | Sweeping Net Method | Hand Sorting Method | Sieving Method,Asia,Taiwan,TW,Mianhua Islet,,,25.48483,122.10535,EPSG:4326,400,1e-05,Homoeocerus marginiventris,,KL_Insect_0000055,75051,t0065733,Homoeocerus marginiventris,Animalia,species,小點同緣蝽,accepted,
2022-07-26_Insect_HumanObservation_207,HumanObservation,,2022-07-26_Insect_HumanObservation_207,研海生態顧問股份有限公司 (Ceta explorers Company Limited),,,,,,,,,2022-07-26,,2022,7,26,Aerial Netting | Sweeping Net Method | Hand Sorting Method | Sieving Method,Asia,Taiwan,TW,Mianhua Islet,,,25.48483,122.10535,EPSG:4326,400,1e-05,Scotinophara scottii,,KL_Insect_0000154,87294,t0038630,Scotinophara scottii,Animalia,species,短刺黑蝽,accepted,短刺黑椿象
2022-07-26_Insect_HumanObservation_208,HumanObservation,,2022-07-26_Insect_HumanObservation_208,研海生態顧問股份有限公司 (Ceta explorers Company Limited),,,,,,,,多處群聚,2022-07-26,,2022,7,26,Aerial Netting | Sweeping Net Method | Hand Sorting Method | Sieving Method,Asia,Taiwan,TW,Mianhua Islet,,,25.48483,122.10535,EPSG:4326,400,1e-05,Agonoscelis nubilis,,KL_Insect_0000072,62585,t0070594,Agonoscelis nubilis,Animalia,species,雲蝽,accepted,雲椿象
2022-07-26_Insect_HumanObservation_209,HumanObservation,,2022-07-26_Insect_HumanObservation_209,研海生態顧問股份有限公司 (Ceta explorers Company Limited),,,,,,,,,2022-07-26,,2022,7,26,Aerial Netting | Sweeping Net Method | Hand Sorting Method | Sieving Method,Asia,Taiwan,TW,Mianhua Islet,,,25.48483,122.10535,EPSG:4326,400,1e-05,Nezara viridula,,KL_Insect_0000073,80891,t0031136,Nezara viridula,Animalia,species,稻綠蝽,accepted,
2022-07-26_Insect_HumanObservation_210,HumanObservation,,2022-07-26_Insect_HumanObservation_210,研海生態顧問股份有限公司 (Ceta explorers Company Limited),,,,,,,,,2022-07-26,,2022,7,26,Aerial Netting | Sweeping Net Method | Hand Sorting Method | Sieving Method,Asia,Taiwan,TW,Mianhua Islet,,,25.48483,122.10535,EPSG:4326,400,1e-05,Corythucha,,KL_Insect_0000071,8997,t0012324,Corythucha,Animalia,genus,方翅網蝽屬,accepted,
2022-07-26_Insect_HumanObservation_211,HumanObservation,,2022-07-26_Insect_HumanObservation_211,研海生態顧問股份有限公司 (Ceta explorers Company Limited),,,,,,,,草海桐,2022-07-26,,2022,7,26,Aerial Netting | Sweeping Net Method | Hand Sorting Method | Sieving Method,Asia,Taiwan,TW,Mianhua Islet,,,25.48483,122.10535,EPSG:4326,400,1e-05,Dioxyna sororcula,,KL_Insect_0000112,70514,t0031052,Dioxyna sororcula,Animalia,species,長鞘寬頭實蠅,accepted,
2022-07-26_Insect_HumanObservation_212,HumanObservation,,2022-07-26_Insect_HumanObservation_212,研海生態顧問股份有限公司 (Ceta explorers Company Limited),,,,,,,,,2022-07-26,,2022,7,26,Aerial Netting | Sweeping Net Method | Hand Sorting Method | Sieving Method,Asia,Taiwan,TW,Mianhua Islet,,,25.48483,122.10535,EPSG:4326,400,1e-05,Chrysomya,,KL_Insect_0000110,8559,t0011895,Chrysomya,Animalia,genus,金蠅屬,accepted,
2022-07-26_Insect_HumanObservation_213,HumanObservation,,2022-07-26_Insect_HumanObservation_213,研海生態顧問股份有限公司 (Ceta explorers Company Limited),,,,,,,,,2022-07-26,,2022,7,26,Aerial Netting | Sweeping Net Method | Hand Sorting Method | Sieving Method,Asia,Taiwan,TW,Mianhua Islet,,,25.48483,122.10535,EPSG:4326,400,1e-05,Cardiocondyla minutior,,KL_Insect_0000121,66623,t0077451,Cardiocondyla minutior,Animalia,species,小瘤突家蟻,accepted,
2022-07-26_Insect_HumanObservation_214,HumanObservation,,2022-07-26_Insect_HumanObservation_214,研海生態顧問股份有限公司 (Ceta explorers Company Limited),,,,,,,,,2022-07-26,,2022,7,26,Aerial Netting | Sweeping Net Method | Hand Sorting Method | Sieving Method,Asia,Taiwan,TW,Mianhua Islet,,,25.48483,122.10535,EPSG:4326,400,1e-05,Monomorium chinense,,KL_Insect_0000122,79590,t0080440,Monomorium chinense,Animalia,species,中華單家蟻,accepted,
2022-07-26_Insect_HumanObservation_215,HumanObservation,,2022-07-26_Insect_HumanObservation_215,研海生態顧問股份有限公司 (Ceta explorers Company Limited),,,,,,,,,2022-07-26,,2022,7,26,Aerial Netting | Sweeping Net Method | Hand Sorting Method | Sieving Method,Asia,Taiwan,TW,Mianhua Islet,,,25.48483,122.10535,EPSG:4326,400,1e-05,Ochetellus glaber,,KL_Insect_0000126,81256,t0081925,Ochetellus glaber,Animalia,species,光滑管琉璃蟻,accepted,
2022-07-26_Insect_HumanObservation_216,HumanObservation,,2022-07-26_Insect_HumanObservation_216,研海生態顧問股份有限公司 (Ceta explorers Company Limited),,,,,,,,,2022-07-26,,2022,7,26,Aerial Netting | Sweeping Net Method | Hand Sorting Method | Sieving Method,Asia,Taiwan,TW,Mianhua Islet,,,25.48483,122.10535,EPSG:4326,400,1e-05,Tetramorium bicarinatum,,KL_Insect_0000123,89888,t0047090,Tetramorium bicarinatum,Animalia,species,雙脊皺家蟻,accepted,
2022-07-26_Insect_HumanObservation_217,HumanObservation,,2022-07-26_Insect_HumanObservation_217,研海生態顧問股份有限公司 (Ceta explorers Company Limited),,,,,,,,草海桐訪花,2022-07-26,,2022,7,26,Aerial Netting | Sweeping Net Method | Hand Sorting Method | Sieving Method,Asia,Taiwan,TW,Mianhua Islet,,,25.48483,122.10535,EPSG:4326,400,1e-05,Ichneumonidae,,KL_Insect_0000213,4269,t0006194,Ichneumonidae,Animalia,family,姬蜂科,accepted,
2022-07-26_Insect_HumanObservation_218,HumanObservation,,2022-07-26_Insect_HumanObservation_218,研海生態顧問股份有限公司 (Ceta explorers Company Limited),,,,,,,,,2022-07-26,,2022,7,26,Aerial Netting | Sweeping Net Method | Hand Sorting Method | Sieving Method,Asia,Taiwan,TW,Mianhua Islet,,,25.48483,122.10535,EPSG:4326,400,1e-05,Blattella,,KL_Insect_0000078,7537,t0006923,Blattella,Animalia,genus,姬蠊屬,accepted,
2022-07-26_Insect_HumanObservation_219,HumanObservation,,2022-07-26_Insect_HumanObservation_219,研海生態顧問股份有限公司 (Ceta explorers Company Limited),,,,,,,,,2022-07-26,,2022,7,26,Aerial Netting | Sweeping Net Method | Hand Sorting Method | Sieving Method,Asia,Taiwan,TW,Mianhua Islet,,,25.48483,122.10535,EPSG:4326,400,1e-05,Pycnoscelus surinamensis,,KL_Insect_0000077,85962,t0037458,Pycnoscelus surinamensis,Animalia,species,蘇利南潛蠊,accepted,
2022-07-26_Insect_HumanObservation_220,HumanObservation,,2022-07-26_Insect_HumanObservation_220,研海生態顧問股份有限公司 (Ceta explorers Company Limited),,,,,,,,夜間,2022-07-26,,2022,7,26,Aerial Netting | Sweeping Net Method | Hand Sorting Method | Sieving Method,Asia,Taiwan,TW,Mianhua Islet,,,25.48483,122.10535,EPSG:4326,400,1e-05,Eudocima phalonia,,KL_Insect_0000028,29160,t0029065,Eudocima phalonia,Animalia,species,落葉夜蛾,accepted,落葉裳蛾 | 凡艷葉夜蛾
2022-07-26_Insect_HumanObservation_221,HumanObservation,,2022-07-26_Insect_HumanObservation_221,研海生態顧問股份有限公司 (Ceta explorers Company Limited),,,,,,,,夜間,2022-07-26,,2022,7,26,Aerial Netting | Sweeping Net Method | Hand Sorting Method | Sieving Method,Asia,Taiwan,TW,Mianhua Islet,,,25.48483,122.10535,EPSG:4326,400,1e-05,Oraesia excavata,,KL_Insect_0000214,31873,t0052240,Oraesia excavata,Animalia,species,鳥嘴壺夜蛾,accepted,
2022-07-26_Insect_HumanObservation_222,HumanObservation,,2022-07-26_Insect_HumanObservation_222,研海生態顧問股份有限公司 (Ceta explorers Company Limited),,,,,,,,夜間,2022-07-26,,2022,7,26,Aerial Netting | Sweeping Net Method | Hand Sorting Method | Sieving Method,Asia,Taiwan,TW,Mianhua Islet,,,25.48483,122.10535,EPSG:4326,400,1e-05,Camponotus albosparsus,,KL_Insect_0000125,66433,t0077283,Camponotus albosparsus,Animalia,species,白疏巨山蟻,accepted,
2022-07-26_Insect_HumanObservation_223,HumanObservation,,2022-07-26_Insect_HumanObservation_223,研海生態顧問股份有限公司 (Ceta explorers Company Limited),,,,,,,,夜間,2022-07-26,,2022,7,26,Aerial Netting | Sweeping Net Method | Hand Sorting Method | Sieving Method,Asia,Taiwan,TW,Mianhua Islet,,,25.48483,122.10535,EPSG:4326,400,1e-05,Colasposoma viridicoeruleum,,KL_Insect_0000146,68360,t0078956,Colasposoma viridicoeruleum,Animalia,species,甘藷猿金花蟲,accepted,
2022-07-26_Insect_HumanObservation_224,HumanObservation,,2022-07-26_Insect_HumanObservation_224,研海生態顧問股份有限公司 (Ceta explorers Company Limited),,,,,,,,夜間,2022-07-26,,2022,7,26,Aerial Netting | Sweeping Net Method | Hand Sorting Method | Sieving Method,Asia,Taiwan,TW,Mianhua Islet,,,25.48483,122.10535,EPSG:4326,400,1e-05,Gonocephalum,,KL_Insect_0000107,11248,t0020235,Gonocephalum,Animalia,genus,潛砂蟲屬,accepted,
2022-07-26_Insect_HumanObservation_225,HumanObservation,,2022-07-26_Insect_HumanObservation_225,研海生態顧問股份有限公司 (Ceta explorers Company Limited),,,,,,,,夜間,2022-07-26,,2022,7,26,Aerial Netting | Sweeping Net Method | Hand Sorting Method | Sieving Method,Asia,Taiwan,TW,Mianhua Islet,,,25.48483,122.10535,EPSG:4326,400,1e-05,Agrypnus sakaguchii,,KL_Insect_0000108,62686,t0070692,Agrypnus sakaguchii,Animalia,species,小褐鏽叩頭蟲,accepted,
2022-07-26_Insect_HumanObservation_226,HumanObservation,,2022-07-26_Insect_HumanObservation_226,研海生態顧問股份有限公司 (Ceta explorers Company Limited),,,,,,,,夜間,2022-07-26,,2022,7,26,Aerial Netting | Sweeping Net Method | Hand Sorting Method | Sieving Method,Asia,Taiwan,TW,Mianhua Islet,,,25.48483,122.10535,EPSG:4326,400,1e-05,Geotomus,,KL_Insect_0000063,285571,t0130036,Geotomus,Animalia,genus,地土蝽屬,accepted,
2022-07-26_Insect_HumanObservation_227,HumanObservation,,2022-07-26_Insect_HumanObservation_227,研海生態顧問股份有限公司 (Ceta explorers Company Limited),,,,,,,,夜間,2022-07-26,,2022,7,26,Aerial Netting | Sweeping Net Method | Hand Sorting Method | Sieving Method,Asia,Taiwan,TW,Mianhua Islet,,,25.48483,122.10535,EPSG:4326,400,1e-05,Geocoris pallidipennis scissilis,,KL_Insect_0000060,92973,t0085702,Geocoris pallidipennis scissilis,Animalia,subspecies,大眼長蝽,accepted,大眼長椿象
2022-07-26_Insect_HumanObservation_228,HumanObservation,,2022-07-26_Insect_HumanObservation_228,研海生態顧問股份有限公司 (Ceta explorers Company Limited),,,,,,,,夜間,2022-07-26,,2022,7,26,Aerial Netting | Sweeping Net Method | Hand Sorting Method | Sieving Method,Asia,Taiwan,TW,Mianhua Islet,,,25.48483,122.10535,EPSG:4326,400,1e-05,Validiblatta australasiae,,KL_Insect_0000079,267217,t0031741,Validiblatta australasiae,Animalia,species,澳洲家蠊,accepted,
2022-07-26_Insect_HumanObservation_229,HumanObservation,,2022-07-26_Insect_HumanObservation_229,研海生態顧問股份有限公司 (Ceta explorers Company Limited),,,,,,,,夜間、寄主為大頭家蟻,2022-07-26,,2022,7,26,Aerial Netting | Sweeping Net Method | Hand Sorting Method | Sieving Method,Asia,Taiwan,TW,Mianhua Islet,,,25.48483,122.10535,EPSG:4326,400,1e-05,Myrmecophilus,,KL_Insect_0000093,245703,t0106079,Myrmecophilus,Animalia,genus,蟻蟋屬,accepted,
2022-07-26_Insect_HumanObservation_230,HumanObservation,,2022-07-26_Insect_HumanObservation_230,研海生態顧問股份有限公司 (Ceta explorers Company Limited),,,,,,,,夜間,2022-07-26,,2022,7,26,Aerial Netting | Sweeping Net Method | Hand Sorting Method | Sieving Method,Asia,Taiwan,TW,Mianhua Islet,,,25.48483,122.10535,EPSG:4326,400,1e-05,Conocephalus maculatus,,KL_Insect_0000092,68534,t0030676,Conocephalus maculatus,Animalia,species,褐背細斯,accepted,
2022-07-26_Insect_HumanObservation_231,HumanObservation,,2022-07-26_Insect_HumanObservation_231,研海生態顧問股份有限公司 (Ceta explorers Company Limited),,,,,,,,夜間、在高草叢中鳴叫,2022-07-26,,2022,7,26,Aerial Netting | Sweeping Net Method | Hand Sorting Method | Sieving Method,Asia,Taiwan,TW,Mianhua Islet,,,25.48483,122.10535,EPSG:4326,400,1e-05,Euconocephalus nasutus,,KL_Insect_0000091,72283,t0063274,Euconocephalus nasutus,Animalia,species,鼻優草螽,accepted,
2022-07-26_Insect_HumanObservation_232,HumanObservation,,2022-07-26_Insect_HumanObservation_232,研海生態顧問股份有限公司 (Ceta explorers Company Limited),,,,,,,,夜間,2022-07-26,,2022,7,26,Aerial Netting | Sweeping Net Method | Hand Sorting Method | Sieving Method,Asia,Taiwan,TW,Mianhua Islet,,,25.48483,122.10535,EPSG:4326,400,1e-05,Lepismatidae,,KL_Insect_0000158,4352,t0003994,Lepismatidae,Animalia,family,衣魚科,accepted,
2022-07-27_Insect_HumanObservation_233,HumanObservation,,2022-07-27_Insect_HumanObservation_233,研海生態顧問股份有限公司 (Ceta explorers Company Limited),,,,,,,,,2022-07-27,,2022,7,27,Aerial Netting | Sweeping Net Method | Hand Sorting Method | Sieving Method,Asia,Taiwan,TW,Mianhua Islet,,,25.48483,122.10535,EPSG:4326,400,1e-05,Nylanderia ryukyuensis,,KL_Insect_0000124,298339,t0132389,Nylanderia ryukyuensis,Animalia,species,琉球尼蘭德山蟻,accepted,
2022-07-27_Insect_HumanObservation_234,HumanObservation,,2022-07-27_Insect_HumanObservation_234,研海生態顧問股份有限公司 (Ceta explorers Company Limited),,,,,,,,,2022-07-27,,2022,7,27,Aerial Netting | Sweeping Net Method | Hand Sorting Method | Sieving Method,Asia,Taiwan,TW,Mianhua Islet,,,25.48483,122.10535,EPSG:4326,400,1e-05,Eristalinus,,KL_Insect_0000115,10397,t0019407,Eristalinus,Animalia,genus,斑眼蚜蠅屬,accepted,寶玉蚜蠅屬
2022-07-27_Insect_HumanObservation_235,HumanObservation,,2022-07-27_Insect_HumanObservation_235,研海生態顧問股份有限公司 (Ceta explorers Company Limited),,,,,,,,鼠籠誘餌上很多,2022-07-27,,2022,7,27,Aerial Netting | Sweeping Net Method | Hand Sorting Method | Sieving Method,Asia,Taiwan,TW,Mianhua Islet,,,25.48483,122.10535,EPSG:4326,400,1e-05,Pheidole fervens,,KL_Insect_0000119,83577,t0083976,Pheidole fervens,Animalia,species,熱烈大頭家蟻,accepted,
2022-09-30_Insect_HumanObservation_236,HumanObservation,,2022-09-30_Insect_HumanObservation_236,研海生態顧問股份有限公司 (Ceta explorers Company Limited),,,,,,,,,2022-09-30,,2022,9,30,Aerial Netting | Sweeping Net Method | Hand Sorting Method | Sieving Method,Asia,Taiwan,TW,Mianhua Islet,,,25.48483,122.10535,EPSG:4326,400,1e-05,Pantala flavescens,,KL_Insect_0000048,82387,t0082932,Pantala flavescens,Animalia,species,薄翅蜻蜓,accepted,
2022-09-30_Insect_HumanObservation_237,HumanObservation,,2022-09-30_Insect_HumanObservation_237,研海生態顧問股份有限公司 (Ceta explorers Company Limited),,,,,,,,,2022-09-30,,2022,9,30,Aerial Netting | Sweeping Net Method | Hand Sorting Method | Sieving Method,Asia,Taiwan,TW,Mianhua Islet,,,25.48483,122.10535,EPSG:4326,400,1e-05,Homoeocerus marginiventris,,KL_Insect_0000055,75051,t0065733,Homoeocerus marginiventris,Animalia,species,小點同緣蝽,accepted,
2022-09-30_Insect_HumanObservation_238,HumanObservation,,2022-09-30_Insect_HumanObservation_238,研海生態顧問股份有限公司 (Ceta explorers Company Limited),,,,,,,,,2022-09-30,,2022,9,30,Aerial Netting | Sweeping Net Method | Hand Sorting Method | Sieving Method,Asia,Taiwan,TW,Mianhua Islet,,,25.48483,122.10535,EPSG:4326,400,1e-05,Acanthocoris scaber,,KL_Insect_0000056,61902,t0057527,Acanthocoris scaber,Animalia,species,瘤緣蝽,accepted,
2022-09-30_Insect_HumanObservation_239,HumanObservation,,2022-09-30_Insect_HumanObservation_239,研海生態顧問股份有限公司 (Ceta explorers Company Limited),,,,,,,,,2022-09-30,,2022,9,30,Aerial Netting | Sweeping Net Method | Hand Sorting Method | Sieving Method,Asia,Taiwan,TW,Mianhua Islet,,,25.48483,122.10535,EPSG:4326,400,1e-05,Zizeeria maha okinawana,,KL_Insect_0000002,35344,t0085052,Zizeeria maha okinawana,Animalia,subspecies,沖繩小灰蝶,accepted,毛眼灰蝶 | 柞灰蝶 | 酢醬灰蝶 | 小型小灰蝶 | 大和小灰蝶 | 藍灰蝶
2022-09-30_Insect_HumanObservation_240,HumanObservation,,2022-09-30_Insect_HumanObservation_240,研海生態顧問股份有限公司 (Ceta explorers Company Limited),,,,,,,,,2022-09-30,,2022,9,30,Aerial Netting | Sweeping Net Method | Hand Sorting Method | Sieving Method,Asia,Taiwan,TW,Mianhua Islet,,,25.48483,122.10535,EPSG:4326,400,1e-05,Aiolopus thalassinus tamulus,Identified to subspecies level based on the known local distribution.,KL_Insect_0000144,92373,t0085206,Aiolopus thalassinus tamulus,Animalia,subspecies,斑蝗,accepted,
2022-09-30_Insect_HumanObservation_241,HumanObservation,,2022-09-30_Insect_HumanObservation_241,研海生態顧問股份有限公司 (Ceta explorers Company Limited),,,,,,,,,2022-09-30,,2022,9,30,Aerial Netting | Sweeping Net Method | Hand Sorting Method | Sieving Method,Asia,Taiwan,TW,Mianhua Islet,,,25.48483,122.10535,EPSG:4326,400,1e-05,Trilophidia annulata,,KL_Insect_0000083,90830,t0047928,Trilophidia annulata,Animalia,species,疣蝗,accepted,
2022-09-30_Insect_HumanObservation_242,HumanObservation,,2022-09-30_Insect_HumanObservation_242,研海生態顧問股份有限公司 (Ceta explorers Company Limited),,,,,,,,,2022-09-30,,2022,9,30,Aerial Netting | Sweeping Net Method | Hand Sorting Method | Sieving Method,Asia,Taiwan,TW,Mianhua Islet,,,25.48483,122.10535,EPSG:4326,400,1e-05,Coccinella septempunctata,,KL_Insect_0000102,68217,t0078837,Coccinella septempunctata,Animalia,species,七星瓢蟲,accepted,
2022-09-30_Insect_HumanObservation_243,HumanObservation,,2022-09-30_Insect_HumanObservation_243,研海生態顧問股份有限公司 (Ceta explorers Company Limited),,,,,,,,,2022-09-30,,2022,9,30,Aerial Netting | Sweeping Net Method | Hand Sorting Method | Sieving Method,Asia,Taiwan,TW,Mianhua Islet,,,25.48483,122.10535,EPSG:4326,400,1e-05,Solenopsis,,KL_Insect_0000129,18118,t0016554,Solenopsis,Animalia,genus,火家蟻屬,accepted,
2022-09-30_Insect_HumanObservation_244,HumanObservation,,2022-09-30_Insect_HumanObservation_244,研海生態顧問股份有限公司 (Ceta explorers Company Limited),,,,,,,,,2022-09-30,,2022,9,30,Aerial Netting | Sweeping Net Method | Hand Sorting Method | Sieving Method,Asia,Taiwan,TW,Mianhua Islet,,,25.48483,122.10535,EPSG:4326,400,1e-05,Tapinoma melanocephalum,,KL_Insect_0000118,89540,t0046792,Tapinoma melanocephalum,Animalia,species,黑頭慌蟻,accepted,黑頭慌琉璃蟻
2022-09-30_Insect_HumanObservation_245,HumanObservation,,2022-09-30_Insect_HumanObservation_245,研海生態顧問股份有限公司 (Ceta explorers Company Limited),,,,,,,,,2022-09-30,,2022,9,30,Aerial Netting | Sweeping Net Method | Hand Sorting Method | Sieving Method,Asia,Taiwan,TW,Mianhua Islet,,,25.48483,122.10535,EPSG:4326,400,1e-05,Chrysomya,,KL_Insect_0000110,8559,t0011895,Chrysomya,Animalia,genus,金蠅屬,accepted,
2023-04-11_Insect_HumanObservation_001,HumanObservation,,2023-04-11_Insect_HumanObservation_001,研海生態顧問股份有限公司 (Ceta explorers Company Limited),,,,,,,,,2023-04-11,,2023,4,11,Line Transect Survey (Aerial Netting | Sweeping Net Method | Hand Sorting Method | Sieving Method),Asia,Taiwan,TW,Mianhua Islet,,,25.48483,122.10535,EPSG:4326,400,1e-05,Nysius ericae,,KL_Insect_0000059,58250,t0098109,Nysius ericae,Animalia,species,小長蝽象,accepted,小長椿象
2023-04-11_Insect_HumanObservation_002,HumanObservation,,2023-04-11_Insect_HumanObservation_002,研海生態顧問股份有限公司 (Ceta explorers Company Limited),,,,,,,,,2023-04-11,,2023,4,11,Line Transect Survey (Aerial Netting | Sweeping Net Method | Hand Sorting Method | Sieving Method),Asia,Taiwan,TW,Mianhua Islet,,,25.48483,122.10535,EPSG:4326,400,1e-05,Corythucha,,KL_Insect_0000071,8997,t0012324,Corythucha,Animalia,genus,方翅網蝽屬,accepted,
2023-04-11_Insect_HumanObservation_003,HumanObservation,,2023-04-11_Insect_HumanObservation_003,研海生態顧問股份有限公司 (Ceta explorers Company Limited),,,,,,,,,2023-04-11,,2023,4,11,Line Transect Survey (Aerial Netting | Sweeping Net Method | Hand Sorting Method | Sieving Method),Asia,Taiwan,TW,Mianhua Islet,,,25.48483,122.10535,EPSG:4326,400,1e-05,Xyphon,,KL_Insect_0000289,,,Xyphon,Animalia,genus,尖頭葉蟬,invalid,
2023-04-11_Insect_HumanObservation_004,HumanObservation,,2023-04-11_Insect_HumanObservation_004,研海生態顧問股份有限公司 (Ceta explorers Company Limited),,,,,,,,,2023-04-11,,2023,4,11,Line Transect Survey (Aerial Netting | Sweeping Net Method | Hand Sorting Method | Sieving Method),Asia,Taiwan,TW,Mianhua Islet,,,25.48483,122.10535,EPSG:4326,400,1e-05,Popillia taiwana,,KL_Insect_0000290,84945,t0036559,Popillia taiwana,Animalia,species,台灣豆金龜,accepted,臺灣豆金龜
2023-04-11_Insect_HumanObservation_005,HumanObservation,,2023-04-11_Insect_HumanObservation_005,研海生態顧問股份有限公司 (Ceta explorers Company Limited),,,,,,,,,2023-04-11,,2023,4,11,Line Transect Survey (Aerial Netting | Sweeping Net Method | Hand Sorting Method | Sieving Method),Asia,Taiwan,TW,Mianhua Islet,,,25.48483,122.10535,EPSG:4326,400,1e-05,Pheidole fervens,,KL_Insect_0000119,83577,t0083976,Pheidole fervens,Animalia,species,熱烈大頭家蟻,accepted,
2023-04-11_Insect_HumanObservation_006,HumanObservation,,2023-04-11_Insect_HumanObservation_006,研海生態顧問股份有限公司 (Ceta explorers Company Limited),,,,,,,,,2023-04-11,,2023,4,11,Line Transect Survey (Aerial Netting | Sweeping Net Method | Hand Sorting Method | Sieving Method),Asia,Taiwan,TW,Mianhua Islet,,,25.48483,122.10535,EPSG:4326,400,1e-05,Monomorium chinense,,KL_Insect_0000122,79590,t0080440,Monomorium chinense,Animalia,species,中華單家蟻,accepted,
2023-04-11_Insect_HumanObservation_007,HumanObservation,,2023-04-11_Insect_HumanObservation_007,研海生態顧問股份有限公司 (Ceta explorers Company Limited),,,,,,,,,2023-04-11,,2023,4,11,Line Transect Survey (Aerial Netting | Sweeping Net Method | Hand Sorting Method | Sieving Method),Asia,Taiwan,TW,Mianhua Islet,,,25.48483,122.10535,EPSG:4326,400,1e-05,Schizaspidia,,KL_Insect_0000291,17720,t0016169,Schizaspidia,Animalia,genus,角胸蟻小蜂,accepted,
2023-04-11_Insect_HumanObservation_008,HumanObservation,,2023-04-11_Insect_HumanObservation_008,研海生態顧問股份有限公司 (Ceta explorers Company Limited),,,,,,,,,2023-04-11,,2023,4,11,Line Transect Survey (Aerial Netting | Sweeping Net Method | Hand Sorting Method | Sieving Method),Asia,Taiwan,TW,Mianhua Islet,,,25.48483,122.10535,EPSG:4326,400,1e-05,Drosophila,,KL_Insect_0000240,9920,t0018938,Drosophila,Animalia,genus,果蠅屬,accepted,
2023-04-11_Insect_HumanObservation_009,HumanObservation,,2023-04-11_Insect_HumanObservation_009,研海生態顧問股份有限公司 (Ceta explorers Company Limited),,,,,,,,,2023-04-11,,2023,4,11,Line Transect Survey (Aerial Netting | Sweeping Net Method | Hand Sorting Method | Sieving Method),Asia,Taiwan,TW,Mianhua Islet,,,25.48483,122.10535,EPSG:4326,400,1e-05,Discomyza,,KL_Insect_0000292,9781,t0018803,Discomyza,Animalia,genus,渚蠅,accepted,
2023-04-11_Insect_HumanObservation_010,HumanObservation,,2023-04-11_Insect_HumanObservation_010,研海生態顧問股份有限公司 (Ceta explorers Company Limited),,,,,,,,,2023-04-11,,2023,4,11,Line Transect Survey (Aerial Netting | Sweeping Net Method | Hand Sorting Method | Sieving Method),Asia,Taiwan,TW,Mianhua Islet,,,25.48483,122.10535,EPSG:4326,400,1e-05,Pieris rapae crucivora,Identified to subspecies level based on the known local distribution.,KL_Insect_0000012,35222,t0084965,Pieris rapae crucivora,Animalia,subspecies,白粉蝶,accepted,菜粉蝶 | 菜白蝶 | 日本紋白蝶 | 紋白蝶
2023-04-11_Insect_HumanObservation_011,HumanObservation,,2023-04-11_Insect_HumanObservation_011,研海生態顧問股份有限公司 (Ceta explorers Company Limited),,,,,,,,,2023-04-11,,2023,4,11,Line Transect Survey (Aerial Netting | Sweeping Net Method | Hand Sorting Method | Sieving Method),Asia,Taiwan,TW,Mianhua Islet,,,25.48483,122.10535,EPSG:4326,400,1e-05,Zizeeria maha,,KL_Insect_0000294,34721,t0096727,Zizeeria maha,Animalia,species,藍灰蝶,accepted,
2023-04-11_Insect_HumanObservation_012,HumanObservation,,2023-04-11_Insect_HumanObservation_012,研海生態顧問股份有限公司 (Ceta explorers Company Limited),,,,,,,,,2023-04-11,,2023,4,11,Line Transect Survey (Aerial Netting | Sweeping Net Method | Hand Sorting Method | Sieving Method),Asia,Taiwan,TW,Mianhua Islet,,,25.48483,122.10535,EPSG:4326,400,1e-05,Scopula,,KL_Insect_0000041,17796,t0016245,Scopula,Animalia,genus,岩尺蛾屬,accepted,
2023-04-11_Insect_HumanObservation_013,HumanObservation,,2023-04-11_Insect_HumanObservation_013,研海生態顧問股份有限公司 (Ceta explorers Company Limited),,,,,,,,,2023-04-11,,2023,4,11,Line Transect Survey (Aerial Netting | Sweeping Net Method | Hand Sorting Method | Sieving Method),Asia,Taiwan,TW,Mianhua Islet,,,25.48483,122.10535,EPSG:4326,400,1e-05,Gigantothrips,,KL_Insect_0000295,11114,t0020105,Gigantothrips,Animalia,genus,瘦管薊馬屬,accepted,
2023-07-11_Insect_HumanObservation_014,HumanObservation,,2023-07-11_Insect_HumanObservation_014,研海生態顧問股份有限公司 (Ceta explorers Company Limited),,,,,,,,,2023-07-11,,2023,7,11,Line Transect Survey (Aerial Netting | Sweeping Net Method | Hand Sorting Method | Sieving Method),Asia,Taiwan,TW,Mianhua Islet,,,25.48483,122.10535,EPSG:4326,400,1e-05,Cicadellidae,,KL_Insect_0000161,3699,t0005633,Cicadellidae,Animalia,family,葉蟬科,accepted,
2023-07-11_Insect_HumanObservation_015,HumanObservation,,2023-07-11_Insect_HumanObservation_015,研海生態顧問股份有限公司 (Ceta explorers Company Limited),,,,,,,,,2023-07-11,,2023,7,11,Line Transect Survey (Aerial Netting | Sweeping Net Method | Hand Sorting Method | Sieving Method),Asia,Taiwan,TW,Mianhua Islet,,,25.48483,122.10535,EPSG:4326,400,1e-05,Agonoscelis nubilis,,KL_Insect_0000072,62585,t0070594,Agonoscelis nubilis,Animalia,species,雲蝽,accepted,雲椿象
2023-07-11_Insect_HumanObservation_016,HumanObservation,,2023-07-11_Insect_HumanObservation_016,研海生態顧問股份有限公司 (Ceta explorers Company Limited),,,,,,,,,2023-07-11,,2023,7,11,Line Transect Survey (Aerial Netting | Sweeping Net Method | Hand Sorting Method | Sieving Method),Asia,Taiwan,TW,Mianhua Islet,,,25.48483,122.10535,EPSG:4326,400,1e-05,Nezara viridula,,KL_Insect_0000073,80891,t0031136,Nezara viridula,Animalia,species,稻綠蝽,accepted,
2023-07-11_Insect_HumanObservation_017,HumanObservation,,2023-07-11_Insect_HumanObservation_017,研海生態顧問股份有限公司 (Ceta explorers Company Limited),,,,,,,,,2023-07-11,,2023,7,11,Line Transect Survey (Aerial Netting | Sweeping Net Method | Hand Sorting Method | Sieving Method),Asia,Taiwan,TW,Mianhua Islet,,,25.48483,122.10535,EPSG:4326,400,1e-05,Riptortus pedestris,,KL_Insect_0000052,86514,t0037922,Riptortus pedestris,Animalia,species,點蜂緣蝽,accepted,
2023-07-11_Insect_HumanObservation_018,HumanObservation,,2023-07-11_Insect_HumanObservation_018,研海生態顧問股份有限公司 (Ceta explorers Company Limited),,,,,,,,,2023-07-11,,2023,7,11,Line Transect Survey (Aerial Netting | Sweeping Net Method | Hand Sorting Method | Sieving Method),Asia,Taiwan,TW,Mianhua Islet,,,25.48483,122.10535,EPSG:4326,400,1e-05,Acanthocoris scaber,,KL_Insect_0000056,61902,t0057527,Acanthocoris scaber,Animalia,species,瘤緣蝽,accepted,
2023-07-11_Insect_HumanObservation_019,HumanObservation,,2023-07-11_Insect_HumanObservation_019,研海生態顧問股份有限公司 (Ceta explorers Company Limited),,,,,,,,,2023-07-11,,2023,7,11,Line Transect Survey (Aerial Netting | Sweeping Net Method | Hand Sorting Method | Sieving Method),Asia,Taiwan,TW,Mianhua Islet,,,25.48483,122.10535,EPSG:4326,400,1e-05,Telocoris,,KL_Insect_0000062,287191,t0135469,Telocoris,Animalia,genus,地長蝽,accepted,
2023-07-11_Insect_HumanObservation_020,HumanObservation,,2023-07-11_Insect_HumanObservation_020,研海生態顧問股份有限公司 (Ceta explorers Company Limited),,,,,,,,,2023-07-11,,2023,7,11,Line Transect Survey (Aerial Netting | Sweeping Net Method | Hand Sorting Method | Sieving Method),Asia,Taiwan,TW,Mianhua Islet,,,25.48483,122.10535,EPSG:4326,400,1e-05,Geotomus,,KL_Insect_0000063,285571,t0130036,Geotomus,Animalia,genus,地土蝽屬,accepted,
2023-07-11_Insect_HumanObservation_021,HumanObservation,,2023-07-11_Insect_HumanObservation_021,研海生態顧問股份有限公司 (Ceta explorers Company Limited),,,,,,,,,2023-07-11,,2023,7,11,Line Transect Survey (Aerial Netting | Sweeping Net Method | Hand Sorting Method | Sieving Method),Asia,Taiwan,TW,Mianhua Islet,,,25.48483,122.10535,EPSG:4326,400,1e-05,Aiolopus thalassinus tamulus,Identified to subspecies level based on the known local distribution.,KL_Insect_0000144,92373,t0085206,Aiolopus thalassinus tamulus,Animalia,subspecies,斑蝗,accepted,
2023-07-11_Insect_HumanObservation_022,HumanObservation,,2023-07-11_Insect_HumanObservation_022,研海生態顧問股份有限公司 (Ceta explorers Company Limited),,,,,,,,,2023-07-11,,2023,7,11,Line Transect Survey (Aerial Netting | Sweeping Net Method | Hand Sorting Method | Sieving Method),Asia,Taiwan,TW,Mianhua Islet,,,25.48483,122.10535,EPSG:4326,400,1e-05,Trilophidia annulata,,KL_Insect_0000083,90830,t0047928,Trilophidia annulata,Animalia,species,疣蝗,accepted,
2023-07-11_Insect_HumanObservation_023,HumanObservation,,2023-07-11_Insect_HumanObservation_023,研海生態顧問股份有限公司 (Ceta explorers Company Limited),,,,,,,,,2023-07-11,,2023,7,11,Line Transect Survey (Aerial Netting | Sweeping Net Method | Hand Sorting Method | Sieving Method),Asia,Taiwan,TW,Mianhua Islet,,,25.48483,122.10535,EPSG:4326,400,1e-05,Acrida,,KL_Insect_0000275,5984,t0009370,Acrida,Animalia,genus,劍角蝗屬,accepted,
2023-07-11_Insect_HumanObservation_024,HumanObservation,,2023-07-11_Insect_HumanObservation_024,研海生態顧問股份有限公司 (Ceta explorers Company Limited),,,,,,,,,2023-07-11,,2023,7,11,Line Transect Survey (Aerial Netting | Sweeping Net Method | Hand Sorting Method | Sieving Method),Asia,Taiwan,TW,Mianhua Islet,,,25.48483,122.10535,EPSG:4326,400,1e-05,Ornebius bimaculatus,,KL_Insect_0000257,81846,t0082445,Ornebius bimaculatus,Animalia,species,二斑奧蟋,accepted,
2023-07-11_Insect_HumanObservation_025,HumanObservation,,2023-07-11_Insect_HumanObservation_025,研海生態顧問股份有限公司 (Ceta explorers Company Limited),,,,,,,,,2023-07-11,,2023,7,11,Line Transect Survey (Aerial Netting | Sweeping Net Method | Hand Sorting Method | Sieving Method),Asia,Taiwan,TW,Mianhua Islet,,,25.48483,122.10535,EPSG:4326,400,1e-05,Gryllidae,,KL_Insect_0000172,4144,t0006071,Gryllidae,Animalia,family,蟋蟀科,accepted,
2023-07-11_Insect_HumanObservation_026,HumanObservation,,2023-07-11_Insect_HumanObservation_026,研海生態顧問股份有限公司 (Ceta explorers Company Limited),,,,,,,,,2023-07-11,,2023,7,11,Line Transect Survey (Aerial Netting | Sweeping Net Method | Hand Sorting Method | Sieving Method),Asia,Taiwan,TW,Mianhua Islet,,,25.48483,122.10535,EPSG:4326,400,1e-05,Eobia chinensis chinensis,Identified to subspecies level based on the known local distribution.,KL_Insect_0000184,92880,t0085627,Eobia chinensis chinensis,Animalia,subspecies,黑尾擬天牛,accepted,
2023-07-11_Insect_HumanObservation_027,HumanObservation,,2023-07-11_Insect_HumanObservation_027,研海生態顧問股份有限公司 (Ceta explorers Company Limited),,,,,,,,,2023-07-11,,2023,7,11,Line Transect Survey (Aerial Netting | Sweeping Net Method | Hand Sorting Method | Sieving Method),Asia,Taiwan,TW,Mianhua Islet,,,25.48483,122.10535,EPSG:4326,400,1e-05,Protaetia orientalis sakaii,Identified to subspecies level based on the known local distribution.,KL_Insect_0000105,93551,t0086159,Protaetia orientalis sakaii,Animalia,subspecies,東方白點花金龜,accepted,
2023-07-11_Insect_HumanObservation_028,HumanObservation,,2023-07-11_Insect_HumanObservation_028,研海生態顧問股份有限公司 (Ceta explorers Company Limited),,,,,,,,,2023-07-11,,2023,7,11,Line Transect Survey (Aerial Netting | Sweeping Net Method | Hand Sorting Method | Sieving Method),Asia,Taiwan,TW,Mianhua Islet,,,25.48483,122.10535,EPSG:4326,400,1e-05,Gonocephalum,,KL_Insect_0000107,11248,t0020235,Gonocephalum,Animalia,genus,潛砂蟲屬,accepted,
2023-07-11_Insect_HumanObservation_029,HumanObservation,,2023-07-11_Insect_HumanObservation_029,研海生態顧問股份有限公司 (Ceta explorers Company Limited),,,,,,,,,2023-07-11,,2023,7,11,Line Transect Survey (Aerial Netting | Sweeping Net Method | Hand Sorting Method | Sieving Method),Asia,Taiwan,TW,Mianhua Islet,,,25.48483,122.10535,EPSG:4326,400,1e-05,Agrypnus sakaguchii,,KL_Insect_0000108,62686,t0070692,Agrypnus sakaguchii,Animalia,species,小褐鏽叩頭蟲,accepted,
2023-07-11_Insect_HumanObservation_030,HumanObservation,,2023-07-11_Insect_HumanObservation_030,研海生態顧問股份有限公司 (Ceta explorers Company Limited),,,,,,,,,2023-07-11,,2023,7,11,Line Transect Survey (Aerial Netting | Sweeping Net Method | Hand Sorting Method | Sieving Method),Asia,Taiwan,TW,Mianhua Islet,,,25.48483,122.10535,EPSG:4326,400,1e-05,Megachile,,KL_Insect_0000296,13469,t0022395,Megachile,Animalia,genus,切葉蜂屬,accepted,
2023-07-11_Insect_HumanObservation_031,HumanObservation,,2023-07-11_Insect_HumanObservation_031,研海生態顧問股份有限公司 (Ceta explorers Company Limited),,,,,,,,,2023-07-11,,2023,7,11,Line Transect Survey (Aerial Netting | Sweeping Net Method | Hand Sorting Method | Sieving Method),Asia,Taiwan,TW,Mianhua Islet,,,25.48483,122.10535,EPSG:4326,400,1e-05,Braunsapis,,KL_Insect_0000222,7689,t0011051,Braunsapis,Animalia,genus,小蘆蜂屬,accepted,蘆蜂屬
2023-07-11_Insect_HumanObservation_032,HumanObservation,,2023-07-11_Insect_HumanObservation_032,研海生態顧問股份有限公司 (Ceta explorers Company Limited),,,,,,,,,2023-07-11,,2023,7,11,Line Transect Survey (Aerial Netting | Sweeping Net Method | Hand Sorting Method | Sieving Method),Asia,Taiwan,TW,Mianhua Islet,,,25.48483,122.10535,EPSG:4326,400,1e-05,Hylaeus,,KL_Insect_0000223,11969,t0020935,Hylaeus,Animalia,genus,面具蜂屬,accepted,面花蜂屬
2023-07-11_Insect_HumanObservation_033,HumanObservation,,2023-07-11_Insect_HumanObservation_033,研海生態顧問股份有限公司 (Ceta explorers Company Limited),,,,,,,,,2023-07-11,,2023,7,11,Line Transect Survey (Aerial Netting | Sweeping Net Method | Hand Sorting Method | Sieving Method),Asia,Taiwan,TW,Mianhua Islet,,,25.48483,122.10535,EPSG:4326,400,1e-05,Tetramorium bicarinatum,,KL_Insect_0000123,89888,t0047090,Tetramorium bicarinatum,Animalia,species,雙脊皺家蟻,accepted,
2023-07-11_Insect_HumanObservation_034,HumanObservation,,2023-07-11_Insect_HumanObservation_034,研海生態顧問股份有限公司 (Ceta explorers Company Limited),,,,,,,,,2023-07-11,,2023,7,11,Line Transect Survey (Aerial Netting | Sweeping Net Method | Hand Sorting Method | Sieving Method),Asia,Taiwan,TW,Mianhua Islet,,,25.48483,122.10535,EPSG:4326,400,1e-05,Cardiocondyla minutior,,KL_Insect_0000121,66623,t0077451,Cardiocondyla minutior,Animalia,species,小瘤突家蟻,accepted,
2023-07-11_Insect_HumanObservation_035,HumanObservation,,2023-07-11_Insect_HumanObservation_035,研海生態顧問股份有限公司 (Ceta explorers Company Limited),,,,,,,,,2023-07-11,,2023,7,11,Line Transect Survey (Aerial Netting | Sweeping Net Method | Hand Sorting Method | Sieving Method),Asia,Taiwan,TW,Mianhua Islet,,,25.48483,122.10535,EPSG:4326,400,1e-05,Monomorium chinense,,KL_Insect_0000122,79590,t0080440,Monomorium chinense,Animalia,species,中華單家蟻,accepted,
2023-07-11_Insect_HumanObservation_036,HumanObservation,,2023-07-11_Insect_HumanObservation_036,研海生態顧問股份有限公司 (Ceta explorers Company Limited),,,,,,,,,2023-07-11,,2023,7,11,Line Transect Survey (Aerial Netting | Sweeping Net Method | Hand Sorting Method | Sieving Method),Asia,Taiwan,TW,Mianhua Islet,,,25.48483,122.10535,EPSG:4326,400,1e-05,Ochetellus glaber,,KL_Insect_0000126,81256,t0081925,Ochetellus glaber,Animalia,species,光滑管琉璃蟻,accepted,
2023-07-11_Insect_HumanObservation_037,HumanObservation,,2023-07-11_Insect_HumanObservation_037,研海生態顧問股份有限公司 (Ceta explorers Company Limited),,,,,,,,,2023-07-11,,2023,7,11,Line Transect Survey (Aerial Netting | Sweeping Net Method | Hand Sorting Method | Sieving Method),Asia,Taiwan,TW,Mianhua Islet,,,25.48483,122.10535,EPSG:4326,400,1e-05,Pheidole fervens,,KL_Insect_0000119,83577,t0083976,Pheidole fervens,Animalia,species,熱烈大頭家蟻,accepted,
2023-07-11_Insect_HumanObservation_038,HumanObservation,,2023-07-11_Insect_HumanObservation_038,研海生態顧問股份有限公司 (Ceta explorers Company Limited),,,,,,,,,2023-07-11,,2023,7,11,Line Transect Survey (Aerial Netting | Sweeping Net Method | Hand Sorting Method | Sieving Method),Asia,Taiwan,TW,Mianhua Islet,,,25.48483,122.10535,EPSG:4326,400,1e-05,Nylanderia ryukyuensis,,KL_Insect_0000124,298339,t0132389,Nylanderia ryukyuensis,Animalia,species,琉球尼蘭德山蟻,accepted,
2023-07-11_Insect_HumanObservation_039,HumanObservation,,2023-07-11_Insect_HumanObservation_039,研海生態顧問股份有限公司 (Ceta explorers Company Limited),,,,,,,,,2023-07-11,,2023,7,11,Line Transect Survey (Aerial Netting | Sweeping Net Method | Hand Sorting Method | Sieving Method),Asia,Taiwan,TW,Mianhua Islet,,,25.48483,122.10535,EPSG:4326,400,1e-05,Pycnoscelus surinamensis,,KL_Insect_0000077,85962,t0037458,Pycnoscelus surinamensis,Animalia,species,蘇利南潛蠊,accepted,
2023-07-11_Insect_HumanObservation_040,HumanObservation,,2023-07-11_Insect_HumanObservation_040,研海生態顧問股份有限公司 (Ceta explorers Company Limited),,,,,,,,,2023-07-11,,2023,7,11,Line Transect Survey (Aerial Netting | Sweeping Net Method | Hand Sorting Method | Sieving Method),Asia,Taiwan,TW,Mianhua Islet,,,25.48483,122.10535,EPSG:4326,400,1e-05,Validiblatta australasiae,,KL_Insect_0000079,267217,t0031741,Validiblatta australasiae,Animalia,species,澳洲家蠊,accepted,
2023-07-11_Insect_HumanObservation_041,HumanObservation,,2023-07-11_Insect_HumanObservation_041,研海生態顧問股份有限公司 (Ceta explorers Company Limited),,,,,,,,,2023-07-11,,2023,7,11,Line Transect Survey (Aerial Netting | Sweeping Net Method | Hand Sorting Method | Sieving Method),Asia,Taiwan,TW,Mianhua Islet,,,25.48483,122.10535,EPSG:4326,400,1e-05,Lepismatidae,,KL_Insect_0000158,4352,t0003994,Lepismatidae,Animalia,family,衣魚科,accepted,
2023-07-11_Insect_HumanObservation_042,HumanObservation,,2023-07-11_Insect_HumanObservation_042,研海生態顧問股份有限公司 (Ceta explorers Company Limited),,,,,,,,,2023-07-11,,2023,7,11,Line Transect Survey (Aerial Netting | Sweeping Net Method | Hand Sorting Method | Sieving Method),Asia,Taiwan,TW,Mianhua Islet,,,25.48483,122.10535,EPSG:4326,400,1e-05,Paragus crenulatus,,KL_Insect_0000297,82610,t0083138,Paragus crenulatus,Animalia,species,澳亞蚜蠅,accepted,
2023-07-11_Insect_HumanObservation_043,HumanObservation,,2023-07-11_Insect_HumanObservation_043,研海生態顧問股份有限公司 (Ceta explorers Company Limited),,,,,,,,,2023-07-11,,2023,7,11,Line Transect Survey (Aerial Netting | Sweeping Net Method | Hand Sorting Method | Sieving Method),Asia,Taiwan,TW,Mianhua Islet,,,25.48483,122.10535,EPSG:4326,400,1e-05,Ischiodon scutellaris,,KL_Insect_0000113,75735,t0027126,Ischiodon scutellaris,Animalia,species,短刺蚜蠅,accepted,
2023-07-11_Insect_HumanObservation_044,HumanObservation,,2023-07-11_Insect_HumanObservation_044,研海生態顧問股份有限公司 (Ceta explorers Company Limited),,,,,,,,,2023-07-11,,2023,7,11,Line Transect Survey (Aerial Netting | Sweeping Net Method | Hand Sorting Method | Sieving Method),Asia,Taiwan,TW,Mianhua Islet,,,25.48483,122.10535,EPSG:4326,400,1e-05,Dioxyna sororcula,,KL_Insect_0000112,70514,t0031052,Dioxyna sororcula,Animalia,species,長鞘寬頭實蠅,accepted,
2023-07-11_Insect_HumanObservation_045,HumanObservation,,2023-07-11_Insect_HumanObservation_045,研海生態顧問股份有限公司 (Ceta explorers Company Limited),,,,,,,,,2023-07-11,,2023,7,11,Line Transect Survey (Aerial Netting | Sweeping Net Method | Hand Sorting Method | Sieving Method),Asia,Taiwan,TW,Mianhua Islet,,,25.48483,122.10535,EPSG:4326,400,1e-05,Pantala flavescens,,KL_Insect_0000048,82387,t0082932,Pantala flavescens,Animalia,species,薄翅蜻蜓,accepted,
2023-07-11_Insect_HumanObservation_046,HumanObservation,,2023-07-11_Insect_HumanObservation_046,研海生態顧問股份有限公司 (Ceta explorers Company Limited),,,,,,,,,2023-07-11,,2023,7,11,Line Transect Survey (Aerial Netting | Sweeping Net Method | Hand Sorting Method | Sieving Method),Asia,Taiwan,TW,Mianhua Islet,,,25.48483,122.10535,EPSG:4326,400,1e-05,Zizeeria maha okinawana,,KL_Insect_0000002,35344,t0085052,Zizeeria maha okinawana,Animalia,subspecies,沖繩小灰蝶,accepted,毛眼灰蝶 | 柞灰蝶 | 酢醬灰蝶 | 小型小灰蝶 | 大和小灰蝶 | 藍灰蝶
2023-07-11_Insect_HumanObservation_047,HumanObservation,,2023-07-11_Insect_HumanObservation_047,研海生態顧問股份有限公司 (Ceta explorers Company Limited),,,,,,,,,2023-07-11,,2023,7,11,Line Transect Survey (Aerial Netting | Sweeping Net Method | Hand Sorting Method | Sieving Method),Asia,Taiwan,TW,Mianhua Islet,,,25.48483,122.10535,EPSG:4326,400,1e-05,Lampides boeticus,,KL_Insect_0000001,36747,t0027297,Lampides boeticus,Animalia,species,豆波灰蝶,accepted,
2023-07-11_Insect_HumanObservation_048,HumanObservation,,2023-07-11_Insect_HumanObservation_048,研海生態顧問股份有限公司 (Ceta explorers Company Limited),,,,,,,,,2023-07-11,,2023,7,11,Line Transect Survey (Aerial Netting | Sweeping Net Method | Hand Sorting Method | Sieving Method),Asia,Taiwan,TW,Mianhua Islet,,,25.48483,122.10535,EPSG:4326,400,1e-05,Catopsilia pomona pomona,Identified to subspecies level based on the known local distribution.,KL_Insect_0000210,34849,t0030200,Catopsilia pomona pomona,Animalia,subspecies,遷粉蝶,accepted,果神蝶 | 無紋淡黃蝶 | 銀紋淡黃蝶 | 淡黃蝶 | 淺紋淡黃粉蝶 | 銀紋淡黃粉蝶 | 鐵刀木粉蝶 | 遷飛粉蝶
2023-07-11_Insect_HumanObservation_049,HumanObservation,,2023-07-11_Insect_HumanObservation_049,研海生態顧問股份有限公司 (Ceta explorers Company Limited),,,,,,,,,2023-07-11,,2023,7,11,Line Transect Survey (Aerial Netting | Sweeping Net Method | Hand Sorting Method | Sieving Method),Asia,Taiwan,TW,Mianhua Islet,,,25.48483,122.10535,EPSG:4326,400,1e-05,Spoladea recurvalis,,KL_Insect_0000020,37877,t0033008,Spoladea recurvalis,Animalia,species,甜菜白帶野螟,accepted,甜菜白帶野螟蛾
2023-07-11_Insect_HumanObservation_050,HumanObservation,,2023-07-11_Insect_HumanObservation_050,研海生態顧問股份有限公司 (Ceta explorers Company Limited),,,,,,,,,2023-07-11,,2023,7,11,Line Transect Survey (Aerial Netting | Sweeping Net Method | Hand Sorting Method | Sieving Method),Asia,Taiwan,TW,Mianhua Islet,,,25.48483,122.10535,EPSG:4326,400,1e-05,Scopula,,KL_Insect_0000041,17796,t0016245,Scopula,Animalia,genus,岩尺蛾屬,accepted,
2023-08-21_Insect_HumanObservation_051,HumanObservation,,2023-08-21_Insect_HumanObservation_051,研海生態顧問股份有限公司 (Ceta explorers Company Limited),,,,,,,,,2023-08-21,,2023,8,21,Line Transect Survey (Aerial Netting | Sweeping Net Method | Hand Sorting Method | Sieving Method),Asia,Taiwan,TW,Mianhua Islet,,,25.48483,122.10535,EPSG:4326,400,1e-05,Pantala flavescens,,KL_Insect_0000048,82387,t0082932,Pantala flavescens,Animalia,species,薄翅蜻蜓,accepted,
2023-08-21_Insect_HumanObservation_052,HumanObservation,,2023-08-21_Insect_HumanObservation_052,研海生態顧問股份有限公司 (Ceta explorers Company Limited),,,,,,,,,2023-08-21,,2023,8,21,Line Transect Survey (Aerial Netting | Sweeping Net Method | Hand Sorting Method | Sieving Method),Asia,Taiwan,TW,Mianhua Islet,,,25.48483,122.10535,EPSG:4326,400,1e-05,Zizeeria maha okinawana,,KL_Insect_0000002,35344,t0085052,Zizeeria maha okinawana,Animalia,subspecies,沖繩小灰蝶,accepted,毛眼灰蝶 | 柞灰蝶 | 酢醬灰蝶 | 小型小灰蝶 | 大和小灰蝶 | 藍灰蝶
2023-08-21_Insect_HumanObservation_053,HumanObservation,,2023-08-21_Insect_HumanObservation_053,研海生態顧問股份有限公司 (Ceta explorers Company Limited),,,,,,,,,2023-08-21,,2023,8,21,Line Transect Survey (Aerial Netting | Sweeping Net Method | Hand Sorting Method | Sieving Method),Asia,Taiwan,TW,Mianhua Islet,,,25.48483,122.10535,EPSG:4326,400,1e-05,Agrypnus sakaguchii,,KL_Insect_0000108,62686,t0070692,Agrypnus sakaguchii,Animalia,species,小褐鏽叩頭蟲,accepted,
2023-08-21_Insect_HumanObservation_054,HumanObservation,,2023-08-21_Insect_HumanObservation_054,研海生態顧問股份有限公司 (Ceta explorers Company Limited),,,,,,,,,2023-08-21,,2023,8,21,Line Transect Survey (Aerial Netting | Sweeping Net Method | Hand Sorting Method | Sieving Method),Asia,Taiwan,TW,Mianhua Islet,,,25.48483,122.10535,EPSG:4326,400,1e-05,Eobia chinensis chinensis,Identified to subspecies level based on the known local distribution.,KL_Insect_0000184,92880,t0085627,Eobia chinensis chinensis,Animalia,subspecies,黑尾擬天牛,accepted,
2023-08-21_Insect_HumanObservation_055,HumanObservation,,2023-08-21_Insect_HumanObservation_055,研海生態顧問股份有限公司 (Ceta explorers Company Limited),,,,,,,,,2023-08-21,,2023,8,21,Line Transect Survey (Aerial Netting | Sweeping Net Method | Hand Sorting Method | Sieving Method),Asia,Taiwan,TW,Mianhua Islet,,,25.48483,122.10535,EPSG:4326,400,1e-05,Gonocephalum,,KL_Insect_0000107,11248,t0020235,Gonocephalum,Animalia,genus,潛砂蟲屬,accepted,
2023-08-21_Insect_HumanObservation_056,HumanObservation,,2023-08-21_Insect_HumanObservation_056,研海生態顧問股份有限公司 (Ceta explorers Company Limited),,,,,,,,,2023-08-21,,2023,8,21,Line Transect Survey (Aerial Netting | Sweeping Net Method | Hand Sorting Method | Sieving Method),Asia,Taiwan,TW,Mianhua Islet,,,25.48483,122.10535,EPSG:4326,400,1e-05,Scymnus fuscatus,,KL_Insect_0000298,87347,t0032748,Scymnus fuscatus,Animalia,species,棕色毛瓢蟲,accepted,
2023-08-21_Insect_HumanObservation_057,HumanObservation,,2023-08-21_Insect_HumanObservation_057,研海生態顧問股份有限公司 (Ceta explorers Company Limited),,,,,,,,,2023-08-21,,2023,8,21,Line Transect Survey (Aerial Netting | Sweeping Net Method | Hand Sorting Method | Sieving Method),Asia,Taiwan,TW,Mianhua Islet,,,25.48483,122.10535,EPSG:4326,400,1e-05,Nitidulidae,,KL_Insect_0000299,4636,t0004158,Nitidulidae,Animalia,family,出尾蟲科,accepted,
2023-08-21_Insect_HumanObservation_058,HumanObservation,,2023-08-21_Insect_HumanObservation_058,研海生態顧問股份有限公司 (Ceta explorers Company Limited),,,,,,,,,2023-08-21,,2023,8,21,Line Transect Survey (Aerial Netting | Sweeping Net Method | Hand Sorting Method | Sieving Method),Asia,Taiwan,TW,Mianhua Islet,,,25.48483,122.10535,EPSG:4326,400,1e-05,Ischiodon scutellaris,,KL_Insect_0000113,75735,t0027126,Ischiodon scutellaris,Animalia,species,短刺蚜蠅,accepted,
2023-08-21_Insect_HumanObservation_059,HumanObservation,,2023-08-21_Insect_HumanObservation_059,研海生態顧問股份有限公司 (Ceta explorers Company Limited),,,,,,,,,2023-08-21,,2023,8,21,Line Transect Survey (Aerial Netting | Sweeping Net Method | Hand Sorting Method | Sieving Method),Asia,Taiwan,TW,Mianhua Islet,,,25.48483,122.10535,EPSG:4326,400,1e-05,Eristalinus,,KL_Insect_0000115,10397,t0019407,Eristalinus,Animalia,genus,斑眼蚜蠅屬,accepted,寶玉蚜蠅屬
2023-08-21_Insect_HumanObservation_060,HumanObservation,,2023-08-21_Insect_HumanObservation_060,研海生態顧問股份有限公司 (Ceta explorers Company Limited),,,,,,,,,2023-08-21,,2023,8,21,Line Transect Survey (Aerial Netting | Sweeping Net Method | Hand Sorting Method | Sieving Method),Asia,Taiwan,TW,Mianhua Islet,,,25.48483,122.10535,EPSG:4326,400,1e-05,Aiolopus thalassinus tamulus,Identified to subspecies level based on the known local distribution.,KL_Insect_0000144,92373,t0085206,Aiolopus thalassinus tamulus,Animalia,subspecies,斑蝗,accepted,
2023-08-21_Insect_HumanObservation_061,HumanObservation,,2023-08-21_Insect_HumanObservation_061,研海生態顧問股份有限公司 (Ceta explorers Company Limited),,,,,,,,,2023-08-21,,2023,8,21,Line Transect Survey (Aerial Netting | Sweeping Net Method | Hand Sorting Method | Sieving Method),Asia,Taiwan,TW,Mianhua Islet,,,25.48483,122.10535,EPSG:4326,400,1e-05,Trilophidia annulata,,KL_Insect_0000083,90830,t0047928,Trilophidia annulata,Animalia,species,疣蝗,accepted,
2023-08-21_Insect_HumanObservation_062,HumanObservation,,2023-08-21_Insect_HumanObservation_062,研海生態顧問股份有限公司 (Ceta explorers Company Limited),,,,,,,,,2023-08-21,,2023,8,21,Line Transect Survey (Aerial Netting | Sweeping Net Method | Hand Sorting Method | Sieving Method),Asia,Taiwan,TW,Mianhua Islet,,,25.48483,122.10535,EPSG:4326,400,1e-05,Myrmecophilus quadrispinus,,KL_Insect_0000248,245717,t0106082,Myrmecophilus quadrispinus,Animalia,species,蓬萊蟻蟋,accepted,
2023-08-21_Insect_HumanObservation_063,HumanObservation,,2023-08-21_Insect_HumanObservation_063,研海生態顧問股份有限公司 (Ceta explorers Company Limited),,,,,,,,,2023-08-21,,2023,8,21,Line Transect Survey (Aerial Netting | Sweeping Net Method | Hand Sorting Method | Sieving Method),Asia,Taiwan,TW,Mianhua Islet,,,25.48483,122.10535,EPSG:4326,400,1e-05,Ornebius bimaculatus,,KL_Insect_0000257,81846,t0082445,Ornebius bimaculatus,Animalia,species,二斑奧蟋,accepted,
2023-08-21_Insect_HumanObservation_064,HumanObservation,,2023-08-21_Insect_HumanObservation_064,研海生態顧問股份有限公司 (Ceta explorers Company Limited),,,,,,,,,2023-08-21,,2023,8,21,Line Transect Survey (Aerial Netting | Sweeping Net Method | Hand Sorting Method | Sieving Method),Asia,Taiwan,TW,Mianhua Islet,,,25.48483,122.10535,EPSG:4326,400,1e-05,Validiblatta australasiae,,KL_Insect_0000079,267217,t0031741,Validiblatta australasiae,Animalia,species,澳洲家蠊,accepted,
2023-08-21_Insect_HumanObservation_065,HumanObservation,,2023-08-21_Insect_HumanObservation_065,研海生態顧問股份有限公司 (Ceta explorers Company Limited),,,,,,,,,2023-08-21,,2023,8,21,Line Transect Survey (Aerial Netting | Sweeping Net Method | Hand Sorting Method | Sieving Method),Asia,Taiwan,TW,Mianhua Islet,,,25.48483,122.10535,EPSG:4326,400,1e-05,Blattella,,KL_Insect_0000078,7537,t0006923,Blattella,Animalia,genus,姬蠊屬,accepted,
2023-08-21_Insect_HumanObservation_066,HumanObservation,,2023-08-21_Insect_HumanObservation_066,研海生態顧問股份有限公司 (Ceta explorers Company Limited),,,,,,,,,2023-08-21,,2023,8,21,Line Transect Survey (Aerial Netting | Sweeping Net Method | Hand Sorting Method | Sieving Method),Asia,Taiwan,TW,Mianhua Islet,,,25.48483,122.10535,EPSG:4326,400,1e-05,Pycnoscelus surinamensis,,KL_Insect_0000077,85962,t0037458,Pycnoscelus surinamensis,Animalia,species,蘇利南潛蠊,accepted,
2023-08-21_Insect_HumanObservation_067,HumanObservation,,2023-08-21_Insect_HumanObservation_067,研海生態顧問股份有限公司 (Ceta explorers Company Limited),,,,,,,,,2023-08-21,,2023,8,21,Line Transect Survey (Aerial Netting | Sweeping Net Method | Hand Sorting Method | Sieving Method),Asia,Taiwan,TW,Mianhua Islet,,,25.48483,122.10535,EPSG:4326,400,1e-05,Agonoscelis nubilis,,KL_Insect_0000072,62585,t0070594,Agonoscelis nubilis,Animalia,species,雲蝽,accepted,雲椿象
2023-08-21_Insect_HumanObservation_068,HumanObservation,,2023-08-21_Insect_HumanObservation_068,研海生態顧問股份有限公司 (Ceta explorers Company Limited),,,,,,,,,2023-08-21,,2023,8,21,Line Transect Survey (Aerial Netting | Sweeping Net Method | Hand Sorting Method | Sieving Method),Asia,Taiwan,TW,Mianhua Islet,,,25.48483,122.10535,EPSG:4326,400,1e-05,Acanthocoris scaber,,KL_Insect_0000056,61902,t0057527,Acanthocoris scaber,Animalia,species,瘤緣蝽,accepted,
2023-08-21_Insect_HumanObservation_069,HumanObservation,,2023-08-21_Insect_HumanObservation_069,研海生態顧問股份有限公司 (Ceta explorers Company Limited),,,,,,,,,2023-08-21,,2023,8,21,Line Transect Survey (Aerial Netting | Sweeping Net Method | Hand Sorting Method | Sieving Method),Asia,Taiwan,TW,Mianhua Islet,,,25.48483,122.10535,EPSG:4326,400,1e-05,Cletus trigonus,,KL_Insect_0000054,68077,t0078716,Cletus trigonus,Animalia,species,肩棘緣蝽,accepted,
2023-08-21_Insect_HumanObservation_070,HumanObservation,,2023-08-21_Insect_HumanObservation_070,研海生態顧問股份有限公司 (Ceta explorers Company Limited),,,,,,,,,2023-08-21,,2023,8,21,Line Transect Survey (Aerial Netting | Sweeping Net Method | Hand Sorting Method | Sieving Method),Asia,Taiwan,TW,Mianhua Islet,,,25.48483,122.10535,EPSG:4326,400,1e-05,Riptortus pedestris,,KL_Insect_0000052,86514,t0037922,Riptortus pedestris,Animalia,species,點蜂緣蝽,accepted,
2023-08-21_Insect_HumanObservation_071,HumanObservation,,2023-08-21_Insect_HumanObservation_071,研海生態顧問股份有限公司 (Ceta explorers Company Limited),,,,,,,,,2023-08-21,,2023,8,21,Line Transect Survey (Aerial Netting | Sweeping Net Method | Hand Sorting Method | Sieving Method),Asia,Taiwan,TW,Mianhua Islet,,,25.48483,122.10535,EPSG:4326,400,1e-05,Nylanderia ryukyuensis,,KL_Insect_0000124,298339,t0132389,Nylanderia ryukyuensis,Animalia,species,琉球尼蘭德山蟻,accepted,
2023-08-21_Insect_HumanObservation_072,HumanObservation,,2023-08-21_Insect_HumanObservation_072,研海生態顧問股份有限公司 (Ceta explorers Company Limited),,,,,,,,,2023-08-21,,2023,8,21,Line Transect Survey (Aerial Netting | Sweeping Net Method | Hand Sorting Method | Sieving Method),Asia,Taiwan,TW,Mianhua Islet,,,25.48483,122.10535,EPSG:4326,400,1e-05,Cardiocondyla kagutsuchi,,KL_Insect_0000120,66622,t0077450,Cardiocondyla kagutsuchi,Animalia,species,迦具土瘤突家蟻,accepted,
2023-08-21_Insect_HumanObservation_073,HumanObservation,,2023-08-21_Insect_HumanObservation_073,研海生態顧問股份有限公司 (Ceta explorers Company Limited),,,,,,,,,2023-08-21,,2023,8,21,Line Transect Survey (Aerial Netting | Sweeping Net Method | Hand Sorting Method | Sieving Method),Asia,Taiwan,TW,Mianhua Islet,,,25.48483,122.10535,EPSG:4326,400,1e-05,Monomorium chinense,,KL_Insect_0000122,79590,t0080440,Monomorium chinense,Animalia,species,中華單家蟻,accepted,
2023-08-21_Insect_HumanObservation_074,HumanObservation,,2023-08-21_Insect_HumanObservation_074,研海生態顧問股份有限公司 (Ceta explorers Company Limited),,,,,,,,,2023-08-21,,2023,8,21,Line Transect Survey (Aerial Netting | Sweeping Net Method | Hand Sorting Method | Sieving Method),Asia,Taiwan,TW,Mianhua Islet,,,25.48483,122.10535,EPSG:4326,400,1e-05,Pheidole fervens,,KL_Insect_0000119,83577,t0083976,Pheidole fervens,Animalia,species,熱烈大頭家蟻,accepted,
2023-08-21_Insect_HumanObservation_075,HumanObservation,,2023-08-21_Insect_HumanObservation_075,研海生態顧問股份有限公司 (Ceta explorers Company Limited),,,,,,,,,2023-08-21,,2023,8,21,Line Transect Survey (Aerial Netting | Sweeping Net Method | Hand Sorting Method | Sieving Method),Asia,Taiwan,TW,Mianhua Islet,,,25.48483,122.10535,EPSG:4326,400,1e-05,Tetramorium lanuginosum,,KL_Insect_0000226,89890,t0047092,Tetramorium lanuginosum,Animalia,species,絨毛皺家蟻,accepted,
2023-08-21_Insect_HumanObservation_076,HumanObservation,,2023-08-21_Insect_HumanObservation_076,研海生態顧問股份有限公司 (Ceta explorers Company Limited),,,,,,,,,2023-08-21,,2023,8,21,Line Transect Survey (Aerial Netting | Sweeping Net Method | Hand Sorting Method | Sieving Method),Asia,Taiwan,TW,Mianhua Islet,,,25.48483,122.10535,EPSG:4326,400,1e-05,Tetramorium bicarinatum,,KL_Insect_0000123,89888,t0047090,Tetramorium bicarinatum,Animalia,species,雙脊皺家蟻,accepted,
2023-08-21_Insect_HumanObservation_077,HumanObservation,,2023-08-21_Insect_HumanObservation_077,研海生態顧問股份有限公司 (Ceta explorers Company Limited),,,,,,,,,2023-08-21,,2023,8,21,Line Transect Survey (Aerial Netting | Sweeping Net Method | Hand Sorting Method | Sieving Method),Asia,Taiwan,TW,Mianhua Islet,,,25.48483,122.10535,EPSG:4326,400,1e-05,Synclisis kawaii,,KL_Insect_0000300,89173,t0033171,Synclisis kawaii,Animalia,species,三齒蟻蛉,accepted,
2023-08-21_Insect_HumanObservation_078,HumanObservation,,2023-08-21_Insect_HumanObservation_078,研海生態顧問股份有限公司 (Ceta explorers Company Limited),,,,,,,,,2023-08-21,,2023,8,21,Line Transect Survey (Aerial Netting | Sweeping Net Method | Hand Sorting Method | Sieving Method),Asia,Taiwan,TW,Mianhua Islet,,,25.48483,122.10535,EPSG:4326,400,1e-05,Valenzuela,,KL_Insect_0000241,19616,t0018016,Valenzuela,Animalia,genus,梵嚙蟲屬,accepted,
2024-04-01_Insect_HumanObservation_001,HumanObservation,,2024-04-01_Insect_HumanObservation_001,研海生態顧問股份有限公司 (Ceta explorers Company Limited),,,,,,,,,2024-04-01,,2024,4,1,Line Transect Survey (Aerial Netting | Sweeping Net Method | Hand Sorting Method | Sieving Method),Asia,Taiwan,TW,Mianhua Islet,,,25.48483,122.10535,EPSG:4326,400,1e-05,Pantala flavescens,,KL_Insect_0000048,82387,t0082932,Pantala flavescens,Animalia,species,薄翅蜻蜓,accepted,
2024-04-01_Insect_HumanObservation_002,HumanObservation,,2024-04-01_Insect_HumanObservation_002,研海生態顧問股份有限公司 (Ceta explorers Company Limited),,,,,,,,,2024-04-01,,2024,4,1,Line Transect Survey (Aerial Netting | Sweeping Net Method | Hand Sorting Method | Sieving Method),Asia,Taiwan,TW,Mianhua Islet,,,25.48483,122.10535,EPSG:4326,400,1e-05,Anax julius,,KL_Insect_0000043,284708,t0085241,Anax julius,Animalia,species,綠胸晏蜓,accepted,
2024-04-01_Insect_HumanObservation_003,HumanObservation,,2024-04-01_Insect_HumanObservation_003,研海生態顧問股份有限公司 (Ceta explorers Company Limited),,,,,,,,,2024-04-01,,2024,4,1,Line Transect Survey (Aerial Netting | Sweeping Net Method | Hand Sorting Method | Sieving Method),Asia,Taiwan,TW,Mianhua Islet,,,25.48483,122.10535,EPSG:4326,400,1e-05,Zizeeria maha okinawana,,KL_Insect_0000002,35344,t0085052,Zizeeria maha okinawana,Animalia,subspecies,沖繩小灰蝶,accepted,毛眼灰蝶 | 柞灰蝶 | 酢醬灰蝶 | 小型小灰蝶 | 大和小灰蝶 | 藍灰蝶
2024-04-01_Insect_HumanObservation_004,HumanObservation,,2024-04-01_Insect_HumanObservation_004,研海生態顧問股份有限公司 (Ceta explorers Company Limited),,,,,,,,,2024-04-01,,2024,4,1,Line Transect Survey (Aerial Netting | Sweeping Net Method | Hand Sorting Method | Sieving Method),Asia,Taiwan,TW,Mianhua Islet,,,25.48483,122.10535,EPSG:4326,400,1e-05,Pieris rapae crucivora,Identified to subspecies level based on the known local distribution.,KL_Insect_0000012,35222,t0084965,Pieris rapae crucivora,Animalia,subspecies,白粉蝶,accepted,菜粉蝶 | 菜白蝶 | 日本紋白蝶 | 紋白蝶
2024-04-01_Insect_HumanObservation_005,HumanObservation,,2024-04-01_Insect_HumanObservation_005,研海生態顧問股份有限公司 (Ceta explorers Company Limited),,,,,,,,,2024-04-01,,2024,4,1,Line Transect Survey (Aerial Netting | Sweeping Net Method | Hand Sorting Method | Sieving Method),Asia,Taiwan,TW,Mianhua Islet,,,25.48483,122.10535,EPSG:4326,400,1e-05,Lampides boeticus,,KL_Insect_0000001,36747,t0027297,Lampides boeticus,Animalia,species,豆波灰蝶,accepted,
2024-04-01_Insect_HumanObservation_006,HumanObservation,,2024-04-01_Insect_HumanObservation_006,研海生態顧問股份有限公司 (Ceta explorers Company Limited),,,,,,,,,2024-04-01,,2024,4,1,Line Transect Survey (Aerial Netting | Sweeping Net Method | Hand Sorting Method | Sieving Method),Asia,Taiwan,TW,Mianhua Islet,,,25.48483,122.10535,EPSG:4326,400,1e-05,Scopula,,KL_Insect_0000041,17796,t0016245,Scopula,Animalia,genus,岩尺蛾屬,accepted,
2024-04-01_Insect_HumanObservation_007,HumanObservation,,2024-04-01_Insect_HumanObservation_007,研海生態顧問股份有限公司 (Ceta explorers Company Limited),,,,,,,,,2024-04-01,,2024,4,1,Line Transect Survey (Aerial Netting | Sweeping Net Method | Hand Sorting Method | Sieving Method),Asia,Taiwan,TW,Mianhua Islet,,,25.48483,122.10535,EPSG:4326,400,1e-05,Diasemia accalis,,KL_Insect_0000025,28574,t0050601,Diasemia accalis,Animalia,species,褐紋翅野螟蛾,accepted,
2024-04-01_Insect_HumanObservation_008,HumanObservation,,2024-04-01_Insect_HumanObservation_008,研海生態顧問股份有限公司 (Ceta explorers Company Limited),,,,,,,,,2024-04-01,,2024,4,1,Line Transect Survey (Aerial Netting | Sweeping Net Method | Hand Sorting Method | Sieving Method),Asia,Taiwan,TW,Mianhua Islet,,,25.48483,122.10535,EPSG:4326,400,1e-05,Diaphania indica,,KL_Insect_0000221,36113,t0030969,Diaphania indica,Animalia,species,瓜絹野螟,accepted,瓜薄絹野螟蛾 | 瓜絹野螟蛾
2024-04-01_Insect_HumanObservation_009,HumanObservation,,2024-04-01_Insect_HumanObservation_009,研海生態顧問股份有限公司 (Ceta explorers Company Limited),,,,,,,,,2024-04-01,,2024,4,1,Line Transect Survey (Aerial Netting | Sweeping Net Method | Hand Sorting Method | Sieving Method),Asia,Taiwan,TW,Mianhua Islet,,,25.48483,122.10535,EPSG:4326,400,1e-05,Stathmopoda auriferella,,KL_Insect_0000132,33852,t0033019,Stathmopoda auriferella,Animalia,species,展足蛾,accepted,
2024-04-01_Insect_HumanObservation_010,HumanObservation,,2024-04-01_Insect_HumanObservation_010,研海生態顧問股份有限公司 (Ceta explorers Company Limited),,,,,,,,,2024-04-01,,2024,4,1,Line Transect Survey (Aerial Netting | Sweeping Net Method | Hand Sorting Method | Sieving Method),Asia,Taiwan,TW,Mianhua Islet,,,25.48483,122.10535,EPSG:4326,400,1e-05,Plutella xylostella,,KL_Insect_0000035,37469,t0057177,Plutella xylostella,Animalia,species,小菜蛾,accepted,
2024-04-01_Insect_HumanObservation_011,HumanObservation,,2024-04-01_Insect_HumanObservation_011,研海生態顧問股份有限公司 (Ceta explorers Company Limited),,,,,,,,,2024-04-01,,2024,4,1,Line Transect Survey (Aerial Netting | Sweeping Net Method | Hand Sorting Method | Sieving Method),Asia,Taiwan,TW,Mianhua Islet,,,25.48483,122.10535,EPSG:4326,400,1e-05,Braunsapis,,KL_Insect_0000222,7689,t0011051,Braunsapis,Animalia,genus,小蘆蜂屬,accepted,蘆蜂屬
2024-04-01_Insect_HumanObservation_012,HumanObservation,,2024-04-01_Insect_HumanObservation_012,研海生態顧問股份有限公司 (Ceta explorers Company Limited),,,,,,,,,2024-04-01,,2024,4,1,Line Transect Survey (Aerial Netting | Sweeping Net Method | Hand Sorting Method | Sieving Method),Asia,Taiwan,TW,Mianhua Islet,,,25.48483,122.10535,EPSG:4326,400,1e-05,Hylaeus,,KL_Insect_0000223,11969,t0020935,Hylaeus,Animalia,genus,面具蜂屬,accepted,面花蜂屬
2024-04-01_Insect_HumanObservation_013,HumanObservation,,2024-04-01_Insect_HumanObservation_013,研海生態顧問股份有限公司 (Ceta explorers Company Limited),,,,,,,,,2024-04-01,,2024,4,1,Line Transect Survey (Aerial Netting | Sweeping Net Method | Hand Sorting Method | Sieving Method),Asia,Taiwan,TW,Mianhua Islet,,,25.48483,122.10535,EPSG:4326,400,1e-05,Aphidius gifuensis,,KL_Insect_0000224,64064,t0071935,Aphidius gifuensis,Animalia,species,岐阜小繭蜂,accepted,
2024-04-01_Insect_HumanObservation_014,HumanObservation,,2024-04-01_Insect_HumanObservation_014,研海生態顧問股份有限公司 (Ceta explorers Company Limited),,,,,,,,,2024-04-01,,2024,4,1,Line Transect Survey (Aerial Netting | Sweeping Net Method | Hand Sorting Method | Sieving Method),Asia,Taiwan,TW,Mianhua Islet,,,25.48483,122.10535,EPSG:4326,400,1e-05,Ochetellus glaber,,KL_Insect_0000126,81256,t0081925,Ochetellus glaber,Animalia,species,光滑管琉璃蟻,accepted,
2024-04-01_Insect_HumanObservation_015,HumanObservation,,2024-04-01_Insect_HumanObservation_015,研海生態顧問股份有限公司 (Ceta explorers Company Limited),,,,,,,,,2024-04-01,,2024,4,1,Line Transect Survey (Aerial Netting | Sweeping Net Method | Hand Sorting Method | Sieving Method),Asia,Taiwan,TW,Mianhua Islet,,,25.48483,122.10535,EPSG:4326,400,1e-05,Monomorium chinense,,KL_Insect_0000122,79590,t0080440,Monomorium chinense,Animalia,species,中華單家蟻,accepted,
2024-04-01_Insect_HumanObservation_016,HumanObservation,,2024-04-01_Insect_HumanObservation_016,研海生態顧問股份有限公司 (Ceta explorers Company Limited),,,,,,,,,2024-04-01,,2024,4,1,Line Transect Survey (Aerial Netting | Sweeping Net Method | Hand Sorting Method | Sieving Method),Asia,Taiwan,TW,Mianhua Islet,,,25.48483,122.10535,EPSG:4326,400,1e-05,Pheidole fervens,,KL_Insect_0000119,83577,t0083976,Pheidole fervens,Animalia,species,熱烈大頭家蟻,accepted,
2024-04-01_Insect_HumanObservation_017,HumanObservation,,2024-04-01_Insect_HumanObservation_017,研海生態顧問股份有限公司 (Ceta explorers Company Limited),,,,,,,,,2024-04-01,,2024,4,1,Line Transect Survey (Aerial Netting | Sweeping Net Method | Hand Sorting Method | Sieving Method),Asia,Taiwan,TW,Mianhua Islet,,,25.48483,122.10535,EPSG:4326,400,1e-05,Nylanderia ryukyuensis,,KL_Insect_0000124,298339,t0132389,Nylanderia ryukyuensis,Animalia,species,琉球尼蘭德山蟻,accepted,
2024-04-01_Insect_HumanObservation_018,HumanObservation,,2024-04-01_Insect_HumanObservation_018,研海生態顧問股份有限公司 (Ceta explorers Company Limited),,,,,,,,,2024-04-01,,2024,4,1,Line Transect Survey (Aerial Netting | Sweeping Net Method | Hand Sorting Method | Sieving Method),Asia,Taiwan,TW,Mianhua Islet,,,25.48483,122.10535,EPSG:4326,400,1e-05,Tetramorium simillimum,,KL_Insect_0000225,89894,t0047096,Tetramorium simillimum,Animalia,species,相似皺家蟻,accepted,
2024-04-01_Insect_HumanObservation_019,HumanObservation,,2024-04-01_Insect_HumanObservation_019,研海生態顧問股份有限公司 (Ceta explorers Company Limited),,,,,,,,,2024-04-01,,2024,4,1,Line Transect Survey (Aerial Netting | Sweeping Net Method | Hand Sorting Method | Sieving Method),Asia,Taiwan,TW,Mianhua Islet,,,25.48483,122.10535,EPSG:4326,400,1e-05,Tetramorium lanuginosum,,KL_Insect_0000226,89890,t0047092,Tetramorium lanuginosum,Animalia,species,絨毛皺家蟻,accepted,
2024-04-01_Insect_HumanObservation_020,HumanObservation,,2024-04-01_Insect_HumanObservation_020,研海生態顧問股份有限公司 (Ceta explorers Company Limited),,,,,,,,,2024-04-01,,2024,4,1,Line Transect Survey (Aerial Netting | Sweeping Net Method | Hand Sorting Method | Sieving Method),Asia,Taiwan,TW,Mianhua Islet,,,25.48483,122.10535,EPSG:4326,400,1e-05,Tapinoma melanocephalum,,KL_Insect_0000118,89540,t0046792,Tapinoma melanocephalum,Animalia,species,黑頭慌蟻,accepted,黑頭慌琉璃蟻
2024-04-01_Insect_HumanObservation_021,HumanObservation,,2024-04-01_Insect_HumanObservation_021,研海生態顧問股份有限公司 (Ceta explorers Company Limited),,,,,,,,,2024-04-01,,2024,4,1,Line Transect Survey (Aerial Netting | Sweeping Net Method | Hand Sorting Method | Sieving Method),Asia,Taiwan,TW,Mianhua Islet,,,25.48483,122.10535,EPSG:4326,400,1e-05,Austroagallia,,KL_Insect_0000227,168743,t0104560,Austroagallia,Animalia,genus,澳圓痕葉蟬屬,accepted,"The vernacularName is based on Dai, Ren-Huai & Li, Hu & Li, Zi-Zhong. (2024). Iassinae and Megophthalminae from China."
2024-04-01_Insect_HumanObservation_022,HumanObservation,,2024-04-01_Insect_HumanObservation_022,研海生態顧問股份有限公司 (Ceta explorers Company Limited),,,,,,,,,2024-04-01,,2024,4,1,Line Transect Survey (Aerial Netting | Sweeping Net Method | Hand Sorting Method | Sieving Method),Asia,Taiwan,TW,Mianhua Islet,,,25.48483,122.10535,EPSG:4326,400,1e-05,Stirellus indrus,,KL_Insect_0000228,167896,t0070120,Stirellus indrus,Animalia,species,二點矛葉蟬,accepted,
2024-04-01_Insect_HumanObservation_023,HumanObservation,,2024-04-01_Insect_HumanObservation_023,研海生態顧問股份有限公司 (Ceta explorers Company Limited),,,,,,,,,2024-04-01,,2024,4,1,Line Transect Survey (Aerial Netting | Sweeping Net Method | Hand Sorting Method | Sieving Method),Asia,Taiwan,TW,Mianhua Islet,,,25.48483,122.10535,EPSG:4326,400,1e-05,Orosius orientalis,,KL_Insect_0000229,141937,t0028635,Orosius orientalis,Animalia,species,南斑葉蟬,accepted,東方網紋葉蟬
2024-04-01_Insect_HumanObservation_024,HumanObservation,,2024-04-01_Insect_HumanObservation_024,研海生態顧問股份有限公司 (Ceta explorers Company Limited),,,,,,,,,2024-04-01,,2024,4,1,Line Transect Survey (Aerial Netting | Sweeping Net Method | Hand Sorting Method | Sieving Method),Asia,Taiwan,TW,Mianhua Islet,,,25.48483,122.10535,EPSG:4326,400,1e-05,Lipaphis erysimi,,KL_Insect_0000230,77223,t0027491,Lipaphis erysimi,Animalia,species,偽菜蚜,accepted,
2024-04-01_Insect_HumanObservation_025,HumanObservation,,2024-04-01_Insect_HumanObservation_025,研海生態顧問股份有限公司 (Ceta explorers Company Limited),,,,,,,,,2024-04-01,,2024,4,1,Line Transect Survey (Aerial Netting | Sweeping Net Method | Hand Sorting Method | Sieving Method),Asia,Taiwan,TW,Mianhua Islet,,,25.48483,122.10535,EPSG:4326,400,1e-05,Agonoscelis nubilis,,KL_Insect_0000072,62585,t0070594,Agonoscelis nubilis,Animalia,species,雲蝽,accepted,雲椿象
2024-04-01_Insect_HumanObservation_026,HumanObservation,,2024-04-01_Insect_HumanObservation_026,研海生態顧問股份有限公司 (Ceta explorers Company Limited),,,,,,,,,2024-04-01,,2024,4,1,Line Transect Survey (Aerial Netting | Sweeping Net Method | Hand Sorting Method | Sieving Method),Asia,Taiwan,TW,Mianhua Islet,,,25.48483,122.10535,EPSG:4326,400,1e-05,Geotomus,,KL_Insect_0000063,285571,t0130036,Geotomus,Animalia,genus,地土蝽屬,accepted,
2024-04-01_Insect_HumanObservation_027,HumanObservation,,2024-04-01_Insect_HumanObservation_027,研海生態顧問股份有限公司 (Ceta explorers Company Limited),,,,,,,,,2024-04-01,,2024,4,1,Line Transect Survey (Aerial Netting | Sweeping Net Method | Hand Sorting Method | Sieving Method),Asia,Taiwan,TW,Mianhua Islet,,,25.48483,122.10535,EPSG:4326,400,1e-05,Nysius ericae,,KL_Insect_0000059,58250,t0098109,Nysius ericae,Animalia,species,小長蝽象,accepted,小長椿象
2024-04-01_Insect_HumanObservation_028,HumanObservation,,2024-04-01_Insect_HumanObservation_028,研海生態顧問股份有限公司 (Ceta explorers Company Limited),,,,,,,,,2024-04-01,,2024,4,1,Line Transect Survey (Aerial Netting | Sweeping Net Method | Hand Sorting Method | Sieving Method),Asia,Taiwan,TW,Mianhua Islet,,,25.48483,122.10535,EPSG:4326,400,1e-05,Sejanus,,KL_Insect_0000069,17833,t0006933,Sejanus,Animalia,genus,楔盲蝽屬,accepted,
2024-04-01_Insect_HumanObservation_029,HumanObservation,,2024-04-01_Insect_HumanObservation_029,研海生態顧問股份有限公司 (Ceta explorers Company Limited),,,,,,,,,2024-04-01,,2024,4,1,Line Transect Survey (Aerial Netting | Sweeping Net Method | Hand Sorting Method | Sieving Method),Asia,Taiwan,TW,Mianhua Islet,,,25.48483,122.10535,EPSG:4326,400,1e-05,Spilostethus hospes,,KL_Insect_0000058,59943,t0098935,Spilostethus hospes,Animalia,species,黑斑腺長蝽,accepted,箭痕腺長蝽
2024-04-01_Insect_HumanObservation_030,HumanObservation,,2024-04-01_Insect_HumanObservation_030,研海生態顧問股份有限公司 (Ceta explorers Company Limited),,,,,,,,,2024-04-01,,2024,4,1,Line Transect Survey (Aerial Netting | Sweeping Net Method | Hand Sorting Method | Sieving Method),Asia,Taiwan,TW,Mianhua Islet,,,25.48483,122.10535,EPSG:4326,400,1e-05,Acanthocoris scaber,,KL_Insect_0000056,61902,t0057527,Acanthocoris scaber,Animalia,species,瘤緣蝽,accepted,
2024-04-01_Insect_HumanObservation_031,HumanObservation,,2024-04-01_Insect_HumanObservation_031,研海生態顧問股份有限公司 (Ceta explorers Company Limited),,,,,,,,,2024-04-01,,2024,4,1,Line Transect Survey (Aerial Netting | Sweeping Net Method | Hand Sorting Method | Sieving Method),Asia,Taiwan,TW,Mianhua Islet,,,25.48483,122.10535,EPSG:4326,400,1e-05,Episyrphus,,KL_Insect_0000235,10328,t0019339,Episyrphus,Animalia,genus,黑帶蚜蠅屬,accepted,前蚜蠅屬
2024-04-01_Insect_HumanObservation_032,HumanObservation,,2024-04-01_Insect_HumanObservation_032,研海生態顧問股份有限公司 (Ceta explorers Company Limited),,,,,,,,,2024-04-01,,2024,4,1,Line Transect Survey (Aerial Netting | Sweeping Net Method | Hand Sorting Method | Sieving Method),Asia,Taiwan,TW,Mianhua Islet,,,25.48483,122.10535,EPSG:4326,400,1e-05,Steganopsis,,KL_Insect_0000236,18299,t0016734,Steganopsis,Animalia,genus,防水縞蠅屬,accepted,
2024-04-01_Insect_HumanObservation_033,HumanObservation,,2024-04-01_Insect_HumanObservation_033,研海生態顧問股份有限公司 (Ceta explorers Company Limited),,,,,,,,,2024-04-01,,2024,4,1,Line Transect Survey (Aerial Netting | Sweeping Net Method | Hand Sorting Method | Sieving Method),Asia,Taiwan,TW,Mianhua Islet,,,25.48483,122.10535,EPSG:4326,400,1e-05,Sphenella,,KL_Insect_0000237,18205,t0016640,Sphenella,Animalia,genus,雙帶斑實蠅屬,accepted,
2024-04-01_Insect_HumanObservation_034,HumanObservation,,2024-04-01_Insect_HumanObservation_034,研海生態顧問股份有限公司 (Ceta explorers Company Limited),,,,,,,,,2024-04-01,,2024,4,1,Line Transect Survey (Aerial Netting | Sweeping Net Method | Hand Sorting Method | Sieving Method),Asia,Taiwan,TW,Mianhua Islet,,,25.48483,122.10535,EPSG:4326,400,1e-05,Lispe,,KL_Insect_0000238,12952,t0021892,Lispe,Animalia,genus,溜蠅屬,accepted,
2024-04-01_Insect_HumanObservation_035,HumanObservation,,2024-04-01_Insect_HumanObservation_035,研海生態顧問股份有限公司 (Ceta explorers Company Limited),,,,,,,,,2024-04-01,,2024,4,1,Line Transect Survey (Aerial Netting | Sweeping Net Method | Hand Sorting Method | Sieving Method),Asia,Taiwan,TW,Mianhua Islet,,,25.48483,122.10535,EPSG:4326,400,1e-05,Liriomyza,,KL_Insect_0000239,12949,t0021889,Liriomyza,Animalia,genus,斑潛蠅屬,accepted,
2024-04-01_Insect_HumanObservation_036,HumanObservation,,2024-04-01_Insect_HumanObservation_036,研海生態顧問股份有限公司 (Ceta explorers Company Limited),,,,,,,,,2024-04-01,,2024,4,1,Line Transect Survey (Aerial Netting | Sweeping Net Method | Hand Sorting Method | Sieving Method),Asia,Taiwan,TW,Mianhua Islet,,,25.48483,122.10535,EPSG:4326,400,1e-05,Drosophila,,KL_Insect_0000240,9920,t0018938,Drosophila,Animalia,genus,果蠅屬,accepted,
2024-04-01_Insect_HumanObservation_037,HumanObservation,,2024-04-01_Insect_HumanObservation_037,研海生態顧問股份有限公司 (Ceta explorers Company Limited),,,,,,,,,2024-04-01,,2024,4,1,Line Transect Survey (Aerial Netting | Sweeping Net Method | Hand Sorting Method | Sieving Method),Asia,Taiwan,TW,Mianhua Islet,,,25.48483,122.10535,EPSG:4326,400,1e-05,Valenzuela,,KL_Insect_0000241,19616,t0018016,Valenzuela,Animalia,genus,梵嚙蟲屬,accepted,
2024-04-01_Insect_HumanObservation_038,HumanObservation,,2024-04-01_Insect_HumanObservation_038,研海生態顧問股份有限公司 (Ceta explorers Company Limited),,,,,,,,,2024-04-01,,2024,4,1,Line Transect Survey (Aerial Netting | Sweeping Net Method | Hand Sorting Method | Sieving Method),Asia,Taiwan,TW,Mianhua Islet,,,25.48483,122.10535,EPSG:4326,400,1e-05,Hemerobius,,KL_Insect_0000242,11548,t0020530,Hemerobius,Animalia,genus,褐蛉屬,accepted,姬蛉屬
2024-04-01_Insect_HumanObservation_039,HumanObservation,,2024-04-01_Insect_HumanObservation_039,研海生態顧問股份有限公司 (Ceta explorers Company Limited),,,,,,,,,2024-04-01,,2024,4,1,Line Transect Survey (Aerial Netting | Sweeping Net Method | Hand Sorting Method | Sieving Method),Asia,Taiwan,TW,Mianhua Islet,,,25.48483,122.10535,EPSG:4326,400,1e-05,Phlaeothripidae,,KL_Insect_0000243,4841,t0004357,Phlaeothripidae,Animalia,family,管薊馬科,accepted,
2024-04-01_Insect_HumanObservation_040,HumanObservation,,2024-04-01_Insect_HumanObservation_040,研海生態顧問股份有限公司 (Ceta explorers Company Limited),,,,,,,,,2024-04-01,,2024,4,1,Line Transect Survey (Aerial Netting | Sweeping Net Method | Hand Sorting Method | Sieving Method),Asia,Taiwan,TW,Mianhua Islet,,,25.48483,122.10535,EPSG:4326,400,1e-05,Thripidae,,KL_Insect_0000244,5338,t0004839,Thripidae,Animalia,family,薊馬科,accepted,
2024-04-01_Insect_HumanObservation_041,HumanObservation,,2024-04-01_Insect_HumanObservation_041,研海生態顧問股份有限公司 (Ceta explorers Company Limited),,,,,,,,,2024-04-01,,2024,4,1,Line Transect Survey (Aerial Netting | Sweeping Net Method | Hand Sorting Method | Sieving Method),Asia,Taiwan,TW,Mianhua Islet,,,25.48483,122.10535,EPSG:4326,400,1e-05,Lepismatidae,,KL_Insect_0000158,4352,t0003994,Lepismatidae,Animalia,family,衣魚科,accepted,
2024-04-01_Insect_HumanObservation_042,HumanObservation,,2024-04-01_Insect_HumanObservation_042,研海生態顧問股份有限公司 (Ceta explorers Company Limited),,,,,,,,,2024-04-01,,2024,4,1,Line Transect Survey (Aerial Netting | Sweeping Net Method | Hand Sorting Method | Sieving Method),Asia,Taiwan,TW,Mianhua Islet,,,25.48483,122.10535,EPSG:4326,400,1e-05,Validiblatta australasiae,,KL_Insect_0000079,267217,t0031741,Validiblatta australasiae,Animalia,species,澳洲家蠊,accepted,
2024-04-01_Insect_HumanObservation_043,HumanObservation,,2024-04-01_Insect_HumanObservation_043,研海生態顧問股份有限公司 (Ceta explorers Company Limited),,,,,,,,,2024-04-01,,2024,4,1,Line Transect Survey (Aerial Netting | Sweeping Net Method | Hand Sorting Method | Sieving Method),Asia,Taiwan,TW,Mianhua Islet,,,25.48483,122.10535,EPSG:4326,400,1e-05,Blattella,,KL_Insect_0000078,7537,t0006923,Blattella,Animalia,genus,姬蠊屬,accepted,
2024-04-01_Insect_HumanObservation_044,HumanObservation,,2024-04-01_Insect_HumanObservation_044,研海生態顧問股份有限公司 (Ceta explorers Company Limited),,,,,,,,,2024-04-01,,2024,4,1,Line Transect Survey (Aerial Netting | Sweeping Net Method | Hand Sorting Method | Sieving Method),Asia,Taiwan,TW,Mianhua Islet,,,25.48483,122.10535,EPSG:4326,400,1e-05,Pycnoscelus surinamensis,,KL_Insect_0000077,85962,t0037458,Pycnoscelus surinamensis,Animalia,species,蘇利南潛蠊,accepted,
2024-04-01_Insect_HumanObservation_045,HumanObservation,,2024-04-01_Insect_HumanObservation_045,研海生態顧問股份有限公司 (Ceta explorers Company Limited),,,,,,,,,2024-04-01,,2024,4,1,Line Transect Survey (Aerial Netting | Sweeping Net Method | Hand Sorting Method | Sieving Method),Asia,Taiwan,TW,Mianhua Islet,,,25.48483,122.10535,EPSG:4326,400,1e-05,Agrypnus sakaguchii,,KL_Insect_0000108,62686,t0070692,Agrypnus sakaguchii,Animalia,species,小褐鏽叩頭蟲,accepted,
2024-04-01_Insect_HumanObservation_046,HumanObservation,,2024-04-01_Insect_HumanObservation_046,研海生態顧問股份有限公司 (Ceta explorers Company Limited),,,,,,,,,2024-04-01,,2024,4,1,Line Transect Survey (Aerial Netting | Sweeping Net Method | Hand Sorting Method | Sieving Method),Asia,Taiwan,TW,Mianhua Islet,,,25.48483,122.10535,EPSG:4326,400,1e-05,Gonocephalum,,KL_Insect_0000107,11248,t0020235,Gonocephalum,Animalia,genus,潛砂蟲屬,accepted,
2024-04-01_Insect_HumanObservation_047,HumanObservation,,2024-04-01_Insect_HumanObservation_047,研海生態顧問股份有限公司 (Ceta explorers Company Limited),,,,,,,,,2024-04-01,,2024,4,1,Line Transect Survey (Aerial Netting | Sweeping Net Method | Hand Sorting Method | Sieving Method),Asia,Taiwan,TW,Mianhua Islet,,,25.48483,122.10535,EPSG:4326,400,1e-05,Cassida circumdata,,KL_Insect_0000099,66759,t0077570,Cassida circumdata,Animalia,species,甘藷龜金花蟲,accepted,
2024-04-01_Insect_HumanObservation_048,HumanObservation,,2024-04-01_Insect_HumanObservation_048,研海生態顧問股份有限公司 (Ceta explorers Company Limited),,,,,,,,,2024-04-01,,2024,4,1,Line Transect Survey (Aerial Netting | Sweeping Net Method | Hand Sorting Method | Sieving Method),Asia,Taiwan,TW,Mianhua Islet,,,25.48483,122.10535,EPSG:4326,400,1e-05,Cheilomenes sexmaculata,,KL_Insect_0000104,67307,t0078035,Cheilomenes sexmaculata,Animalia,species,六斑月瓢蟲,accepted,
2024-04-01_Insect_HumanObservation_049,HumanObservation,,2024-04-01_Insect_HumanObservation_049,研海生態顧問股份有限公司 (Ceta explorers Company Limited),,,,,,,,,2024-04-01,,2024,4,1,Line Transect Survey (Aerial Netting | Sweeping Net Method | Hand Sorting Method | Sieving Method),Asia,Taiwan,TW,Mianhua Islet,,,25.48483,122.10535,EPSG:4326,400,1e-05,Trilophidia annulata,,KL_Insect_0000083,90830,t0047928,Trilophidia annulata,Animalia,species,疣蝗,accepted,
2024-04-01_Insect_HumanObservation_050,HumanObservation,,2024-04-01_Insect_HumanObservation_050,研海生態顧問股份有限公司 (Ceta explorers Company Limited),,,,,,,,,2024-04-01,,2024,4,1,Line Transect Survey (Aerial Netting | Sweeping Net Method | Hand Sorting Method | Sieving Method),Asia,Taiwan,TW,Mianhua Islet,,,25.48483,122.10535,EPSG:4326,400,1e-05,Myrmecophilus quadrispinus,,KL_Insect_0000248,245717,t0106082,Myrmecophilus quadrispinus,Animalia,species,蓬萊蟻蟋,accepted,
2024-04-01_Insect_HumanObservation_051,HumanObservation,,2024-04-01_Insect_HumanObservation_051,研海生態顧問股份有限公司 (Ceta explorers Company Limited),,,,,,,,,2024-04-01,,2024,4,1,Line Transect Survey (Aerial Netting | Sweeping Net Method | Hand Sorting Method | Sieving Method),Asia,Taiwan,TW,Mianhua Islet,,,25.48483,122.10535,EPSG:4326,400,1e-05,Patanga succincta,,KL_Insect_0000084,83087,t0031655,Patanga succincta,Animalia,species,條背土蝗,accepted,
2024-07-31_Insect_HumanObservation_052,HumanObservation,,2024-07-31_Insect_HumanObservation_052,研海生態顧問股份有限公司 (Ceta explorers Company Limited),,,,,,,,,2024-07-31,,2024,7,31,Line Transect Survey (Aerial Netting | Sweeping Net Method | Hand Sorting Method | Sieving Method),Asia,Taiwan,TW,Mianhua Islet,,,25.48483,122.10535,EPSG:4326,400,1e-05,Cicadellidae,,KL_Insect_0000161,3699,t0005633,Cicadellidae,Animalia,family,葉蟬科,accepted,
2024-07-31_Insect_HumanObservation_053,HumanObservation,,2024-07-31_Insect_HumanObservation_053,研海生態顧問股份有限公司 (Ceta explorers Company Limited),,,,,,,,,2024-07-31,,2024,7,31,Line Transect Survey (Aerial Netting | Sweeping Net Method | Hand Sorting Method | Sieving Method),Asia,Taiwan,TW,Mianhua Islet,,,25.48483,122.10535,EPSG:4326,400,1e-05,Tropidocephala,,KL_Insect_0000249,19423,t0017828,Tropidocephala,Animalia,genus,匙頂飛蝨屬,accepted,
2024-07-31_Insect_HumanObservation_054,HumanObservation,,2024-07-31_Insect_HumanObservation_054,研海生態顧問股份有限公司 (Ceta explorers Company Limited),,,,,,,,,2024-07-31,,2024,7,31,Line Transect Survey (Aerial Netting | Sweeping Net Method | Hand Sorting Method | Sieving Method),Asia,Taiwan,TW,Mianhua Islet,,,25.48483,122.10535,EPSG:4326,400,1e-05,Geocoris ochropterus,,KL_Insect_0000250,73515,t0064386,Geocoris ochropterus,Animalia,species,南亞大眼長蝽,accepted,
2024-07-31_Insect_HumanObservation_055,HumanObservation,,2024-07-31_Insect_HumanObservation_055,研海生態顧問股份有限公司 (Ceta explorers Company Limited),,,,,,,,,2024-07-31,,2024,7,31,Line Transect Survey (Aerial Netting | Sweeping Net Method | Hand Sorting Method | Sieving Method),Asia,Taiwan,TW,Mianhua Islet,,,25.48483,122.10535,EPSG:4326,400,1e-05,Agonoscelis nubilis,,KL_Insect_0000072,62585,t0070594,Agonoscelis nubilis,Animalia,species,雲蝽,accepted,雲椿象
2024-07-31_Insect_HumanObservation_056,HumanObservation,,2024-07-31_Insect_HumanObservation_056,研海生態顧問股份有限公司 (Ceta explorers Company Limited),,,,,,,,,2024-07-31,,2024,7,31,Line Transect Survey (Aerial Netting | Sweeping Net Method | Hand Sorting Method | Sieving Method),Asia,Taiwan,TW,Mianhua Islet,,,25.48483,122.10535,EPSG:4326,400,1e-05,Geotomus,,KL_Insect_0000063,285571,t0130036,Geotomus,Animalia,genus,地土蝽屬,accepted,
2024-07-31_Insect_HumanObservation_057,HumanObservation,,2024-07-31_Insect_HumanObservation_057,研海生態顧問股份有限公司 (Ceta explorers Company Limited),,,,,,,,,2024-07-31,,2024,7,31,Line Transect Survey (Aerial Netting | Sweeping Net Method | Hand Sorting Method | Sieving Method),Asia,Taiwan,TW,Mianhua Islet,,,25.48483,122.10535,EPSG:4326,400,1e-05,Acanthocoris scaber,,KL_Insect_0000056,61902,t0057527,Acanthocoris scaber,Animalia,species,瘤緣蝽,accepted,
2024-07-31_Insect_HumanObservation_058,HumanObservation,,2024-07-31_Insect_HumanObservation_058,研海生態顧問股份有限公司 (Ceta explorers Company Limited),,,,,,,,,2024-07-31,,2024,7,31,Line Transect Survey (Aerial Netting | Sweeping Net Method | Hand Sorting Method | Sieving Method),Asia,Taiwan,TW,Mianhua Islet,,,25.48483,122.10535,EPSG:4326,400,1e-05,Pilophorus,,KL_Insect_0000253,16241,t0014720,Pilophorus,Animalia,genus,束盲蝽屬,accepted,
2024-07-31_Insect_HumanObservation_059,HumanObservation,,2024-07-31_Insect_HumanObservation_059,研海生態顧問股份有限公司 (Ceta explorers Company Limited),,,,,,,,,2024-07-31,,2024,7,31,Line Transect Survey (Aerial Netting | Sweeping Net Method | Hand Sorting Method | Sieving Method),Asia,Taiwan,TW,Mianhua Islet,,,25.48483,122.10535,EPSG:4326,400,1e-05,Nysius ericae,,KL_Insect_0000059,58250,t0098109,Nysius ericae,Animalia,species,小長蝽象,accepted,小長椿象
2024-07-31_Insect_HumanObservation_060,HumanObservation,,2024-07-31_Insect_HumanObservation_060,研海生態顧問股份有限公司 (Ceta explorers Company Limited),,,,,,,,,2024-07-31,,2024,7,31,Line Transect Survey (Aerial Netting | Sweeping Net Method | Hand Sorting Method | Sieving Method),Asia,Taiwan,TW,Mianhua Islet,,,25.48483,122.10535,EPSG:4326,400,1e-05,Spilostethus hospes,,KL_Insect_0000058,59943,t0098935,Spilostethus hospes,Animalia,species,黑斑腺長蝽,accepted,箭痕腺長蝽
2024-07-31_Insect_HumanObservation_061,HumanObservation,,2024-07-31_Insect_HumanObservation_061,研海生態顧問股份有限公司 (Ceta explorers Company Limited),,,,,,,,,2024-07-31,,2024,7,31,Line Transect Survey (Aerial Netting | Sweeping Net Method | Hand Sorting Method | Sieving Method),Asia,Taiwan,TW,Mianhua Islet,,,25.48483,122.10535,EPSG:4326,400,1e-05,Cletus trigonus,,KL_Insect_0000054,68077,t0078716,Cletus trigonus,Animalia,species,肩棘緣蝽,accepted,
2024-07-31_Insect_HumanObservation_062,HumanObservation,,2024-07-31_Insect_HumanObservation_062,研海生態顧問股份有限公司 (Ceta explorers Company Limited),,,,,,,,,2024-07-31,,2024,7,31,Line Transect Survey (Aerial Netting | Sweeping Net Method | Hand Sorting Method | Sieving Method),Asia,Taiwan,TW,Mianhua Islet,,,25.48483,122.10535,EPSG:4326,400,1e-05,Aiolopus thalassinus tamulus,Identified to subspecies level based on the known local distribution.,KL_Insect_0000144,92373,t0085206,Aiolopus thalassinus tamulus,Animalia,subspecies,斑蝗,accepted,
2024-07-31_Insect_HumanObservation_063,HumanObservation,,2024-07-31_Insect_HumanObservation_063,研海生態顧問股份有限公司 (Ceta explorers Company Limited),,,,,,,,,2024-07-31,,2024,7,31,Line Transect Survey (Aerial Netting | Sweeping Net Method | Hand Sorting Method | Sieving Method),Asia,Taiwan,TW,Mianhua Islet,,,25.48483,122.10535,EPSG:4326,400,1e-05,Trilophidia annulata,,KL_Insect_0000083,90830,t0047928,Trilophidia annulata,Animalia,species,疣蝗,accepted,
2024-07-31_Insect_HumanObservation_064,HumanObservation,,2024-07-31_Insect_HumanObservation_064,研海生態顧問股份有限公司 (Ceta explorers Company Limited),,,,,,,,,2024-07-31,,2024,7,31,Line Transect Survey (Aerial Netting | Sweeping Net Method | Hand Sorting Method | Sieving Method),Asia,Taiwan,TW,Mianhua Islet,,,25.48483,122.10535,EPSG:4326,400,1e-05,Ornebius bimaculatus,,KL_Insect_0000257,81846,t0082445,Ornebius bimaculatus,Animalia,species,二斑奧蟋,accepted,
2024-07-31_Insect_HumanObservation_065,HumanObservation,,2024-07-31_Insect_HumanObservation_065,研海生態顧問股份有限公司 (Ceta explorers Company Limited),,,,,,,,,2024-07-31,,2024,7,31,Line Transect Survey (Aerial Netting | Sweeping Net Method | Hand Sorting Method | Sieving Method),Asia,Taiwan,TW,Mianhua Islet,,,25.48483,122.10535,EPSG:4326,400,1e-05,Velarifictorus,,KL_Insect_0000258,19644,t0018044,Velarifictorus,Animalia,genus,鬥蟋屬,accepted,
2024-07-31_Insect_HumanObservation_066,HumanObservation,,2024-07-31_Insect_HumanObservation_066,研海生態顧問股份有限公司 (Ceta explorers Company Limited),,,,,,,,,2024-07-31,,2024,7,31,Line Transect Survey (Aerial Netting | Sweeping Net Method | Hand Sorting Method | Sieving Method),Asia,Taiwan,TW,Mianhua Islet,,,25.48483,122.10535,EPSG:4326,400,1e-05,Eobia chinensis chinensis,Identified to subspecies level based on the known local distribution.,KL_Insect_0000184,92880,t0085627,Eobia chinensis chinensis,Animalia,subspecies,黑尾擬天牛,accepted,
2024-07-31_Insect_HumanObservation_067,HumanObservation,,2024-07-31_Insect_HumanObservation_067,研海生態顧問股份有限公司 (Ceta explorers Company Limited),,,,,,,,,2024-07-31,,2024,7,31,Line Transect Survey (Aerial Netting | Sweeping Net Method | Hand Sorting Method | Sieving Method),Asia,Taiwan,TW,Mianhua Islet,,,25.48483,122.10535,EPSG:4326,400,1e-05,Protaetia orientalis sakaii,Identified to subspecies level based on the known local distribution.,KL_Insect_0000105,93551,t0086159,Protaetia orientalis sakaii,Animalia,subspecies,東方白點花金龜,accepted,
2024-07-31_Insect_HumanObservation_068,HumanObservation,,2024-07-31_Insect_HumanObservation_068,研海生態顧問股份有限公司 (Ceta explorers Company Limited),,,,,,,,,2024-07-31,,2024,7,31,Line Transect Survey (Aerial Netting | Sweeping Net Method | Hand Sorting Method | Sieving Method),Asia,Taiwan,TW,Mianhua Islet,,,25.48483,122.10535,EPSG:4326,400,1e-05,Cassida circumdata,,KL_Insect_0000099,66759,t0077570,Cassida circumdata,Animalia,species,甘藷龜金花蟲,accepted,
2024-07-31_Insect_HumanObservation_069,HumanObservation,,2024-07-31_Insect_HumanObservation_069,研海生態顧問股份有限公司 (Ceta explorers Company Limited),,,,,,,,,2024-07-31,,2024,7,31,Line Transect Survey (Aerial Netting | Sweeping Net Method | Hand Sorting Method | Sieving Method),Asia,Taiwan,TW,Mianhua Islet,,,25.48483,122.10535,EPSG:4326,400,1e-05,Gonocephalum,,KL_Insect_0000107,11248,t0020235,Gonocephalum,Animalia,genus,潛砂蟲屬,accepted,
2024-07-31_Insect_HumanObservation_070,HumanObservation,,2024-07-31_Insect_HumanObservation_070,研海生態顧問股份有限公司 (Ceta explorers Company Limited),,,,,,,,,2024-07-31,,2024,7,31,Line Transect Survey (Aerial Netting | Sweeping Net Method | Hand Sorting Method | Sieving Method),Asia,Taiwan,TW,Mianhua Islet,,,25.48483,122.10535,EPSG:4326,400,1e-05,Agrypnus sakaguchii,,KL_Insect_0000108,62686,t0070692,Agrypnus sakaguchii,Animalia,species,小褐鏽叩頭蟲,accepted,
2024-07-31_Insect_HumanObservation_071,HumanObservation,,2024-07-31_Insect_HumanObservation_071,研海生態顧問股份有限公司 (Ceta explorers Company Limited),,,,,,,,,2024-07-31,,2024,7,31,Line Transect Survey (Aerial Netting | Sweeping Net Method | Hand Sorting Method | Sieving Method),Asia,Taiwan,TW,Mianhua Islet,,,25.48483,122.10535,EPSG:4326,400,1e-05,Coccinellidae,,KL_Insect_0000142,3735,t0005668,Coccinellidae,Animalia,family,瓢蟲科,accepted,
2024-07-31_Insect_HumanObservation_072,HumanObservation,,2024-07-31_Insect_HumanObservation_072,研海生態顧問股份有限公司 (Ceta explorers Company Limited),,,,,,,,,2024-07-31,,2024,7,31,Line Transect Survey (Aerial Netting | Sweeping Net Method | Hand Sorting Method | Sieving Method),Asia,Taiwan,TW,Mianhua Islet,,,25.48483,122.10535,EPSG:4326,400,1e-05,Hylaeus,,KL_Insect_0000223,11969,t0020935,Hylaeus,Animalia,genus,面具蜂屬,accepted,面花蜂屬
2024-07-31_Insect_HumanObservation_073,HumanObservation,,2024-07-31_Insect_HumanObservation_073,研海生態顧問股份有限公司 (Ceta explorers Company Limited),,,,,,,,,2024-07-31,,2024,7,31,Line Transect Survey (Aerial Netting | Sweeping Net Method | Hand Sorting Method | Sieving Method),Asia,Taiwan,TW,Mianhua Islet,,,25.48483,122.10535,EPSG:4326,400,1e-05,Braunsapis,,KL_Insect_0000222,7689,t0011051,Braunsapis,Animalia,genus,小蘆蜂屬,accepted,蘆蜂屬
2024-07-31_Insect_HumanObservation_074,HumanObservation,,2024-07-31_Insect_HumanObservation_074,研海生態顧問股份有限公司 (Ceta explorers Company Limited),,,,,,,,,2024-07-31,,2024,7,31,Line Transect Survey (Aerial Netting | Sweeping Net Method | Hand Sorting Method | Sieving Method),Asia,Taiwan,TW,Mianhua Islet,,,25.48483,122.10535,EPSG:4326,400,1e-05,Plagiolepis,,KL_Insect_0000261,16293,t0014771,Plagiolepis,Animalia,genus,斜山蟻屬,accepted,
2024-07-31_Insect_HumanObservation_075,HumanObservation,,2024-07-31_Insect_HumanObservation_075,研海生態顧問股份有限公司 (Ceta explorers Company Limited),,,,,,,,,2024-07-31,,2024,7,31,Line Transect Survey (Aerial Netting | Sweeping Net Method | Hand Sorting Method | Sieving Method),Asia,Taiwan,TW,Mianhua Islet,,,25.48483,122.10535,EPSG:4326,400,1e-05,Tetramorium bicarinatum,,KL_Insect_0000123,89888,t0047090,Tetramorium bicarinatum,Animalia,species,雙脊皺家蟻,accepted,
2024-07-31_Insect_HumanObservation_076,HumanObservation,,2024-07-31_Insect_HumanObservation_076,研海生態顧問股份有限公司 (Ceta explorers Company Limited),,,,,,,,,2024-07-31,,2024,7,31,Line Transect Survey (Aerial Netting | Sweeping Net Method | Hand Sorting Method | Sieving Method),Asia,Taiwan,TW,Mianhua Islet,,,25.48483,122.10535,EPSG:4326,400,1e-05,Cardiocondyla minutior,,KL_Insect_0000121,66623,t0077451,Cardiocondyla minutior,Animalia,species,小瘤突家蟻,accepted,
2024-07-31_Insect_HumanObservation_077,HumanObservation,,2024-07-31_Insect_HumanObservation_077,研海生態顧問股份有限公司 (Ceta explorers Company Limited),,,,,,,,,2024-07-31,,2024,7,31,Line Transect Survey (Aerial Netting | Sweeping Net Method | Hand Sorting Method | Sieving Method),Asia,Taiwan,TW,Mianhua Islet,,,25.48483,122.10535,EPSG:4326,400,1e-05,Monomorium chinense,,KL_Insect_0000122,79590,t0080440,Monomorium chinense,Animalia,species,中華單家蟻,accepted,
2024-07-31_Insect_HumanObservation_078,HumanObservation,,2024-07-31_Insect_HumanObservation_078,研海生態顧問股份有限公司 (Ceta explorers Company Limited),,,,,,,,,2024-07-31,,2024,7,31,Line Transect Survey (Aerial Netting | Sweeping Net Method | Hand Sorting Method | Sieving Method),Asia,Taiwan,TW,Mianhua Islet,,,25.48483,122.10535,EPSG:4326,400,1e-05,Ochetellus glaber,,KL_Insect_0000126,81256,t0081925,Ochetellus glaber,Animalia,species,光滑管琉璃蟻,accepted,
2024-07-31_Insect_HumanObservation_079,HumanObservation,,2024-07-31_Insect_HumanObservation_079,研海生態顧問股份有限公司 (Ceta explorers Company Limited),,,,,,,,,2024-07-31,,2024,7,31,Line Transect Survey (Aerial Netting | Sweeping Net Method | Hand Sorting Method | Sieving Method),Asia,Taiwan,TW,Mianhua Islet,,,25.48483,122.10535,EPSG:4326,400,1e-05,Pheidole fervens,,KL_Insect_0000119,83577,t0083976,Pheidole fervens,Animalia,species,熱烈大頭家蟻,accepted,
2024-07-31_Insect_HumanObservation_080,HumanObservation,,2024-07-31_Insect_HumanObservation_080,研海生態顧問股份有限公司 (Ceta explorers Company Limited),,,,,,,,,2024-07-31,,2024,7,31,Line Transect Survey (Aerial Netting | Sweeping Net Method | Hand Sorting Method | Sieving Method),Asia,Taiwan,TW,Mianhua Islet,,,25.48483,122.10535,EPSG:4326,400,1e-05,Nylanderia ryukyuensis,,KL_Insect_0000124,298339,t0132389,Nylanderia ryukyuensis,Animalia,species,琉球尼蘭德山蟻,accepted,
2024-07-31_Insect_HumanObservation_081,HumanObservation,,2024-07-31_Insect_HumanObservation_081,研海生態顧問股份有限公司 (Ceta explorers Company Limited),,,,,,,,,2024-07-31,,2024,7,31,Line Transect Survey (Aerial Netting | Sweeping Net Method | Hand Sorting Method | Sieving Method),Asia,Taiwan,TW,Mianhua Islet,,,25.48483,122.10535,EPSG:4326,400,1e-05,Camponotus albosparsus,,KL_Insect_0000125,66433,t0077283,Camponotus albosparsus,Animalia,species,白疏巨山蟻,accepted,
2024-07-31_Insect_HumanObservation_082,HumanObservation,,2024-07-31_Insect_HumanObservation_082,研海生態顧問股份有限公司 (Ceta explorers Company Limited),,,,,,,,,2024-07-31,,2024,7,31,Line Transect Survey (Aerial Netting | Sweeping Net Method | Hand Sorting Method | Sieving Method),Asia,Taiwan,TW,Mianhua Islet,,,25.48483,122.10535,EPSG:4326,400,1e-05,Phlaeothripidae,,KL_Insect_0000243,4841,t0004357,Phlaeothripidae,Animalia,family,管薊馬科,accepted,
2024-07-31_Insect_HumanObservation_083,HumanObservation,,2024-07-31_Insect_HumanObservation_083,研海生態顧問股份有限公司 (Ceta explorers Company Limited),,,,,,,,,2024-07-31,,2024,7,31,Line Transect Survey (Aerial Netting | Sweeping Net Method | Hand Sorting Method | Sieving Method),Asia,Taiwan,TW,Mianhua Islet,,,25.48483,122.10535,EPSG:4326,400,1e-05,Valenzuela,,KL_Insect_0000241,19616,t0018016,Valenzuela,Animalia,genus,梵嚙蟲屬,accepted,
2024-07-31_Insect_HumanObservation_084,HumanObservation,,2024-07-31_Insect_HumanObservation_084,研海生態顧問股份有限公司 (Ceta explorers Company Limited),,,,,,,,,2024-07-31,,2024,7,31,Line Transect Survey (Aerial Netting | Sweeping Net Method | Hand Sorting Method | Sieving Method),Asia,Taiwan,TW,Mianhua Islet,,,25.48483,122.10535,EPSG:4326,400,1e-05,Tomosvaryella,,KL_Insect_0000264,19158,t0017569,Tomosvaryella,Animalia,genus,刀蠅屬,accepted,
2024-07-31_Insect_HumanObservation_085,HumanObservation,,2024-07-31_Insect_HumanObservation_085,研海生態顧問股份有限公司 (Ceta explorers Company Limited),,,,,,,,,2024-07-31,,2024,7,31,Line Transect Survey (Aerial Netting | Sweeping Net Method | Hand Sorting Method | Sieving Method),Asia,Taiwan,TW,Mianhua Islet,,,25.48483,122.10535,EPSG:4326,400,1e-05,Muscidae,,KL_Insect_0000169,4574,t0006487,Muscidae,Animalia,family,家蠅科,accepted,
2024-07-31_Insect_HumanObservation_086,HumanObservation,,2024-07-31_Insect_HumanObservation_086,研海生態顧問股份有限公司 (Ceta explorers Company Limited),,,,,,,,,2024-07-31,,2024,7,31,Line Transect Survey (Aerial Netting | Sweeping Net Method | Hand Sorting Method | Sieving Method),Asia,Taiwan,TW,Mianhua Islet,,,25.48483,122.10535,EPSG:4326,400,1e-05,Chironomidae,,KL_Insect_0000266,3674,t0005610,Chironomidae,Animalia,family,搖蚊科,accepted,
2024-07-31_Insect_HumanObservation_087,HumanObservation,,2024-07-31_Insect_HumanObservation_087,研海生態顧問股份有限公司 (Ceta explorers Company Limited),,,,,,,,,2024-07-31,,2024,7,31,Line Transect Survey (Aerial Netting | Sweeping Net Method | Hand Sorting Method | Sieving Method),Asia,Taiwan,TW,Mianhua Islet,,,25.48483,122.10535,EPSG:4326,400,1e-05,Steganopsis,,KL_Insect_0000236,18299,t0016734,Steganopsis,Animalia,genus,防水縞蠅屬,accepted,
2024-07-31_Insect_HumanObservation_088,HumanObservation,,2024-07-31_Insect_HumanObservation_088,研海生態顧問股份有限公司 (Ceta explorers Company Limited),,,,,,,,,2024-07-31,,2024,7,31,Line Transect Survey (Aerial Netting | Sweeping Net Method | Hand Sorting Method | Sieving Method),Asia,Taiwan,TW,Mianhua Islet,,,25.48483,122.10535,EPSG:4326,400,1e-05,Dioxyna sororcula,,KL_Insect_0000112,70514,t0031052,Dioxyna sororcula,Animalia,species,長鞘寬頭實蠅,accepted,
2024-07-31_Insect_HumanObservation_089,HumanObservation,,2024-07-31_Insect_HumanObservation_089,研海生態顧問股份有限公司 (Ceta explorers Company Limited),,,,,,,,,2024-07-31,,2024,7,31,Line Transect Survey (Aerial Netting | Sweeping Net Method | Hand Sorting Method | Sieving Method),Asia,Taiwan,TW,Mianhua Islet,,,25.48483,122.10535,EPSG:4326,400,1e-05,Pantala flavescens,,KL_Insect_0000048,82387,t0082932,Pantala flavescens,Animalia,species,薄翅蜻蜓,accepted,
2024-07-31_Insect_HumanObservation_090,HumanObservation,,2024-07-31_Insect_HumanObservation_090,研海生態顧問股份有限公司 (Ceta explorers Company Limited),,,,,,,,,2024-07-31,,2024,7,31,Line Transect Survey (Aerial Netting | Sweeping Net Method | Hand Sorting Method | Sieving Method),Asia,Taiwan,TW,Mianhua Islet,,,25.48483,122.10535,EPSG:4326,400,1e-05,Zizeeria maha okinawana,,KL_Insect_0000002,35344,t0085052,Zizeeria maha okinawana,Animalia,subspecies,沖繩小灰蝶,accepted,毛眼灰蝶 | 柞灰蝶 | 酢醬灰蝶 | 小型小灰蝶 | 大和小灰蝶 | 藍灰蝶
2024-07-31_Insect_HumanObservation_091,HumanObservation,,2024-07-31_Insect_HumanObservation_091,研海生態顧問股份有限公司 (Ceta explorers Company Limited),,,,,,,,,2024-07-31,,2024,7,31,Line Transect Survey (Aerial Netting | Sweeping Net Method | Hand Sorting Method | Sieving Method),Asia,Taiwan,TW,Mianhua Islet,,,25.48483,122.10535,EPSG:4326,400,1e-05,Lampides boeticus,,KL_Insect_0000001,36747,t0027297,Lampides boeticus,Animalia,species,豆波灰蝶,accepted,
2024-07-31_Insect_HumanObservation_092,HumanObservation,,2024-07-31_Insect_HumanObservation_092,研海生態顧問股份有限公司 (Ceta explorers Company Limited),,,,,,,,,2024-07-31,,2024,7,31,Line Transect Survey (Aerial Netting | Sweeping Net Method | Hand Sorting Method | Sieving Method),Asia,Taiwan,TW,Mianhua Islet,,,25.48483,122.10535,EPSG:4326,400,1e-05,Catopsilia pomona pomona,Identified to subspecies level based on the known local distribution.,KL_Insect_0000210,34849,t0030200,Catopsilia pomona pomona,Animalia,subspecies,遷粉蝶,accepted,果神蝶 | 無紋淡黃蝶 | 銀紋淡黃蝶 | 淡黃蝶 | 淺紋淡黃粉蝶 | 銀紋淡黃粉蝶 | 鐵刀木粉蝶 | 遷飛粉蝶
2024-07-31_Insect_HumanObservation_093,HumanObservation,,2024-07-31_Insect_HumanObservation_093,研海生態顧問股份有限公司 (Ceta explorers Company Limited),,,,,,,,,2024-07-31,,2024,7,31,Line Transect Survey (Aerial Netting | Sweeping Net Method | Hand Sorting Method | Sieving Method),Asia,Taiwan,TW,Mianhua Islet,,,25.48483,122.10535,EPSG:4326,400,1e-05,Scopula,,KL_Insect_0000041,17796,t0016245,Scopula,Animalia,genus,岩尺蛾屬,accepted,
2024-07-31_Insect_HumanObservation_094,HumanObservation,,2024-07-31_Insect_HumanObservation_094,研海生態顧問股份有限公司 (Ceta explorers Company Limited),,,,,,,,,2024-07-31,,2024,7,31,Line Transect Survey (Aerial Netting | Sweeping Net Method | Hand Sorting Method | Sieving Method),Asia,Taiwan,TW,Mianhua Islet,,,25.48483,122.10535,EPSG:4326,400,1e-05,Melapia kishidai,,KL_Insect_0000269,294413,t0131861,Melapia kishidai,Animalia,species,三角斑裳蛾,accepted,
2024-07-31_Insect_HumanObservation_095,HumanObservation,,2024-07-31_Insect_HumanObservation_095,研海生態顧問股份有限公司 (Ceta explorers Company Limited),,,,,,,,,2024-07-31,,2024,7,31,Line Transect Survey (Aerial Netting | Sweeping Net Method | Hand Sorting Method | Sieving Method),Asia,Taiwan,TW,Mianhua Islet,,,25.48483,122.10535,EPSG:4326,400,1e-05,Mocis undata,,KL_Insect_0000270,31205,t0051931,Mocis undata,Animalia,species,毛脛裳蛾,accepted,毛脛夜蛾
2024-07-31_Insect_HumanObservation_096,HumanObservation,,2024-07-31_Insect_HumanObservation_096,研海生態顧問股份有限公司 (Ceta explorers Company Limited),,,,,,,,,2024-07-31,,2024,7,31,Line Transect Survey (Aerial Netting | Sweeping Net Method | Hand Sorting Method | Sieving Method),Asia,Taiwan,TW,Mianhua Islet,,,25.48483,122.10535,EPSG:4326,400,1e-05,Purpurata plagiatalis,,KL_Insect_0000027,268693,t0098533,Purpurata plagiatalis,Animalia,species,扇野螟蛾,accepted,馬鞍藤紫扇野螟蛾
2024-09-12_Insect_HumanObservation_097,HumanObservation,,2024-09-12_Insect_HumanObservation_097,研海生態顧問股份有限公司 (Ceta explorers Company Limited),,,,,,,,,2024-09-12,,2024,9,12,Line Transect Survey (Aerial Netting | Sweeping Net Method | Hand Sorting Method | Sieving Method),Asia,Taiwan,TW,Mianhua Islet,,,25.48483,122.10535,EPSG:4326,400,1e-05,Pantala flavescens,,KL_Insect_0000048,82387,t0082932,Pantala flavescens,Animalia,species,薄翅蜻蜓,accepted,
2024-09-12_Insect_HumanObservation_098,HumanObservation,,2024-09-12_Insect_HumanObservation_098,研海生態顧問股份有限公司 (Ceta explorers Company Limited),,,,,,,,,2024-09-12,,2024,9,12,Line Transect Survey (Aerial Netting | Sweeping Net Method | Hand Sorting Method | Sieving Method),Asia,Taiwan,TW,Mianhua Islet,,,25.48483,122.10535,EPSG:4326,400,1e-05,Zizeeria maha okinawana,,KL_Insect_0000002,35344,t0085052,Zizeeria maha okinawana,Animalia,subspecies,沖繩小灰蝶,accepted,毛眼灰蝶 | 柞灰蝶 | 酢醬灰蝶 | 小型小灰蝶 | 大和小灰蝶 | 藍灰蝶
2024-09-12_Insect_HumanObservation_099,HumanObservation,,2024-09-12_Insect_HumanObservation_099,研海生態顧問股份有限公司 (Ceta explorers Company Limited),,,,,,,,,2024-09-12,,2024,9,12,Line Transect Survey (Aerial Netting | Sweeping Net Method | Hand Sorting Method | Sieving Method),Asia,Taiwan,TW,Mianhua Islet,,,25.48483,122.10535,EPSG:4326,400,1e-05,Lampides boeticus,,KL_Insect_0000001,36747,t0027297,Lampides boeticus,Animalia,species,豆波灰蝶,accepted,
2024-09-12_Insect_HumanObservation_100,HumanObservation,,2024-09-12_Insect_HumanObservation_100,研海生態顧問股份有限公司 (Ceta explorers Company Limited),,,,,,,,,2024-09-12,,2024,9,12,Line Transect Survey (Aerial Netting | Sweeping Net Method | Hand Sorting Method | Sieving Method),Asia,Taiwan,TW,Mianhua Islet,,,25.48483,122.10535,EPSG:4326,400,1e-05,Asota caricae,,KL_Insect_0000271,26970,t0049833,Asota caricae,Animalia,species,一點擬燈蛾,accepted,
2024-09-12_Insect_HumanObservation_101,HumanObservation,,2024-09-12_Insect_HumanObservation_101,研海生態顧問股份有限公司 (Ceta explorers Company Limited),,,,,,,,,2024-09-12,,2024,9,12,Line Transect Survey (Aerial Netting | Sweeping Net Method | Hand Sorting Method | Sieving Method),Asia,Taiwan,TW,Mianhua Islet,,,25.48483,122.10535,EPSG:4326,400,1e-05,Spoladea recurvalis,,KL_Insect_0000020,37877,t0033008,Spoladea recurvalis,Animalia,species,甜菜白帶野螟,accepted,甜菜白帶野螟蛾
2024-09-12_Insect_HumanObservation_102,HumanObservation,,2024-09-12_Insect_HumanObservation_102,研海生態顧問股份有限公司 (Ceta explorers Company Limited),,,,,,,,,2024-09-12,,2024,9,12,Line Transect Survey (Aerial Netting | Sweeping Net Method | Hand Sorting Method | Sieving Method),Asia,Taiwan,TW,Mianhua Islet,,,25.48483,122.10535,EPSG:4326,400,1e-05,Cnaphalocrocis medinalis,,KL_Insect_0000272,35979,t0030593,Cnaphalocrocis medinalis,Animalia,species,瘤野螟,accepted,
2024-09-12_Insect_HumanObservation_103,HumanObservation,,2024-09-12_Insect_HumanObservation_103,研海生態顧問股份有限公司 (Ceta explorers Company Limited),,,,,,,,,2024-09-12,,2024,9,12,Line Transect Survey (Aerial Netting | Sweeping Net Method | Hand Sorting Method | Sieving Method),Asia,Taiwan,TW,Mianhua Islet,,,25.48483,122.10535,EPSG:4326,400,1e-05,Agrypnus sakaguchii,,KL_Insect_0000108,62686,t0070692,Agrypnus sakaguchii,Animalia,species,小褐鏽叩頭蟲,accepted,
2024-09-12_Insect_HumanObservation_104,HumanObservation,,2024-09-12_Insect_HumanObservation_104,研海生態顧問股份有限公司 (Ceta explorers Company Limited),,,,,,,,,2024-09-12,,2024,9,12,Line Transect Survey (Aerial Netting | Sweeping Net Method | Hand Sorting Method | Sieving Method),Asia,Taiwan,TW,Mianhua Islet,,,25.48483,122.10535,EPSG:4326,400,1e-05,Gonocephalum,,KL_Insect_0000107,11248,t0020235,Gonocephalum,Animalia,genus,潛砂蟲屬,accepted,
2024-09-12_Insect_HumanObservation_105,HumanObservation,,2024-09-12_Insect_HumanObservation_105,研海生態顧問股份有限公司 (Ceta explorers Company Limited),,,,,,,,,2024-09-12,,2024,9,12,Line Transect Survey (Aerial Netting | Sweeping Net Method | Hand Sorting Method | Sieving Method),Asia,Taiwan,TW,Mianhua Islet,,,25.48483,122.10535,EPSG:4326,400,1e-05,Cassida circumdata,,KL_Insect_0000099,66759,t0077570,Cassida circumdata,Animalia,species,甘藷龜金花蟲,accepted,
2024-09-12_Insect_HumanObservation_106,HumanObservation,,2024-09-12_Insect_HumanObservation_106,研海生態顧問股份有限公司 (Ceta explorers Company Limited),,,,,,,,,2024-09-12,,2024,9,12,Line Transect Survey (Aerial Netting | Sweeping Net Method | Hand Sorting Method | Sieving Method),Asia,Taiwan,TW,Mianhua Islet,,,25.48483,122.10535,EPSG:4326,400,1e-05,Harpalus,,KL_Insect_0000273,11464,t0020449,Harpalus,Animalia,genus,婪步甲屬,accepted,
2024-09-12_Insect_HumanObservation_107,HumanObservation,,2024-09-12_Insect_HumanObservation_107,研海生態顧問股份有限公司 (Ceta explorers Company Limited),,,,,,,,,2024-09-12,,2024,9,12,Line Transect Survey (Aerial Netting | Sweeping Net Method | Hand Sorting Method | Sieving Method),Asia,Taiwan,TW,Mianhua Islet,,,25.48483,122.10535,EPSG:4326,400,1e-05,Muscidae,,KL_Insect_0000169,4574,t0006487,Muscidae,Animalia,family,家蠅科,accepted,
2024-09-12_Insect_HumanObservation_108,HumanObservation,,2024-09-12_Insect_HumanObservation_108,研海生態顧問股份有限公司 (Ceta explorers Company Limited),,,,,,,,,2024-09-12,,2024,9,12,Line Transect Survey (Aerial Netting | Sweeping Net Method | Hand Sorting Method | Sieving Method),Asia,Taiwan,TW,Mianhua Islet,,,25.48483,122.10535,EPSG:4326,400,1e-05,Acrida,,KL_Insect_0000275,5984,t0009370,Acrida,Animalia,genus,劍角蝗屬,accepted,
2024-09-12_Insect_HumanObservation_109,HumanObservation,,2024-09-12_Insect_HumanObservation_109,研海生態顧問股份有限公司 (Ceta explorers Company Limited),,,,,,,,,2024-09-12,,2024,9,12,Line Transect Survey (Aerial Netting | Sweeping Net Method | Hand Sorting Method | Sieving Method),Asia,Taiwan,TW,Mianhua Islet,,,25.48483,122.10535,EPSG:4326,400,1e-05,Aiolopus thalassinus tamulus,Identified to subspecies level based on the known local distribution.,KL_Insect_0000144,92373,t0085206,Aiolopus thalassinus tamulus,Animalia,subspecies,斑蝗,accepted,
2024-09-12_Insect_HumanObservation_110,HumanObservation,,2024-09-12_Insect_HumanObservation_110,研海生態顧問股份有限公司 (Ceta explorers Company Limited),,,,,,,,,2024-09-12,,2024,9,12,Line Transect Survey (Aerial Netting | Sweeping Net Method | Hand Sorting Method | Sieving Method),Asia,Taiwan,TW,Mianhua Islet,,,25.48483,122.10535,EPSG:4326,400,1e-05,Gryllidae,,KL_Insect_0000172,4144,t0006071,Gryllidae,Animalia,family,蟋蟀科,accepted,
2024-09-12_Insect_HumanObservation_111,HumanObservation,,2024-09-12_Insect_HumanObservation_111,研海生態顧問股份有限公司 (Ceta explorers Company Limited),,,,,,,,,2024-09-12,,2024,9,12,Line Transect Survey (Aerial Netting | Sweeping Net Method | Hand Sorting Method | Sieving Method),Asia,Taiwan,TW,Mianhua Islet,,,25.48483,122.10535,EPSG:4326,400,1e-05,Lepismatidae,,KL_Insect_0000158,4352,t0003994,Lepismatidae,Animalia,family,衣魚科,accepted,
2024-09-12_Insect_HumanObservation_112,HumanObservation,,2024-09-12_Insect_HumanObservation_112,研海生態顧問股份有限公司 (Ceta explorers Company Limited),,,,,,,,,2024-09-12,,2024,9,12,Line Transect Survey (Aerial Netting | Sweeping Net Method | Hand Sorting Method | Sieving Method),Asia,Taiwan,TW,Mianhua Islet,,,25.48483,122.10535,EPSG:4326,400,1e-05,Phlaeothripidae,,KL_Insect_0000243,4841,t0004357,Phlaeothripidae,Animalia,family,管薊馬科,accepted,
2024-09-12_Insect_HumanObservation_113,HumanObservation,,2024-09-12_Insect_HumanObservation_113,研海生態顧問股份有限公司 (Ceta explorers Company Limited),,,,,,,,,2024-09-12,,2024,9,12,Line Transect Survey (Aerial Netting | Sweeping Net Method | Hand Sorting Method | Sieving Method),Asia,Taiwan,TW,Mianhua Islet,,,25.48483,122.10535,EPSG:4326,400,1e-05,Validiblatta australasiae,,KL_Insect_0000079,267217,t0031741,Validiblatta australasiae,Animalia,species,澳洲家蠊,accepted,
2024-09-12_Insect_HumanObservation_114,HumanObservation,,2024-09-12_Insect_HumanObservation_114,研海生態顧問股份有限公司 (Ceta explorers Company Limited),,,,,,,,,2024-09-12,,2024,9,12,Line Transect Survey (Aerial Netting | Sweeping Net Method | Hand Sorting Method | Sieving Method),Asia,Taiwan,TW,Mianhua Islet,,,25.48483,122.10535,EPSG:4326,400,1e-05,Cletus trigonus,,KL_Insect_0000054,68077,t0078716,Cletus trigonus,Animalia,species,肩棘緣蝽,accepted,
2024-09-12_Insect_HumanObservation_115,HumanObservation,,2024-09-12_Insect_HumanObservation_115,研海生態顧問股份有限公司 (Ceta explorers Company Limited),,,,,,,,,2024-09-12,,2024,9,12,Line Transect Survey (Aerial Netting | Sweeping Net Method | Hand Sorting Method | Sieving Method),Asia,Taiwan,TW,Mianhua Islet,,,25.48483,122.10535,EPSG:4326,400,1e-05,Geocoris ochropterus,,KL_Insect_0000250,73515,t0064386,Geocoris ochropterus,Animalia,species,南亞大眼長蝽,accepted,
2024-09-12_Insect_HumanObservation_116,HumanObservation,,2024-09-12_Insect_HumanObservation_116,研海生態顧問股份有限公司 (Ceta explorers Company Limited),,,,,,,,,2024-09-12,,2024,9,12,Line Transect Survey (Aerial Netting | Sweeping Net Method | Hand Sorting Method | Sieving Method),Asia,Taiwan,TW,Mianhua Islet,,,25.48483,122.10535,EPSG:4326,400,1e-05,Homoeocerus marginiventris,,KL_Insect_0000055,75051,t0065733,Homoeocerus marginiventris,Animalia,species,小點同緣蝽,accepted,
2024-09-12_Insect_HumanObservation_117,HumanObservation,,2024-09-12_Insect_HumanObservation_117,研海生態顧問股份有限公司 (Ceta explorers Company Limited),,,,,,,,,2024-09-12,,2024,9,12,Line Transect Survey (Aerial Netting | Sweeping Net Method | Hand Sorting Method | Sieving Method),Asia,Taiwan,TW,Mianhua Islet,,,25.48483,122.10535,EPSG:4326,400,1e-05,Scotinophara scottii,,KL_Insect_0000154,87294,t0038630,Scotinophara scottii,Animalia,species,短刺黑蝽,accepted,短刺黑椿象
2024-09-12_Insect_HumanObservation_118,HumanObservation,,2024-09-12_Insect_HumanObservation_118,研海生態顧問股份有限公司 (Ceta explorers Company Limited),,,,,,,,,2024-09-12,,2024,9,12,Line Transect Survey (Aerial Netting | Sweeping Net Method | Hand Sorting Method | Sieving Method),Asia,Taiwan,TW,Mianhua Islet,,,25.48483,122.10535,EPSG:4326,400,1e-05,Nysius ericae,,KL_Insect_0000059,58250,t0098109,Nysius ericae,Animalia,species,小長蝽象,accepted,小長椿象
2024-09-12_Insect_HumanObservation_119,HumanObservation,,2024-09-12_Insect_HumanObservation_119,研海生態顧問股份有限公司 (Ceta explorers Company Limited),,,,,,,,,2024-09-12,,2024,9,12,Line Transect Survey (Aerial Netting | Sweeping Net Method | Hand Sorting Method | Sieving Method),Asia,Taiwan,TW,Mianhua Islet,,,25.48483,122.10535,EPSG:4326,400,1e-05,Spilostethus hospes,,KL_Insect_0000058,59943,t0098935,Spilostethus hospes,Animalia,species,黑斑腺長蝽,accepted,箭痕腺長蝽
2024-09-12_Insect_HumanObservation_120,HumanObservation,,2024-09-12_Insect_HumanObservation_120,研海生態顧問股份有限公司 (Ceta explorers Company Limited),,,,,,,,,2024-09-12,,2024,9,12,Line Transect Survey (Aerial Netting | Sweeping Net Method | Hand Sorting Method | Sieving Method),Asia,Taiwan,TW,Mianhua Islet,,,25.48483,122.10535,EPSG:4326,400,1e-05,Diniella,,KL_Insect_0000283,9687,t0018710,Diniella,Animalia,genus,赤喉長蝽屬,accepted,
2024-09-12_Insect_HumanObservation_121,HumanObservation,,2024-09-12_Insect_HumanObservation_121,研海生態顧問股份有限公司 (Ceta explorers Company Limited),,,,,,,,,2024-09-12,,2024,9,12,Line Transect Survey (Aerial Netting | Sweeping Net Method | Hand Sorting Method | Sieving Method),Asia,Taiwan,TW,Mianhua Islet,,,25.48483,122.10535,EPSG:4326,400,1e-05,Stirellus,,KL_Insect_0000284,141913,t0101330,Stirellus,Animalia,genus,矛葉蟬屬,accepted,
2024-09-12_Insect_HumanObservation_122,HumanObservation,,2024-09-12_Insect_HumanObservation_122,研海生態顧問股份有限公司 (Ceta explorers Company Limited),,,,,,,,,2024-09-12,,2024,9,12,Line Transect Survey (Aerial Netting | Sweeping Net Method | Hand Sorting Method | Sieving Method),Asia,Taiwan,TW,Mianhua Islet,,,25.48483,122.10535,EPSG:4326,400,1e-05,Braunsapis,,KL_Insect_0000222,7689,t0011051,Braunsapis,Animalia,genus,小蘆蜂屬,accepted,蘆蜂屬
2024-09-12_Insect_HumanObservation_123,HumanObservation,,2024-09-12_Insect_HumanObservation_123,研海生態顧問股份有限公司 (Ceta explorers Company Limited),,,,,,,,,2024-09-12,,2024,9,12,Line Transect Survey (Aerial Netting | Sweeping Net Method | Hand Sorting Method | Sieving Method),Asia,Taiwan,TW,Mianhua Islet,,,25.48483,122.10535,EPSG:4326,400,1e-05,Pompilidae,,KL_Insect_0000286,4942,t0004453,Pompilidae,Animalia,family,蛛蜂科,accepted,
2024-09-12_Insect_HumanObservation_124,HumanObservation,,2024-09-12_Insect_HumanObservation_124,研海生態顧問股份有限公司 (Ceta explorers Company Limited),,,,,,,,,2024-09-12,,2024,9,12,Line Transect Survey (Aerial Netting | Sweeping Net Method | Hand Sorting Method | Sieving Method),Asia,Taiwan,TW,Mianhua Islet,,,25.48483,122.10535,EPSG:4326,400,1e-05,Nylanderia ryukyuensis,,KL_Insect_0000124,298339,t0132389,Nylanderia ryukyuensis,Animalia,species,琉球尼蘭德山蟻,accepted,
2024-09-12_Insect_HumanObservation_125,HumanObservation,,2024-09-12_Insect_HumanObservation_125,研海生態顧問股份有限公司 (Ceta explorers Company Limited),,,,,,,,,2024-09-12,,2024,9,12,Line Transect Survey (Aerial Netting | Sweeping Net Method | Hand Sorting Method | Sieving Method),Asia,Taiwan,TW,Mianhua Islet,,,25.48483,122.10535,EPSG:4326,400,1e-05,Ochetellus glaber,,KL_Insect_0000126,81256,t0081925,Ochetellus glaber,Animalia,species,光滑管琉璃蟻,accepted,
2024-09-12_Insect_HumanObservation_126,HumanObservation,,2024-09-12_Insect_HumanObservation_126,研海生態顧問股份有限公司 (Ceta explorers Company Limited),,,,,,,,,2024-09-12,,2024,9,12,Line Transect Survey (Aerial Netting | Sweeping Net Method | Hand Sorting Method | Sieving Method),Asia,Taiwan,TW,Mianhua Islet,,,25.48483,122.10535,EPSG:4326,400,1e-05,Monomorium chinense,,KL_Insect_0000122,79590,t0080440,Monomorium chinense,Animalia,species,中華單家蟻,accepted,
2024-09-12_Insect_HumanObservation_127,HumanObservation,,2024-09-12_Insect_HumanObservation_127,研海生態顧問股份有限公司 (Ceta explorers Company Limited),,,,,,,,,2024-09-12,,2024,9,12,Line Transect Survey (Aerial Netting | Sweeping Net Method | Hand Sorting Method | Sieving Method),Asia,Taiwan,TW,Mianhua Islet,,,25.48483,122.10535,EPSG:4326,400,1e-05,Pheidole fervens,,KL_Insect_0000119,83577,t0083976,Pheidole fervens,Animalia,species,熱烈大頭家蟻,accepted,
2024-09-12_Insect_HumanObservation_128,HumanObservation,,2024-09-12_Insect_HumanObservation_128,研海生態顧問股份有限公司 (Ceta explorers Company Limited),,,,,,,,,2024-09-12,,2024,9,12,Line Transect Survey (Aerial Netting | Sweeping Net Method | Hand Sorting Method | Sieving Method),Asia,Taiwan,TW,Mianhua Islet,,,25.48483,122.10535,EPSG:4326,400,1e-05,Cardiocondyla minutior,,KL_Insect_0000121,66623,t0077451,Cardiocondyla minutior,Animalia,species,小瘤突家蟻,accepted,
2024-09-12_Insect_HumanObservation_129,HumanObservation,,2024-09-12_Insect_HumanObservation_129,研海生態顧問股份有限公司 (Ceta explorers Company Limited),,,,,,,,,2024-09-12,,2024,9,12,Line Transect Survey (Aerial Netting | Sweeping Net Method | Hand Sorting Method | Sieving Method),Asia,Taiwan,TW,Mianhua Islet,,,25.48483,122.10535,EPSG:4326,400,1e-05,Tetramorium bicarinatum,,KL_Insect_0000123,89888,t0047090,Tetramorium bicarinatum,Animalia,species,雙脊皺家蟻,accepted,
2024-09-12_Insect_HumanObservation_130,HumanObservation,,2024-09-12_Insect_HumanObservation_130,研海生態顧問股份有限公司 (Ceta explorers Company Limited),,,,,,,,,2024-09-12,,2024,9,12,Line Transect Survey (Aerial Netting | Sweeping Net Method | Hand Sorting Method | Sieving Method),Asia,Taiwan,TW,Mianhua Islet,,,25.48483,122.10535,EPSG:4326,400,1e-05,Valenzuela,,KL_Insect_0000241,19616,t0018016,Valenzuela,Animalia,genus,梵嚙蟲屬,accepted,
2025-08-19_Insect_HumanObservation_001,HumanObservation,,2025-08-19_Insect_HumanObservation_001,研海生態顧問股份有限公司 (Ceta explorers Company Limited),,,,,,,,,2025-08-19,,2025,8,19,Line Transect Survey (Aerial Netting | Sweeping Net Method | Hand Sorting Method | Sieving Method),Asia,Taiwan,TW,Mianhua Islet,,,25.48483,122.10535,EPSG:4326,400,1e-05,Pantala flavescens,,KL_Insect_0000048,82387,t0082932,Pantala flavescens,Animalia,species,薄翅蜻蜓,accepted,
2025-08-19_Insect_HumanObservation_002,HumanObservation,,2025-08-19_Insect_HumanObservation_002,研海生態顧問股份有限公司 (Ceta explorers Company Limited),,,,,,,,,2025-08-19,,2025,8,19,Line Transect Survey (Aerial Netting | Sweeping Net Method | Hand Sorting Method | Sieving Method),Asia,Taiwan,TW,Mianhua Islet,,,25.48483,122.10535,EPSG:4326,400,1e-05,Anax,,KL_Insect_0000301,6551,t0009927,Anax,Animalia,genus,偉蜓屬,accepted,
2025-08-19_Insect_HumanObservation_003,HumanObservation,,2025-08-19_Insect_HumanObservation_003,研海生態顧問股份有限公司 (Ceta explorers Company Limited),,,,,,,,,2025-08-19,,2025,8,19,Line Transect Survey (Aerial Netting | Sweeping Net Method | Hand Sorting Method | Sieving Method),Asia,Taiwan,TW,Mianhua Islet,,,25.48483,122.10535,EPSG:4326,400,1e-05,Zizeeria maha okinawana,,KL_Insect_0000002,35344,t0085052,Zizeeria maha okinawana,Animalia,subspecies,沖繩小灰蝶,accepted,毛眼灰蝶 | 柞灰蝶 | 酢醬灰蝶 | 小型小灰蝶 | 大和小灰蝶 | 藍灰蝶
2025-08-19_Insect_HumanObservation_004,HumanObservation,,2025-08-19_Insect_HumanObservation_004,研海生態顧問股份有限公司 (Ceta explorers Company Limited),,,,,,,,,2025-08-19,,2025,8,19,Line Transect Survey (Aerial Netting | Sweeping Net Method | Hand Sorting Method | Sieving Method),Asia,Taiwan,TW,Mianhua Islet,,,25.48483,122.10535,EPSG:4326,400,1e-05,Lampides boeticus,,KL_Insect_0000001,36747,t0027297,Lampides boeticus,Animalia,species,豆波灰蝶,accepted,
2025-08-19_Insect_HumanObservation_005,HumanObservation,,2025-08-19_Insect_HumanObservation_005,研海生態顧問股份有限公司 (Ceta explorers Company Limited),,,,,,,,,2025-08-19,,2025,8,19,Line Transect Survey (Aerial Netting | Sweeping Net Method | Hand Sorting Method | Sieving Method),Asia,Taiwan,TW,Mianhua Islet,,,25.48483,122.10535,EPSG:4326,400,1e-05,Agrius convolvuli,,KL_Insect_0000302,35426,t0056844,Agrius convolvuli,Animalia,species,白薯天蛾,accepted,
2025-08-19_Insect_HumanObservation_006,HumanObservation,,2025-08-19_Insect_HumanObservation_006,研海生態顧問股份有限公司 (Ceta explorers Company Limited),,,,,,,,,2025-08-19,,2025,8,19,Line Transect Survey (Aerial Netting | Sweeping Net Method | Hand Sorting Method | Sieving Method),Asia,Taiwan,TW,Mianhua Islet,,,25.48483,122.10535,EPSG:4326,400,1e-05,Eobia chinensis chinensis,Identified to subspecies level based on the known local distribution.,KL_Insect_0000184,92880,t0085627,Eobia chinensis chinensis,Animalia,subspecies,黑尾擬天牛,accepted,
2025-08-19_Insect_HumanObservation_007,HumanObservation,,2025-08-19_Insect_HumanObservation_007,研海生態顧問股份有限公司 (Ceta explorers Company Limited),,,,,,,,,2025-08-19,,2025,8,19,Line Transect Survey (Aerial Netting | Sweeping Net Method | Hand Sorting Method | Sieving Method),Asia,Taiwan,TW,Mianhua Islet,,,25.48483,122.10535,EPSG:4326,400,1e-05,Cassida circumdata,,KL_Insect_0000099,66759,t0077570,Cassida circumdata,Animalia,species,甘藷龜金花蟲,accepted,
2025-08-19_Insect_HumanObservation_008,HumanObservation,,2025-08-19_Insect_HumanObservation_008,研海生態顧問股份有限公司 (Ceta explorers Company Limited),,,,,,,,,2025-08-19,,2025,8,19,Line Transect Survey (Aerial Netting | Sweeping Net Method | Hand Sorting Method | Sieving Method),Asia,Taiwan,TW,Mianhua Islet,,,25.48483,122.10535,EPSG:4326,400,1e-05,Agrypnus sakaguchii,,KL_Insect_0000108,62686,t0070692,Agrypnus sakaguchii,Animalia,species,小褐鏽叩頭蟲,accepted,
2025-08-19_Insect_HumanObservation_009,HumanObservation,,2025-08-19_Insect_HumanObservation_009,研海生態顧問股份有限公司 (Ceta explorers Company Limited),,,,,,,,,2025-08-19,,2025,8,19,Line Transect Survey (Aerial Netting | Sweeping Net Method | Hand Sorting Method | Sieving Method),Asia,Taiwan,TW,Mianhua Islet,,,25.48483,122.10535,EPSG:4326,400,1e-05,Hydrophilidae,,KL_Insect_0000303,4248,t0006175,Hydrophilidae,Animalia,family,牙蟲科,accepted,
2025-08-19_Insect_HumanObservation_010,HumanObservation,,2025-08-19_Insect_HumanObservation_010,研海生態顧問股份有限公司 (Ceta explorers Company Limited),,,,,,,,,2025-08-19,,2025,8,19,Line Transect Survey (Aerial Netting | Sweeping Net Method | Hand Sorting Method | Sieving Method),Asia,Taiwan,TW,Mianhua Islet,,,25.48483,122.10535,EPSG:4326,400,1e-05,Eristalinus,,KL_Insect_0000115,10397,t0019407,Eristalinus,Animalia,genus,斑眼蚜蠅屬,accepted,寶玉蚜蠅屬
2025-08-19_Insect_HumanObservation_011,HumanObservation,,2025-08-19_Insect_HumanObservation_011,研海生態顧問股份有限公司 (Ceta explorers Company Limited),,,,,,,,,2025-08-19,,2025,8,19,Line Transect Survey (Aerial Netting | Sweeping Net Method | Hand Sorting Method | Sieving Method),Asia,Taiwan,TW,Mianhua Islet,,,25.48483,122.10535,EPSG:4326,400,1e-05,Aiolopus thalassinus tamulus,Identified to subspecies level based on the known local distribution.,KL_Insect_0000144,92373,t0085206,Aiolopus thalassinus tamulus,Animalia,subspecies,斑蝗,accepted,
2025-08-19_Insect_HumanObservation_012,HumanObservation,,2025-08-19_Insect_HumanObservation_012,研海生態顧問股份有限公司 (Ceta explorers Company Limited),,,,,,,,,2025-08-19,,2025,8,19,Line Transect Survey (Aerial Netting | Sweeping Net Method | Hand Sorting Method | Sieving Method),Asia,Taiwan,TW,Mianhua Islet,,,25.48483,122.10535,EPSG:4326,400,1e-05,Orosius orientalis,,KL_Insect_0000229,141937,t0028635,Orosius orientalis,Animalia,species,南斑葉蟬,accepted,東方網紋葉蟬
2025-08-19_Insect_HumanObservation_013,HumanObservation,,2025-08-19_Insect_HumanObservation_013,研海生態顧問股份有限公司 (Ceta explorers Company Limited),,,,,,,,,2025-08-19,,2025,8,19,Line Transect Survey (Aerial Netting | Sweeping Net Method | Hand Sorting Method | Sieving Method),Asia,Taiwan,TW,Mianhua Islet,,,25.48483,122.10535,EPSG:4326,400,1e-05,Homoeocerus marginiventris,,KL_Insect_0000055,75051,t0065733,Homoeocerus marginiventris,Animalia,species,小點同緣蝽,accepted,
2025-08-19_Insect_HumanObservation_014,HumanObservation,,2025-08-19_Insect_HumanObservation_014,研海生態顧問股份有限公司 (Ceta explorers Company Limited),,,,,,,,,2025-08-19,,2025,8,19,Line Transect Survey (Aerial Netting | Sweeping Net Method | Hand Sorting Method | Sieving Method),Asia,Taiwan,TW,Mianhua Islet,,,25.48483,122.10535,EPSG:4326,400,1e-05,Xanthopimpla,,KL_Insect_0000304,19774,t0018168,Xanthopimpla,Animalia,genus,黑點瘤姬蜂屬,accepted,
2025-08-19_Insect_HumanObservation_015,HumanObservation,,2025-08-19_Insect_HumanObservation_015,研海生態顧問股份有限公司 (Ceta explorers Company Limited),,,,,,,,,2025-08-19,,2025,8,19,Line Transect Survey (Aerial Netting | Sweeping Net Method | Hand Sorting Method | Sieving Method),Asia,Taiwan,TW,Mianhua Islet,,,25.48483,122.10535,EPSG:4326,400,1e-05,Nylanderia ryukyuensis,,KL_Insect_0000124,298339,t0132389,Nylanderia ryukyuensis,Animalia,species,琉球尼蘭德山蟻,accepted,
2025-08-19_Insect_HumanObservation_016,HumanObservation,,2025-08-19_Insect_HumanObservation_016,研海生態顧問股份有限公司 (Ceta explorers Company Limited),,,,,,,,,2025-08-19,,2025,8,19,Line Transect Survey (Aerial Netting | Sweeping Net Method | Hand Sorting Method | Sieving Method),Asia,Taiwan,TW,Mianhua Islet,,,25.48483,122.10535,EPSG:4326,400,1e-05,Tetramorium bicarinatum,,KL_Insect_0000123,89888,t0047090,Tetramorium bicarinatum,Animalia,species,雙脊皺家蟻,accepted,
2025-08-19_Insect_HumanObservation_017,HumanObservation,,2025-08-19_Insect_HumanObservation_017,研海生態顧問股份有限公司 (Ceta explorers Company Limited),,,,,,,,,2025-08-19,,2025,8,19,Line Transect Survey (Aerial Netting | Sweeping Net Method | Hand Sorting Method | Sieving Method),Asia,Taiwan,TW,Mianhua Islet,,,25.48483,122.10535,EPSG:4326,400,1e-05,Pheidole fervens,,KL_Insect_0000119,83577,t0083976,Pheidole fervens,Animalia,species,熱烈大頭家蟻,accepted,
2025-08-19_Insect_HumanObservation_018,HumanObservation,,2025-08-19_Insect_HumanObservation_018,研海生態顧問股份有限公司 (Ceta explorers Company Limited),,,,,,,,,2025-08-19,,2025,8,19,Line Transect Survey (Aerial Netting | Sweeping Net Method | Hand Sorting Method | Sieving Method),Asia,Taiwan,TW,Mianhua Islet,,,25.48483,122.10535,EPSG:4326,400,1e-05,Cardiocondyla minutior,,KL_Insect_0000121,66623,t0077451,Cardiocondyla minutior,Animalia,species,小瘤突家蟻,accepted,
2025-08-19_Insect_HumanObservation_019,HumanObservation,,2025-08-19_Insect_HumanObservation_019,研海生態顧問股份有限公司 (Ceta explorers Company Limited),,,,,,,,,2025-08-19,,2025,8,19,Line Transect Survey (Aerial Netting | Sweeping Net Method | Hand Sorting Method | Sieving Method),Asia,Taiwan,TW,Mianhua Islet,,,25.48483,122.10535,EPSG:4326,400,1e-05,Valenzuela,,KL_Insect_0000241,19616,t0018016,Valenzuela,Animalia,genus,梵嚙蟲屬,accepted,
2025-08-19_Insect_HumanObservation_020,HumanObservation,,2025-08-19_Insect_HumanObservation_020,研海生態顧問股份有限公司 (Ceta explorers Company Limited),,,,,,,,,2025-08-19,,2025,8,19,Line Transect Survey (Aerial Netting | Sweeping Net Method | Hand Sorting Method | Sieving Method),Asia,Taiwan,TW,Mianhua Islet,,,25.48483,122.10535,EPSG:4326,400,1e-05,Thripidae,,KL_Insect_0000244,5338,t0004839,Thripidae,Animalia,family,薊馬科,accepted,
2025-08-19_Insect_HumanObservation_021,HumanObservation,,2025-08-19_Insect_HumanObservation_021,研海生態顧問股份有限公司 (Ceta explorers Company Limited),,,,,,,,,2025-08-19,,2025,8,19,Line Transect Survey (Aerial Netting | Sweeping Net Method | Hand Sorting Method | Sieving Method),Asia,Taiwan,TW,Mianhua Islet,,,25.48483,122.10535,EPSG:4326,400,1e-05,Lepismatidae,,KL_Insect_0000158,4352,t0003994,Lepismatidae,Animalia,family,衣魚科,accepted,
2025-08-19_Insect_HumanObservation_022,HumanObservation,,2025-08-19_Insect_HumanObservation_022,研海生態顧問股份有限公司 (Ceta explorers Company Limited),,,,,,,,,2025-08-19,,2025,8,19,Line Transect Survey (Aerial Netting | Sweeping Net Method | Hand Sorting Method | Sieving Method),Asia,Taiwan,TW,Mianhua Islet,,,25.48483,122.10535,EPSG:4326,400,1e-05,Mesovelia horvathi,,KL_Insect_0000305,78917,t0027924,Mesovelia horvathi,Animalia,species,日本水椿象,accepted,荷氏水蝽 | 水蝽
2025-08-19_Insect_HumanObservation_023,HumanObservation,,2025-08-19_Insect_HumanObservation_023,研海生態顧問股份有限公司 (Ceta explorers Company Limited),,,,,,,,,2025-08-19,,2025,8,19,Line Transect Survey (Aerial Netting | Sweeping Net Method | Hand Sorting Method | Sieving Method),Asia,Taiwan,TW,Mianhua Islet,,,25.48483,122.10535,EPSG:4326,400,1e-05,Paraplea frontalis,,KL_Insect_0000306,82815,t0083320,Paraplea frontalis,Animalia,species,高額鄰固蝽,accepted,
2025-08-19_Insect_HumanObservation_024,HumanObservation,,2025-08-19_Insect_HumanObservation_024,研海生態顧問股份有限公司 (Ceta explorers Company Limited),,,,,,,,,2025-08-19,,2025,8,19,Line Transect Survey (Aerial Netting | Sweeping Net Method | Hand Sorting Method | Sieving Method),Asia,Taiwan,TW,Mianhua Islet,,,25.48483,122.10535,EPSG:4326,400,1e-05,Nezara viridula,,KL_Insect_0000073,80891,t0031136,Nezara viridula,Animalia,species,稻綠蝽,accepted,
2025-08-19_Insect_HumanObservation_025,HumanObservation,,2025-08-19_Insect_HumanObservation_025,研海生態顧問股份有限公司 (Ceta explorers Company Limited),,,,,,,,,2025-08-19,,2025,8,19,Line Transect Survey (Aerial Netting | Sweeping Net Method | Hand Sorting Method | Sieving Method),Asia,Taiwan,TW,Mianhua Islet,,,25.48483,122.10535,EPSG:4326,400,1e-05,Agonoscelis nubilis,,KL_Insect_0000072,62585,t0070594,Agonoscelis nubilis,Animalia,species,雲蝽,accepted,雲椿象
2025-08-19_Insect_HumanObservation_026,HumanObservation,,2025-08-19_Insect_HumanObservation_026,研海生態顧問股份有限公司 (Ceta explorers Company Limited),,,,,,,,,2025-08-19,,2025,8,19,Line Transect Survey (Aerial Netting | Sweeping Net Method | Hand Sorting Method | Sieving Method),Asia,Taiwan,TW,Mianhua Islet,,,25.48483,122.10535,EPSG:4326,400,1e-05,Cletus punctiger,,KL_Insect_0000309,68075,t0078715,Cletus punctiger,Animalia,species,稻棘緣蝽,accepted,
2025-08-19_Insect_HumanObservation_027,HumanObservation,,2025-08-19_Insect_HumanObservation_027,研海生態顧問股份有限公司 (Ceta explorers Company Limited),,,,,,,,,2025-08-19,,2025,8,19,Line Transect Survey (Aerial Netting | Sweeping Net Method | Hand Sorting Method | Sieving Method),Asia,Taiwan,TW,Mianhua Islet,,,25.48483,122.10535,EPSG:4326,400,1e-05,Acanthocoris scaber,,KL_Insect_0000056,61902,t0057527,Acanthocoris scaber,Animalia,species,瘤緣蝽,accepted,
2025-08-19_Insect_HumanObservation_028,HumanObservation,,2025-08-19_Insect_HumanObservation_028,研海生態顧問股份有限公司 (Ceta explorers Company Limited),,,,,,,,,2025-08-19,,2025,8,19,Line Transect Survey (Aerial Netting | Sweeping Net Method | Hand Sorting Method | Sieving Method),Asia,Taiwan,TW,Mianhua Islet,,,25.48483,122.10535,EPSG:4326,400,1e-05,Chrysopidae,,KL_Insect_0000134,3693,t0005628,Chrysopidae,Animalia,family,草蛉科,accepted,
2025-08-19_Insect_HumanObservation_029,HumanObservation,,2025-08-19_Insect_HumanObservation_029,研海生態顧問股份有限公司 (Ceta explorers Company Limited),,,,,,,,,2025-08-19,,2025,8,19,Line Transect Survey (Aerial Netting | Sweeping Net Method | Hand Sorting Method | Sieving Method),Asia,Taiwan,TW,Mianhua Islet,,,25.48483,122.10535,EPSG:4326,400,1e-05,Syrphidae,,KL_Insect_0000307,5277,t0004780,Syrphidae,Animalia,family,食蚜蠅科,accepted,
2025-08-19_Insect_HumanObservation_030,HumanObservation,,2025-08-19_Insect_HumanObservation_030,研海生態顧問股份有限公司 (Ceta explorers Company Limited),,,,,,,,,2025-08-19,,2025,8,19,Line Transect Survey (Aerial Netting | Sweeping Net Method | Hand Sorting Method | Sieving Method),Asia,Taiwan,TW,Mianhua Islet,,,25.48483,122.10535,EPSG:4326,400,1e-05,Trilophidia annulata,,KL_Insect_0000083,90830,t0047928,Trilophidia annulata,Animalia,species,疣蝗,accepted,
2025-08-19_Insect_HumanObservation_031,HumanObservation,,2025-08-19_Insect_HumanObservation_031,研海生態顧問股份有限公司 (Ceta explorers Company Limited),,,,,,,,,2025-08-19,,2025,8,19,Line Transect Survey (Aerial Netting | Sweeping Net Method | Hand Sorting Method | Sieving Method),Asia,Taiwan,TW,Mianhua Islet,,,25.48483,122.10535,EPSG:4326,400,1e-05,Ornebius bimaculatus,,KL_Insect_0000257,81846,t0082445,Ornebius bimaculatus,Animalia,species,二斑奧蟋,accepted,
2025-09-30_Insect_HumanObservation_032,HumanObservation,,2025-09-30_Insect_HumanObservation_032,研海生態顧問股份有限公司 (Ceta explorers Company Limited),,,,,,,,,2025-09-30,,2025,9,30,Line Transect Survey (Aerial Netting | Sweeping Net Method | Hand Sorting Method | Sieving Method),Asia,Taiwan,TW,Mianhua Islet,,,25.48483,122.10535,EPSG:4326,400,1e-05,Aiolopus thalassinus tamulus,Identified to subspecies level based on the known local distribution.,KL_Insect_0000144,92373,t0085206,Aiolopus thalassinus tamulus,Animalia,subspecies,斑蝗,accepted,
2025-09-30_Insect_HumanObservation_033,HumanObservation,,2025-09-30_Insect_HumanObservation_033,研海生態顧問股份有限公司 (Ceta explorers Company Limited),,,,,,,,,2025-09-30,,2025,9,30,Line Transect Survey (Aerial Netting | Sweeping Net Method | Hand Sorting Method | Sieving Method),Asia,Taiwan,TW,Mianhua Islet,,,25.48483,122.10535,EPSG:4326,400,1e-05,Trilophidia annulata,,KL_Insect_0000083,90830,t0047928,Trilophidia annulata,Animalia,species,疣蝗,accepted,
2025-09-30_Insect_HumanObservation_034,HumanObservation,,2025-09-30_Insect_HumanObservation_034,研海生態顧問股份有限公司 (Ceta explorers Company Limited),,,,,,,,,2025-09-30,,2025,9,30,Line Transect Survey (Aerial Netting | Sweeping Net Method | Hand Sorting Method | Sieving Method),Asia,Taiwan,TW,Mianhua Islet,,,25.48483,122.10535,EPSG:4326,400,1e-05,Tetramorium bicarinatum,,KL_Insect_0000123,89888,t0047090,Tetramorium bicarinatum,Animalia,species,雙脊皺家蟻,accepted,
2025-09-30_Insect_HumanObservation_035,HumanObservation,,2025-09-30_Insect_HumanObservation_035,研海生態顧問股份有限公司 (Ceta explorers Company Limited),,,,,,,,,2025-09-30,,2025,9,30,Line Transect Survey (Aerial Netting | Sweeping Net Method | Hand Sorting Method | Sieving Method),Asia,Taiwan,TW,Mianhua Islet,,,25.48483,122.10535,EPSG:4326,400,1e-05,Pheidole fervens,,KL_Insect_0000119,83577,t0083976,Pheidole fervens,Animalia,species,熱烈大頭家蟻,accepted,
2025-09-30_Insect_HumanObservation_036,HumanObservation,,2025-09-30_Insect_HumanObservation_036,研海生態顧問股份有限公司 (Ceta explorers Company Limited),,,,,,,,,2025-09-30,,2025,9,30,Line Transect Survey (Aerial Netting | Sweeping Net Method | Hand Sorting Method | Sieving Method),Asia,Taiwan,TW,Mianhua Islet,,,25.48483,122.10535,EPSG:4326,400,1e-05,Pycnoscelus surinamensis,,KL_Insect_0000077,85962,t0037458,Pycnoscelus surinamensis,Animalia,species,蘇利南潛蠊,accepted,
2025-09-30_Insect_HumanObservation_037,HumanObservation,,2025-09-30_Insect_HumanObservation_037,研海生態顧問股份有限公司 (Ceta explorers Company Limited),,,,,,,,,2025-09-30,,2025,9,30,Line Transect Survey (Aerial Netting | Sweeping Net Method | Hand Sorting Method | Sieving Method),Asia,Taiwan,TW,Mianhua Islet,,,25.48483,122.10535,EPSG:4326,400,1e-05,Lampides boeticus,,KL_Insect_0000001,36747,t0027297,Lampides boeticus,Animalia,species,豆波灰蝶,accepted,
2025-09-30_Insect_HumanObservation_038,HumanObservation,,2025-09-30_Insect_HumanObservation_038,研海生態顧問股份有限公司 (Ceta explorers Company Limited),,,,,,,,,2025-09-30,,2025,9,30,Line Transect Survey (Aerial Netting | Sweeping Net Method | Hand Sorting Method | Sieving Method),Asia,Taiwan,TW,Mianhua Islet,,,25.48483,122.10535,EPSG:4326,400,1e-05,Scopula,,KL_Insect_0000041,17796,t0016245,Scopula,Animalia,genus,岩尺蛾屬,accepted,
2025-09-30_Insect_HumanObservation_039,HumanObservation,,2025-09-30_Insect_HumanObservation_039,研海生態顧問股份有限公司 (Ceta explorers Company Limited),,,,,,,,,2025-09-30,,2025,9,30,Line Transect Survey (Aerial Netting | Sweeping Net Method | Hand Sorting Method | Sieving Method),Asia,Taiwan,TW,Mianhua Islet,,,25.48483,122.10535,EPSG:4326,400,1e-05,Eublemma cochylioides,,KL_Insect_0000308,29128,t0050914,Eublemma cochylioides,Animalia,species,涓獵裳蛾,accepted,
2025-09-30_Insect_HumanObservation_040,HumanObservation,,2025-09-30_Insect_HumanObservation_040,研海生態顧問股份有限公司 (Ceta explorers Company Limited),,,,,,,,,2025-09-30,,2025,9,30,Line Transect Survey (Aerial Netting | Sweeping Net Method | Hand Sorting Method | Sieving Method),Asia,Taiwan,TW,Mianhua Islet,,,25.48483,122.10535,EPSG:4326,400,1e-05,Scotinophara scottii,,KL_Insect_0000154,87294,t0038630,Scotinophara scottii,Animalia,species,短刺黑蝽,accepted,短刺黑椿象
2025-09-30_Insect_HumanObservation_041,HumanObservation,,2025-09-30_Insect_HumanObservation_041,研海生態顧問股份有限公司 (Ceta explorers Company Limited),,,,,,,,,2025-09-30,,2025,9,30,Line Transect Survey (Aerial Netting | Sweeping Net Method | Hand Sorting Method | Sieving Method),Asia,Taiwan,TW,Mianhua Islet,,,25.48483,122.10535,EPSG:4326,400,1e-05,Valenzuela,,KL_Insect_0000241,19616,t0018016,Valenzuela,Animalia,genus,梵嚙蟲屬,accepted,
2025-09-30_Insect_HumanObservation_042,HumanObservation,,2025-09-30_Insect_HumanObservation_042,研海生態顧問股份有限公司 (Ceta explorers Company Limited),,,,,,,,,2025-09-30,,2025,9,30,Line Transect Survey (Aerial Netting | Sweeping Net Method | Hand Sorting Method | Sieving Method),Asia,Taiwan,TW,Mianhua Islet,,,25.48483,122.10535,EPSG:4326,400,1e-05,Hydrophilidae,,KL_Insect_0000303,4248,t0006175,Hydrophilidae,Animalia,family,牙蟲科,accepted,
2025-09-30_Insect_HumanObservation_043,HumanObservation,,2025-09-30_Insect_HumanObservation_043,研海生態顧問股份有限公司 (Ceta explorers Company Limited),,,,,,,,,2025-09-30,,2025,9,30,Line Transect Survey (Aerial Netting | Sweeping Net Method | Hand Sorting Method | Sieving Method),Asia,Taiwan,TW,Mianhua Islet,,,25.48483,122.10535,EPSG:4326,400,1e-05,Pantala flavescens,,KL_Insect_0000048,82387,t0082932,Pantala flavescens,Animalia,species,薄翅蜻蜓,accepted,
2025-09-30_Insect_HumanObservation_044,HumanObservation,,2025-09-30_Insect_HumanObservation_044,研海生態顧問股份有限公司 (Ceta explorers Company Limited),,,,,,,,,2025-09-30,,2025,9,30,Line Transect Survey (Aerial Netting | Sweeping Net Method | Hand Sorting Method | Sieving Method),Asia,Taiwan,TW,Mianhua Islet,,,25.48483,122.10535,EPSG:4326,400,1e-05,Mesovelia horvathi,,KL_Insect_0000305,78917,t0027924,Mesovelia horvathi,Animalia,species,日本水椿象,accepted,荷氏水蝽 | 水蝽
2025-09-30_Insect_HumanObservation_045,HumanObservation,,2025-09-30_Insect_HumanObservation_045,研海生態顧問股份有限公司 (Ceta explorers Company Limited),,,,,,,,,2025-09-30,,2025,9,30,Line Transect Survey (Aerial Netting | Sweeping Net Method | Hand Sorting Method | Sieving Method),Asia,Taiwan,TW,Mianhua Islet,,,25.48483,122.10535,EPSG:4326,400,1e-05,Paraplea frontalis,,KL_Insect_0000306,82815,t0083320,Paraplea frontalis,Animalia,species,高額鄰固蝽,accepted,
2025-09-30_Insect_HumanObservation_046,HumanObservation,,2025-09-30_Insect_HumanObservation_046,研海生態顧問股份有限公司 (Ceta explorers Company Limited),,,,,,,,,2025-09-30,,2025,9,30,Line Transect Survey (Aerial Netting | Sweeping Net Method | Hand Sorting Method | Sieving Method),Asia,Taiwan,TW,Mianhua Islet,,,25.48483,122.10535,EPSG:4326,400,1e-05,Acanthocoris scaber,,KL_Insect_0000056,61902,t0057527,Acanthocoris scaber,Animalia,species,瘤緣蝽,accepted,
2025-09-30_Insect_HumanObservation_047,HumanObservation,,2025-09-30_Insect_HumanObservation_047,研海生態顧問股份有限公司 (Ceta explorers Company Limited),,,,,,,,,2025-09-30,,2025,9,30,Line Transect Survey (Aerial Netting | Sweeping Net Method | Hand Sorting Method | Sieving Method),Asia,Taiwan,TW,Mianhua Islet,,,25.48483,122.10535,EPSG:4326,400,1e-05,Zizeeria maha okinawana,,KL_Insect_0000002,35344,t0085052,Zizeeria maha okinawana,Animalia,subspecies,沖繩小灰蝶,accepted,毛眼灰蝶 | 柞灰蝶 | 酢醬灰蝶 | 小型小灰蝶 | 大和小灰蝶 | 藍灰蝶
2025-09-30_Insect_HumanObservation_048,HumanObservation,,2025-09-30_Insect_HumanObservation_048,研海生態顧問股份有限公司 (Ceta explorers Company Limited),,,,,,,,,2025-09-30,,2025,9,30,Line Transect Survey (Aerial Netting | Sweeping Net Method | Hand Sorting Method | Sieving Method),Asia,Taiwan,TW,Mianhua Islet,,,25.48483,122.10535,EPSG:4326,400,1e-05,Spoladea recurvalis,,KL_Insect_0000020,37877,t0033008,Spoladea recurvalis,Animalia,species,甜菜白帶野螟,accepted,甜菜白帶野螟蛾
2025-09-30_Insect_HumanObservation_049,HumanObservation,,2025-09-30_Insect_HumanObservation_049,研海生態顧問股份有限公司 (Ceta explorers Company Limited),,,,,,,,,2025-09-30,,2025,9,30,Line Transect Survey (Aerial Netting | Sweeping Net Method | Hand Sorting Method | Sieving Method),Asia,Taiwan,TW,Mianhua Islet,,,25.48483,122.10535,EPSG:4326,400,1e-05,Agrypnus sakaguchii,,KL_Insect_0000108,62686,t0070692,Agrypnus sakaguchii,Animalia,species,小褐鏽叩頭蟲,accepted,
2025-09-30_Insect_HumanObservation_050,HumanObservation,,2025-09-30_Insect_HumanObservation_050,研海生態顧問股份有限公司 (Ceta explorers Company Limited),,,,,,,,,2025-09-30,,2025,9,30,Line Transect Survey (Aerial Netting | Sweeping Net Method | Hand Sorting Method | Sieving Method),Asia,Taiwan,TW,Mianhua Islet,,,25.48483,122.10535,EPSG:4326,400,1e-05,Gonocephalum coenosum,,KL_Insect_0000310,73928,t0064770,Gonocephalum coenosum,Animalia,species,角肩潛砂蟲,accepted,
